run_id,mode,bucket_ms,sequence,scheduled_at_micros,fired_at_micros,drift_micros
load10000-oneshot-100,0,100,0,1788849689591379,1788849689592990,1611
load10000-interval-100,1,100,0,1788849689633013,1788849689639061,6048
load10000-oneshot-100,0,100,1,1788849689692990,1788849689701444,8454
load10000-interval-100,1,100,1,1788849689733013,1788849689747356,14343
load10000-oneshot-100,0,100,2,1788849689801444,1788849689809543,8099
load10000-interval-100,1,100,2,1788849689833013,1788849689855876,22863
load10000-oneshot-100,0,100,3,1788849689909543,1788849689918658,9115
load10000-interval-100,1,100,3,1788849689933013,1788849689966308,33295
load10000-oneshot-100,0,100,4,1788849690018658,1788849690028207,9549
load10000-interval-100,1,100,4,1788849690033013,1788849690072896,39883
load10000-oneshot-100,0,100,5,1788849690128207,1788849690134128,5921
load10000-interval-100,1,100,5,1788849690133013,1788849690181123,48110
load10000-oneshot-100,0,100,6,1788849690234128,1788849690243073,8945
load10000-interval-100,1,100,6,1788849690233013,1788849690290351,57338
load10000-oneshot-500,0,500,0,1788849690300194,1788849690305537,5343
load10000-oneshot-100,0,100,7,1788849690343073,1788849690353341,10268
load10000-interval-500,1,500,0,1788849690343946,1788849690353471,9525
load10000-interval-100,1,100,7,1788849690333013,1788849690400739,67726
load10000-oneshot-100,0,100,8,1788849690453341,1788849690462215,8874
load10000-interval-100,1,100,8,1788849690433013,1788849690509087,76074
load10000-oneshot-100,0,100,9,1788849690562215,1788849690570474,8259
load10000-interval-100,1,100,9,1788849690533013,1788849690617686,84673
load10000-oneshot-100,0,100,10,1788849690670474,1788849690679980,9506
load10000-interval-100,1,100,10,1788849690633013,1788849690727308,94295
load10000-oneshot-100,0,100,11,1788849690779980,1788849690789266,9286
load10000-oneshot-500,0,500,1,1788849690805537,1788849690820509,14972
load10000-interval-100,1,100,11,1788849690733013,1788849690835640,102627
load10000-interval-500,1,500,1,1788849690843946,1788849690866671,22725
load10000-oneshot-1000,0,1000,0,1788849690886411,1788849690898952,12541
load10000-oneshot-100,0,100,12,1788849690889266,1788849690899068,9802
load10000-interval-1000,1,1000,0,1788849690929335,1788849690946139,16804
load10000-interval-100,1,100,12,1788849690833013,1788849690946237,113224
load10000-oneshot-100,0,100,13,1788849690999068,1788849691008141,9073
load10000-interval-100,1,100,13,1788849690933013,1788849691054502,121489
load10000-oneshot-100,0,100,14,1788849691108141,1788849691117408,9267
load10000-interval-100,1,100,14,1788849691033013,1788849691165460,132447
load10000-oneshot-100,0,100,15,1788849691217408,1788849691228579,11171
load10000-interval-100,1,100,15,1788849691133013,1788849691275099,142086
load10000-oneshot-500,0,500,2,1788849691320509,1788849691323276,2767
load10000-oneshot-100,0,100,16,1788849691328579,1788849691338836,10257
load10000-interval-500,1,500,2,1788849691343946,1788849691369758,25812
load10000-interval-100,1,100,16,1788849691233013,1788849691385263,152250
load10000-oneshot-100,0,100,17,1788849691438836,1788849691448084,9248
load10000-interval-100,1,100,17,1788849691333013,1788849691496008,162995
load10000-oneshot-100,0,100,18,1788849691548084,1788849691559067,10983
load10000-interval-100,1,100,18,1788849691433013,1788849691606321,173308
load10000-oneshot-100,0,100,19,1788849691659067,1788849691669186,10119
load10000-interval-100,1,100,19,1788849691533013,1788849691715465,182452
load10000-oneshot-100,0,100,20,1788849691769186,1788849691778742,9556
load10000-interval-100,1,100,20,1788849691633013,1788849691825495,192482
load10000-oneshot-500,0,500,3,1788849691823276,1788849691825591,2315
load10000-interval-500,1,500,3,1788849691843946,1788849691871745,27799
load10000-oneshot-100,0,100,21,1788849691878742,1788849691886812,8070
load10000-oneshot-1000,0,1000,1,1788849691898952,1788849691902907,3955
load10000-interval-100,1,100,21,1788849691733013,1788849691934474,201461
load10000-interval-1000,1,1000,1,1788849691929335,1788849691950724,21389
load10000-burst,2,2000,0,1788849691971991,1788849691982571,10580
load10000-burst,2,2000,1,1788849691971991,1788849691982646,10655
load10000-burst,2,2000,2,1788849691971991,1788849691982668,10677
load10000-burst,2,2000,3,1788849691971991,1788849691982711,10720
load10000-burst,2,2000,4,1788849691971991,1788849691982751,10760
load10000-burst,2,2000,5,1788849691971991,1788849691982778,10787
load10000-burst,2,2000,6,1788849691971991,1788849691982806,10815
load10000-burst,2,2000,7,1788849691971991,1788849691982838,10847
load10000-burst,2,2000,8,1788849691971991,1788849691982880,10889
load10000-burst,2,2000,9,1788849691971991,1788849691982910,10919
load10000-burst,2,2000,10,1788849691971991,1788849691982939,10948
load10000-burst,2,2000,11,1788849691971991,1788849691982964,10973
load10000-burst,2,2000,12,1788849691971991,1788849691982982,10991
load10000-burst,2,2000,13,1788849691971991,1788849691983011,11020
load10000-burst,2,2000,14,1788849691971991,1788849691983051,11060
load10000-burst,2,2000,15,1788849691971991,1788849691983082,11091
load10000-burst,2,2000,16,1788849691971991,1788849691983105,11114
load10000-burst,2,2000,17,1788849691971991,1788849691983122,11131
load10000-burst,2,2000,18,1788849691971991,1788849691983139,11148
load10000-burst,2,2000,19,1788849691971991,1788849691983163,11172
load10000-burst,2,2000,20,1788849691971991,1788849691983190,11199
load10000-burst,2,2000,21,1788849691971991,1788849691983208,11217
load10000-burst,2,2000,22,1788849691971991,1788849691983226,11235
load10000-burst,2,2000,23,1788849691971991,1788849691983242,11251
load10000-burst,2,2000,24,1788849691971991,1788849691983258,11267
load10000-burst,2,2000,25,1788849691971991,1788849691983275,11284
load10000-burst,2,2000,26,1788849691971991,1788849691983293,11302
load10000-burst,2,2000,27,1788849691971991,1788849691983314,11323
load10000-burst,2,2000,28,1788849691971991,1788849691983333,11342
load10000-burst,2,2000,29,1788849691971991,1788849691983352,11361
load10000-burst,2,2000,30,1788849691971991,1788849691983384,11393
load10000-burst,2,2000,31,1788849691971991,1788849691983405,11414
load10000-burst,2,2000,32,1788849691971991,1788849691983421,11430
load10000-burst,2,2000,33,1788849691971991,1788849691983443,11452
load10000-burst,2,2000,34,1788849691971991,1788849691983476,11485
load10000-burst,2,2000,35,1788849691971991,1788849691983509,11518
load10000-burst,2,2000,36,1788849691971991,1788849691983543,11552
load10000-burst,2,2000,37,1788849691971991,1788849691983561,11570
load10000-burst,2,2000,38,1788849691971991,1788849691983577,11586
load10000-burst,2,2000,39,1788849691971991,1788849691983601,11610
load10000-burst,2,2000,40,1788849691971991,1788849691983620,11629
load10000-burst,2,2000,41,1788849691971991,1788849691983636,11645
load10000-burst,2,2000,42,1788849691971991,1788849691983653,11662
load10000-burst,2,2000,43,1788849691971991,1788849691983670,11679
load10000-burst,2,2000,44,1788849691971991,1788849691983686,11695
load10000-burst,2,2000,45,1788849691971991,1788849691983702,11711
load10000-burst,2,2000,46,1788849691971991,1788849691983719,11728
load10000-burst,2,2000,47,1788849691971991,1788849691983742,11751
load10000-burst,2,2000,48,1788849691971991,1788849691983770,11779
load10000-burst,2,2000,49,1788849691971991,1788849691983792,11801
load10000-burst,2,2000,50,1788849691971991,1788849691983807,11816
load10000-burst,2,2000,51,1788849691971991,1788849691983830,11839
load10000-burst,2,2000,52,1788849691971991,1788849691983858,11867
load10000-burst,2,2000,53,1788849691971991,1788849691983878,11887
load10000-burst,2,2000,54,1788849691971991,1788849691983895,11904
load10000-burst,2,2000,55,1788849691971991,1788849691983912,11921
load10000-burst,2,2000,56,1788849691971991,1788849691983929,11938
load10000-burst,2,2000,57,1788849691971991,1788849691983946,11955
load10000-burst,2,2000,58,1788849691971991,1788849691983962,11971
load10000-burst,2,2000,59,1788849691971991,1788849691983978,11987
load10000-burst,2,2000,60,1788849691971991,1788849691983994,12003
load10000-burst,2,2000,61,1788849691971991,1788849691984010,12019
load10000-burst,2,2000,62,1788849691971991,1788849691984027,12036
load10000-burst,2,2000,63,1788849691971991,1788849691984043,12052
load10000-burst,2,2000,64,1788849691971991,1788849691984059,12068
load10000-burst,2,2000,65,1788849691971991,1788849691984075,12084
load10000-burst,2,2000,66,1788849691971991,1788849691984092,12101
load10000-burst,2,2000,67,1788849691971991,1788849691984108,12117
load10000-burst,2,2000,68,1788849691971991,1788849691984124,12133
load10000-burst,2,2000,69,1788849691971991,1788849691984140,12149
load10000-burst,2,2000,70,1788849691971991,1788849691984154,12163
load10000-burst,2,2000,71,1788849691971991,1788849691984171,12180
load10000-burst,2,2000,72,1788849691971991,1788849691984183,12192
load10000-burst,2,2000,73,1788849691971991,1788849691984206,12215
load10000-burst,2,2000,74,1788849691971991,1788849691984227,12236
load10000-burst,2,2000,75,1788849691971991,1788849691984245,12254
load10000-burst,2,2000,76,1788849691971991,1788849691984262,12271
load10000-burst,2,2000,77,1788849691971991,1788849691984278,12287
load10000-burst,2,2000,78,1788849691971991,1788849691984293,12302
load10000-burst,2,2000,79,1788849691971991,1788849691984307,12316
load10000-burst,2,2000,80,1788849691971991,1788849691984317,12326
load10000-burst,2,2000,81,1788849691971991,1788849691984329,12338
load10000-burst,2,2000,82,1788849691971991,1788849691984341,12350
load10000-burst,2,2000,83,1788849691971991,1788849691984364,12373
load10000-burst,2,2000,84,1788849691971991,1788849691984383,12392
load10000-burst,2,2000,85,1788849691971991,1788849691984400,12409
load10000-burst,2,2000,86,1788849691971991,1788849691984416,12425
load10000-burst,2,2000,87,1788849691971991,1788849691984432,12441
load10000-burst,2,2000,88,1788849691971991,1788849691984449,12458
load10000-burst,2,2000,89,1788849691971991,1788849691984466,12475
load10000-burst,2,2000,90,1788849691971991,1788849691984482,12491
load10000-burst,2,2000,91,1788849691971991,1788849691984498,12507
load10000-burst,2,2000,92,1788849691971991,1788849691984509,12518
load10000-burst,2,2000,93,1788849691971991,1788849691984521,12530
load10000-burst,2,2000,94,1788849691971991,1788849691984537,12546
load10000-burst,2,2000,95,1788849691971991,1788849691984561,12570
load10000-burst,2,2000,96,1788849691971991,1788849691984592,12601
load10000-burst,2,2000,97,1788849691971991,1788849691984620,12629
load10000-burst,2,2000,98,1788849691971991,1788849691984640,12649
load10000-burst,2,2000,99,1788849691971991,1788849691984662,12671
load10000-burst,2,2000,100,1788849691971991,1788849691984694,12703
load10000-burst,2,2000,101,1788849691971991,1788849691984730,12739
load10000-burst,2,2000,102,1788849691971991,1788849691984748,12757
load10000-burst,2,2000,103,1788849691971991,1788849691984770,12779
load10000-burst,2,2000,104,1788849691971991,1788849691984789,12798
load10000-burst,2,2000,105,1788849691971991,1788849691984806,12815
load10000-burst,2,2000,106,1788849691971991,1788849691984821,12830
load10000-burst,2,2000,107,1788849691971991,1788849691984838,12847
load10000-burst,2,2000,108,1788849691971991,1788849691984854,12863
load10000-burst,2,2000,109,1788849691971991,1788849691984870,12879
load10000-burst,2,2000,110,1788849691971991,1788849691984887,12896
load10000-burst,2,2000,111,1788849691971991,1788849691984903,12912
load10000-burst,2,2000,112,1788849691971991,1788849691984919,12928
load10000-burst,2,2000,113,1788849691971991,1788849691984935,12944
load10000-burst,2,2000,114,1788849691971991,1788849691984952,12961
load10000-burst,2,2000,115,1788849691971991,1788849691984971,12980
load10000-burst,2,2000,116,1788849691971991,1788849691984986,12995
load10000-burst,2,2000,117,1788849691971991,1788849691985011,13020
load10000-burst,2,2000,118,1788849691971991,1788849691985043,13052
load10000-burst,2,2000,119,1788849691971991,1788849691985062,13071
load10000-burst,2,2000,120,1788849691971991,1788849691985075,13084
load10000-burst,2,2000,121,1788849691971991,1788849691985090,13099
load10000-burst,2,2000,122,1788849691971991,1788849691985108,13117
load10000-burst,2,2000,123,1788849691971991,1788849691985123,13132
load10000-burst,2,2000,124,1788849691971991,1788849691985143,13152
load10000-burst,2,2000,125,1788849691971991,1788849691985159,13168
load10000-burst,2,2000,126,1788849691971991,1788849691985174,13183
load10000-burst,2,2000,127,1788849691971991,1788849691985186,13195
load10000-burst,2,2000,128,1788849691971991,1788849691985203,13212
load10000-burst,2,2000,129,1788849691971991,1788849691985218,13227
load10000-burst,2,2000,130,1788849691971991,1788849691985234,13243
load10000-burst,2,2000,131,1788849691971991,1788849691985251,13260
load10000-burst,2,2000,132,1788849691971991,1788849691985267,13276
load10000-burst,2,2000,133,1788849691971991,1788849691985282,13291
load10000-burst,2,2000,134,1788849691971991,1788849691985299,13308
load10000-burst,2,2000,135,1788849691971991,1788849691985315,13324
load10000-burst,2,2000,136,1788849691971991,1788849691985331,13340
load10000-burst,2,2000,137,1788849691971991,1788849691985345,13354
load10000-burst,2,2000,138,1788849691971991,1788849691985360,13369
load10000-burst,2,2000,139,1788849691971991,1788849691985371,13380
load10000-burst,2,2000,140,1788849691971991,1788849691985383,13392
load10000-burst,2,2000,141,1788849691971991,1788849691985399,13408
load10000-burst,2,2000,142,1788849691971991,1788849691985411,13420
load10000-burst,2,2000,143,1788849691971991,1788849691985421,13430
load10000-burst,2,2000,144,1788849691971991,1788849691985432,13441
load10000-burst,2,2000,145,1788849691971991,1788849691985446,13455
load10000-burst,2,2000,146,1788849691971991,1788849691985455,13464
load10000-burst,2,2000,147,1788849691971991,1788849691985471,13480
load10000-burst,2,2000,148,1788849691971991,1788849691985486,13495
load10000-burst,2,2000,149,1788849691971991,1788849691985502,13511
load10000-burst,2,2000,150,1788849691971991,1788849691985517,13526
load10000-burst,2,2000,151,1788849691971991,1788849691985533,13542
load10000-burst,2,2000,152,1788849691971991,1788849691985548,13557
load10000-burst,2,2000,153,1788849691971991,1788849691985563,13572
load10000-burst,2,2000,154,1788849691971991,1788849691985575,13584
load10000-burst,2,2000,155,1788849691971991,1788849691985585,13594
load10000-burst,2,2000,156,1788849691971991,1788849691985602,13611
load10000-burst,2,2000,157,1788849691971991,1788849691985617,13626
load10000-burst,2,2000,158,1788849691971991,1788849691985633,13642
load10000-burst,2,2000,159,1788849691971991,1788849691985649,13658
load10000-burst,2,2000,160,1788849691971991,1788849691985660,13669
load10000-burst,2,2000,161,1788849691971991,1788849691985671,13680
load10000-burst,2,2000,162,1788849691971991,1788849691985682,13691
load10000-burst,2,2000,163,1788849691971991,1788849691985693,13702
load10000-burst,2,2000,164,1788849691971991,1788849691985704,13713
load10000-burst,2,2000,165,1788849691971991,1788849691985716,13725
load10000-burst,2,2000,166,1788849691971991,1788849691985739,13748
load10000-burst,2,2000,167,1788849691971991,1788849691985763,13772
load10000-burst,2,2000,168,1788849691971991,1788849691985781,13790
load10000-burst,2,2000,169,1788849691971991,1788849691985798,13807
load10000-burst,2,2000,170,1788849691971991,1788849691985814,13823
load10000-burst,2,2000,171,1788849691971991,1788849691985830,13839
load10000-burst,2,2000,172,1788849691971991,1788849691985845,13854
load10000-burst,2,2000,173,1788849691971991,1788849691985858,13867
load10000-burst,2,2000,174,1788849691971991,1788849691985873,13882
load10000-burst,2,2000,175,1788849691971991,1788849691985893,13902
load10000-burst,2,2000,176,1788849691971991,1788849691985909,13918
load10000-burst,2,2000,177,1788849691971991,1788849691985932,13941
load10000-burst,2,2000,178,1788849691971991,1788849691985952,13961
load10000-burst,2,2000,179,1788849691971991,1788849691985970,13979
load10000-burst,2,2000,180,1788849691971991,1788849691985988,13997
load10000-burst,2,2000,181,1788849691971991,1788849691986003,14012
load10000-burst,2,2000,182,1788849691971991,1788849691986025,14034
load10000-burst,2,2000,183,1788849691971991,1788849691986045,14054
load10000-burst,2,2000,184,1788849691971991,1788849691986066,14075
load10000-burst,2,2000,185,1788849691971991,1788849691986079,14088
load10000-burst,2,2000,186,1788849691971991,1788849691986090,14099
load10000-burst,2,2000,187,1788849691971991,1788849691986102,14111
load10000-burst,2,2000,188,1788849691971991,1788849691986112,14121
load10000-burst,2,2000,189,1788849691971991,1788849691986125,14134
load10000-burst,2,2000,190,1788849691971991,1788849691986141,14150
load10000-burst,2,2000,191,1788849691971991,1788849691986156,14165
load10000-burst,2,2000,192,1788849691971991,1788849691986167,14176
load10000-burst,2,2000,193,1788849691971991,1788849691986177,14186
load10000-burst,2,2000,194,1788849691971991,1788849691986190,14199
load10000-burst,2,2000,195,1788849691971991,1788849691986200,14209
load10000-burst,2,2000,196,1788849691971991,1788849691986212,14221
load10000-burst,2,2000,197,1788849691971991,1788849691986223,14232
load10000-burst,2,2000,198,1788849691971991,1788849691986235,14244
load10000-burst,2,2000,199,1788849691971991,1788849691986245,14254
load10000-burst,2,2000,200,1788849691971991,1788849691986257,14266
load10000-burst,2,2000,201,1788849691971991,1788849691986265,14274
load10000-burst,2,2000,202,1788849691971991,1788849691986282,14291
load10000-burst,2,2000,203,1788849691971991,1788849691986297,14306
load10000-burst,2,2000,204,1788849691971991,1788849691986310,14319
load10000-burst,2,2000,205,1788849691971991,1788849691986327,14336
load10000-burst,2,2000,206,1788849691971991,1788849691986343,14352
load10000-burst,2,2000,207,1788849691971991,1788849691986358,14367
load10000-burst,2,2000,208,1788849691971991,1788849691986369,14378
load10000-burst,2,2000,209,1788849691971991,1788849691986385,14394
load10000-burst,2,2000,210,1788849691971991,1788849691986400,14409
load10000-burst,2,2000,211,1788849691971991,1788849691986411,14420
load10000-burst,2,2000,212,1788849691971991,1788849691986427,14436
load10000-burst,2,2000,213,1788849691971991,1788849691986439,14448
load10000-burst,2,2000,214,1788849691971991,1788849691986451,14460
load10000-burst,2,2000,215,1788849691971991,1788849691986467,14476
load10000-burst,2,2000,216,1788849691971991,1788849691986479,14488
load10000-burst,2,2000,217,1788849691971991,1788849691986489,14498
load10000-burst,2,2000,218,1788849691971991,1788849691986505,14514
load10000-burst,2,2000,219,1788849691971991,1788849691986520,14529
load10000-burst,2,2000,220,1788849691971991,1788849691986535,14544
load10000-burst,2,2000,221,1788849691971991,1788849691986550,14559
load10000-burst,2,2000,222,1788849691971991,1788849691986566,14575
load10000-burst,2,2000,223,1788849691971991,1788849691986580,14589
load10000-burst,2,2000,224,1788849691971991,1788849691986591,14600
load10000-burst,2,2000,225,1788849691971991,1788849691986602,14611
load10000-burst,2,2000,226,1788849691971991,1788849691986618,14627
load10000-burst,2,2000,227,1788849691971991,1788849691986633,14642
load10000-burst,2,2000,228,1788849691971991,1788849691986647,14656
load10000-burst,2,2000,229,1788849691971991,1788849691986659,14668
load10000-burst,2,2000,230,1788849691971991,1788849691986669,14678
load10000-burst,2,2000,231,1788849691971991,1788849691986681,14690
load10000-burst,2,2000,232,1788849691971991,1788849691986691,14700
load10000-burst,2,2000,233,1788849691971991,1788849691986702,14711
load10000-burst,2,2000,234,1788849691971991,1788849691986712,14721
load10000-burst,2,2000,235,1788849691971991,1788849691986723,14732
load10000-burst,2,2000,236,1788849691971991,1788849691986736,14745
load10000-burst,2,2000,237,1788849691971991,1788849691986752,14761
load10000-burst,2,2000,238,1788849691971991,1788849691986772,14781
load10000-burst,2,2000,239,1788849691971991,1788849691986790,14799
load10000-burst,2,2000,240,1788849691971991,1788849691986801,14810
load10000-burst,2,2000,241,1788849691971991,1788849691986815,14824
load10000-burst,2,2000,242,1788849691971991,1788849691986831,14840
load10000-burst,2,2000,243,1788849691971991,1788849691986848,14857
load10000-burst,2,2000,244,1788849691971991,1788849691986872,14881
load10000-burst,2,2000,245,1788849691971991,1788849691986895,14904
load10000-burst,2,2000,246,1788849691971991,1788849691986911,14920
load10000-burst,2,2000,247,1788849691971991,1788849691986926,14935
load10000-burst,2,2000,248,1788849691971991,1788849691986944,14953
load10000-burst,2,2000,249,1788849691971991,1788849691986960,14969
load10000-burst,2,2000,250,1788849691971991,1788849691986976,14985
load10000-burst,2,2000,251,1788849691971991,1788849691986993,15002
load10000-burst,2,2000,252,1788849691971991,1788849691987010,15019
load10000-burst,2,2000,253,1788849691971991,1788849691987025,15034
load10000-burst,2,2000,254,1788849691971991,1788849691987056,15065
load10000-burst,2,2000,255,1788849691971991,1788849691987085,15094
load10000-burst,2,2000,256,1788849691971991,1788849691987103,15112
load10000-burst,2,2000,257,1788849691971991,1788849691987115,15124
load10000-burst,2,2000,258,1788849691971991,1788849691987128,15137
load10000-burst,2,2000,259,1788849691971991,1788849691987153,15162
load10000-burst,2,2000,260,1788849691971991,1788849691987178,15187
load10000-burst,2,2000,261,1788849691971991,1788849691987195,15204
load10000-burst,2,2000,262,1788849691971991,1788849691987210,15219
load10000-burst,2,2000,263,1788849691971991,1788849691987226,15235
load10000-burst,2,2000,264,1788849691971991,1788849691987244,15253
load10000-burst,2,2000,265,1788849691971991,1788849691987261,15270
load10000-burst,2,2000,266,1788849691971991,1788849691987276,15285
load10000-burst,2,2000,267,1788849691971991,1788849691987292,15301
load10000-burst,2,2000,268,1788849691971991,1788849691987308,15317
load10000-burst,2,2000,269,1788849691971991,1788849691987325,15334
load10000-burst,2,2000,270,1788849691971991,1788849691987340,15349
load10000-burst,2,2000,271,1788849691971991,1788849691987356,15365
load10000-burst,2,2000,272,1788849691971991,1788849691987371,15380
load10000-burst,2,2000,273,1788849691971991,1788849691987383,15392
load10000-burst,2,2000,274,1788849691971991,1788849691987393,15402
load10000-burst,2,2000,275,1788849691971991,1788849691987406,15415
load10000-burst,2,2000,276,1788849691971991,1788849691987422,15431
load10000-burst,2,2000,277,1788849691971991,1788849691987433,15442
load10000-burst,2,2000,278,1788849691971991,1788849691987447,15456
load10000-burst,2,2000,279,1788849691971991,1788849691987457,15466
load10000-burst,2,2000,280,1788849691971991,1788849691987473,15482
load10000-burst,2,2000,281,1788849691971991,1788849691987489,15498
load10000-burst,2,2000,282,1788849691971991,1788849691987500,15509
load10000-burst,2,2000,283,1788849691971991,1788849691987523,15532
load10000-burst,2,2000,284,1788849691971991,1788849691987546,15555
load10000-burst,2,2000,285,1788849691971991,1788849691987572,15581
load10000-burst,2,2000,286,1788849691971991,1788849691987590,15599
load10000-burst,2,2000,287,1788849691971991,1788849691987606,15615
load10000-burst,2,2000,288,1788849691971991,1788849691987623,15632
load10000-burst,2,2000,289,1788849691971991,1788849691987639,15648
load10000-burst,2,2000,290,1788849691971991,1788849691987655,15664
load10000-burst,2,2000,291,1788849691971991,1788849691987671,15680
load10000-burst,2,2000,292,1788849691971991,1788849691987688,15697
load10000-burst,2,2000,293,1788849691971991,1788849691987704,15713
load10000-burst,2,2000,294,1788849691971991,1788849691987722,15731
load10000-burst,2,2000,295,1788849691971991,1788849691987738,15747
load10000-burst,2,2000,296,1788849691971991,1788849691987760,15769
load10000-burst,2,2000,297,1788849691971991,1788849691987797,15806
load10000-burst,2,2000,298,1788849691971991,1788849691987814,15823
load10000-burst,2,2000,299,1788849691971991,1788849691987825,15834
load10000-burst,2,2000,300,1788849691971991,1788849691987843,15852
load10000-burst,2,2000,301,1788849691971991,1788849691987859,15868
load10000-burst,2,2000,302,1788849691971991,1788849691987876,15885
load10000-burst,2,2000,303,1788849691971991,1788849691987892,15901
load10000-burst,2,2000,304,1788849691971991,1788849691987908,15917
load10000-burst,2,2000,305,1788849691971991,1788849691987924,15933
load10000-burst,2,2000,306,1788849691971991,1788849691987941,15950
load10000-burst,2,2000,307,1788849691971991,1788849691987960,15969
load10000-burst,2,2000,308,1788849691971991,1788849691987976,15985
load10000-burst,2,2000,309,1788849691971991,1788849691987991,16000
load10000-burst,2,2000,310,1788849691971991,1788849691988018,16027
load10000-burst,2,2000,311,1788849691971991,1788849691988034,16043
load10000-burst,2,2000,312,1788849691971991,1788849691988050,16059
load10000-burst,2,2000,313,1788849691971991,1788849691988066,16075
load10000-burst,2,2000,314,1788849691971991,1788849691988082,16091
load10000-burst,2,2000,315,1788849691971991,1788849691988110,16119
load10000-burst,2,2000,316,1788849691971991,1788849691988135,16144
load10000-burst,2,2000,317,1788849691971991,1788849691988146,16155
load10000-burst,2,2000,318,1788849691971991,1788849691988164,16173
load10000-burst,2,2000,319,1788849691971991,1788849691988188,16197
load10000-burst,2,2000,320,1788849691971991,1788849691988212,16221
load10000-burst,2,2000,321,1788849691971991,1788849691988226,16235
load10000-burst,2,2000,322,1788849691971991,1788849691988245,16254
load10000-burst,2,2000,323,1788849691971991,1788849691988262,16271
load10000-burst,2,2000,324,1788849691971991,1788849691988278,16287
load10000-burst,2,2000,325,1788849691971991,1788849691988293,16302
load10000-burst,2,2000,326,1788849691971991,1788849691988308,16317
load10000-burst,2,2000,327,1788849691971991,1788849691988324,16333
load10000-burst,2,2000,328,1788849691971991,1788849691988339,16348
load10000-burst,2,2000,329,1788849691971991,1788849691988355,16364
load10000-burst,2,2000,330,1788849691971991,1788849691988370,16379
load10000-burst,2,2000,331,1788849691971991,1788849691988382,16391
load10000-burst,2,2000,332,1788849691971991,1788849691988392,16401
load10000-burst,2,2000,333,1788849691971991,1788849691988403,16412
load10000-burst,2,2000,334,1788849691971991,1788849691988413,16422
load10000-burst,2,2000,335,1788849691971991,1788849691988429,16438
load10000-burst,2,2000,336,1788849691971991,1788849691988459,16468
load10000-burst,2,2000,337,1788849691971991,1788849691988477,16486
load10000-burst,2,2000,338,1788849691971991,1788849691988494,16503
load10000-burst,2,2000,339,1788849691971991,1788849691988505,16514
load10000-burst,2,2000,340,1788849691971991,1788849691988526,16535
load10000-burst,2,2000,341,1788849691971991,1788849691988537,16546
load10000-burst,2,2000,342,1788849691971991,1788849691988553,16562
load10000-burst,2,2000,343,1788849691971991,1788849691988568,16577
load10000-burst,2,2000,344,1788849691971991,1788849691988583,16592
load10000-burst,2,2000,345,1788849691971991,1788849691988596,16605
load10000-burst,2,2000,346,1788849691971991,1788849691988606,16615
load10000-burst,2,2000,347,1788849691971991,1788849691988616,16625
load10000-burst,2,2000,348,1788849691971991,1788849691988634,16643
load10000-burst,2,2000,349,1788849691971991,1788849691988649,16658
load10000-burst,2,2000,350,1788849691971991,1788849691988663,16672
load10000-burst,2,2000,351,1788849691971991,1788849691988673,16682
load10000-burst,2,2000,352,1788849691971991,1788849691988688,16697
load10000-burst,2,2000,353,1788849691971991,1788849691988704,16713
load10000-burst,2,2000,354,1788849691971991,1788849691988720,16729
load10000-burst,2,2000,355,1788849691971991,1788849691988735,16744
load10000-burst,2,2000,356,1788849691971991,1788849691988747,16756
load10000-burst,2,2000,357,1788849691971991,1788849691988757,16766
load10000-burst,2,2000,358,1788849691971991,1788849691988768,16777
load10000-burst,2,2000,359,1788849691971991,1788849691988778,16787
load10000-burst,2,2000,360,1788849691971991,1788849691988788,16797
load10000-burst,2,2000,361,1788849691971991,1788849691988827,16836
load10000-burst,2,2000,362,1788849691971991,1788849691988846,16855
load10000-burst,2,2000,363,1788849691971991,1788849691988862,16871
load10000-burst,2,2000,364,1788849691971991,1788849691988874,16883
load10000-burst,2,2000,365,1788849691971991,1788849691988887,16896
load10000-burst,2,2000,366,1788849691971991,1788849691988904,16913
load10000-burst,2,2000,367,1788849691971991,1788849691988926,16935
load10000-burst,2,2000,368,1788849691971991,1788849691988942,16951
load10000-burst,2,2000,369,1788849691971991,1788849691988961,16970
load10000-burst,2,2000,370,1788849691971991,1788849691988977,16986
load10000-burst,2,2000,371,1788849691971991,1788849691989000,17009
load10000-burst,2,2000,372,1788849691971991,1788849691989016,17025
load10000-burst,2,2000,373,1788849691971991,1788849691989032,17041
load10000-burst,2,2000,374,1788849691971991,1788849691989047,17056
load10000-burst,2,2000,375,1788849691971991,1788849691989064,17073
load10000-burst,2,2000,376,1788849691971991,1788849691989080,17089
load10000-burst,2,2000,377,1788849691971991,1788849691989095,17104
load10000-burst,2,2000,378,1788849691971991,1788849691989111,17120
load10000-burst,2,2000,379,1788849691971991,1788849691989127,17136
load10000-burst,2,2000,380,1788849691971991,1788849691989143,17152
load10000-burst,2,2000,381,1788849691971991,1788849691989159,17168
load10000-burst,2,2000,382,1788849691971991,1788849691989176,17185
load10000-burst,2,2000,383,1788849691971991,1788849691989192,17201
load10000-burst,2,2000,384,1788849691971991,1788849691989204,17213
load10000-burst,2,2000,385,1788849691971991,1788849691989215,17224
load10000-burst,2,2000,386,1788849691971991,1788849691989228,17237
load10000-burst,2,2000,387,1788849691971991,1788849691989255,17264
load10000-burst,2,2000,388,1788849691971991,1788849691989277,17286
load10000-burst,2,2000,389,1788849691971991,1788849691989294,17303
load10000-burst,2,2000,390,1788849691971991,1788849691989309,17318
load10000-burst,2,2000,391,1788849691971991,1788849691989325,17334
load10000-burst,2,2000,392,1788849691971991,1788849691989341,17350
load10000-burst,2,2000,393,1788849691971991,1788849691989356,17365
load10000-burst,2,2000,394,1788849691971991,1788849691989368,17377
load10000-burst,2,2000,395,1788849691971991,1788849691989378,17387
load10000-burst,2,2000,396,1788849691971991,1788849691989390,17399
load10000-burst,2,2000,397,1788849691971991,1788849691989400,17409
load10000-burst,2,2000,398,1788849691971991,1788849691989416,17425
load10000-burst,2,2000,399,1788849691971991,1788849691989431,17440
load10000-burst,2,2000,400,1788849691971991,1788849691989446,17455
load10000-burst,2,2000,401,1788849691971991,1788849691989462,17471
load10000-burst,2,2000,402,1788849691971991,1788849691989477,17486
load10000-burst,2,2000,403,1788849691971991,1788849691989500,17509
load10000-burst,2,2000,404,1788849691971991,1788849691989513,17522
load10000-burst,2,2000,405,1788849691971991,1788849691989535,17544
load10000-burst,2,2000,406,1788849691971991,1788849691989557,17566
load10000-burst,2,2000,407,1788849691971991,1788849691989569,17578
load10000-burst,2,2000,408,1788849691971991,1788849691989587,17596
load10000-burst,2,2000,409,1788849691971991,1788849691989604,17613
load10000-burst,2,2000,410,1788849691971991,1788849691989620,17629
load10000-burst,2,2000,411,1788849691971991,1788849691989636,17645
load10000-burst,2,2000,412,1788849691971991,1788849691989652,17661
load10000-burst,2,2000,413,1788849691971991,1788849691989674,17683
load10000-burst,2,2000,414,1788849691971991,1788849691989692,17701
load10000-burst,2,2000,415,1788849691971991,1788849691989709,17718
load10000-burst,2,2000,416,1788849691971991,1788849691989724,17733
load10000-burst,2,2000,417,1788849691971991,1788849691989740,17749
load10000-burst,2,2000,418,1788849691971991,1788849691989757,17766
load10000-burst,2,2000,419,1788849691971991,1788849691989772,17781
load10000-burst,2,2000,420,1788849691971991,1788849691989788,17797
load10000-burst,2,2000,421,1788849691971991,1788849691989805,17814
load10000-burst,2,2000,422,1788849691971991,1788849691989820,17829
load10000-burst,2,2000,423,1788849691971991,1788849691989844,17853
load10000-burst,2,2000,424,1788849691971991,1788849691989860,17869
load10000-burst,2,2000,425,1788849691971991,1788849691989877,17886
load10000-burst,2,2000,426,1788849691971991,1788849691989894,17903
load10000-burst,2,2000,427,1788849691971991,1788849691989905,17914
load10000-burst,2,2000,428,1788849691971991,1788849691989917,17926
load10000-burst,2,2000,429,1788849691971991,1788849691989929,17938
load10000-burst,2,2000,430,1788849691971991,1788849691989942,17951
load10000-burst,2,2000,431,1788849691971991,1788849691989960,17969
load10000-burst,2,2000,432,1788849691971991,1788849691989976,17985
load10000-burst,2,2000,433,1788849691971991,1788849691989995,18004
load10000-burst,2,2000,434,1788849691971991,1788849691990011,18020
load10000-burst,2,2000,435,1788849691971991,1788849691990027,18036
load10000-burst,2,2000,436,1788849691971991,1788849691990043,18052
load10000-burst,2,2000,437,1788849691971991,1788849691990059,18068
load10000-burst,2,2000,438,1788849691971991,1788849691990074,18083
load10000-burst,2,2000,439,1788849691971991,1788849691990090,18099
load10000-burst,2,2000,440,1788849691971991,1788849691990110,18119
load10000-burst,2,2000,441,1788849691971991,1788849691990127,18136
load10000-burst,2,2000,442,1788849691971991,1788849691990142,18151
load10000-burst,2,2000,443,1788849691971991,1788849691990158,18167
load10000-burst,2,2000,444,1788849691971991,1788849691990173,18182
load10000-burst,2,2000,445,1788849691971991,1788849691990189,18198
load10000-burst,2,2000,446,1788849691971991,1788849691990201,18210
load10000-burst,2,2000,447,1788849691971991,1788849691990218,18227
load10000-burst,2,2000,448,1788849691971991,1788849691990229,18238
load10000-burst,2,2000,449,1788849691971991,1788849691990242,18251
load10000-burst,2,2000,450,1788849691971991,1788849691990265,18274
load10000-burst,2,2000,451,1788849691971991,1788849691990289,18298
load10000-burst,2,2000,452,1788849691971991,1788849691990302,18311
load10000-burst,2,2000,453,1788849691971991,1788849691990318,18327
load10000-burst,2,2000,454,1788849691971991,1788849691990334,18343
load10000-burst,2,2000,455,1788849691971991,1788849691990350,18359
load10000-burst,2,2000,456,1788849691971991,1788849691990366,18375
load10000-burst,2,2000,457,1788849691971991,1788849691990381,18390
load10000-burst,2,2000,458,1788849691971991,1788849691990397,18406
load10000-burst,2,2000,459,1788849691971991,1788849691990409,18418
load10000-burst,2,2000,460,1788849691971991,1788849691990424,18433
load10000-burst,2,2000,461,1788849691971991,1788849691990439,18448
load10000-burst,2,2000,462,1788849691971991,1788849691990455,18464
load10000-burst,2,2000,463,1788849691971991,1788849691990470,18479
load10000-burst,2,2000,464,1788849691971991,1788849691990486,18495
load10000-burst,2,2000,465,1788849691971991,1788849691990502,18511
load10000-burst,2,2000,466,1788849691971991,1788849691990518,18527
load10000-burst,2,2000,467,1788849691971991,1788849691990535,18544
load10000-burst,2,2000,468,1788849691971991,1788849691990552,18561
load10000-burst,2,2000,469,1788849691971991,1788849691990576,18585
load10000-burst,2,2000,470,1788849691971991,1788849691990599,18608
load10000-burst,2,2000,471,1788849691971991,1788849691990626,18635
load10000-burst,2,2000,472,1788849691971991,1788849691990639,18648
load10000-burst,2,2000,473,1788849691971991,1788849691990650,18659
load10000-burst,2,2000,474,1788849691971991,1788849691990663,18672
load10000-burst,2,2000,475,1788849691971991,1788849691990675,18684
load10000-burst,2,2000,476,1788849691971991,1788849691990686,18695
load10000-burst,2,2000,477,1788849691971991,1788849691990696,18705
load10000-burst,2,2000,478,1788849691971991,1788849691990712,18721
load10000-burst,2,2000,479,1788849691971991,1788849691990732,18741
load10000-burst,2,2000,480,1788849691971991,1788849691990749,18758
load10000-burst,2,2000,481,1788849691971991,1788849691990764,18773
load10000-burst,2,2000,482,1788849691971991,1788849691990776,18785
load10000-burst,2,2000,483,1788849691971991,1788849691990786,18795
load10000-burst,2,2000,484,1788849691971991,1788849691990797,18806
load10000-burst,2,2000,485,1788849691971991,1788849691990807,18816
load10000-burst,2,2000,486,1788849691971991,1788849691990818,18827
load10000-burst,2,2000,487,1788849691971991,1788849691990828,18837
load10000-burst,2,2000,488,1788849691971991,1788849691990839,18848
load10000-burst,2,2000,489,1788849691971991,1788849691990850,18859
load10000-burst,2,2000,490,1788849691971991,1788849691990866,18875
load10000-burst,2,2000,491,1788849691971991,1788849691990881,18890
load10000-burst,2,2000,492,1788849691971991,1788849691990897,18906
load10000-burst,2,2000,493,1788849691971991,1788849691990909,18918
load10000-burst,2,2000,494,1788849691971991,1788849691990924,18933
load10000-burst,2,2000,495,1788849691971991,1788849691990934,18943
load10000-burst,2,2000,496,1788849691971991,1788849691990947,18956
load10000-burst,2,2000,497,1788849691971991,1788849691990965,18974
load10000-burst,2,2000,498,1788849691971991,1788849691990976,18985
load10000-burst,2,2000,499,1788849691971991,1788849691990993,19002
load10000-burst,2,2000,500,1788849691971991,1788849691991008,19017
load10000-burst,2,2000,501,1788849691971991,1788849691991034,19043
load10000-burst,2,2000,502,1788849691971991,1788849691991051,19060
load10000-burst,2,2000,503,1788849691971991,1788849691991067,19076
load10000-burst,2,2000,504,1788849691971991,1788849691991082,19091
load10000-burst,2,2000,505,1788849691971991,1788849691991097,19106
load10000-burst,2,2000,506,1788849691971991,1788849691991114,19123
load10000-burst,2,2000,507,1788849691971991,1788849691991129,19138
load10000-burst,2,2000,508,1788849691971991,1788849691991144,19153
load10000-burst,2,2000,509,1788849691971991,1788849691991156,19165
load10000-burst,2,2000,510,1788849691971991,1788849691991165,19174
load10000-burst,2,2000,511,1788849691971991,1788849691991177,19186
load10000-burst,2,2000,512,1788849691971991,1788849691991187,19196
load10000-burst,2,2000,513,1788849691971991,1788849691991198,19207
load10000-burst,2,2000,514,1788849691971991,1788849691991208,19217
load10000-burst,2,2000,515,1788849691971991,1788849691991220,19229
load10000-burst,2,2000,516,1788849691971991,1788849691991231,19240
load10000-burst,2,2000,517,1788849691971991,1788849691991246,19255
load10000-burst,2,2000,518,1788849691971991,1788849691991271,19280
load10000-burst,2,2000,519,1788849691971991,1788849691991297,19306
load10000-burst,2,2000,520,1788849691971991,1788849691991319,19328
load10000-burst,2,2000,521,1788849691971991,1788849691991336,19345
load10000-burst,2,2000,522,1788849691971991,1788849691991353,19362
load10000-burst,2,2000,523,1788849691971991,1788849691991370,19379
load10000-burst,2,2000,524,1788849691971991,1788849691991417,19426
load10000-burst,2,2000,525,1788849691971991,1788849691991433,19442
load10000-burst,2,2000,526,1788849691971991,1788849691991445,19454
load10000-burst,2,2000,527,1788849691971991,1788849691991455,19464
load10000-burst,2,2000,528,1788849691971991,1788849691991466,19475
load10000-burst,2,2000,529,1788849691971991,1788849691991477,19486
load10000-burst,2,2000,530,1788849691971991,1788849691991487,19496
load10000-burst,2,2000,531,1788849691971991,1788849691991499,19508
load10000-burst,2,2000,532,1788849691971991,1788849691991509,19518
load10000-burst,2,2000,533,1788849691971991,1788849691991521,19530
load10000-burst,2,2000,534,1788849691971991,1788849691991530,19539
load10000-burst,2,2000,535,1788849691971991,1788849691991542,19551
load10000-burst,2,2000,536,1788849691971991,1788849691991550,19559
load10000-burst,2,2000,537,1788849691971991,1788849691991560,19569
load10000-burst,2,2000,538,1788849691971991,1788849691991571,19580
load10000-burst,2,2000,539,1788849691971991,1788849691991592,19601
load10000-burst,2,2000,540,1788849691971991,1788849691991622,19631
load10000-burst,2,2000,541,1788849691971991,1788849691991661,19670
load10000-burst,2,2000,542,1788849691971991,1788849691991690,19699
load10000-burst,2,2000,543,1788849691971991,1788849691991708,19717
load10000-burst,2,2000,544,1788849691971991,1788849691991721,19730
load10000-burst,2,2000,545,1788849691971991,1788849691991736,19745
load10000-burst,2,2000,546,1788849691971991,1788849691991752,19761
load10000-burst,2,2000,547,1788849691971991,1788849691991767,19776
load10000-burst,2,2000,548,1788849691971991,1788849691991778,19787
load10000-burst,2,2000,549,1788849691971991,1788849691991788,19797
load10000-burst,2,2000,550,1788849691971991,1788849691991799,19808
load10000-burst,2,2000,551,1788849691971991,1788849691991810,19819
load10000-burst,2,2000,552,1788849691971991,1788849691991820,19829
load10000-burst,2,2000,553,1788849691971991,1788849691991831,19840
load10000-burst,2,2000,554,1788849691971991,1788849691991842,19851
load10000-burst,2,2000,555,1788849691971991,1788849691991852,19861
load10000-burst,2,2000,556,1788849691971991,1788849691991864,19873
load10000-burst,2,2000,557,1788849691971991,1788849691991875,19884
load10000-burst,2,2000,558,1788849691971991,1788849691991884,19893
load10000-burst,2,2000,559,1788849691971991,1788849691991895,19904
load10000-burst,2,2000,560,1788849691971991,1788849691991906,19915
load10000-burst,2,2000,561,1788849691971991,1788849691991916,19925
load10000-burst,2,2000,562,1788849691971991,1788849691991927,19936
load10000-burst,2,2000,563,1788849691971991,1788849691991938,19947
load10000-burst,2,2000,564,1788849691971991,1788849691991948,19957
load10000-burst,2,2000,565,1788849691971991,1788849691991960,19969
load10000-burst,2,2000,566,1788849691971991,1788849691991976,19985
load10000-burst,2,2000,567,1788849691971991,1788849691991987,19996
load10000-burst,2,2000,568,1788849691971991,1788849691991998,20007
load10000-burst,2,2000,569,1788849691971991,1788849691992020,20029
load10000-burst,2,2000,570,1788849691971991,1788849691992036,20045
load10000-burst,2,2000,571,1788849691971991,1788849691992056,20065
load10000-burst,2,2000,572,1788849691971991,1788849691992071,20080
load10000-burst,2,2000,573,1788849691971991,1788849691992083,20092
load10000-burst,2,2000,574,1788849691971991,1788849691992093,20102
load10000-burst,2,2000,575,1788849691971991,1788849691992104,20113
load10000-burst,2,2000,576,1788849691971991,1788849691992114,20123
load10000-burst,2,2000,577,1788849691971991,1788849691992124,20133
load10000-burst,2,2000,578,1788849691971991,1788849691992134,20143
load10000-burst,2,2000,579,1788849691971991,1788849691992145,20154
load10000-burst,2,2000,580,1788849691971991,1788849691992155,20164
load10000-burst,2,2000,581,1788849691971991,1788849691992165,20174
load10000-burst,2,2000,582,1788849691971991,1788849691992177,20186
load10000-burst,2,2000,583,1788849691971991,1788849691992187,20196
load10000-burst,2,2000,584,1788849691971991,1788849691992196,20205
load10000-burst,2,2000,585,1788849691971991,1788849691992206,20215
load10000-burst,2,2000,586,1788849691971991,1788849691992217,20226
load10000-burst,2,2000,587,1788849691971991,1788849691992232,20241
load10000-burst,2,2000,588,1788849691971991,1788849691992244,20253
load10000-burst,2,2000,589,1788849691971991,1788849691992253,20262
load10000-burst,2,2000,590,1788849691971991,1788849691992263,20272
load10000-burst,2,2000,591,1788849691971991,1788849691992272,20281
load10000-burst,2,2000,592,1788849691971991,1788849691992282,20291
load10000-burst,2,2000,593,1788849691971991,1788849691992299,20308
load10000-burst,2,2000,594,1788849691971991,1788849691992315,20324
load10000-burst,2,2000,595,1788849691971991,1788849691992329,20338
load10000-burst,2,2000,596,1788849691971991,1788849691992345,20354
load10000-burst,2,2000,597,1788849691971991,1788849691992359,20368
load10000-burst,2,2000,598,1788849691971991,1788849691992370,20379
load10000-burst,2,2000,599,1788849691971991,1788849691992382,20391
load10000-burst,2,2000,600,1788849691971991,1788849691992395,20404
load10000-burst,2,2000,601,1788849691971991,1788849691992410,20419
load10000-burst,2,2000,602,1788849691971991,1788849691992424,20433
load10000-burst,2,2000,603,1788849691971991,1788849691992444,20453
load10000-burst,2,2000,604,1788849691971991,1788849691992459,20468
load10000-burst,2,2000,605,1788849691971991,1788849691992471,20480
load10000-burst,2,2000,606,1788849691971991,1788849691992488,20497
load10000-burst,2,2000,607,1788849691971991,1788849691992503,20512
load10000-burst,2,2000,608,1788849691971991,1788849691992519,20528
load10000-burst,2,2000,609,1788849691971991,1788849691992534,20543
load10000-burst,2,2000,610,1788849691971991,1788849691992546,20555
load10000-burst,2,2000,611,1788849691971991,1788849691992565,20574
load10000-burst,2,2000,612,1788849691971991,1788849691992580,20589
load10000-burst,2,2000,613,1788849691971991,1788849691992595,20604
load10000-burst,2,2000,614,1788849691971991,1788849691992607,20616
load10000-burst,2,2000,615,1788849691971991,1788849691992617,20626
load10000-burst,2,2000,616,1788849691971991,1788849691992627,20636
load10000-burst,2,2000,617,1788849691971991,1788849691992642,20651
load10000-burst,2,2000,618,1788849691971991,1788849691992657,20666
load10000-burst,2,2000,619,1788849691971991,1788849691992669,20678
load10000-burst,2,2000,620,1788849691971991,1788849691992679,20688
load10000-burst,2,2000,621,1788849691971991,1788849691992690,20699
load10000-burst,2,2000,622,1788849691971991,1788849691992701,20710
load10000-burst,2,2000,623,1788849691971991,1788849691992712,20721
load10000-burst,2,2000,624,1788849691971991,1788849691992724,20733
load10000-burst,2,2000,625,1788849691971991,1788849691992734,20743
load10000-burst,2,2000,626,1788849691971991,1788849691992749,20758
load10000-burst,2,2000,627,1788849691971991,1788849691992760,20769
load10000-burst,2,2000,628,1788849691971991,1788849691992773,20782
load10000-burst,2,2000,629,1788849691971991,1788849691992788,20797
load10000-burst,2,2000,630,1788849691971991,1788849691992800,20809
load10000-burst,2,2000,631,1788849691971991,1788849691992810,20819
load10000-burst,2,2000,632,1788849691971991,1788849691992820,20829
load10000-burst,2,2000,633,1788849691971991,1788849691992831,20840
load10000-burst,2,2000,634,1788849691971991,1788849691992841,20850
load10000-burst,2,2000,635,1788849691971991,1788849691992853,20862
load10000-burst,2,2000,636,1788849691971991,1788849691992863,20872
load10000-burst,2,2000,637,1788849691971991,1788849691992874,20883
load10000-burst,2,2000,638,1788849691971991,1788849691992882,20891
load10000-burst,2,2000,639,1788849691971991,1788849691992892,20901
load10000-burst,2,2000,640,1788849691971991,1788849691992902,20911
load10000-burst,2,2000,641,1788849691971991,1788849691992912,20921
load10000-burst,2,2000,642,1788849691971991,1788849691992921,20930
load10000-burst,2,2000,643,1788849691971991,1788849691992931,20940
load10000-burst,2,2000,644,1788849691971991,1788849691992942,20951
load10000-burst,2,2000,645,1788849691971991,1788849691992952,20961
load10000-burst,2,2000,646,1788849691971991,1788849691992962,20971
load10000-burst,2,2000,647,1788849691971991,1788849691992973,20982
load10000-burst,2,2000,648,1788849691971991,1788849691992984,20993
load10000-burst,2,2000,649,1788849691971991,1788849691992994,21003
load10000-burst,2,2000,650,1788849691971991,1788849691993005,21014
load10000-burst,2,2000,651,1788849691971991,1788849691993016,21025
load10000-burst,2,2000,652,1788849691971991,1788849691993026,21035
load10000-burst,2,2000,653,1788849691971991,1788849691993035,21044
load10000-burst,2,2000,654,1788849691971991,1788849691993045,21054
load10000-burst,2,2000,655,1788849691971991,1788849691993054,21063
load10000-burst,2,2000,656,1788849691971991,1788849691993065,21074
load10000-burst,2,2000,657,1788849691971991,1788849691993077,21086
load10000-burst,2,2000,658,1788849691971991,1788849691993089,21098
load10000-burst,2,2000,659,1788849691971991,1788849691993100,21109
load10000-burst,2,2000,660,1788849691971991,1788849691993116,21125
load10000-burst,2,2000,661,1788849691971991,1788849691993127,21136
load10000-burst,2,2000,662,1788849691971991,1788849691993139,21148
load10000-burst,2,2000,663,1788849691971991,1788849691993154,21163
load10000-burst,2,2000,664,1788849691971991,1788849691993174,21183
load10000-burst,2,2000,665,1788849691971991,1788849691993190,21199
load10000-burst,2,2000,666,1788849691971991,1788849691993205,21214
load10000-burst,2,2000,667,1788849691971991,1788849691993216,21225
load10000-burst,2,2000,668,1788849691971991,1788849691993226,21235
load10000-burst,2,2000,669,1788849691971991,1788849691993238,21247
load10000-burst,2,2000,670,1788849691971991,1788849691993248,21257
load10000-burst,2,2000,671,1788849691971991,1788849691993258,21267
load10000-burst,2,2000,672,1788849691971991,1788849691993269,21278
load10000-burst,2,2000,673,1788849691971991,1788849691993281,21290
load10000-burst,2,2000,674,1788849691971991,1788849691993291,21300
load10000-burst,2,2000,675,1788849691971991,1788849691993310,21319
load10000-burst,2,2000,676,1788849691971991,1788849691993325,21334
load10000-burst,2,2000,677,1788849691971991,1788849691993336,21345
load10000-burst,2,2000,678,1788849691971991,1788849691993346,21355
load10000-burst,2,2000,679,1788849691971991,1788849691993357,21366
load10000-burst,2,2000,680,1788849691971991,1788849691993367,21376
load10000-burst,2,2000,681,1788849691971991,1788849691993379,21388
load10000-burst,2,2000,682,1788849691971991,1788849691993389,21398
load10000-burst,2,2000,683,1788849691971991,1788849691993400,21409
load10000-burst,2,2000,684,1788849691971991,1788849691993412,21421
load10000-burst,2,2000,685,1788849691971991,1788849691993432,21441
load10000-burst,2,2000,686,1788849691971991,1788849691993447,21456
load10000-burst,2,2000,687,1788849691971991,1788849691993472,21481
load10000-burst,2,2000,688,1788849691971991,1788849691993500,21509
load10000-burst,2,2000,689,1788849691971991,1788849691993517,21526
load10000-burst,2,2000,690,1788849691971991,1788849691993533,21542
load10000-burst,2,2000,691,1788849691971991,1788849691993545,21554
load10000-burst,2,2000,692,1788849691971991,1788849691993560,21569
load10000-burst,2,2000,693,1788849691971991,1788849691993576,21585
load10000-burst,2,2000,694,1788849691971991,1788849691993591,21600
load10000-burst,2,2000,695,1788849691971991,1788849691993603,21612
load10000-burst,2,2000,696,1788849691971991,1788849691993618,21627
load10000-burst,2,2000,697,1788849691971991,1788849691993633,21642
load10000-burst,2,2000,698,1788849691971991,1788849691993649,21658
load10000-burst,2,2000,699,1788849691971991,1788849691993664,21673
load10000-burst,2,2000,700,1788849691971991,1788849691993679,21688
load10000-burst,2,2000,701,1788849691971991,1788849691993695,21704
load10000-burst,2,2000,702,1788849691971991,1788849691993710,21719
load10000-burst,2,2000,703,1788849691971991,1788849691993722,21731
load10000-burst,2,2000,704,1788849691971991,1788849691993732,21741
load10000-burst,2,2000,705,1788849691971991,1788849691993742,21751
load10000-burst,2,2000,706,1788849691971991,1788849691993759,21768
load10000-burst,2,2000,707,1788849691971991,1788849691993774,21783
load10000-burst,2,2000,708,1788849691971991,1788849691993786,21795
load10000-burst,2,2000,709,1788849691971991,1788849691993801,21810
load10000-burst,2,2000,710,1788849691971991,1788849691993814,21823
load10000-burst,2,2000,711,1788849691971991,1788849691993829,21838
load10000-burst,2,2000,712,1788849691971991,1788849691993840,21849
load10000-burst,2,2000,713,1788849691971991,1788849691993854,21863
load10000-burst,2,2000,714,1788849691971991,1788849691993874,21883
load10000-burst,2,2000,715,1788849691971991,1788849691993893,21902
load10000-burst,2,2000,716,1788849691971991,1788849691993905,21914
load10000-burst,2,2000,717,1788849691971991,1788849691993915,21924
load10000-burst,2,2000,718,1788849691971991,1788849691993927,21936
load10000-burst,2,2000,719,1788849691971991,1788849691993937,21946
load10000-burst,2,2000,720,1788849691971991,1788849691993948,21957
load10000-burst,2,2000,721,1788849691971991,1788849691993957,21966
load10000-burst,2,2000,722,1788849691971991,1788849691993972,21981
load10000-burst,2,2000,723,1788849691971991,1788849691993988,21997
load10000-burst,2,2000,724,1788849691971991,1788849691993999,22008
load10000-burst,2,2000,725,1788849691971991,1788849691994009,22018
load10000-burst,2,2000,726,1788849691971991,1788849691994020,22029
load10000-burst,2,2000,727,1788849691971991,1788849691994030,22039
load10000-burst,2,2000,728,1788849691971991,1788849691994041,22050
load10000-burst,2,2000,729,1788849691971991,1788849691994051,22060
load10000-burst,2,2000,730,1788849691971991,1788849691994060,22069
load10000-burst,2,2000,731,1788849691971991,1788849691994069,22078
load10000-burst,2,2000,732,1788849691971991,1788849691994080,22089
load10000-burst,2,2000,733,1788849691971991,1788849691994091,22100
load10000-burst,2,2000,734,1788849691971991,1788849691994101,22110
load10000-burst,2,2000,735,1788849691971991,1788849691994112,22121
load10000-burst,2,2000,736,1788849691971991,1788849691994122,22131
load10000-burst,2,2000,737,1788849691971991,1788849691994132,22141
load10000-burst,2,2000,738,1788849691971991,1788849691994144,22153
load10000-burst,2,2000,739,1788849691971991,1788849691994160,22169
load10000-burst,2,2000,740,1788849691971991,1788849691994171,22180
load10000-burst,2,2000,741,1788849691971991,1788849691994183,22192
load10000-burst,2,2000,742,1788849691971991,1788849691994207,22216
load10000-burst,2,2000,743,1788849691971991,1788849691994223,22232
load10000-burst,2,2000,744,1788849691971991,1788849691994235,22244
load10000-burst,2,2000,745,1788849691971991,1788849691994250,22259
load10000-burst,2,2000,746,1788849691971991,1788849691994265,22274
load10000-burst,2,2000,747,1788849691971991,1788849691994280,22289
load10000-burst,2,2000,748,1788849691971991,1788849691994292,22301
load10000-burst,2,2000,749,1788849691971991,1788849691994301,22310
load10000-burst,2,2000,750,1788849691971991,1788849691994313,22322
load10000-burst,2,2000,751,1788849691971991,1788849691994324,22333
load10000-burst,2,2000,752,1788849691971991,1788849691994333,22342
load10000-burst,2,2000,753,1788849691971991,1788849691994343,22352
load10000-burst,2,2000,754,1788849691971991,1788849691994354,22363
load10000-burst,2,2000,755,1788849691971991,1788849691994365,22374
load10000-burst,2,2000,756,1788849691971991,1788849691994385,22394
load10000-burst,2,2000,757,1788849691971991,1788849691994396,22405
load10000-burst,2,2000,758,1788849691971991,1788849691994407,22416
load10000-burst,2,2000,759,1788849691971991,1788849691994417,22426
load10000-burst,2,2000,760,1788849691971991,1788849691994427,22436
load10000-burst,2,2000,761,1788849691971991,1788849691994438,22447
load10000-burst,2,2000,762,1788849691971991,1788849691994448,22457
load10000-burst,2,2000,763,1788849691971991,1788849691994459,22468
load10000-burst,2,2000,764,1788849691971991,1788849691994470,22479
load10000-burst,2,2000,765,1788849691971991,1788849691994481,22490
load10000-burst,2,2000,766,1788849691971991,1788849691994493,22502
load10000-burst,2,2000,767,1788849691971991,1788849691994504,22513
load10000-burst,2,2000,768,1788849691971991,1788849691994514,22523
load10000-burst,2,2000,769,1788849691971991,1788849691994526,22535
load10000-burst,2,2000,770,1788849691971991,1788849691994542,22551
load10000-burst,2,2000,771,1788849691971991,1788849691994553,22562
load10000-burst,2,2000,772,1788849691971991,1788849691994571,22580
load10000-burst,2,2000,773,1788849691971991,1788849691994592,22601
load10000-burst,2,2000,774,1788849691971991,1788849691994615,22624
load10000-burst,2,2000,775,1788849691971991,1788849691994632,22641
load10000-burst,2,2000,776,1788849691971991,1788849691994647,22656
load10000-burst,2,2000,777,1788849691971991,1788849691994662,22671
load10000-burst,2,2000,778,1788849691971991,1788849691994673,22682
load10000-burst,2,2000,779,1788849691971991,1788849691994683,22692
load10000-burst,2,2000,780,1788849691971991,1788849691994695,22704
load10000-burst,2,2000,781,1788849691971991,1788849691994705,22714
load10000-burst,2,2000,782,1788849691971991,1788849691994716,22725
load10000-burst,2,2000,783,1788849691971991,1788849691994726,22735
load10000-burst,2,2000,784,1788849691971991,1788849691994737,22746
load10000-burst,2,2000,785,1788849691971991,1788849691994747,22756
load10000-burst,2,2000,786,1788849691971991,1788849691994757,22766
load10000-burst,2,2000,787,1788849691971991,1788849691994768,22777
load10000-burst,2,2000,788,1788849691971991,1788849691994777,22786
load10000-burst,2,2000,789,1788849691971991,1788849691994792,22801
load10000-burst,2,2000,790,1788849691971991,1788849691994808,22817
load10000-burst,2,2000,791,1788849691971991,1788849691994822,22831
load10000-burst,2,2000,792,1788849691971991,1788849691994835,22844
load10000-burst,2,2000,793,1788849691971991,1788849691994850,22859
load10000-burst,2,2000,794,1788849691971991,1788849691994861,22870
load10000-burst,2,2000,795,1788849691971991,1788849691994872,22881
load10000-burst,2,2000,796,1788849691971991,1788849691994882,22891
load10000-burst,2,2000,797,1788849691971991,1788849691994897,22906
load10000-burst,2,2000,798,1788849691971991,1788849691994909,22918
load10000-burst,2,2000,799,1788849691971991,1788849691994919,22928
load10000-burst,2,2000,800,1788849691971991,1788849691994930,22939
load10000-burst,2,2000,801,1788849691971991,1788849691994941,22950
load10000-burst,2,2000,802,1788849691971991,1788849691994951,22960
load10000-burst,2,2000,803,1788849691971991,1788849691994962,22971
load10000-burst,2,2000,804,1788849691971991,1788849691994974,22983
load10000-burst,2,2000,805,1788849691971991,1788849691994983,22992
load10000-burst,2,2000,806,1788849691971991,1788849691994996,23005
load10000-burst,2,2000,807,1788849691971991,1788849691995007,23016
load10000-burst,2,2000,808,1788849691971991,1788849691995017,23026
load10000-burst,2,2000,809,1788849691971991,1788849691995029,23038
load10000-burst,2,2000,810,1788849691971991,1788849691995040,23049
load10000-burst,2,2000,811,1788849691971991,1788849691995050,23059
load10000-burst,2,2000,812,1788849691971991,1788849691995062,23071
load10000-burst,2,2000,813,1788849691971991,1788849691995072,23081
load10000-burst,2,2000,814,1788849691971991,1788849691995084,23093
load10000-burst,2,2000,815,1788849691971991,1788849691995095,23104
load10000-burst,2,2000,816,1788849691971991,1788849691995105,23114
load10000-burst,2,2000,817,1788849691971991,1788849691995116,23125
load10000-burst,2,2000,818,1788849691971991,1788849691995127,23136
load10000-burst,2,2000,819,1788849691971991,1788849691995146,23155
load10000-burst,2,2000,820,1788849691971991,1788849691995157,23166
load10000-burst,2,2000,821,1788849691971991,1788849691995183,23192
load10000-burst,2,2000,822,1788849691971991,1788849691995225,23234
load10000-burst,2,2000,823,1788849691971991,1788849691995251,23260
load10000-burst,2,2000,824,1788849691971991,1788849691995268,23277
load10000-burst,2,2000,825,1788849691971991,1788849691995296,23305
load10000-burst,2,2000,826,1788849691971991,1788849691995327,23336
load10000-burst,2,2000,827,1788849691971991,1788849691995345,23354
load10000-burst,2,2000,828,1788849691971991,1788849691995367,23376
load10000-burst,2,2000,829,1788849691971991,1788849691995385,23394
load10000-burst,2,2000,830,1788849691971991,1788849691995402,23411
load10000-burst,2,2000,831,1788849691971991,1788849691995418,23427
load10000-burst,2,2000,832,1788849691971991,1788849691995444,23453
load10000-burst,2,2000,833,1788849691971991,1788849691995460,23469
load10000-burst,2,2000,834,1788849691971991,1788849691995473,23482
load10000-burst,2,2000,835,1788849691971991,1788849691995490,23499
load10000-burst,2,2000,836,1788849691971991,1788849691995506,23515
load10000-burst,2,2000,837,1788849691971991,1788849691995522,23531
load10000-burst,2,2000,838,1788849691971991,1788849691995539,23548
load10000-burst,2,2000,839,1788849691971991,1788849691995559,23568
load10000-burst,2,2000,840,1788849691971991,1788849691995570,23579
load10000-burst,2,2000,841,1788849691971991,1788849691995602,23611
load10000-burst,2,2000,842,1788849691971991,1788849691995629,23638
load10000-burst,2,2000,843,1788849691971991,1788849691995647,23656
load10000-burst,2,2000,844,1788849691971991,1788849691995664,23673
load10000-burst,2,2000,845,1788849691971991,1788849691995677,23686
load10000-burst,2,2000,846,1788849691971991,1788849691995693,23702
load10000-burst,2,2000,847,1788849691971991,1788849691995710,23719
load10000-burst,2,2000,848,1788849691971991,1788849691995726,23735
load10000-burst,2,2000,849,1788849691971991,1788849691995742,23751
load10000-burst,2,2000,850,1788849691971991,1788849691995758,23767
load10000-burst,2,2000,851,1788849691971991,1788849691995777,23786
load10000-burst,2,2000,852,1788849691971991,1788849691995793,23802
load10000-burst,2,2000,853,1788849691971991,1788849691995809,23818
load10000-burst,2,2000,854,1788849691971991,1788849691995825,23834
load10000-burst,2,2000,855,1788849691971991,1788849691995850,23859
load10000-burst,2,2000,856,1788849691971991,1788849691995881,23890
load10000-burst,2,2000,857,1788849691971991,1788849691995899,23908
load10000-burst,2,2000,858,1788849691971991,1788849691995924,23933
load10000-burst,2,2000,859,1788849691971991,1788849691995935,23944
load10000-burst,2,2000,860,1788849691971991,1788849691995948,23957
load10000-burst,2,2000,861,1788849691971991,1788849691995960,23969
load10000-burst,2,2000,862,1788849691971991,1788849691995973,23982
load10000-burst,2,2000,863,1788849691971991,1788849691995997,24006
load10000-burst,2,2000,864,1788849691971991,1788849691996018,24027
load10000-burst,2,2000,865,1788849691971991,1788849691996035,24044
load10000-burst,2,2000,866,1788849691971991,1788849691996051,24060
load10000-burst,2,2000,867,1788849691971991,1788849691996068,24077
load10000-burst,2,2000,868,1788849691971991,1788849691996085,24094
load10000-burst,2,2000,869,1788849691971991,1788849691996101,24110
load10000-burst,2,2000,870,1788849691971991,1788849691996117,24126
load10000-burst,2,2000,871,1788849691971991,1788849691996133,24142
load10000-burst,2,2000,872,1788849691971991,1788849691996149,24158
load10000-burst,2,2000,873,1788849691971991,1788849691996166,24175
load10000-burst,2,2000,874,1788849691971991,1788849691996182,24191
load10000-burst,2,2000,875,1788849691971991,1788849691996198,24207
load10000-burst,2,2000,876,1788849691971991,1788849691996214,24223
load10000-burst,2,2000,877,1788849691971991,1788849691996238,24247
load10000-burst,2,2000,878,1788849691971991,1788849691996282,24291
load10000-burst,2,2000,879,1788849691971991,1788849691996307,24316
load10000-burst,2,2000,880,1788849691971991,1788849691996325,24334
load10000-burst,2,2000,881,1788849691971991,1788849691996342,24351
load10000-burst,2,2000,882,1788849691971991,1788849691996358,24367
load10000-burst,2,2000,883,1788849691971991,1788849691996371,24380
load10000-burst,2,2000,884,1788849691971991,1788849691996382,24391
load10000-burst,2,2000,885,1788849691971991,1788849691996393,24402
load10000-burst,2,2000,886,1788849691971991,1788849691996403,24412
load10000-burst,2,2000,887,1788849691971991,1788849691996417,24426
load10000-burst,2,2000,888,1788849691971991,1788849691996428,24437
load10000-burst,2,2000,889,1788849691971991,1788849691996440,24449
load10000-burst,2,2000,890,1788849691971991,1788849691996451,24460
load10000-burst,2,2000,891,1788849691971991,1788849691996462,24471
load10000-burst,2,2000,892,1788849691971991,1788849691996472,24481
load10000-burst,2,2000,893,1788849691971991,1788849691996483,24492
load10000-burst,2,2000,894,1788849691971991,1788849691996494,24503
load10000-burst,2,2000,895,1788849691971991,1788849691996516,24525
load10000-burst,2,2000,896,1788849691971991,1788849691996537,24546
load10000-burst,2,2000,897,1788849691971991,1788849691996560,24569
load10000-burst,2,2000,898,1788849691971991,1788849691996579,24588
load10000-burst,2,2000,899,1788849691971991,1788849691996597,24606
load10000-burst,2,2000,900,1788849691971991,1788849691996620,24629
load10000-burst,2,2000,901,1788849691971991,1788849691996640,24649
load10000-burst,2,2000,902,1788849691971991,1788849691996653,24662
load10000-burst,2,2000,903,1788849691971991,1788849691996666,24675
load10000-burst,2,2000,904,1788849691971991,1788849691996682,24691
load10000-burst,2,2000,905,1788849691971991,1788849691996698,24707
load10000-burst,2,2000,906,1788849691971991,1788849691996711,24720
load10000-burst,2,2000,907,1788849691971991,1788849691996722,24731
load10000-burst,2,2000,908,1788849691971991,1788849691996733,24742
load10000-burst,2,2000,909,1788849691971991,1788849691996743,24752
load10000-burst,2,2000,910,1788849691971991,1788849691996754,24763
load10000-burst,2,2000,911,1788849691971991,1788849691996764,24773
load10000-burst,2,2000,912,1788849691971991,1788849691996774,24783
load10000-burst,2,2000,913,1788849691971991,1788849691996791,24800
load10000-burst,2,2000,914,1788849691971991,1788849691996807,24816
load10000-burst,2,2000,915,1788849691971991,1788849691996824,24833
load10000-burst,2,2000,916,1788849691971991,1788849691996840,24849
load10000-burst,2,2000,917,1788849691971991,1788849691996856,24865
load10000-burst,2,2000,918,1788849691971991,1788849691996878,24887
load10000-burst,2,2000,919,1788849691971991,1788849691996897,24906
load10000-burst,2,2000,920,1788849691971991,1788849691996914,24923
load10000-burst,2,2000,921,1788849691971991,1788849691996931,24940
load10000-burst,2,2000,922,1788849691971991,1788849691996947,24956
load10000-burst,2,2000,923,1788849691971991,1788849691996964,24973
load10000-burst,2,2000,924,1788849691971991,1788849691996974,24983
load10000-burst,2,2000,925,1788849691971991,1788849691996986,24995
load10000-burst,2,2000,926,1788849691971991,1788849691996996,25005
load10000-burst,2,2000,927,1788849691971991,1788849691997013,25022
load10000-burst,2,2000,928,1788849691971991,1788849691997029,25038
load10000-burst,2,2000,929,1788849691971991,1788849691997041,25050
load10000-burst,2,2000,930,1788849691971991,1788849691997051,25060
load10000-burst,2,2000,931,1788849691971991,1788849691997063,25072
load10000-burst,2,2000,932,1788849691971991,1788849691997083,25092
load10000-burst,2,2000,933,1788849691971991,1788849691997098,25107
load10000-burst,2,2000,934,1788849691971991,1788849691997114,25123
load10000-burst,2,2000,935,1788849691971991,1788849691997126,25135
load10000-burst,2,2000,936,1788849691971991,1788849691997138,25147
load10000-burst,2,2000,937,1788849691971991,1788849691997149,25158
load10000-burst,2,2000,938,1788849691971991,1788849691997160,25169
load10000-burst,2,2000,939,1788849691971991,1788849691997171,25180
load10000-burst,2,2000,940,1788849691971991,1788849691997182,25191
load10000-burst,2,2000,941,1788849691971991,1788849691997205,25214
load10000-burst,2,2000,942,1788849691971991,1788849691997221,25230
load10000-burst,2,2000,943,1788849691971991,1788849691997237,25246
load10000-burst,2,2000,944,1788849691971991,1788849691997254,25263
load10000-burst,2,2000,945,1788849691971991,1788849691997270,25279
load10000-burst,2,2000,946,1788849691971991,1788849691997286,25295
load10000-burst,2,2000,947,1788849691971991,1788849691997298,25307
load10000-burst,2,2000,948,1788849691971991,1788849691997315,25324
load10000-burst,2,2000,949,1788849691971991,1788849691997324,25333
load10000-burst,2,2000,950,1788849691971991,1788849691997340,25349
load10000-burst,2,2000,951,1788849691971991,1788849691997351,25360
load10000-burst,2,2000,952,1788849691971991,1788849691997365,25374
load10000-burst,2,2000,953,1788849691971991,1788849691997387,25396
load10000-burst,2,2000,954,1788849691971991,1788849691997408,25417
load10000-burst,2,2000,955,1788849691971991,1788849691997425,25434
load10000-burst,2,2000,956,1788849691971991,1788849691997441,25450
load10000-burst,2,2000,957,1788849691971991,1788849691997464,25473
load10000-burst,2,2000,958,1788849691971991,1788849691997496,25505
load10000-burst,2,2000,959,1788849691971991,1788849691997513,25522
load10000-burst,2,2000,960,1788849691971991,1788849691997539,25548
load10000-burst,2,2000,961,1788849691971991,1788849691997571,25580
load10000-burst,2,2000,962,1788849691971991,1788849691997588,25597
load10000-burst,2,2000,963,1788849691971991,1788849691997605,25614
load10000-burst,2,2000,964,1788849691971991,1788849691997628,25637
load10000-burst,2,2000,965,1788849691971991,1788849691997647,25656
load10000-burst,2,2000,966,1788849691971991,1788849691997660,25669
load10000-burst,2,2000,967,1788849691971991,1788849691997689,25698
load10000-burst,2,2000,968,1788849691971991,1788849691997709,25718
load10000-burst,2,2000,969,1788849691971991,1788849691997721,25730
load10000-burst,2,2000,970,1788849691971991,1788849691997735,25744
load10000-burst,2,2000,971,1788849691971991,1788849691997756,25765
load10000-burst,2,2000,972,1788849691971991,1788849691997774,25783
load10000-burst,2,2000,973,1788849691971991,1788849691997797,25806
load10000-burst,2,2000,974,1788849691971991,1788849691997817,25826
load10000-burst,2,2000,975,1788849691971991,1788849691997833,25842
load10000-burst,2,2000,976,1788849691971991,1788849691997850,25859
load10000-burst,2,2000,977,1788849691971991,1788849691997866,25875
load10000-burst,2,2000,978,1788849691971991,1788849691997882,25891
load10000-burst,2,2000,979,1788849691971991,1788849691997899,25908
load10000-burst,2,2000,980,1788849691971991,1788849691997915,25924
load10000-burst,2,2000,981,1788849691971991,1788849691997928,25937
load10000-burst,2,2000,982,1788849691971991,1788849691997938,25947
load10000-burst,2,2000,983,1788849691971991,1788849691997949,25958
load10000-burst,2,2000,984,1788849691971991,1788849691997960,25969
load10000-burst,2,2000,985,1788849691971991,1788849691997971,25980
load10000-burst,2,2000,986,1788849691971991,1788849691997983,25992
load10000-burst,2,2000,987,1788849691971991,1788849691997993,26002
load10000-burst,2,2000,988,1788849691971991,1788849691998010,26019
load10000-burst,2,2000,989,1788849691971991,1788849691998026,26035
load10000-burst,2,2000,990,1788849691971991,1788849691998039,26048
load10000-burst,2,2000,991,1788849691971991,1788849691998049,26058
load10000-burst,2,2000,992,1788849691971991,1788849691998060,26069
load10000-burst,2,2000,993,1788849691971991,1788849691998072,26081
load10000-burst,2,2000,994,1788849691971991,1788849691998083,26092
load10000-burst,2,2000,995,1788849691971991,1788849691998094,26103
load10000-burst,2,2000,996,1788849691971991,1788849691998105,26114
load10000-burst,2,2000,997,1788849691971991,1788849691998116,26125
load10000-burst,2,2000,998,1788849691971991,1788849691998127,26136
load10000-burst,2,2000,999,1788849691971991,1788849691998138,26147
load10000-burst,2,2000,1000,1788849691971991,1788849691998149,26158
load10000-burst,2,2000,1001,1788849691971991,1788849691998161,26170
load10000-burst,2,2000,1002,1788849691971991,1788849691998170,26179
load10000-burst,2,2000,1003,1788849691971991,1788849691998180,26189
load10000-burst,2,2000,1004,1788849691971991,1788849691998191,26200
load10000-burst,2,2000,1005,1788849691971991,1788849691998202,26211
load10000-burst,2,2000,1006,1788849691971991,1788849691998213,26222
load10000-burst,2,2000,1007,1788849691971991,1788849691998223,26232
load10000-burst,2,2000,1008,1788849691971991,1788849691998234,26243
load10000-burst,2,2000,1009,1788849691971991,1788849691998246,26255
load10000-burst,2,2000,1010,1788849691971991,1788849691998257,26266
load10000-burst,2,2000,1011,1788849691971991,1788849691998268,26277
load10000-burst,2,2000,1012,1788849691971991,1788849691998278,26287
load10000-burst,2,2000,1013,1788849691971991,1788849691998289,26298
load10000-burst,2,2000,1014,1788849691971991,1788849691998317,26326
load10000-burst,2,2000,1015,1788849691971991,1788849691998329,26338
load10000-burst,2,2000,1016,1788849691971991,1788849691998338,26347
load10000-burst,2,2000,1017,1788849691971991,1788849691998348,26357
load10000-burst,2,2000,1018,1788849691971991,1788849691998361,26370
load10000-burst,2,2000,1019,1788849691971991,1788849691998372,26381
load10000-burst,2,2000,1020,1788849691971991,1788849691998381,26390
load10000-burst,2,2000,1021,1788849691971991,1788849691998391,26400
load10000-burst,2,2000,1022,1788849691971991,1788849691998403,26412
load10000-burst,2,2000,1023,1788849691971991,1788849691998412,26421
load10000-burst,2,2000,1024,1788849691971991,1788849691998434,26443
load10000-burst,2,2000,1025,1788849691971991,1788849691998454,26463
load10000-burst,2,2000,1026,1788849691971991,1788849691998470,26479
load10000-burst,2,2000,1027,1788849691971991,1788849691998487,26496
load10000-burst,2,2000,1028,1788849691971991,1788849691998527,26536
load10000-burst,2,2000,1029,1788849691971991,1788849691998604,26613
load10000-burst,2,2000,1030,1788849691971991,1788849691998619,26628
load10000-burst,2,2000,1031,1788849691971991,1788849691998670,26679
load10000-burst,2,2000,1032,1788849691971991,1788849691998709,26718
load10000-burst,2,2000,1033,1788849691971991,1788849691998761,26770
load10000-burst,2,2000,1034,1788849691971991,1788849691998813,26822
load10000-burst,2,2000,1035,1788849691971991,1788849691998840,26849
load10000-burst,2,2000,1036,1788849691971991,1788849691998860,26869
load10000-burst,2,2000,1037,1788849691971991,1788849691998878,26887
load10000-burst,2,2000,1038,1788849691971991,1788849691998895,26904
load10000-burst,2,2000,1039,1788849691971991,1788849691998918,26927
load10000-burst,2,2000,1040,1788849691971991,1788849691998929,26938
load10000-burst,2,2000,1041,1788849691971991,1788849691998960,26969
load10000-burst,2,2000,1042,1788849691971991,1788849691998985,26994
load10000-burst,2,2000,1043,1788849691971991,1788849691999009,27018
load10000-burst,2,2000,1044,1788849691971991,1788849691999023,27032
load10000-burst,2,2000,1045,1788849691971991,1788849691999049,27058
load10000-burst,2,2000,1046,1788849691971991,1788849691999083,27092
load10000-burst,2,2000,1047,1788849691971991,1788849691999105,27114
load10000-burst,2,2000,1048,1788849691971991,1788849691999118,27127
load10000-burst,2,2000,1049,1788849691971991,1788849691999137,27146
load10000-burst,2,2000,1050,1788849691971991,1788849691999156,27165
load10000-burst,2,2000,1051,1788849691971991,1788849691999187,27196
load10000-burst,2,2000,1052,1788849691971991,1788849691999217,27226
load10000-burst,2,2000,1053,1788849691971991,1788849691999237,27246
load10000-burst,2,2000,1054,1788849691971991,1788849691999253,27262
load10000-burst,2,2000,1055,1788849691971991,1788849691999269,27278
load10000-burst,2,2000,1056,1788849691971991,1788849691999286,27295
load10000-burst,2,2000,1057,1788849691971991,1788849691999302,27311
load10000-burst,2,2000,1058,1788849691971991,1788849691999318,27327
load10000-burst,2,2000,1059,1788849691971991,1788849691999335,27344
load10000-burst,2,2000,1060,1788849691971991,1788849691999351,27360
load10000-burst,2,2000,1061,1788849691971991,1788849691999368,27377
load10000-burst,2,2000,1062,1788849691971991,1788849691999384,27393
load10000-burst,2,2000,1063,1788849691971991,1788849691999400,27409
load10000-burst,2,2000,1064,1788849691971991,1788849691999418,27427
load10000-burst,2,2000,1065,1788849691971991,1788849691999434,27443
load10000-burst,2,2000,1066,1788849691971991,1788849691999446,27455
load10000-burst,2,2000,1067,1788849691971991,1788849691999462,27471
load10000-burst,2,2000,1068,1788849691971991,1788849691999474,27483
load10000-burst,2,2000,1069,1788849691971991,1788849691999491,27500
load10000-burst,2,2000,1070,1788849691971991,1788849691999503,27512
load10000-burst,2,2000,1071,1788849691971991,1788849691999514,27523
load10000-burst,2,2000,1072,1788849691971991,1788849691999536,27545
load10000-burst,2,2000,1073,1788849691971991,1788849691999554,27563
load10000-burst,2,2000,1074,1788849691971991,1788849691999570,27579
load10000-burst,2,2000,1075,1788849691971991,1788849691999586,27595
load10000-burst,2,2000,1076,1788849691971991,1788849691999602,27611
load10000-burst,2,2000,1077,1788849691971991,1788849691999618,27627
load10000-burst,2,2000,1078,1788849691971991,1788849691999634,27643
load10000-burst,2,2000,1079,1788849691971991,1788849691999650,27659
load10000-burst,2,2000,1080,1788849691971991,1788849691999665,27674
load10000-burst,2,2000,1081,1788849691971991,1788849691999681,27690
load10000-burst,2,2000,1082,1788849691971991,1788849691999697,27706
load10000-burst,2,2000,1083,1788849691971991,1788849691999713,27722
load10000-burst,2,2000,1084,1788849691971991,1788849691999730,27739
load10000-burst,2,2000,1085,1788849691971991,1788849691999747,27756
load10000-burst,2,2000,1086,1788849691971991,1788849691999764,27773
load10000-burst,2,2000,1087,1788849691971991,1788849691999780,27789
load10000-burst,2,2000,1088,1788849691971991,1788849691999796,27805
load10000-burst,2,2000,1089,1788849691971991,1788849691999808,27817
load10000-burst,2,2000,1090,1788849691971991,1788849691999835,27844
load10000-burst,2,2000,1091,1788849691971991,1788849691999867,27876
load10000-burst,2,2000,1092,1788849691971991,1788849691999885,27894
load10000-burst,2,2000,1093,1788849691971991,1788849691999914,27923
load10000-burst,2,2000,1094,1788849691971991,1788849691999935,27944
load10000-burst,2,2000,1095,1788849691971991,1788849691999952,27961
load10000-burst,2,2000,1096,1788849691971991,1788849691999968,27977
load10000-burst,2,2000,1097,1788849691971991,1788849691999984,27993
load10000-burst,2,2000,1098,1788849691971991,1788849692000000,28009
load10000-burst,2,2000,1099,1788849691971991,1788849692000017,28026
load10000-burst,2,2000,1100,1788849691971991,1788849692000033,28042
load10000-burst,2,2000,1101,1788849691971991,1788849692000049,28058
load10000-burst,2,2000,1102,1788849691971991,1788849692000065,28074
load10000-burst,2,2000,1103,1788849691971991,1788849692000087,28096
load10000-burst,2,2000,1104,1788849691971991,1788849692000104,28113
load10000-burst,2,2000,1105,1788849691971991,1788849692000120,28129
load10000-burst,2,2000,1106,1788849691971991,1788849692000136,28145
load10000-burst,2,2000,1107,1788849691971991,1788849692000149,28158
load10000-burst,2,2000,1108,1788849691971991,1788849692000171,28180
load10000-burst,2,2000,1109,1788849691971991,1788849692000190,28199
load10000-burst,2,2000,1110,1788849691971991,1788849692000203,28212
load10000-burst,2,2000,1111,1788849691971991,1788849692000220,28229
load10000-burst,2,2000,1112,1788849691971991,1788849692000236,28245
load10000-burst,2,2000,1113,1788849691971991,1788849692000253,28262
load10000-burst,2,2000,1114,1788849691971991,1788849692000269,28278
load10000-burst,2,2000,1115,1788849691971991,1788849692000285,28294
load10000-burst,2,2000,1116,1788849691971991,1788849692000301,28310
load10000-burst,2,2000,1117,1788849691971991,1788849692000317,28326
load10000-burst,2,2000,1118,1788849691971991,1788849692000334,28343
load10000-burst,2,2000,1119,1788849691971991,1788849692000350,28359
load10000-burst,2,2000,1120,1788849691971991,1788849692000371,28380
load10000-burst,2,2000,1121,1788849691971991,1788849692000389,28398
load10000-burst,2,2000,1122,1788849691971991,1788849692000405,28414
load10000-burst,2,2000,1123,1788849691971991,1788849692000421,28430
load10000-burst,2,2000,1124,1788849691971991,1788849692000437,28446
load10000-burst,2,2000,1125,1788849691971991,1788849692000453,28462
load10000-burst,2,2000,1126,1788849691971991,1788849692000470,28479
load10000-burst,2,2000,1127,1788849691971991,1788849692000487,28496
load10000-burst,2,2000,1128,1788849691971991,1788849692000500,28509
load10000-burst,2,2000,1129,1788849691971991,1788849692000511,28520
load10000-burst,2,2000,1130,1788849691971991,1788849692000523,28532
load10000-burst,2,2000,1131,1788849691971991,1788849692000534,28543
load10000-burst,2,2000,1132,1788849691971991,1788849692000551,28560
load10000-burst,2,2000,1133,1788849691971991,1788849692000568,28577
load10000-burst,2,2000,1134,1788849691971991,1788849692000584,28593
load10000-burst,2,2000,1135,1788849691971991,1788849692000600,28609
load10000-burst,2,2000,1136,1788849691971991,1788849692000617,28626
load10000-burst,2,2000,1137,1788849691971991,1788849692000633,28642
load10000-burst,2,2000,1138,1788849691971991,1788849692000650,28659
load10000-burst,2,2000,1139,1788849691971991,1788849692000666,28675
load10000-burst,2,2000,1140,1788849691971991,1788849692000683,28692
load10000-burst,2,2000,1141,1788849691971991,1788849692000710,28719
load10000-burst,2,2000,1142,1788849691971991,1788849692000741,28750
load10000-burst,2,2000,1143,1788849691971991,1788849692000758,28767
load10000-burst,2,2000,1144,1788849691971991,1788849692000775,28784
load10000-burst,2,2000,1145,1788849691971991,1788849692000792,28801
load10000-burst,2,2000,1146,1788849691971991,1788849692000809,28818
load10000-burst,2,2000,1147,1788849691971991,1788849692000827,28836
load10000-burst,2,2000,1148,1788849691971991,1788849692000844,28853
load10000-burst,2,2000,1149,1788849691971991,1788849692000863,28872
load10000-burst,2,2000,1150,1788849691971991,1788849692000879,28888
load10000-burst,2,2000,1151,1788849691971991,1788849692000907,28916
load10000-burst,2,2000,1152,1788849691971991,1788849692000935,28944
load10000-burst,2,2000,1153,1788849691971991,1788849692000953,28962
load10000-burst,2,2000,1154,1788849691971991,1788849692000983,28992
load10000-burst,2,2000,1155,1788849691971991,1788849692001002,29011
load10000-burst,2,2000,1156,1788849691971991,1788849692001020,29029
load10000-burst,2,2000,1157,1788849691971991,1788849692001037,29046
load10000-burst,2,2000,1158,1788849691971991,1788849692001054,29063
load10000-burst,2,2000,1159,1788849691971991,1788849692001070,29079
load10000-burst,2,2000,1160,1788849691971991,1788849692001087,29096
load10000-burst,2,2000,1161,1788849691971991,1788849692001104,29113
load10000-burst,2,2000,1162,1788849691971991,1788849692001120,29129
load10000-burst,2,2000,1163,1788849691971991,1788849692001137,29146
load10000-burst,2,2000,1164,1788849691971991,1788849692001154,29163
load10000-burst,2,2000,1165,1788849691971991,1788849692001170,29179
load10000-burst,2,2000,1166,1788849691971991,1788849692001186,29195
load10000-burst,2,2000,1167,1788849691971991,1788849692001203,29212
load10000-burst,2,2000,1168,1788849691971991,1788849692001219,29228
load10000-burst,2,2000,1169,1788849691971991,1788849692001233,29242
load10000-burst,2,2000,1170,1788849691971991,1788849692001250,29259
load10000-burst,2,2000,1171,1788849691971991,1788849692001267,29276
load10000-burst,2,2000,1172,1788849691971991,1788849692001279,29288
load10000-burst,2,2000,1173,1788849691971991,1788849692001291,29300
load10000-burst,2,2000,1174,1788849691971991,1788849692001301,29310
load10000-burst,2,2000,1175,1788849691971991,1788849692001318,29327
load10000-burst,2,2000,1176,1788849691971991,1788849692001334,29343
load10000-burst,2,2000,1177,1788849691971991,1788849692001350,29359
load10000-burst,2,2000,1178,1788849691971991,1788849692001374,29383
load10000-burst,2,2000,1179,1788849691971991,1788849692001408,29417
load10000-burst,2,2000,1180,1788849691971991,1788849692001427,29436
load10000-burst,2,2000,1181,1788849691971991,1788849692001449,29458
load10000-burst,2,2000,1182,1788849691971991,1788849692001467,29476
load10000-burst,2,2000,1183,1788849691971991,1788849692001484,29493
load10000-burst,2,2000,1184,1788849691971991,1788849692001501,29510
load10000-burst,2,2000,1185,1788849691971991,1788849692001524,29533
load10000-burst,2,2000,1186,1788849691971991,1788849692001542,29551
load10000-burst,2,2000,1187,1788849691971991,1788849692001563,29572
load10000-burst,2,2000,1188,1788849691971991,1788849692001581,29590
load10000-burst,2,2000,1189,1788849691971991,1788849692001599,29608
load10000-burst,2,2000,1190,1788849691971991,1788849692001615,29624
load10000-burst,2,2000,1191,1788849691971991,1788849692001627,29636
load10000-burst,2,2000,1192,1788849691971991,1788849692001639,29648
load10000-burst,2,2000,1193,1788849691971991,1788849692001649,29658
load10000-burst,2,2000,1194,1788849691971991,1788849692001666,29675
load10000-burst,2,2000,1195,1788849691971991,1788849692001683,29692
load10000-burst,2,2000,1196,1788849691971991,1788849692001695,29704
load10000-burst,2,2000,1197,1788849691971991,1788849692001706,29715
load10000-burst,2,2000,1198,1788849691971991,1788849692001718,29727
load10000-burst,2,2000,1199,1788849691971991,1788849692001730,29739
load10000-burst,2,2000,1200,1788849691971991,1788849692001740,29749
load10000-burst,2,2000,1201,1788849691971991,1788849692001751,29760
load10000-burst,2,2000,1202,1788849691971991,1788849692001762,29771
load10000-burst,2,2000,1203,1788849691971991,1788849692001773,29782
load10000-burst,2,2000,1204,1788849691971991,1788849692001784,29793
load10000-burst,2,2000,1205,1788849691971991,1788849692001795,29804
load10000-burst,2,2000,1206,1788849691971991,1788849692001807,29816
load10000-burst,2,2000,1207,1788849691971991,1788849692001818,29827
load10000-burst,2,2000,1208,1788849691971991,1788849692001829,29838
load10000-burst,2,2000,1209,1788849691971991,1788849692001840,29849
load10000-burst,2,2000,1210,1788849691971991,1788849692001851,29860
load10000-burst,2,2000,1211,1788849691971991,1788849692001863,29872
load10000-burst,2,2000,1212,1788849691971991,1788849692001873,29882
load10000-burst,2,2000,1213,1788849691971991,1788849692001884,29893
load10000-burst,2,2000,1214,1788849691971991,1788849692001896,29905
load10000-burst,2,2000,1215,1788849691971991,1788849692001907,29916
load10000-burst,2,2000,1216,1788849691971991,1788849692001921,29930
load10000-burst,2,2000,1217,1788849691971991,1788849692001931,29940
load10000-burst,2,2000,1218,1788849691971991,1788849692001942,29951
load10000-burst,2,2000,1219,1788849691971991,1788849692001954,29963
load10000-burst,2,2000,1220,1788849691971991,1788849692001964,29973
load10000-burst,2,2000,1221,1788849691971991,1788849692001988,29997
load10000-burst,2,2000,1222,1788849691971991,1788849692002016,30025
load10000-burst,2,2000,1223,1788849691971991,1788849692002089,30098
load10000-burst,2,2000,1224,1788849691971991,1788849692002130,30139
load10000-burst,2,2000,1225,1788849691971991,1788849692002187,30196
load10000-burst,2,2000,1226,1788849691971991,1788849692002213,30222
load10000-burst,2,2000,1227,1788849691971991,1788849692002237,30246
load10000-burst,2,2000,1228,1788849691971991,1788849692002303,30312
load10000-burst,2,2000,1229,1788849691971991,1788849692002366,30375
load10000-burst,2,2000,1230,1788849691971991,1788849692002426,30435
load10000-burst,2,2000,1231,1788849691971991,1788849692002491,30500
load10000-burst,2,2000,1232,1788849691971991,1788849692002531,30540
load10000-burst,2,2000,1233,1788849691971991,1788849692002556,30565
load10000-burst,2,2000,1234,1788849691971991,1788849692002579,30588
load10000-burst,2,2000,1235,1788849691971991,1788849692002603,30612
load10000-burst,2,2000,1236,1788849691971991,1788849692002626,30635
load10000-burst,2,2000,1237,1788849691971991,1788849692002647,30656
load10000-burst,2,2000,1238,1788849691971991,1788849692002669,30678
load10000-burst,2,2000,1239,1788849691971991,1788849692002691,30700
load10000-burst,2,2000,1240,1788849691971991,1788849692002712,30721
load10000-burst,2,2000,1241,1788849691971991,1788849692002733,30742
load10000-burst,2,2000,1242,1788849691971991,1788849692002764,30773
load10000-burst,2,2000,1243,1788849691971991,1788849692002802,30811
load10000-burst,2,2000,1244,1788849691971991,1788849692002826,30835
load10000-burst,2,2000,1245,1788849691971991,1788849692002877,30886
load10000-burst,2,2000,1246,1788849691971991,1788849692002902,30911
load10000-burst,2,2000,1247,1788849691971991,1788849692002923,30932
load10000-burst,2,2000,1248,1788849691971991,1788849692002946,30955
load10000-burst,2,2000,1249,1788849691971991,1788849692002979,30988
load10000-burst,2,2000,1250,1788849691971991,1788849692003004,31013
load10000-burst,2,2000,1251,1788849691971991,1788849692003028,31037
load10000-burst,2,2000,1252,1788849691971991,1788849692003067,31076
load10000-burst,2,2000,1253,1788849691971991,1788849692003104,31113
load10000-burst,2,2000,1254,1788849691971991,1788849692003148,31157
load10000-burst,2,2000,1255,1788849691971991,1788849692003179,31188
load10000-burst,2,2000,1256,1788849691971991,1788849692003209,31218
load10000-burst,2,2000,1257,1788849691971991,1788849692003237,31246
load10000-burst,2,2000,1258,1788849691971991,1788849692003275,31284
load10000-burst,2,2000,1259,1788849691971991,1788849692003330,31339
load10000-burst,2,2000,1260,1788849691971991,1788849692003355,31364
load10000-burst,2,2000,1261,1788849691971991,1788849692003379,31388
load10000-burst,2,2000,1262,1788849691971991,1788849692003404,31413
load10000-burst,2,2000,1263,1788849691971991,1788849692003428,31437
load10000-burst,2,2000,1264,1788849691971991,1788849692003450,31459
load10000-burst,2,2000,1265,1788849691971991,1788849692003473,31482
load10000-burst,2,2000,1266,1788849691971991,1788849692003496,31505
load10000-burst,2,2000,1267,1788849691971991,1788849692003514,31523
load10000-burst,2,2000,1268,1788849691971991,1788849692003534,31543
load10000-burst,2,2000,1269,1788849691971991,1788849692003583,31592
load10000-burst,2,2000,1270,1788849691971991,1788849692003610,31619
load10000-burst,2,2000,1271,1788849691971991,1788849692003634,31643
load10000-burst,2,2000,1272,1788849691971991,1788849692003655,31664
load10000-burst,2,2000,1273,1788849691971991,1788849692003678,31687
load10000-burst,2,2000,1274,1788849691971991,1788849692003699,31708
load10000-burst,2,2000,1275,1788849691971991,1788849692003720,31729
load10000-burst,2,2000,1276,1788849691971991,1788849692003742,31751
load10000-burst,2,2000,1277,1788849691971991,1788849692003763,31772
load10000-burst,2,2000,1278,1788849691971991,1788849692003784,31793
load10000-burst,2,2000,1279,1788849691971991,1788849692003806,31815
load10000-burst,2,2000,1280,1788849691971991,1788849692003828,31837
load10000-burst,2,2000,1281,1788849691971991,1788849692003863,31872
load10000-burst,2,2000,1282,1788849691971991,1788849692003912,31921
load10000-burst,2,2000,1283,1788849691971991,1788849692003940,31949
load10000-burst,2,2000,1284,1788849691971991,1788849692003963,31972
load10000-burst,2,2000,1285,1788849691971991,1788849692003996,32005
load10000-burst,2,2000,1286,1788849691971991,1788849692004037,32046
load10000-burst,2,2000,1287,1788849691971991,1788849692004083,32092
load10000-burst,2,2000,1288,1788849691971991,1788849692004108,32117
load10000-burst,2,2000,1289,1788849691971991,1788849692004132,32141
load10000-burst,2,2000,1290,1788849691971991,1788849692004169,32178
load10000-burst,2,2000,1291,1788849691971991,1788849692004206,32215
load10000-burst,2,2000,1292,1788849691971991,1788849692004236,32245
load10000-burst,2,2000,1293,1788849691971991,1788849692004261,32270
load10000-burst,2,2000,1294,1788849691971991,1788849692004291,32300
load10000-burst,2,2000,1295,1788849691971991,1788849692004316,32325
load10000-burst,2,2000,1296,1788849691971991,1788849692004353,32362
load10000-burst,2,2000,1297,1788849691971991,1788849692004400,32409
load10000-burst,2,2000,1298,1788849691971991,1788849692004427,32436
load10000-burst,2,2000,1299,1788849691971991,1788849692004450,32459
load10000-burst,2,2000,1300,1788849691971991,1788849692004473,32482
load10000-burst,2,2000,1301,1788849691971991,1788849692004496,32505
load10000-burst,2,2000,1302,1788849691971991,1788849692004518,32527
load10000-burst,2,2000,1303,1788849691971991,1788849692004550,32559
load10000-burst,2,2000,1304,1788849691971991,1788849692004600,32609
load10000-burst,2,2000,1305,1788849691971991,1788849692004624,32633
load10000-burst,2,2000,1306,1788849691971991,1788849692004646,32655
load10000-burst,2,2000,1307,1788849691971991,1788849692004668,32677
load10000-burst,2,2000,1308,1788849691971991,1788849692004701,32710
load10000-burst,2,2000,1309,1788849691971991,1788849692004749,32758
load10000-burst,2,2000,1310,1788849691971991,1788849692004774,32783
load10000-burst,2,2000,1311,1788849691971991,1788849692004796,32805
load10000-burst,2,2000,1312,1788849691971991,1788849692004819,32828
load10000-burst,2,2000,1313,1788849691971991,1788849692004840,32849
load10000-burst,2,2000,1314,1788849691971991,1788849692004864,32873
load10000-burst,2,2000,1315,1788849691971991,1788849692004887,32896
load10000-burst,2,2000,1316,1788849691971991,1788849692004908,32917
load10000-burst,2,2000,1317,1788849691971991,1788849692004929,32938
load10000-burst,2,2000,1318,1788849691971991,1788849692004949,32958
load10000-burst,2,2000,1319,1788849691971991,1788849692004964,32973
load10000-burst,2,2000,1320,1788849691971991,1788849692004988,32997
load10000-burst,2,2000,1321,1788849691971991,1788849692005010,33019
load10000-burst,2,2000,1322,1788849691971991,1788849692005063,33072
load10000-burst,2,2000,1323,1788849691971991,1788849692005090,33099
load10000-burst,2,2000,1324,1788849691971991,1788849692005112,33121
load10000-burst,2,2000,1325,1788849691971991,1788849692005134,33143
load10000-burst,2,2000,1326,1788849691971991,1788849692005157,33166
load10000-burst,2,2000,1327,1788849691971991,1788849692005179,33188
load10000-burst,2,2000,1328,1788849691971991,1788849692005209,33218
load10000-burst,2,2000,1329,1788849691971991,1788849692005240,33249
load10000-burst,2,2000,1330,1788849691971991,1788849692005273,33282
load10000-burst,2,2000,1331,1788849691971991,1788849692005307,33316
load10000-burst,2,2000,1332,1788849691971991,1788849692005352,33361
load10000-burst,2,2000,1333,1788849691971991,1788849692005380,33389
load10000-burst,2,2000,1334,1788849691971991,1788849692005404,33413
load10000-burst,2,2000,1335,1788849691971991,1788849692005428,33437
load10000-burst,2,2000,1336,1788849691971991,1788849692005454,33463
load10000-burst,2,2000,1337,1788849691971991,1788849692005486,33495
load10000-burst,2,2000,1338,1788849691971991,1788849692005511,33520
load10000-burst,2,2000,1339,1788849691971991,1788849692005561,33570
load10000-burst,2,2000,1340,1788849691971991,1788849692005600,33609
load10000-burst,2,2000,1341,1788849691971991,1788849692005623,33632
load10000-burst,2,2000,1342,1788849691971991,1788849692005646,33655
load10000-burst,2,2000,1343,1788849691971991,1788849692005681,33690
load10000-burst,2,2000,1344,1788849691971991,1788849692005739,33748
load10000-burst,2,2000,1345,1788849691971991,1788849692005774,33783
load10000-burst,2,2000,1346,1788849691971991,1788849692005801,33810
load10000-burst,2,2000,1347,1788849691971991,1788849692005824,33833
load10000-burst,2,2000,1348,1788849691971991,1788849692005858,33867
load10000-burst,2,2000,1349,1788849691971991,1788849692005906,33915
load10000-burst,2,2000,1350,1788849691971991,1788849692005933,33942
load10000-burst,2,2000,1351,1788849691971991,1788849692005974,33983
load10000-burst,2,2000,1352,1788849691971991,1788849692006007,34016
load10000-burst,2,2000,1353,1788849691971991,1788849692006046,34055
load10000-burst,2,2000,1354,1788849691971991,1788849692006069,34078
load10000-burst,2,2000,1355,1788849691971991,1788849692006092,34101
load10000-burst,2,2000,1356,1788849691971991,1788849692006145,34154
load10000-burst,2,2000,1357,1788849691971991,1788849692006168,34177
load10000-burst,2,2000,1358,1788849691971991,1788849692006190,34199
load10000-burst,2,2000,1359,1788849691971991,1788849692006213,34222
load10000-burst,2,2000,1360,1788849691971991,1788849692006236,34245
load10000-burst,2,2000,1361,1788849691971991,1788849692006256,34265
load10000-burst,2,2000,1362,1788849691971991,1788849692006273,34282
load10000-burst,2,2000,1363,1788849691971991,1788849692006297,34306
load10000-burst,2,2000,1364,1788849691971991,1788849692006320,34329
load10000-burst,2,2000,1365,1788849691971991,1788849692006342,34351
load10000-burst,2,2000,1366,1788849691971991,1788849692006372,34381
load10000-burst,2,2000,1367,1788849691971991,1788849692006398,34407
load10000-burst,2,2000,1368,1788849691971991,1788849692006423,34432
load10000-burst,2,2000,1369,1788849691971991,1788849692006463,34472
load10000-burst,2,2000,1370,1788849691971991,1788849692006507,34516
load10000-burst,2,2000,1371,1788849691971991,1788849692006533,34542
load10000-burst,2,2000,1372,1788849691971991,1788849692006566,34575
load10000-burst,2,2000,1373,1788849691971991,1788849692006617,34626
load10000-burst,2,2000,1374,1788849691971991,1788849692006647,34656
load10000-burst,2,2000,1375,1788849691971991,1788849692006672,34681
load10000-burst,2,2000,1376,1788849691971991,1788849692006708,34717
load10000-burst,2,2000,1377,1788849691971991,1788849692006766,34775
load10000-burst,2,2000,1378,1788849691971991,1788849692006795,34804
load10000-burst,2,2000,1379,1788849691971991,1788849692006819,34828
load10000-burst,2,2000,1380,1788849691971991,1788849692006842,34851
load10000-burst,2,2000,1381,1788849691971991,1788849692006865,34874
load10000-burst,2,2000,1382,1788849691971991,1788849692006888,34897
load10000-burst,2,2000,1383,1788849691971991,1788849692006917,34926
load10000-burst,2,2000,1384,1788849691971991,1788849692006949,34958
load10000-burst,2,2000,1385,1788849691971991,1788849692006981,34990
load10000-burst,2,2000,1386,1788849691971991,1788849692007004,35013
load10000-burst,2,2000,1387,1788849691971991,1788849692007026,35035
load10000-burst,2,2000,1388,1788849691971991,1788849692007056,35065
load10000-burst,2,2000,1389,1788849691971991,1788849692007088,35097
load10000-burst,2,2000,1390,1788849691971991,1788849692007110,35119
load10000-burst,2,2000,1391,1788849691971991,1788849692007135,35144
load10000-burst,2,2000,1392,1788849691971991,1788849692007158,35167
load10000-burst,2,2000,1393,1788849691971991,1788849692007180,35189
load10000-burst,2,2000,1394,1788849691971991,1788849692007202,35211
load10000-burst,2,2000,1395,1788849691971991,1788849692007223,35232
load10000-burst,2,2000,1396,1788849691971991,1788849692007245,35254
load10000-burst,2,2000,1397,1788849691971991,1788849692007271,35280
load10000-burst,2,2000,1398,1788849691971991,1788849692007290,35299
load10000-burst,2,2000,1399,1788849691971991,1788849692007321,35330
load10000-burst,2,2000,1400,1788849691971991,1788849692007359,35368
load10000-burst,2,2000,1401,1788849691971991,1788849692007390,35399
load10000-burst,2,2000,1402,1788849691971991,1788849692007416,35425
load10000-burst,2,2000,1403,1788849691971991,1788849692007438,35447
load10000-burst,2,2000,1404,1788849691971991,1788849692007461,35470
load10000-burst,2,2000,1405,1788849691971991,1788849692007487,35496
load10000-burst,2,2000,1406,1788849691971991,1788849692007510,35519
load10000-burst,2,2000,1407,1788849691971991,1788849692007532,35541
load10000-burst,2,2000,1408,1788849691971991,1788849692007556,35565
load10000-burst,2,2000,1409,1788849691971991,1788849692007579,35588
load10000-burst,2,2000,1410,1788849691971991,1788849692007601,35610
load10000-burst,2,2000,1411,1788849691971991,1788849692007626,35635
load10000-burst,2,2000,1412,1788849691971991,1788849692007665,35674
load10000-burst,2,2000,1413,1788849691971991,1788849692007693,35702
load10000-burst,2,2000,1414,1788849691971991,1788849692007734,35743
load10000-burst,2,2000,1415,1788849691971991,1788849692007793,35802
load10000-burst,2,2000,1416,1788849691971991,1788849692007832,35841
load10000-burst,2,2000,1417,1788849691971991,1788849692007877,35886
load10000-burst,2,2000,1418,1788849691971991,1788849692007901,35910
load10000-burst,2,2000,1419,1788849691971991,1788849692007926,35935
load10000-burst,2,2000,1420,1788849691971991,1788849692007956,35965
load10000-burst,2,2000,1421,1788849691971991,1788849692007984,35993
load10000-burst,2,2000,1422,1788849691971991,1788849692008018,36027
load10000-burst,2,2000,1423,1788849691971991,1788849692008080,36089
load10000-burst,2,2000,1424,1788849691971991,1788849692008137,36146
load10000-burst,2,2000,1425,1788849691971991,1788849692008177,36186
load10000-burst,2,2000,1426,1788849691971991,1788849692008217,36226
load10000-burst,2,2000,1427,1788849691971991,1788849692008257,36266
load10000-burst,2,2000,1428,1788849691971991,1788849692008283,36292
load10000-burst,2,2000,1429,1788849691971991,1788849692008306,36315
load10000-burst,2,2000,1430,1788849691971991,1788849692008342,36351
load10000-burst,2,2000,1431,1788849691971991,1788849692008369,36378
load10000-burst,2,2000,1432,1788849691971991,1788849692008406,36415
load10000-burst,2,2000,1433,1788849691971991,1788849692008438,36447
load10000-burst,2,2000,1434,1788849691971991,1788849692008462,36471
load10000-burst,2,2000,1435,1788849691971991,1788849692008497,36506
load10000-burst,2,2000,1436,1788849691971991,1788849692008554,36563
load10000-burst,2,2000,1437,1788849691971991,1788849692008586,36595
load10000-burst,2,2000,1438,1788849691971991,1788849692008621,36630
load10000-burst,2,2000,1439,1788849691971991,1788849692008655,36664
load10000-burst,2,2000,1440,1788849691971991,1788849692008681,36690
load10000-burst,2,2000,1441,1788849691971991,1788849692008717,36726
load10000-burst,2,2000,1442,1788849691971991,1788849692008765,36774
load10000-burst,2,2000,1443,1788849691971991,1788849692008794,36803
load10000-burst,2,2000,1444,1788849691971991,1788849692008826,36835
load10000-burst,2,2000,1445,1788849691971991,1788849692008852,36861
load10000-burst,2,2000,1446,1788849691971991,1788849692008874,36883
load10000-burst,2,2000,1447,1788849691971991,1788849692008896,36905
load10000-burst,2,2000,1448,1788849691971991,1788849692008919,36928
load10000-burst,2,2000,1449,1788849691971991,1788849692008942,36951
load10000-burst,2,2000,1450,1788849691971991,1788849692008972,36981
load10000-burst,2,2000,1451,1788849691971991,1788849692009009,37018
load10000-burst,2,2000,1452,1788849691971991,1788849692009065,37074
load10000-burst,2,2000,1453,1788849691971991,1788849692009096,37105
load10000-burst,2,2000,1454,1788849691971991,1788849692009131,37140
load10000-burst,2,2000,1455,1788849691971991,1788849692009157,37166
load10000-burst,2,2000,1456,1788849691971991,1788849692009182,37191
load10000-burst,2,2000,1457,1788849691971991,1788849692009212,37221
load10000-burst,2,2000,1458,1788849691971991,1788849692009249,37258
load10000-burst,2,2000,1459,1788849691971991,1788849692009303,37312
load10000-burst,2,2000,1460,1788849691971991,1788849692009358,37367
load10000-burst,2,2000,1461,1788849691971991,1788849692009386,37395
load10000-burst,2,2000,1462,1788849691971991,1788849692009412,37421
load10000-burst,2,2000,1463,1788849691971991,1788849692009446,37455
load10000-burst,2,2000,1464,1788849691971991,1788849692009514,37523
load10000-burst,2,2000,1465,1788849691971991,1788849692009560,37569
load10000-burst,2,2000,1466,1788849691971991,1788849692009585,37594
load10000-burst,2,2000,1467,1788849691971991,1788849692009608,37617
load10000-burst,2,2000,1468,1788849691971991,1788849692009632,37641
load10000-burst,2,2000,1469,1788849691971991,1788849692009654,37663
load10000-burst,2,2000,1470,1788849691971991,1788849692009677,37686
load10000-burst,2,2000,1471,1788849691971991,1788849692009701,37710
load10000-burst,2,2000,1472,1788849691971991,1788849692009724,37733
load10000-burst,2,2000,1473,1788849691971991,1788849692009747,37756
load10000-burst,2,2000,1474,1788849691971991,1788849692009779,37788
load10000-burst,2,2000,1475,1788849691971991,1788849692009805,37814
load10000-burst,2,2000,1476,1788849691971991,1788849692009853,37862
load10000-burst,2,2000,1477,1788849691971991,1788849692009909,37918
load10000-burst,2,2000,1478,1788849691971991,1788849692009947,37956
load10000-burst,2,2000,1479,1788849691971991,1788849692009975,37984
load10000-burst,2,2000,1480,1788849691971991,1788849692010010,38019
load10000-burst,2,2000,1481,1788849691971991,1788849692010048,38057
load10000-burst,2,2000,1482,1788849691971991,1788849692010080,38089
load10000-burst,2,2000,1483,1788849691971991,1788849692010107,38116
load10000-burst,2,2000,1484,1788849691971991,1788849692010138,38147
load10000-burst,2,2000,1485,1788849691971991,1788849692010165,38174
load10000-burst,2,2000,1486,1788849691971991,1788849692010195,38204
load10000-burst,2,2000,1487,1788849691971991,1788849692010229,38238
load10000-burst,2,2000,1488,1788849691971991,1788849692010266,38275
load10000-burst,2,2000,1489,1788849691971991,1788849692010292,38301
load10000-burst,2,2000,1490,1788849691971991,1788849692010323,38332
load10000-burst,2,2000,1491,1788849691971991,1788849692010348,38357
load10000-burst,2,2000,1492,1788849691971991,1788849692010384,38393
load10000-burst,2,2000,1493,1788849691971991,1788849692010433,38442
load10000-burst,2,2000,1494,1788849691971991,1788849692010458,38467
load10000-burst,2,2000,1495,1788849691971991,1788849692010487,38496
load10000-burst,2,2000,1496,1788849691971991,1788849692010512,38521
load10000-burst,2,2000,1497,1788849691971991,1788849692010550,38559
load10000-burst,2,2000,1498,1788849691971991,1788849692010578,38587
load10000-burst,2,2000,1499,1788849691971991,1788849692010604,38613
load10000-burst,2,2000,1500,1788849691971991,1788849692010628,38637
load10000-burst,2,2000,1501,1788849691971991,1788849692010663,38672
load10000-burst,2,2000,1502,1788849691971991,1788849692010728,38737
load10000-burst,2,2000,1503,1788849691971991,1788849692010764,38773
load10000-burst,2,2000,1504,1788849691971991,1788849692010793,38802
load10000-burst,2,2000,1505,1788849691971991,1788849692010825,38834
load10000-burst,2,2000,1506,1788849691971991,1788849692010855,38864
load10000-burst,2,2000,1507,1788849691971991,1788849692010878,38887
load10000-burst,2,2000,1508,1788849691971991,1788849692010904,38913
load10000-burst,2,2000,1509,1788849691971991,1788849692010934,38943
load10000-burst,2,2000,1510,1788849691971991,1788849692010973,38982
load10000-burst,2,2000,1511,1788849691971991,1788849692011021,39030
load10000-burst,2,2000,1512,1788849691971991,1788849692011049,39058
load10000-burst,2,2000,1513,1788849691971991,1788849692011091,39100
load10000-burst,2,2000,1514,1788849691971991,1788849692011149,39158
load10000-burst,2,2000,1515,1788849691971991,1788849692011178,39187
load10000-burst,2,2000,1516,1788849691971991,1788849692011208,39217
load10000-burst,2,2000,1517,1788849691971991,1788849692011242,39251
load10000-burst,2,2000,1518,1788849691971991,1788849692011269,39278
load10000-burst,2,2000,1519,1788849691971991,1788849692011294,39303
load10000-burst,2,2000,1520,1788849691971991,1788849692011318,39327
load10000-burst,2,2000,1521,1788849691971991,1788849692011341,39350
load10000-burst,2,2000,1522,1788849691971991,1788849692011366,39375
load10000-burst,2,2000,1523,1788849691971991,1788849692011390,39399
load10000-burst,2,2000,1524,1788849691971991,1788849692011421,39430
load10000-burst,2,2000,1525,1788849691971991,1788849692011459,39468
load10000-burst,2,2000,1526,1788849691971991,1788849692011492,39501
load10000-burst,2,2000,1527,1788849691971991,1788849692011524,39533
load10000-burst,2,2000,1528,1788849691971991,1788849692011550,39559
load10000-burst,2,2000,1529,1788849691971991,1788849692011574,39583
load10000-burst,2,2000,1530,1788849691971991,1788849692011598,39607
load10000-burst,2,2000,1531,1788849691971991,1788849692011620,39629
load10000-burst,2,2000,1532,1788849691971991,1788849692011643,39652
load10000-burst,2,2000,1533,1788849691971991,1788849692011668,39677
load10000-burst,2,2000,1534,1788849691971991,1788849692011690,39699
load10000-burst,2,2000,1535,1788849691971991,1788849692011717,39726
load10000-burst,2,2000,1536,1788849691971991,1788849692011755,39764
load10000-burst,2,2000,1537,1788849691971991,1788849692011818,39827
load10000-burst,2,2000,1538,1788849691971991,1788849692011848,39857
load10000-burst,2,2000,1539,1788849691971991,1788849692011873,39882
load10000-burst,2,2000,1540,1788849691971991,1788849692011897,39906
load10000-burst,2,2000,1541,1788849691971991,1788849692011921,39930
load10000-burst,2,2000,1542,1788849691971991,1788849692011956,39965
load10000-burst,2,2000,1543,1788849691971991,1788849692012013,40022
load10000-burst,2,2000,1544,1788849691971991,1788849692012062,40071
load10000-burst,2,2000,1545,1788849691971991,1788849692012096,40105
load10000-burst,2,2000,1546,1788849691971991,1788849692012126,40135
load10000-burst,2,2000,1547,1788849691971991,1788849692012152,40161
load10000-burst,2,2000,1548,1788849691971991,1788849692012177,40186
load10000-burst,2,2000,1549,1788849691971991,1788849692012201,40210
load10000-burst,2,2000,1550,1788849691971991,1788849692012227,40236
load10000-burst,2,2000,1551,1788849691971991,1788849692012251,40260
load10000-burst,2,2000,1552,1788849691971991,1788849692012276,40285
load10000-burst,2,2000,1553,1788849691971991,1788849692012298,40307
load10000-burst,2,2000,1554,1788849691971991,1788849692012320,40329
load10000-burst,2,2000,1555,1788849691971991,1788849692012349,40358
load10000-burst,2,2000,1556,1788849691971991,1788849692012371,40380
load10000-burst,2,2000,1557,1788849691971991,1788849692012395,40404
load10000-burst,2,2000,1558,1788849691971991,1788849692012419,40428
load10000-burst,2,2000,1559,1788849691971991,1788849692012438,40447
load10000-burst,2,2000,1560,1788849691971991,1788849692012459,40468
load10000-burst,2,2000,1561,1788849691971991,1788849692012495,40504
load10000-burst,2,2000,1562,1788849691971991,1788849692012540,40549
load10000-burst,2,2000,1563,1788849691971991,1788849692012586,40595
load10000-burst,2,2000,1564,1788849691971991,1788849692012694,40703
load10000-burst,2,2000,1565,1788849691971991,1788849692012726,40735
load10000-burst,2,2000,1566,1788849691971991,1788849692012750,40759
load10000-burst,2,2000,1567,1788849691971991,1788849692012775,40784
load10000-burst,2,2000,1568,1788849691971991,1788849692012798,40807
load10000-burst,2,2000,1569,1788849691971991,1788849692012820,40829
load10000-burst,2,2000,1570,1788849691971991,1788849692012844,40853
load10000-burst,2,2000,1571,1788849691971991,1788849692012880,40889
load10000-burst,2,2000,1572,1788849691971991,1788849692012934,40943
load10000-burst,2,2000,1573,1788849691971991,1788849692012983,40992
load10000-burst,2,2000,1574,1788849691971991,1788849692013034,41043
load10000-burst,2,2000,1575,1788849691971991,1788849692013086,41095
load10000-burst,2,2000,1576,1788849691971991,1788849692013114,41123
load10000-burst,2,2000,1577,1788849691971991,1788849692013138,41147
load10000-burst,2,2000,1578,1788849691971991,1788849692013161,41170
load10000-burst,2,2000,1579,1788849691971991,1788849692013184,41193
load10000-burst,2,2000,1580,1788849691971991,1788849692013219,41228
load10000-burst,2,2000,1581,1788849691971991,1788849692013276,41285
load10000-burst,2,2000,1582,1788849691971991,1788849692013301,41310
load10000-burst,2,2000,1583,1788849691971991,1788849692013321,41330
load10000-burst,2,2000,1584,1788849691971991,1788849692013344,41353
load10000-burst,2,2000,1585,1788849691971991,1788849692013367,41376
load10000-burst,2,2000,1586,1788849691971991,1788849692013389,41398
load10000-burst,2,2000,1587,1788849691971991,1788849692013411,41420
load10000-burst,2,2000,1588,1788849691971991,1788849692013434,41443
load10000-burst,2,2000,1589,1788849691971991,1788849692013459,41468
load10000-burst,2,2000,1590,1788849691971991,1788849692013481,41490
load10000-burst,2,2000,1591,1788849691971991,1788849692013503,41512
load10000-burst,2,2000,1592,1788849691971991,1788849692013526,41535
load10000-burst,2,2000,1593,1788849691971991,1788849692013549,41558
load10000-burst,2,2000,1594,1788849691971991,1788849692013570,41579
load10000-burst,2,2000,1595,1788849691971991,1788849692013590,41599
load10000-burst,2,2000,1596,1788849691971991,1788849692013613,41622
load10000-burst,2,2000,1597,1788849691971991,1788849692013637,41646
load10000-burst,2,2000,1598,1788849691971991,1788849692013659,41668
load10000-burst,2,2000,1599,1788849691971991,1788849692013692,41701
load10000-burst,2,2000,1600,1788849691971991,1788849692013735,41744
load10000-burst,2,2000,1601,1788849691971991,1788849692013764,41773
load10000-burst,2,2000,1602,1788849691971991,1788849692013791,41800
load10000-burst,2,2000,1603,1788849691971991,1788849692013813,41822
load10000-burst,2,2000,1604,1788849691971991,1788849692013844,41853
load10000-burst,2,2000,1605,1788849691971991,1788849692013875,41884
load10000-burst,2,2000,1606,1788849691971991,1788849692013899,41908
load10000-burst,2,2000,1607,1788849691971991,1788849692013922,41931
load10000-burst,2,2000,1608,1788849691971991,1788849692013947,41956
load10000-burst,2,2000,1609,1788849691971991,1788849692013970,41979
load10000-burst,2,2000,1610,1788849691971991,1788849692013995,42004
load10000-burst,2,2000,1611,1788849691971991,1788849692014018,42027
load10000-burst,2,2000,1612,1788849691971991,1788849692014041,42050
load10000-burst,2,2000,1613,1788849691971991,1788849692014063,42072
load10000-burst,2,2000,1614,1788849691971991,1788849692014086,42095
load10000-burst,2,2000,1615,1788849691971991,1788849692014108,42117
load10000-burst,2,2000,1616,1788849691971991,1788849692014130,42139
load10000-burst,2,2000,1617,1788849691971991,1788849692014154,42163
load10000-burst,2,2000,1618,1788849691971991,1788849692014177,42186
load10000-burst,2,2000,1619,1788849691971991,1788849692014198,42207
load10000-burst,2,2000,1620,1788849691971991,1788849692014220,42229
load10000-burst,2,2000,1621,1788849691971991,1788849692014241,42250
load10000-burst,2,2000,1622,1788849691971991,1788849692014267,42276
load10000-burst,2,2000,1623,1788849691971991,1788849692014289,42298
load10000-burst,2,2000,1624,1788849691971991,1788849692014311,42320
load10000-burst,2,2000,1625,1788849691971991,1788849692014334,42343
load10000-burst,2,2000,1626,1788849691971991,1788849692014369,42378
load10000-burst,2,2000,1627,1788849691971991,1788849692014438,42447
load10000-burst,2,2000,1628,1788849691971991,1788849692014489,42498
load10000-burst,2,2000,1629,1788849691971991,1788849692014517,42526
load10000-burst,2,2000,1630,1788849691971991,1788849692014553,42562
load10000-burst,2,2000,1631,1788849691971991,1788849692014699,42708
load10000-burst,2,2000,1632,1788849691971991,1788849692014775,42784
load10000-burst,2,2000,1633,1788849691971991,1788849692014823,42832
load10000-burst,2,2000,1634,1788849691971991,1788849692014918,42927
load10000-burst,2,2000,1635,1788849691971991,1788849692014970,42979
load10000-burst,2,2000,1636,1788849691971991,1788849692015009,43018
load10000-burst,2,2000,1637,1788849691971991,1788849692015033,43042
load10000-burst,2,2000,1638,1788849691971991,1788849692015069,43078
load10000-burst,2,2000,1639,1788849691971991,1788849692015117,43126
load10000-burst,2,2000,1640,1788849691971991,1788849692015152,43161
load10000-burst,2,2000,1641,1788849691971991,1788849692015192,43201
load10000-burst,2,2000,1642,1788849691971991,1788849692015219,43228
load10000-burst,2,2000,1643,1788849691971991,1788849692015260,43269
load10000-burst,2,2000,1644,1788849691971991,1788849692015357,43366
load10000-burst,2,2000,1645,1788849691971991,1788849692015409,43418
load10000-burst,2,2000,1646,1788849691971991,1788849692015508,43517
load10000-burst,2,2000,1647,1788849691971991,1788849692015619,43628
load10000-burst,2,2000,1648,1788849691971991,1788849692015711,43720
load10000-burst,2,2000,1649,1788849691971991,1788849692015758,43767
load10000-burst,2,2000,1650,1788849691971991,1788849692015784,43793
load10000-burst,2,2000,1651,1788849691971991,1788849692015810,43819
load10000-burst,2,2000,1652,1788849691971991,1788849692015833,43842
load10000-burst,2,2000,1653,1788849691971991,1788849692015856,43865
load10000-burst,2,2000,1654,1788849691971991,1788849692015879,43888
load10000-burst,2,2000,1655,1788849691971991,1788849692015902,43911
load10000-burst,2,2000,1656,1788849691971991,1788849692015939,43948
load10000-burst,2,2000,1657,1788849691971991,1788849692016006,44015
load10000-burst,2,2000,1658,1788849691971991,1788849692016050,44059
load10000-burst,2,2000,1659,1788849691971991,1788849692016090,44099
load10000-burst,2,2000,1660,1788849691971991,1788849692016145,44154
load10000-burst,2,2000,1661,1788849691971991,1788849692016175,44184
load10000-burst,2,2000,1662,1788849691971991,1788849692016215,44224
load10000-burst,2,2000,1663,1788849691971991,1788849692016241,44250
load10000-burst,2,2000,1664,1788849691971991,1788849692016264,44273
load10000-burst,2,2000,1665,1788849691971991,1788849692016292,44301
load10000-burst,2,2000,1666,1788849691971991,1788849692016315,44324
load10000-burst,2,2000,1667,1788849691971991,1788849692016335,44344
load10000-burst,2,2000,1668,1788849691971991,1788849692016372,44381
load10000-burst,2,2000,1669,1788849691971991,1788849692016459,44468
load10000-burst,2,2000,1670,1788849691971991,1788849692016491,44500
load10000-burst,2,2000,1671,1788849691971991,1788849692016522,44531
load10000-burst,2,2000,1672,1788849691971991,1788849692016552,44561
load10000-burst,2,2000,1673,1788849691971991,1788849692016576,44585
load10000-burst,2,2000,1674,1788849691971991,1788849692016598,44607
load10000-burst,2,2000,1675,1788849691971991,1788849692016621,44630
load10000-burst,2,2000,1676,1788849691971991,1788849692016655,44664
load10000-burst,2,2000,1677,1788849691971991,1788849692016689,44698
load10000-burst,2,2000,1678,1788849691971991,1788849692016724,44733
load10000-burst,2,2000,1679,1788849691971991,1788849692016763,44772
load10000-burst,2,2000,1680,1788849691971991,1788849692016802,44811
load10000-burst,2,2000,1681,1788849691971991,1788849692016829,44838
load10000-burst,2,2000,1682,1788849691971991,1788849692016853,44862
load10000-burst,2,2000,1683,1788849691971991,1788849692016878,44887
load10000-burst,2,2000,1684,1788849691971991,1788849692016908,44917
load10000-burst,2,2000,1685,1788849691971991,1788849692016940,44949
load10000-burst,2,2000,1686,1788849691971991,1788849692016989,44998
load10000-burst,2,2000,1687,1788849691971991,1788849692017032,45041
load10000-burst,2,2000,1688,1788849691971991,1788849692017121,45130
load10000-burst,2,2000,1689,1788849691971991,1788849692017151,45160
load10000-burst,2,2000,1690,1788849691971991,1788849692017174,45183
load10000-burst,2,2000,1691,1788849691971991,1788849692017202,45211
load10000-burst,2,2000,1692,1788849691971991,1788849692017250,45259
load10000-burst,2,2000,1693,1788849691971991,1788849692017289,45298
load10000-burst,2,2000,1694,1788849691971991,1788849692017329,45338
load10000-burst,2,2000,1695,1788849691971991,1788849692017354,45363
load10000-burst,2,2000,1696,1788849691971991,1788849692017407,45416
load10000-burst,2,2000,1697,1788849691971991,1788849692017430,45439
load10000-burst,2,2000,1698,1788849691971991,1788849692017465,45474
load10000-burst,2,2000,1699,1788849691971991,1788849692017484,45493
load10000-burst,2,2000,1700,1788849691971991,1788849692017506,45515
load10000-burst,2,2000,1701,1788849691971991,1788849692017556,45565
load10000-burst,2,2000,1702,1788849691971991,1788849692017607,45616
load10000-burst,2,2000,1703,1788849691971991,1788849692017675,45684
load10000-burst,2,2000,1704,1788849691971991,1788849692017704,45713
load10000-burst,2,2000,1705,1788849691971991,1788849692017728,45737
load10000-burst,2,2000,1706,1788849691971991,1788849692017750,45759
load10000-burst,2,2000,1707,1788849691971991,1788849692017773,45782
load10000-burst,2,2000,1708,1788849691971991,1788849692017805,45814
load10000-burst,2,2000,1709,1788849691971991,1788849692017847,45856
load10000-burst,2,2000,1710,1788849691971991,1788849692017903,45912
load10000-burst,2,2000,1711,1788849691971991,1788849692017934,45943
load10000-burst,2,2000,1712,1788849691971991,1788849692017977,45986
load10000-burst,2,2000,1713,1788849691971991,1788849692018033,46042
load10000-burst,2,2000,1714,1788849691971991,1788849692018069,46078
load10000-burst,2,2000,1715,1788849691971991,1788849692018107,46116
load10000-burst,2,2000,1716,1788849691971991,1788849692018144,46153
load10000-burst,2,2000,1717,1788849691971991,1788849692018176,46185
load10000-burst,2,2000,1718,1788849691971991,1788849692018220,46229
load10000-burst,2,2000,1719,1788849691971991,1788849692018270,46279
load10000-burst,2,2000,1720,1788849691971991,1788849692018316,46325
load10000-burst,2,2000,1721,1788849691971991,1788849692018373,46382
load10000-burst,2,2000,1722,1788849691971991,1788849692018398,46407
load10000-burst,2,2000,1723,1788849691971991,1788849692018421,46430
load10000-burst,2,2000,1724,1788849691971991,1788849692018445,46454
load10000-burst,2,2000,1725,1788849691971991,1788849692018476,46485
load10000-burst,2,2000,1726,1788849691971991,1788849692018503,46512
load10000-burst,2,2000,1727,1788849691971991,1788849692018527,46536
load10000-burst,2,2000,1728,1788849691971991,1788849692018552,46561
load10000-burst,2,2000,1729,1788849691971991,1788849692018570,46579
load10000-burst,2,2000,1730,1788849691971991,1788849692018601,46610
load10000-burst,2,2000,1731,1788849691971991,1788849692018642,46651
load10000-burst,2,2000,1732,1788849691971991,1788849692018667,46676
load10000-burst,2,2000,1733,1788849691971991,1788849692018690,46699
load10000-burst,2,2000,1734,1788849691971991,1788849692018731,46740
load10000-burst,2,2000,1735,1788849691971991,1788849692018782,46791
load10000-burst,2,2000,1736,1788849691971991,1788849692018810,46819
load10000-burst,2,2000,1737,1788849691971991,1788849692018834,46843
load10000-burst,2,2000,1738,1788849691971991,1788849692018899,46908
load10000-burst,2,2000,1739,1788849691971991,1788849692018956,46965
load10000-burst,2,2000,1740,1788849691971991,1788849692019008,47017
load10000-burst,2,2000,1741,1788849691971991,1788849692019058,47067
load10000-burst,2,2000,1742,1788849691971991,1788849692019083,47092
load10000-burst,2,2000,1743,1788849691971991,1788849692019109,47118
load10000-burst,2,2000,1744,1788849691971991,1788849692019134,47143
load10000-burst,2,2000,1745,1788849691971991,1788849692019161,47170
load10000-burst,2,2000,1746,1788849691971991,1788849692019184,47193
load10000-burst,2,2000,1747,1788849691971991,1788849692019208,47217
load10000-burst,2,2000,1748,1788849691971991,1788849692019234,47243
load10000-burst,2,2000,1749,1788849691971991,1788849692019267,47276
load10000-burst,2,2000,1750,1788849691971991,1788849692019291,47300
load10000-burst,2,2000,1751,1788849691971991,1788849692019308,47317
load10000-burst,2,2000,1752,1788849691971991,1788849692019333,47342
load10000-burst,2,2000,1753,1788849691971991,1788849692019374,47383
load10000-burst,2,2000,1754,1788849691971991,1788849692019444,47453
load10000-burst,2,2000,1755,1788849691971991,1788849692019523,47532
load10000-burst,2,2000,1756,1788849691971991,1788849692019578,47587
load10000-burst,2,2000,1757,1788849691971991,1788849692019640,47649
load10000-burst,2,2000,1758,1788849691971991,1788849692019681,47690
load10000-burst,2,2000,1759,1788849691971991,1788849692019708,47717
load10000-burst,2,2000,1760,1788849691971991,1788849692019743,47752
load10000-burst,2,2000,1761,1788849691971991,1788849692019791,47800
load10000-burst,2,2000,1762,1788849691971991,1788849692019818,47827
load10000-burst,2,2000,1763,1788849691971991,1788849692019862,47871
load10000-burst,2,2000,1764,1788849691971991,1788849692019928,47937
load10000-burst,2,2000,1765,1788849691971991,1788849692019977,47986
load10000-burst,2,2000,1766,1788849691971991,1788849692020009,48018
load10000-burst,2,2000,1767,1788849691971991,1788849692020045,48054
load10000-burst,2,2000,1768,1788849691971991,1788849692020098,48107
load10000-burst,2,2000,1769,1788849691971991,1788849692020125,48134
load10000-burst,2,2000,1770,1788849691971991,1788849692020153,48162
load10000-burst,2,2000,1771,1788849691971991,1788849692020188,48197
load10000-burst,2,2000,1772,1788849691971991,1788849692020242,48251
load10000-burst,2,2000,1773,1788849691971991,1788849692020300,48309
load10000-burst,2,2000,1774,1788849691971991,1788849692020331,48340
load10000-burst,2,2000,1775,1788849691971991,1788849692020371,48380
load10000-burst,2,2000,1776,1788849691971991,1788849692020417,48426
load10000-burst,2,2000,1777,1788849691971991,1788849692020444,48453
load10000-burst,2,2000,1778,1788849691971991,1788849692020473,48482
load10000-burst,2,2000,1779,1788849691971991,1788849692020508,48517
load10000-burst,2,2000,1780,1788849691971991,1788849692020563,48572
load10000-burst,2,2000,1781,1788849691971991,1788849692020589,48598
load10000-burst,2,2000,1782,1788849691971991,1788849692020609,48618
load10000-burst,2,2000,1783,1788849691971991,1788849692020637,48646
load10000-burst,2,2000,1784,1788849691971991,1788849692020673,48682
load10000-burst,2,2000,1785,1788849691971991,1788849692020701,48710
load10000-burst,2,2000,1786,1788849691971991,1788849692020728,48737
load10000-burst,2,2000,1787,1788849691971991,1788849692020753,48762
load10000-burst,2,2000,1788,1788849691971991,1788849692020777,48786
load10000-burst,2,2000,1789,1788849691971991,1788849692020801,48810
load10000-burst,2,2000,1790,1788849691971991,1788849692020864,48873
load10000-burst,2,2000,1791,1788849691971991,1788849692020920,48929
load10000-burst,2,2000,1792,1788849691971991,1788849692020961,48970
load10000-burst,2,2000,1793,1788849691971991,1788849692021009,49018
load10000-burst,2,2000,1794,1788849691971991,1788849692021038,49047
load10000-burst,2,2000,1795,1788849691971991,1788849692021079,49088
load10000-burst,2,2000,1796,1788849691971991,1788849692021114,49123
load10000-burst,2,2000,1797,1788849691971991,1788849692021161,49170
load10000-burst,2,2000,1798,1788849691971991,1788849692021186,49195
load10000-burst,2,2000,1799,1788849691971991,1788849692021211,49220
load10000-burst,2,2000,1800,1788849691971991,1788849692021236,49245
load10000-burst,2,2000,1801,1788849691971991,1788849692021264,49273
load10000-burst,2,2000,1802,1788849691971991,1788849692021290,49299
load10000-burst,2,2000,1803,1788849691971991,1788849692021326,49335
load10000-burst,2,2000,1804,1788849691971991,1788849692021353,49362
load10000-burst,2,2000,1805,1788849691971991,1788849692021378,49387
load10000-burst,2,2000,1806,1788849691971991,1788849692021402,49411
load10000-burst,2,2000,1807,1788849691971991,1788849692021428,49437
load10000-burst,2,2000,1808,1788849691971991,1788849692021451,49460
load10000-burst,2,2000,1809,1788849691971991,1788849692021485,49494
load10000-burst,2,2000,1810,1788849691971991,1788849692021546,49555
load10000-burst,2,2000,1811,1788849691971991,1788849692021588,49597
load10000-burst,2,2000,1812,1788849691971991,1788849692021614,49623
load10000-burst,2,2000,1813,1788849691971991,1788849692021638,49647
load10000-burst,2,2000,1814,1788849691971991,1788849692021665,49674
load10000-burst,2,2000,1815,1788849691971991,1788849692021690,49699
load10000-burst,2,2000,1816,1788849691971991,1788849692021712,49721
load10000-burst,2,2000,1817,1788849691971991,1788849692021741,49750
load10000-burst,2,2000,1818,1788849691971991,1788849692021771,49780
load10000-burst,2,2000,1819,1788849691971991,1788849692021797,49806
load10000-burst,2,2000,1820,1788849691971991,1788849692021821,49830
load10000-burst,2,2000,1821,1788849691971991,1788849692021844,49853
load10000-burst,2,2000,1822,1788849691971991,1788849692021878,49887
load10000-burst,2,2000,1823,1788849691971991,1788849692021912,49921
load10000-burst,2,2000,1824,1788849691971991,1788849692021937,49946
load10000-burst,2,2000,1825,1788849691971991,1788849692021962,49971
load10000-burst,2,2000,1826,1788849691971991,1788849692021995,50004
load10000-burst,2,2000,1827,1788849691971991,1788849692022033,50042
load10000-burst,2,2000,1828,1788849691971991,1788849692022087,50096
load10000-burst,2,2000,1829,1788849691971991,1788849692022117,50126
load10000-burst,2,2000,1830,1788849691971991,1788849692022138,50147
load10000-burst,2,2000,1831,1788849691971991,1788849692022160,50169
load10000-burst,2,2000,1832,1788849691971991,1788849692022186,50195
load10000-burst,2,2000,1833,1788849691971991,1788849692022230,50239
load10000-burst,2,2000,1834,1788849691971991,1788849692022278,50287
load10000-burst,2,2000,1835,1788849691971991,1788849692022341,50350
load10000-burst,2,2000,1836,1788849691971991,1788849692022408,50417
load10000-burst,2,2000,1837,1788849691971991,1788849692022457,50466
load10000-burst,2,2000,1838,1788849691971991,1788849692022482,50491
load10000-burst,2,2000,1839,1788849691971991,1788849692022518,50527
load10000-burst,2,2000,1840,1788849691971991,1788849692022571,50580
load10000-burst,2,2000,1841,1788849691971991,1788849692022612,50621
load10000-burst,2,2000,1842,1788849691971991,1788849692022640,50649
load10000-burst,2,2000,1843,1788849691971991,1788849692022674,50683
load10000-burst,2,2000,1844,1788849691971991,1788849692022698,50707
load10000-burst,2,2000,1845,1788849691971991,1788849692022734,50743
load10000-burst,2,2000,1846,1788849691971991,1788849692022767,50776
load10000-burst,2,2000,1847,1788849691971991,1788849692022805,50814
load10000-burst,2,2000,1848,1788849691971991,1788849692022837,50846
load10000-burst,2,2000,1849,1788849691971991,1788849692022865,50874
load10000-burst,2,2000,1850,1788849691971991,1788849692022891,50900
load10000-burst,2,2000,1851,1788849691971991,1788849692022916,50925
load10000-burst,2,2000,1852,1788849691971991,1788849692022940,50949
load10000-burst,2,2000,1853,1788849691971991,1788849692022964,50973
load10000-burst,2,2000,1854,1788849691971991,1788849692022988,50997
load10000-burst,2,2000,1855,1788849691971991,1788849692023012,51021
load10000-burst,2,2000,1856,1788849691971991,1788849692023036,51045
load10000-burst,2,2000,1857,1788849691971991,1788849692023059,51068
load10000-burst,2,2000,1858,1788849691971991,1788849692023082,51091
load10000-burst,2,2000,1859,1788849691971991,1788849692023105,51114
load10000-burst,2,2000,1860,1788849691971991,1788849692023129,51138
load10000-burst,2,2000,1861,1788849691971991,1788849692023152,51161
load10000-burst,2,2000,1862,1788849691971991,1788849692023175,51184
load10000-burst,2,2000,1863,1788849691971991,1788849692023201,51210
load10000-burst,2,2000,1864,1788849691971991,1788849692023224,51233
load10000-burst,2,2000,1865,1788849691971991,1788849692023247,51256
load10000-burst,2,2000,1866,1788849691971991,1788849692023270,51279
load10000-burst,2,2000,1867,1788849691971991,1788849692023292,51301
load10000-burst,2,2000,1868,1788849691971991,1788849692023315,51324
load10000-burst,2,2000,1869,1788849691971991,1788849692023338,51347
load10000-burst,2,2000,1870,1788849691971991,1788849692023363,51372
load10000-burst,2,2000,1871,1788849691971991,1788849692023387,51396
load10000-burst,2,2000,1872,1788849691971991,1788849692023410,51419
load10000-burst,2,2000,1873,1788849691971991,1788849692023434,51443
load10000-burst,2,2000,1874,1788849691971991,1788849692023457,51466
load10000-burst,2,2000,1875,1788849691971991,1788849692023481,51490
load10000-burst,2,2000,1876,1788849691971991,1788849692023504,51513
load10000-burst,2,2000,1877,1788849691971991,1788849692023529,51538
load10000-burst,2,2000,1878,1788849691971991,1788849692023554,51563
load10000-burst,2,2000,1879,1788849691971991,1788849692023579,51588
load10000-burst,2,2000,1880,1788849691971991,1788849692023601,51610
load10000-burst,2,2000,1881,1788849691971991,1788849692023626,51635
load10000-burst,2,2000,1882,1788849691971991,1788849692023670,51679
load10000-burst,2,2000,1883,1788849691971991,1788849692023745,51754
load10000-burst,2,2000,1884,1788849691971991,1788849692023819,51828
load10000-burst,2,2000,1885,1788849691971991,1788849692023854,51863
load10000-burst,2,2000,1886,1788849691971991,1788849692023881,51890
load10000-burst,2,2000,1887,1788849691971991,1788849692023914,51923
load10000-burst,2,2000,1888,1788849691971991,1788849692023958,51967
load10000-burst,2,2000,1889,1788849691971991,1788849692023991,52000
load10000-burst,2,2000,1890,1788849691971991,1788849692024025,52034
load10000-burst,2,2000,1891,1788849691971991,1788849692024077,52086
load10000-burst,2,2000,1892,1788849691971991,1788849692024104,52113
load10000-burst,2,2000,1893,1788849691971991,1788849692024142,52151
load10000-burst,2,2000,1894,1788849691971991,1788849692024196,52205
load10000-burst,2,2000,1895,1788849691971991,1788849692024246,52255
load10000-burst,2,2000,1896,1788849691971991,1788849692024297,52306
load10000-burst,2,2000,1897,1788849691971991,1788849692024342,52351
load10000-burst,2,2000,1898,1788849691971991,1788849692024373,52382
load10000-burst,2,2000,1899,1788849691971991,1788849692024408,52417
load10000-burst,2,2000,1900,1788849691971991,1788849692024463,52472
load10000-burst,2,2000,1901,1788849691971991,1788849692024553,52562
load10000-burst,2,2000,1902,1788849691971991,1788849692024635,52644
load10000-burst,2,2000,1903,1788849691971991,1788849692024681,52690
load10000-burst,2,2000,1904,1788849691971991,1788849692024722,52731
load10000-burst,2,2000,1905,1788849691971991,1788849692024786,52795
load10000-burst,2,2000,1906,1788849691971991,1788849692024815,52824
load10000-burst,2,2000,1907,1788849691971991,1788849692024846,52855
load10000-burst,2,2000,1908,1788849691971991,1788849692024894,52903
load10000-burst,2,2000,1909,1788849691971991,1788849692024921,52930
load10000-burst,2,2000,1910,1788849691971991,1788849692024959,52968
load10000-burst,2,2000,1911,1788849691971991,1788849692024997,53006
load10000-burst,2,2000,1912,1788849691971991,1788849692025035,53044
load10000-burst,2,2000,1913,1788849691971991,1788849692025072,53081
load10000-burst,2,2000,1914,1788849691971991,1788849692025095,53104
load10000-burst,2,2000,1915,1788849691971991,1788849692025137,53146
load10000-burst,2,2000,1916,1788849691971991,1788849692025168,53177
load10000-burst,2,2000,1917,1788849691971991,1788849692025199,53208
load10000-burst,2,2000,1918,1788849691971991,1788849692025224,53233
load10000-burst,2,2000,1919,1788849691971991,1788849692025245,53254
load10000-burst,2,2000,1920,1788849691971991,1788849692025267,53276
load10000-burst,2,2000,1921,1788849691971991,1788849692025289,53298
load10000-burst,2,2000,1922,1788849691971991,1788849692025326,53335
load10000-burst,2,2000,1923,1788849691971991,1788849692025387,53396
load10000-burst,2,2000,1924,1788849691971991,1788849692025424,53433
load10000-burst,2,2000,1925,1788849691971991,1788849692025458,53467
load10000-burst,2,2000,1926,1788849691971991,1788849692025483,53492
load10000-burst,2,2000,1927,1788849691971991,1788849692025509,53518
load10000-burst,2,2000,1928,1788849691971991,1788849692025536,53545
load10000-burst,2,2000,1929,1788849691971991,1788849692025561,53570
load10000-burst,2,2000,1930,1788849691971991,1788849692025589,53598
load10000-burst,2,2000,1931,1788849691971991,1788849692025613,53622
load10000-burst,2,2000,1932,1788849691971991,1788849692025635,53644
load10000-burst,2,2000,1933,1788849691971991,1788849692025676,53685
load10000-burst,2,2000,1934,1788849691971991,1788849692025720,53729
load10000-burst,2,2000,1935,1788849691971991,1788849692025748,53757
load10000-burst,2,2000,1936,1788849691971991,1788849692025772,53781
load10000-burst,2,2000,1937,1788849691971991,1788849692025813,53822
load10000-burst,2,2000,1938,1788849691971991,1788849692025862,53871
load10000-burst,2,2000,1939,1788849691971991,1788849692025899,53908
load10000-burst,2,2000,1940,1788849691971991,1788849692025930,53939
load10000-burst,2,2000,1941,1788849691971991,1788849692025953,53962
load10000-burst,2,2000,1942,1788849691971991,1788849692025975,53984
load10000-burst,2,2000,1943,1788849691971991,1788849692025998,54007
load10000-burst,2,2000,1944,1788849691971991,1788849692026029,54038
load10000-burst,2,2000,1945,1788849691971991,1788849692026060,54069
load10000-burst,2,2000,1946,1788849691971991,1788849692026092,54101
load10000-burst,2,2000,1947,1788849691971991,1788849692026116,54125
load10000-burst,2,2000,1948,1788849691971991,1788849692026144,54153
load10000-burst,2,2000,1949,1788849691971991,1788849692026175,54184
load10000-burst,2,2000,1950,1788849691971991,1788849692026200,54209
load10000-burst,2,2000,1951,1788849691971991,1788849692026223,54232
load10000-burst,2,2000,1952,1788849691971991,1788849692026245,54254
load10000-burst,2,2000,1953,1788849691971991,1788849692026267,54276
load10000-burst,2,2000,1954,1788849691971991,1788849692026289,54298
load10000-burst,2,2000,1955,1788849691971991,1788849692026311,54320
load10000-burst,2,2000,1956,1788849691971991,1788849692026333,54342
load10000-burst,2,2000,1957,1788849691971991,1788849692026365,54374
load10000-burst,2,2000,1958,1788849691971991,1788849692026389,54398
load10000-burst,2,2000,1959,1788849691971991,1788849692026422,54431
load10000-burst,2,2000,1960,1788849691971991,1788849692026454,54463
load10000-burst,2,2000,1961,1788849691971991,1788849692026481,54490
load10000-burst,2,2000,1962,1788849691971991,1788849692026505,54514
load10000-burst,2,2000,1963,1788849691971991,1788849692026528,54537
load10000-burst,2,2000,1964,1788849691971991,1788849692026552,54561
load10000-burst,2,2000,1965,1788849691971991,1788849692026577,54586
load10000-burst,2,2000,1966,1788849691971991,1788849692026600,54609
load10000-burst,2,2000,1967,1788849691971991,1788849692026623,54632
load10000-burst,2,2000,1968,1788849691971991,1788849692026646,54655
load10000-burst,2,2000,1969,1788849691971991,1788849692026670,54679
load10000-burst,2,2000,1970,1788849691971991,1788849692026699,54708
load10000-burst,2,2000,1971,1788849691971991,1788849692026724,54733
load10000-burst,2,2000,1972,1788849691971991,1788849692026747,54756
load10000-burst,2,2000,1973,1788849691971991,1788849692026772,54781
load10000-burst,2,2000,1974,1788849691971991,1788849692026851,54860
load10000-burst,2,2000,1975,1788849691971991,1788849692026888,54897
load10000-burst,2,2000,1976,1788849691971991,1788849692026913,54922
load10000-burst,2,2000,1977,1788849691971991,1788849692026938,54947
load10000-burst,2,2000,1978,1788849691971991,1788849692026960,54969
load10000-burst,2,2000,1979,1788849691971991,1788849692026984,54993
load10000-burst,2,2000,1980,1788849691971991,1788849692027009,55018
load10000-burst,2,2000,1981,1788849691971991,1788849692027034,55043
load10000-burst,2,2000,1982,1788849691971991,1788849692027065,55074
load10000-burst,2,2000,1983,1788849691971991,1788849692027091,55100
load10000-burst,2,2000,1984,1788849691971991,1788849692027113,55122
load10000-burst,2,2000,1985,1788849691971991,1788849692027136,55145
load10000-burst,2,2000,1986,1788849691971991,1788849692027171,55180
load10000-burst,2,2000,1987,1788849691971991,1788849692027194,55203
load10000-burst,2,2000,1988,1788849691971991,1788849692027215,55224
load10000-burst,2,2000,1989,1788849691971991,1788849692027237,55246
load10000-burst,2,2000,1990,1788849691971991,1788849692027259,55268
load10000-burst,2,2000,1991,1788849691971991,1788849692027311,55320
load10000-burst,2,2000,1992,1788849691971991,1788849692027350,55359
load10000-burst,2,2000,1993,1788849691971991,1788849692027377,55386
load10000-burst,2,2000,1994,1788849691971991,1788849692027400,55409
load10000-burst,2,2000,1995,1788849691971991,1788849692027423,55432
load10000-burst,2,2000,1996,1788849691971991,1788849692027440,55449
load10000-burst,2,2000,1997,1788849691971991,1788849692027469,55478
load10000-burst,2,2000,1998,1788849691971991,1788849692027499,55508
load10000-burst,2,2000,1999,1788849691971991,1788849692027524,55533
load10000-burst,2,2000,2000,1788849691971991,1788849692027547,55556
load10000-burst,2,2000,2001,1788849691971991,1788849692027575,55584
load10000-burst,2,2000,2002,1788849691971991,1788849692027612,55621
load10000-burst,2,2000,2003,1788849691971991,1788849692027662,55671
load10000-burst,2,2000,2004,1788849691971991,1788849692027695,55704
load10000-burst,2,2000,2005,1788849691971991,1788849692027731,55740
load10000-burst,2,2000,2006,1788849691971991,1788849692027793,55802
load10000-burst,2,2000,2007,1788849691971991,1788849692027839,55848
load10000-burst,2,2000,2008,1788849691971991,1788849692027865,55874
load10000-burst,2,2000,2009,1788849691971991,1788849692027917,55926
load10000-burst,2,2000,2010,1788849691971991,1788849692027959,55968
load10000-burst,2,2000,2011,1788849691971991,1788849692027985,55994
load10000-burst,2,2000,2012,1788849691971991,1788849692028011,56020
load10000-burst,2,2000,2013,1788849691971991,1788849692028033,56042
load10000-burst,2,2000,2014,1788849691971991,1788849692028058,56067
load10000-burst,2,2000,2015,1788849691971991,1788849692028081,56090
load10000-burst,2,2000,2016,1788849691971991,1788849692028104,56113
load10000-burst,2,2000,2017,1788849691971991,1788849692028126,56135
load10000-burst,2,2000,2018,1788849691971991,1788849692028147,56156
load10000-burst,2,2000,2019,1788849691971991,1788849692028168,56177
load10000-burst,2,2000,2020,1788849691971991,1788849692028195,56204
load10000-burst,2,2000,2021,1788849691971991,1788849692028239,56248
load10000-burst,2,2000,2022,1788849691971991,1788849692028301,56310
load10000-burst,2,2000,2023,1788849691971991,1788849692028340,56349
load10000-burst,2,2000,2024,1788849691971991,1788849692028386,56395
load10000-burst,2,2000,2025,1788849691971991,1788849692028418,56427
load10000-burst,2,2000,2026,1788849691971991,1788849692028478,56487
load10000-burst,2,2000,2027,1788849691971991,1788849692028509,56518
load10000-burst,2,2000,2028,1788849691971991,1788849692028544,56553
load10000-burst,2,2000,2029,1788849691971991,1788849692028589,56598
load10000-burst,2,2000,2030,1788849691971991,1788849692028613,56622
load10000-burst,2,2000,2031,1788849691971991,1788849692028649,56658
load10000-burst,2,2000,2032,1788849691971991,1788849692028685,56694
load10000-burst,2,2000,2033,1788849691971991,1788849692028712,56721
load10000-burst,2,2000,2034,1788849691971991,1788849692028737,56746
load10000-burst,2,2000,2035,1788849691971991,1788849692028762,56771
load10000-burst,2,2000,2036,1788849691971991,1788849692028785,56794
load10000-burst,2,2000,2037,1788849691971991,1788849692028824,56833
load10000-burst,2,2000,2038,1788849691971991,1788849692028861,56870
load10000-burst,2,2000,2039,1788849691971991,1788849692028887,56896
load10000-burst,2,2000,2040,1788849691971991,1788849692028918,56927
load10000-burst,2,2000,2041,1788849691971991,1788849692028944,56953
load10000-burst,2,2000,2042,1788849691971991,1788849692028968,56977
load10000-burst,2,2000,2043,1788849691971991,1788849692029015,57024
load10000-burst,2,2000,2044,1788849691971991,1788849692029053,57062
load10000-burst,2,2000,2045,1788849691971991,1788849692029122,57131
load10000-burst,2,2000,2046,1788849691971991,1788849692029172,57181
load10000-burst,2,2000,2047,1788849691971991,1788849692029207,57216
load10000-burst,2,2000,2048,1788849691971991,1788849692029233,57242
load10000-burst,2,2000,2049,1788849691971991,1788849692029255,57264
load10000-burst,2,2000,2050,1788849691971991,1788849692029291,57300
load10000-burst,2,2000,2051,1788849691971991,1788849692029341,57350
load10000-burst,2,2000,2052,1788849691971991,1788849692029380,57389
load10000-burst,2,2000,2053,1788849691971991,1788849692029417,57426
load10000-burst,2,2000,2054,1788849691971991,1788849692029451,57460
load10000-burst,2,2000,2055,1788849691971991,1788849692029498,57507
load10000-burst,2,2000,2056,1788849691971991,1788849692029537,57546
load10000-burst,2,2000,2057,1788849691971991,1788849692029567,57576
load10000-burst,2,2000,2058,1788849691971991,1788849692029591,57600
load10000-burst,2,2000,2059,1788849691971991,1788849692029614,57623
load10000-burst,2,2000,2060,1788849691971991,1788849692029652,57661
load10000-burst,2,2000,2061,1788849691971991,1788849692029730,57739
load10000-burst,2,2000,2062,1788849691971991,1788849692029777,57786
load10000-burst,2,2000,2063,1788849691971991,1788849692029816,57825
load10000-burst,2,2000,2064,1788849691971991,1788849692029865,57874
load10000-burst,2,2000,2065,1788849691971991,1788849692029940,57949
load10000-burst,2,2000,2066,1788849691971991,1788849692029995,58004
load10000-burst,2,2000,2067,1788849691971991,1788849692030034,58043
load10000-burst,2,2000,2068,1788849691971991,1788849692030107,58116
load10000-burst,2,2000,2069,1788849691971991,1788849692030139,58148
load10000-burst,2,2000,2070,1788849691971991,1788849692030172,58181
load10000-burst,2,2000,2071,1788849691971991,1788849692030217,58226
load10000-burst,2,2000,2072,1788849691971991,1788849692030247,58256
load10000-burst,2,2000,2073,1788849691971991,1788849692030275,58284
load10000-burst,2,2000,2074,1788849691971991,1788849692030306,58315
load10000-burst,2,2000,2075,1788849691971991,1788849692030342,58351
load10000-burst,2,2000,2076,1788849691971991,1788849692030402,58411
load10000-burst,2,2000,2077,1788849691971991,1788849692030455,58464
load10000-burst,2,2000,2078,1788849691971991,1788849692030526,58535
load10000-burst,2,2000,2079,1788849691971991,1788849692030619,58628
load10000-burst,2,2000,2080,1788849691971991,1788849692030663,58672
load10000-burst,2,2000,2081,1788849691971991,1788849692030693,58702
load10000-burst,2,2000,2082,1788849691971991,1788849692030719,58728
load10000-burst,2,2000,2083,1788849691971991,1788849692030769,58778
load10000-burst,2,2000,2084,1788849691971991,1788849692030857,58866
load10000-burst,2,2000,2085,1788849691971991,1788849692030924,58933
load10000-burst,2,2000,2086,1788849691971991,1788849692030965,58974
load10000-burst,2,2000,2087,1788849691971991,1788849692031007,59016
load10000-burst,2,2000,2088,1788849691971991,1788849692031077,59086
load10000-burst,2,2000,2089,1788849691971991,1788849692031126,59135
load10000-burst,2,2000,2090,1788849691971991,1788849692031169,59178
load10000-burst,2,2000,2091,1788849691971991,1788849692031239,59248
load10000-burst,2,2000,2092,1788849691971991,1788849692031333,59342
load10000-burst,2,2000,2093,1788849691971991,1788849692031407,59416
load10000-burst,2,2000,2094,1788849691971991,1788849692031465,59474
load10000-burst,2,2000,2095,1788849691971991,1788849692031515,59524
load10000-burst,2,2000,2096,1788849691971991,1788849692031572,59581
load10000-burst,2,2000,2097,1788849691971991,1788849692031656,59665
load10000-burst,2,2000,2098,1788849691971991,1788849692031745,59754
load10000-burst,2,2000,2099,1788849691971991,1788849692031794,59803
load10000-burst,2,2000,2100,1788849691971991,1788849692031831,59840
load10000-burst,2,2000,2101,1788849691971991,1788849692031860,59869
load10000-burst,2,2000,2102,1788849691971991,1788849692031884,59893
load10000-burst,2,2000,2103,1788849691971991,1788849692031912,59921
load10000-burst,2,2000,2104,1788849691971991,1788849692031943,59952
load10000-burst,2,2000,2105,1788849691971991,1788849692031970,59979
load10000-burst,2,2000,2106,1788849691971991,1788849692031993,60002
load10000-burst,2,2000,2107,1788849691971991,1788849692032016,60025
load10000-burst,2,2000,2108,1788849691971991,1788849692032049,60058
load10000-burst,2,2000,2109,1788849691971991,1788849692032107,60116
load10000-burst,2,2000,2110,1788849691971991,1788849692032163,60172
load10000-burst,2,2000,2111,1788849691971991,1788849692032244,60253
load10000-burst,2,2000,2112,1788849691971991,1788849692032311,60320
load10000-burst,2,2000,2113,1788849691971991,1788849692032392,60401
load10000-burst,2,2000,2114,1788849691971991,1788849692032445,60454
load10000-burst,2,2000,2115,1788849691971991,1788849692032471,60480
load10000-burst,2,2000,2116,1788849691971991,1788849692032498,60507
load10000-burst,2,2000,2117,1788849691971991,1788849692032524,60533
load10000-burst,2,2000,2118,1788849691971991,1788849692032569,60578
load10000-burst,2,2000,2119,1788849691971991,1788849692032624,60633
load10000-burst,2,2000,2120,1788849691971991,1788849692032654,60663
load10000-burst,2,2000,2121,1788849691971991,1788849692032700,60709
load10000-burst,2,2000,2122,1788849691971991,1788849692032768,60777
load10000-burst,2,2000,2123,1788849691971991,1788849692032809,60818
load10000-burst,2,2000,2124,1788849691971991,1788849692032837,60846
load10000-burst,2,2000,2125,1788849691971991,1788849692032860,60869
load10000-burst,2,2000,2126,1788849691971991,1788849692032882,60891
load10000-burst,2,2000,2127,1788849691971991,1788849692032905,60914
load10000-burst,2,2000,2128,1788849691971991,1788849692032948,60957
load10000-burst,2,2000,2129,1788849691971991,1788849692033031,61040
load10000-burst,2,2000,2130,1788849691971991,1788849692033106,61115
load10000-burst,2,2000,2131,1788849691971991,1788849692033165,61174
load10000-burst,2,2000,2132,1788849691971991,1788849692033225,61234
load10000-burst,2,2000,2133,1788849691971991,1788849692033269,61278
load10000-burst,2,2000,2134,1788849691971991,1788849692033304,61313
load10000-burst,2,2000,2135,1788849691971991,1788849692033335,61344
load10000-burst,2,2000,2136,1788849691971991,1788849692033362,61371
load10000-burst,2,2000,2137,1788849691971991,1788849692033390,61399
load10000-burst,2,2000,2138,1788849691971991,1788849692033413,61422
load10000-burst,2,2000,2139,1788849691971991,1788849692033443,61452
load10000-burst,2,2000,2140,1788849691971991,1788849692033468,61477
load10000-burst,2,2000,2141,1788849691971991,1788849692033491,61500
load10000-burst,2,2000,2142,1788849691971991,1788849692033513,61522
load10000-burst,2,2000,2143,1788849691971991,1788849692033536,61545
load10000-burst,2,2000,2144,1788849691971991,1788849692033559,61568
load10000-burst,2,2000,2145,1788849691971991,1788849692033582,61591
load10000-burst,2,2000,2146,1788849691971991,1788849692033604,61613
load10000-burst,2,2000,2147,1788849691971991,1788849692033626,61635
load10000-burst,2,2000,2148,1788849691971991,1788849692033650,61659
load10000-burst,2,2000,2149,1788849691971991,1788849692033687,61696
load10000-burst,2,2000,2150,1788849691971991,1788849692033714,61723
load10000-burst,2,2000,2151,1788849691971991,1788849692033737,61746
load10000-burst,2,2000,2152,1788849691971991,1788849692033760,61769
load10000-burst,2,2000,2153,1788849691971991,1788849692033790,61799
load10000-burst,2,2000,2154,1788849691971991,1788849692033828,61837
load10000-burst,2,2000,2155,1788849691971991,1788849692033877,61886
load10000-burst,2,2000,2156,1788849691971991,1788849692033904,61913
load10000-burst,2,2000,2157,1788849691971991,1788849692033928,61937
load10000-burst,2,2000,2158,1788849691971991,1788849692033952,61961
load10000-burst,2,2000,2159,1788849691971991,1788849692033986,61995
load10000-burst,2,2000,2160,1788849691971991,1788849692034007,62016
load10000-burst,2,2000,2161,1788849691971991,1788849692034031,62040
load10000-burst,2,2000,2162,1788849691971991,1788849692034076,62085
load10000-burst,2,2000,2163,1788849691971991,1788849692034118,62127
load10000-burst,2,2000,2164,1788849691971991,1788849692034156,62165
load10000-burst,2,2000,2165,1788849691971991,1788849692034200,62209
load10000-burst,2,2000,2166,1788849691971991,1788849692034226,62235
load10000-burst,2,2000,2167,1788849691971991,1788849692034249,62258
load10000-burst,2,2000,2168,1788849691971991,1788849692034273,62282
load10000-burst,2,2000,2169,1788849691971991,1788849692034296,62305
load10000-burst,2,2000,2170,1788849691971991,1788849692034318,62327
load10000-burst,2,2000,2171,1788849691971991,1788849692034341,62350
load10000-burst,2,2000,2172,1788849691971991,1788849692034365,62374
load10000-burst,2,2000,2173,1788849691971991,1788849692034387,62396
load10000-burst,2,2000,2174,1788849691971991,1788849692034413,62422
load10000-burst,2,2000,2175,1788849691971991,1788849692034442,62451
load10000-burst,2,2000,2176,1788849691971991,1788849692034475,62484
load10000-burst,2,2000,2177,1788849691971991,1788849692034508,62517
load10000-burst,2,2000,2178,1788849691971991,1788849692034554,62563
load10000-burst,2,2000,2179,1788849691971991,1788849692034584,62593
load10000-burst,2,2000,2180,1788849691971991,1788849692034607,62616
load10000-burst,2,2000,2181,1788849691971991,1788849692034630,62639
load10000-burst,2,2000,2182,1788849691971991,1788849692034653,62662
load10000-burst,2,2000,2183,1788849691971991,1788849692034676,62685
load10000-burst,2,2000,2184,1788849691971991,1788849692034700,62709
load10000-burst,2,2000,2185,1788849691971991,1788849692034722,62731
load10000-burst,2,2000,2186,1788849691971991,1788849692034744,62753
load10000-burst,2,2000,2187,1788849691971991,1788849692034769,62778
load10000-burst,2,2000,2188,1788849691971991,1788849692034787,62796
load10000-burst,2,2000,2189,1788849691971991,1788849692034808,62817
load10000-burst,2,2000,2190,1788849691971991,1788849692034841,62850
load10000-burst,2,2000,2191,1788849691971991,1788849692034874,62883
load10000-burst,2,2000,2192,1788849691971991,1788849692034906,62915
load10000-burst,2,2000,2193,1788849691971991,1788849692034951,62960
load10000-burst,2,2000,2194,1788849691971991,1788849692034977,62986
load10000-burst,2,2000,2195,1788849691971991,1788849692035004,63013
load10000-burst,2,2000,2196,1788849691971991,1788849692035029,63038
load10000-burst,2,2000,2197,1788849691971991,1788849692035053,63062
load10000-burst,2,2000,2198,1788849691971991,1788849692035075,63084
load10000-burst,2,2000,2199,1788849691971991,1788849692035114,63123
load10000-burst,2,2000,2200,1788849691971991,1788849692035178,63187
load10000-burst,2,2000,2201,1788849691971991,1788849692035234,63243
load10000-burst,2,2000,2202,1788849691971991,1788849692035278,63287
load10000-burst,2,2000,2203,1788849691971991,1788849692035304,63313
load10000-burst,2,2000,2204,1788849691971991,1788849692035342,63351
load10000-burst,2,2000,2205,1788849691971991,1788849692035379,63388
load10000-burst,2,2000,2206,1788849691971991,1788849692035415,63424
load10000-burst,2,2000,2207,1788849691971991,1788849692035455,63464
load10000-burst,2,2000,2208,1788849691971991,1788849692035479,63488
load10000-burst,2,2000,2209,1788849691971991,1788849692035497,63506
load10000-burst,2,2000,2210,1788849691971991,1788849692035521,63530
load10000-burst,2,2000,2211,1788849691971991,1788849692035548,63557
load10000-burst,2,2000,2212,1788849691971991,1788849692035581,63590
load10000-burst,2,2000,2213,1788849691971991,1788849692035614,63623
load10000-burst,2,2000,2214,1788849691971991,1788849692035645,63654
load10000-burst,2,2000,2215,1788849691971991,1788849692035678,63687
load10000-burst,2,2000,2216,1788849691971991,1788849692035702,63711
load10000-burst,2,2000,2217,1788849691971991,1788849692035727,63736
load10000-burst,2,2000,2218,1788849691971991,1788849692035751,63760
load10000-burst,2,2000,2219,1788849691971991,1788849692035774,63783
load10000-burst,2,2000,2220,1788849691971991,1788849692035806,63815
load10000-burst,2,2000,2221,1788849691971991,1788849692035872,63881
load10000-burst,2,2000,2222,1788849691971991,1788849692035900,63909
load10000-burst,2,2000,2223,1788849691971991,1788849692035924,63933
load10000-burst,2,2000,2224,1788849691971991,1788849692036009,64018
load10000-burst,2,2000,2225,1788849691971991,1788849692036034,64043
load10000-burst,2,2000,2226,1788849691971991,1788849692036057,64066
load10000-burst,2,2000,2227,1788849691971991,1788849692036080,64089
load10000-burst,2,2000,2228,1788849691971991,1788849692036102,64111
load10000-burst,2,2000,2229,1788849691971991,1788849692036124,64133
load10000-burst,2,2000,2230,1788849691971991,1788849692036146,64155
load10000-burst,2,2000,2231,1788849691971991,1788849692036168,64177
load10000-burst,2,2000,2232,1788849691971991,1788849692036190,64199
load10000-burst,2,2000,2233,1788849691971991,1788849692036213,64222
load10000-burst,2,2000,2234,1788849691971991,1788849692036237,64246
load10000-burst,2,2000,2235,1788849691971991,1788849692036261,64270
load10000-burst,2,2000,2236,1788849691971991,1788849692036283,64292
load10000-burst,2,2000,2237,1788849691971991,1788849692036309,64318
load10000-burst,2,2000,2238,1788849691971991,1788849692036332,64341
load10000-burst,2,2000,2239,1788849691971991,1788849692036355,64364
load10000-burst,2,2000,2240,1788849691971991,1788849692036375,64384
load10000-burst,2,2000,2241,1788849691971991,1788849692036435,64444
load10000-burst,2,2000,2242,1788849691971991,1788849692036485,64494
load10000-burst,2,2000,2243,1788849691971991,1788849692036524,64533
load10000-burst,2,2000,2244,1788849691971991,1788849692036551,64560
load10000-burst,2,2000,2245,1788849691971991,1788849692036577,64586
load10000-burst,2,2000,2246,1788849691971991,1788849692036601,64610
load10000-burst,2,2000,2247,1788849691971991,1788849692036624,64633
load10000-burst,2,2000,2248,1788849691971991,1788849692036647,64656
load10000-burst,2,2000,2249,1788849691971991,1788849692036670,64679
load10000-burst,2,2000,2250,1788849691971991,1788849692036707,64716
load10000-burst,2,2000,2251,1788849691971991,1788849692036742,64751
load10000-burst,2,2000,2252,1788849691971991,1788849692036809,64818
load10000-burst,2,2000,2253,1788849691971991,1788849692036846,64855
load10000-burst,2,2000,2254,1788849691971991,1788849692036876,64885
load10000-burst,2,2000,2255,1788849691971991,1788849692036900,64909
load10000-burst,2,2000,2256,1788849691971991,1788849692036922,64931
load10000-burst,2,2000,2257,1788849691971991,1788849692036946,64955
load10000-burst,2,2000,2258,1788849691971991,1788849692036969,64978
load10000-burst,2,2000,2259,1788849691971991,1788849692037017,65026
load10000-burst,2,2000,2260,1788849691971991,1788849692037049,65058
load10000-burst,2,2000,2261,1788849691971991,1788849692037075,65084
load10000-burst,2,2000,2262,1788849691971991,1788849692037099,65108
load10000-burst,2,2000,2263,1788849691971991,1788849692037122,65131
load10000-burst,2,2000,2264,1788849691971991,1788849692037145,65154
load10000-burst,2,2000,2265,1788849691971991,1788849692037169,65178
load10000-burst,2,2000,2266,1788849691971991,1788849692037192,65201
load10000-burst,2,2000,2267,1788849691971991,1788849692037214,65223
load10000-burst,2,2000,2268,1788849691971991,1788849692037237,65246
load10000-burst,2,2000,2269,1788849691971991,1788849692037262,65271
load10000-burst,2,2000,2270,1788849691971991,1788849692037285,65294
load10000-burst,2,2000,2271,1788849691971991,1788849692037308,65317
load10000-burst,2,2000,2272,1788849691971991,1788849692037340,65349
load10000-burst,2,2000,2273,1788849691971991,1788849692037389,65398
load10000-burst,2,2000,2274,1788849691971991,1788849692037428,65437
load10000-burst,2,2000,2275,1788849691971991,1788849692037470,65479
load10000-burst,2,2000,2276,1788849691971991,1788849692037527,65536
load10000-burst,2,2000,2277,1788849691971991,1788849692037564,65573
load10000-burst,2,2000,2278,1788849691971991,1788849692037605,65614
load10000-burst,2,2000,2279,1788849691971991,1788849692037630,65639
load10000-burst,2,2000,2280,1788849691971991,1788849692037659,65668
load10000-burst,2,2000,2281,1788849691971991,1788849692037685,65694
load10000-burst,2,2000,2282,1788849691971991,1788849692037715,65724
load10000-burst,2,2000,2283,1788849691971991,1788849692037759,65768
load10000-burst,2,2000,2284,1788849691971991,1788849692037795,65804
load10000-burst,2,2000,2285,1788849691971991,1788849692037823,65832
load10000-burst,2,2000,2286,1788849691971991,1788849692037847,65856
load10000-burst,2,2000,2287,1788849691971991,1788849692037869,65878
load10000-burst,2,2000,2288,1788849691971991,1788849692037893,65902
load10000-burst,2,2000,2289,1788849691971991,1788849692037917,65926
load10000-burst,2,2000,2290,1788849691971991,1788849692037939,65948
load10000-burst,2,2000,2291,1788849691971991,1788849692037962,65971
load10000-burst,2,2000,2292,1788849691971991,1788849692037984,65993
load10000-burst,2,2000,2293,1788849691971991,1788849692038031,66040
load10000-burst,2,2000,2294,1788849691971991,1788849692038064,66073
load10000-burst,2,2000,2295,1788849691971991,1788849692038096,66105
load10000-burst,2,2000,2296,1788849691971991,1788849692038163,66172
load10000-burst,2,2000,2297,1788849691971991,1788849692038208,66217
load10000-burst,2,2000,2298,1788849691971991,1788849692038259,66268
load10000-burst,2,2000,2299,1788849691971991,1788849692038293,66302
load10000-burst,2,2000,2300,1788849691971991,1788849692038321,66330
load10000-burst,2,2000,2301,1788849691971991,1788849692038343,66352
load10000-burst,2,2000,2302,1788849691971991,1788849692038365,66374
load10000-burst,2,2000,2303,1788849691971991,1788849692038387,66396
load10000-burst,2,2000,2304,1788849691971991,1788849692038422,66431
load10000-burst,2,2000,2305,1788849691971991,1788849692038460,66469
load10000-burst,2,2000,2306,1788849691971991,1788849692038513,66522
load10000-burst,2,2000,2307,1788849691971991,1788849692038545,66554
load10000-burst,2,2000,2308,1788849691971991,1788849692038577,66586
load10000-burst,2,2000,2309,1788849691971991,1788849692038621,66630
load10000-burst,2,2000,2310,1788849691971991,1788849692038650,66659
load10000-burst,2,2000,2311,1788849691971991,1788849692038682,66691
load10000-burst,2,2000,2312,1788849691971991,1788849692038707,66716
load10000-burst,2,2000,2313,1788849691971991,1788849692038736,66745
load10000-burst,2,2000,2314,1788849691971991,1788849692038761,66770
load10000-burst,2,2000,2315,1788849691971991,1788849692038787,66796
load10000-burst,2,2000,2316,1788849691971991,1788849692038810,66819
load10000-burst,2,2000,2317,1788849691971991,1788849692038833,66842
load10000-burst,2,2000,2318,1788849691971991,1788849692038866,66875
load10000-burst,2,2000,2319,1788849691971991,1788849692038895,66904
load10000-burst,2,2000,2320,1788849691971991,1788849692038917,66926
load10000-burst,2,2000,2321,1788849691971991,1788849692038941,66950
load10000-burst,2,2000,2322,1788849691971991,1788849692038964,66973
load10000-burst,2,2000,2323,1788849691971991,1788849692038988,66997
load10000-burst,2,2000,2324,1788849691971991,1788849692039012,67021
load10000-burst,2,2000,2325,1788849691971991,1788849692039034,67043
load10000-burst,2,2000,2326,1788849691971991,1788849692039056,67065
load10000-burst,2,2000,2327,1788849691971991,1788849692039078,67087
load10000-burst,2,2000,2328,1788849691971991,1788849692039102,67111
load10000-burst,2,2000,2329,1788849691971991,1788849692039124,67133
load10000-burst,2,2000,2330,1788849691971991,1788849692039149,67158
load10000-burst,2,2000,2331,1788849691971991,1788849692039167,67176
load10000-burst,2,2000,2332,1788849691971991,1788849692039184,67193
load10000-burst,2,2000,2333,1788849691971991,1788849692039213,67222
load10000-burst,2,2000,2334,1788849691971991,1788849692039250,67259
load10000-burst,2,2000,2335,1788849691971991,1788849692039281,67290
load10000-burst,2,2000,2336,1788849691971991,1788849692039306,67315
load10000-burst,2,2000,2337,1788849691971991,1788849692039329,67338
load10000-burst,2,2000,2338,1788849691971991,1788849692039352,67361
load10000-burst,2,2000,2339,1788849691971991,1788849692039374,67383
load10000-burst,2,2000,2340,1788849691971991,1788849692039397,67406
load10000-burst,2,2000,2341,1788849691971991,1788849692039419,67428
load10000-burst,2,2000,2342,1788849691971991,1788849692039449,67458
load10000-burst,2,2000,2343,1788849691971991,1788849692039490,67499
load10000-burst,2,2000,2344,1788849691971991,1788849692039541,67550
load10000-burst,2,2000,2345,1788849691971991,1788849692039569,67578
load10000-burst,2,2000,2346,1788849691971991,1788849692039598,67607
load10000-burst,2,2000,2347,1788849691971991,1788849692039623,67632
load10000-burst,2,2000,2348,1788849691971991,1788849692039659,67668
load10000-burst,2,2000,2349,1788849691971991,1788849692039690,67699
load10000-burst,2,2000,2350,1788849691971991,1788849692039711,67720
load10000-burst,2,2000,2351,1788849691971991,1788849692039739,67748
load10000-burst,2,2000,2352,1788849691971991,1788849692039764,67773
load10000-burst,2,2000,2353,1788849691971991,1788849692039787,67796
load10000-burst,2,2000,2354,1788849691971991,1788849692039809,67818
load10000-burst,2,2000,2355,1788849691971991,1788849692039832,67841
load10000-burst,2,2000,2356,1788849691971991,1788849692039854,67863
load10000-burst,2,2000,2357,1788849691971991,1788849692039877,67886
load10000-burst,2,2000,2358,1788849691971991,1788849692039902,67911
load10000-burst,2,2000,2359,1788849691971991,1788849692039931,67940
load10000-burst,2,2000,2360,1788849691971991,1788849692039962,67971
load10000-burst,2,2000,2361,1788849691971991,1788849692039982,67991
load10000-burst,2,2000,2362,1788849691971991,1788849692040014,68023
load10000-burst,2,2000,2363,1788849691971991,1788849692040050,68059
load10000-burst,2,2000,2364,1788849691971991,1788849692040084,68093
load10000-burst,2,2000,2365,1788849691971991,1788849692040109,68118
load10000-burst,2,2000,2366,1788849691971991,1788849692040142,68151
load10000-burst,2,2000,2367,1788849691971991,1788849692040180,68189
load10000-burst,2,2000,2368,1788849691971991,1788849692040204,68213
load10000-burst,2,2000,2369,1788849691971991,1788849692040236,68245
load10000-burst,2,2000,2370,1788849691971991,1788849692040271,68280
load10000-burst,2,2000,2371,1788849691971991,1788849692040300,68309
load10000-burst,2,2000,2372,1788849691971991,1788849692040324,68333
load10000-burst,2,2000,2373,1788849691971991,1788849692040355,68364
load10000-burst,2,2000,2374,1788849691971991,1788849692040391,68400
load10000-burst,2,2000,2375,1788849691971991,1788849692040419,68428
load10000-burst,2,2000,2376,1788849691971991,1788849692040442,68451
load10000-burst,2,2000,2377,1788849691971991,1788849692040473,68482
load10000-burst,2,2000,2378,1788849691971991,1788849692040498,68507
load10000-burst,2,2000,2379,1788849691971991,1788849692040521,68530
load10000-burst,2,2000,2380,1788849691971991,1788849692040545,68554
load10000-burst,2,2000,2381,1788849691971991,1788849692040566,68575
load10000-burst,2,2000,2382,1788849691971991,1788849692040589,68598
load10000-burst,2,2000,2383,1788849691971991,1788849692040612,68621
load10000-burst,2,2000,2384,1788849691971991,1788849692040648,68657
load10000-burst,2,2000,2385,1788849691971991,1788849692040677,68686
load10000-burst,2,2000,2386,1788849691971991,1788849692040698,68707
load10000-burst,2,2000,2387,1788849691971991,1788849692040722,68731
load10000-burst,2,2000,2388,1788849691971991,1788849692040744,68753
load10000-burst,2,2000,2389,1788849691971991,1788849692040767,68776
load10000-burst,2,2000,2390,1788849691971991,1788849692040789,68798
load10000-burst,2,2000,2391,1788849691971991,1788849692040812,68821
load10000-burst,2,2000,2392,1788849691971991,1788849692040834,68843
load10000-burst,2,2000,2393,1788849691971991,1788849692040856,68865
load10000-burst,2,2000,2394,1788849691971991,1788849692040877,68886
load10000-burst,2,2000,2395,1788849691971991,1788849692040898,68907
load10000-burst,2,2000,2396,1788849691971991,1788849692040919,68928
load10000-burst,2,2000,2397,1788849691971991,1788849692040940,68949
load10000-burst,2,2000,2398,1788849691971991,1788849692040962,68971
load10000-burst,2,2000,2399,1788849691971991,1788849692040983,68992
load10000-burst,2,2000,2400,1788849691971991,1788849692041005,69014
load10000-burst,2,2000,2401,1788849691971991,1788849692041027,69036
load10000-burst,2,2000,2402,1788849691971991,1788849692041050,69059
load10000-burst,2,2000,2403,1788849691971991,1788849692041079,69088
load10000-burst,2,2000,2404,1788849691971991,1788849692041114,69123
load10000-burst,2,2000,2405,1788849691971991,1788849692041137,69146
load10000-burst,2,2000,2406,1788849691971991,1788849692041162,69171
load10000-burst,2,2000,2407,1788849691971991,1788849692041187,69196
load10000-burst,2,2000,2408,1788849691971991,1788849692041209,69218
load10000-burst,2,2000,2409,1788849691971991,1788849692041231,69240
load10000-burst,2,2000,2410,1788849691971991,1788849692041252,69261
load10000-burst,2,2000,2411,1788849691971991,1788849692041273,69282
load10000-burst,2,2000,2412,1788849691971991,1788849692041294,69303
load10000-burst,2,2000,2413,1788849691971991,1788849692041315,69324
load10000-burst,2,2000,2414,1788849691971991,1788849692041337,69346
load10000-burst,2,2000,2415,1788849691971991,1788849692041371,69380
load10000-burst,2,2000,2416,1788849691971991,1788849692041429,69438
load10000-burst,2,2000,2417,1788849691971991,1788849692041460,69469
load10000-burst,2,2000,2418,1788849691971991,1788849692041490,69499
load10000-burst,2,2000,2419,1788849691971991,1788849692041522,69531
load10000-burst,2,2000,2420,1788849691971991,1788849692041548,69557
load10000-burst,2,2000,2421,1788849691971991,1788849692041577,69586
load10000-burst,2,2000,2422,1788849691971991,1788849692041602,69611
load10000-burst,2,2000,2423,1788849691971991,1788849692041625,69634
load10000-burst,2,2000,2424,1788849691971991,1788849692041653,69662
load10000-burst,2,2000,2425,1788849691971991,1788849692041691,69700
load10000-burst,2,2000,2426,1788849691971991,1788849692041717,69726
load10000-burst,2,2000,2427,1788849691971991,1788849692041740,69749
load10000-burst,2,2000,2428,1788849691971991,1788849692041764,69773
load10000-burst,2,2000,2429,1788849691971991,1788849692041787,69796
load10000-burst,2,2000,2430,1788849691971991,1788849692041809,69818
load10000-burst,2,2000,2431,1788849691971991,1788849692041838,69847
load10000-burst,2,2000,2432,1788849691971991,1788849692041864,69873
load10000-burst,2,2000,2433,1788849691971991,1788849692041890,69899
load10000-burst,2,2000,2434,1788849691971991,1788849692041918,69927
load10000-burst,2,2000,2435,1788849691971991,1788849692041943,69952
load10000-burst,2,2000,2436,1788849691971991,1788849692041965,69974
load10000-burst,2,2000,2437,1788849691971991,1788849692041989,69998
load10000-burst,2,2000,2438,1788849691971991,1788849692042012,70021
load10000-burst,2,2000,2439,1788849691971991,1788849692042036,70045
load10000-burst,2,2000,2440,1788849691971991,1788849692042065,70074
load10000-burst,2,2000,2441,1788849691971991,1788849692042090,70099
load10000-burst,2,2000,2442,1788849691971991,1788849692042112,70121
load10000-burst,2,2000,2443,1788849691971991,1788849692042136,70145
load10000-burst,2,2000,2444,1788849691971991,1788849692042158,70167
load10000-burst,2,2000,2445,1788849691971991,1788849692042186,70195
load10000-burst,2,2000,2446,1788849691971991,1788849692042208,70217
load10000-burst,2,2000,2447,1788849691971991,1788849692042230,70239
load10000-burst,2,2000,2448,1788849691971991,1788849692042252,70261
load10000-burst,2,2000,2449,1788849691971991,1788849692042274,70283
load10000-burst,2,2000,2450,1788849691971991,1788849692042297,70306
load10000-burst,2,2000,2451,1788849691971991,1788849692042319,70328
load10000-burst,2,2000,2452,1788849691971991,1788849692042342,70351
load10000-burst,2,2000,2453,1788849691971991,1788849692042368,70377
load10000-burst,2,2000,2454,1788849691971991,1788849692042391,70400
load10000-burst,2,2000,2455,1788849691971991,1788849692042413,70422
load10000-burst,2,2000,2456,1788849691971991,1788849692042436,70445
load10000-burst,2,2000,2457,1788849691971991,1788849692042458,70467
load10000-burst,2,2000,2458,1788849691971991,1788849692042480,70489
load10000-burst,2,2000,2459,1788849691971991,1788849692042502,70511
load10000-burst,2,2000,2460,1788849691971991,1788849692042525,70534
load10000-burst,2,2000,2461,1788849691971991,1788849692042549,70558
load10000-burst,2,2000,2462,1788849691971991,1788849692042571,70580
load10000-burst,2,2000,2463,1788849691971991,1788849692042593,70602
load10000-burst,2,2000,2464,1788849691971991,1788849692042614,70623
load10000-burst,2,2000,2465,1788849691971991,1788849692042635,70644
load10000-burst,2,2000,2466,1788849691971991,1788849692042661,70670
load10000-burst,2,2000,2467,1788849691971991,1788849692042687,70696
load10000-burst,2,2000,2468,1788849691971991,1788849692042710,70719
load10000-burst,2,2000,2469,1788849691971991,1788849692042732,70741
load10000-burst,2,2000,2470,1788849691971991,1788849692042760,70769
load10000-burst,2,2000,2471,1788849691971991,1788849692042790,70799
load10000-burst,2,2000,2472,1788849691971991,1788849692042814,70823
load10000-burst,2,2000,2473,1788849691971991,1788849692042836,70845
load10000-burst,2,2000,2474,1788849691971991,1788849692042858,70867
load10000-burst,2,2000,2475,1788849691971991,1788849692042880,70889
load10000-burst,2,2000,2476,1788849691971991,1788849692042901,70910
load10000-burst,2,2000,2477,1788849691971991,1788849692042923,70932
load10000-burst,2,2000,2478,1788849691971991,1788849692042945,70954
load10000-burst,2,2000,2479,1788849691971991,1788849692042967,70976
load10000-burst,2,2000,2480,1788849691971991,1788849692042989,70998
load10000-burst,2,2000,2481,1788849691971991,1788849692043017,71026
load10000-burst,2,2000,2482,1788849691971991,1788849692043037,71046
load10000-burst,2,2000,2483,1788849691971991,1788849692043061,71070
load10000-burst,2,2000,2484,1788849691971991,1788849692043089,71098
load10000-burst,2,2000,2485,1788849691971991,1788849692043113,71122
load10000-burst,2,2000,2486,1788849691971991,1788849692043140,71149
load10000-burst,2,2000,2487,1788849691971991,1788849692043164,71173
load10000-burst,2,2000,2488,1788849691971991,1788849692043189,71198
load10000-burst,2,2000,2489,1788849691971991,1788849692043216,71225
load10000-burst,2,2000,2490,1788849691971991,1788849692043241,71250
load10000-burst,2,2000,2491,1788849691971991,1788849692043263,71272
load10000-burst,2,2000,2492,1788849691971991,1788849692043285,71294
load10000-burst,2,2000,2493,1788849691971991,1788849692043315,71324
load10000-burst,2,2000,2494,1788849691971991,1788849692043343,71352
load10000-burst,2,2000,2495,1788849691971991,1788849692043364,71373
load10000-burst,2,2000,2496,1788849691971991,1788849692043393,71402
load10000-burst,2,2000,2497,1788849691971991,1788849692043418,71427
load10000-burst,2,2000,2498,1788849691971991,1788849692043442,71451
load10000-burst,2,2000,2499,1788849691971991,1788849692043470,71479
load10000-burst,2,2000,2500,1788849691971991,1788849692043495,71504
load10000-burst,2,2000,2501,1788849691971991,1788849692043534,71543
load10000-burst,2,2000,2502,1788849691971991,1788849692043581,71590
load10000-burst,2,2000,2503,1788849691971991,1788849692043618,71627
load10000-burst,2,2000,2504,1788849691971991,1788849692043642,71651
load10000-burst,2,2000,2505,1788849691971991,1788849692043666,71675
load10000-burst,2,2000,2506,1788849691971991,1788849692043689,71698
load10000-burst,2,2000,2507,1788849691971991,1788849692043712,71721
load10000-burst,2,2000,2508,1788849691971991,1788849692043734,71743
load10000-burst,2,2000,2509,1788849691971991,1788849692043765,71774
load10000-burst,2,2000,2510,1788849691971991,1788849692043803,71812
load10000-burst,2,2000,2511,1788849691971991,1788849692043826,71835
load10000-burst,2,2000,2512,1788849691971991,1788849692043851,71860
load10000-burst,2,2000,2513,1788849691971991,1788849692043872,71881
load10000-burst,2,2000,2514,1788849691971991,1788849692043893,71902
load10000-burst,2,2000,2515,1788849691971991,1788849692043915,71924
load10000-burst,2,2000,2516,1788849691971991,1788849692043936,71945
load10000-burst,2,2000,2517,1788849691971991,1788849692043958,71967
load10000-burst,2,2000,2518,1788849691971991,1788849692043984,71993
load10000-burst,2,2000,2519,1788849691971991,1788849692044007,72016
load10000-burst,2,2000,2520,1788849691971991,1788849692044031,72040
load10000-burst,2,2000,2521,1788849691971991,1788849692044062,72071
load10000-burst,2,2000,2522,1788849691971991,1788849692044093,72102
load10000-burst,2,2000,2523,1788849691971991,1788849692044117,72126
load10000-burst,2,2000,2524,1788849691971991,1788849692044139,72148
load10000-burst,2,2000,2525,1788849691971991,1788849692044160,72169
load10000-burst,2,2000,2526,1788849691971991,1788849692044180,72189
load10000-burst,2,2000,2527,1788849691971991,1788849692044201,72210
load10000-burst,2,2000,2528,1788849691971991,1788849692044230,72239
load10000-burst,2,2000,2529,1788849691971991,1788849692044275,72284
load10000-burst,2,2000,2530,1788849691971991,1788849692044298,72307
load10000-burst,2,2000,2531,1788849691971991,1788849692044321,72330
load10000-burst,2,2000,2532,1788849691971991,1788849692044340,72349
load10000-burst,2,2000,2533,1788849691971991,1788849692044358,72367
load10000-burst,2,2000,2534,1788849691971991,1788849692044382,72391
load10000-burst,2,2000,2535,1788849691971991,1788849692044405,72414
load10000-burst,2,2000,2536,1788849691971991,1788849692044441,72450
load10000-burst,2,2000,2537,1788849691971991,1788849692044493,72502
load10000-burst,2,2000,2538,1788849691971991,1788849692044519,72528
load10000-burst,2,2000,2539,1788849691971991,1788849692044541,72550
load10000-burst,2,2000,2540,1788849691971991,1788849692044563,72572
load10000-burst,2,2000,2541,1788849691971991,1788849692044585,72594
load10000-burst,2,2000,2542,1788849691971991,1788849692044606,72615
load10000-burst,2,2000,2543,1788849691971991,1788849692044627,72636
load10000-burst,2,2000,2544,1788849691971991,1788849692044655,72664
load10000-burst,2,2000,2545,1788849691971991,1788849692044687,72696
load10000-burst,2,2000,2546,1788849691971991,1788849692044718,72727
load10000-burst,2,2000,2547,1788849691971991,1788849692044778,72787
load10000-burst,2,2000,2548,1788849691971991,1788849692044802,72811
load10000-burst,2,2000,2549,1788849691971991,1788849692044823,72832
load10000-burst,2,2000,2550,1788849691971991,1788849692044845,72854
load10000-burst,2,2000,2551,1788849691971991,1788849692044867,72876
load10000-burst,2,2000,2552,1788849691971991,1788849692044888,72897
load10000-burst,2,2000,2553,1788849691971991,1788849692044913,72922
load10000-burst,2,2000,2554,1788849691971991,1788849692044936,72945
load10000-burst,2,2000,2555,1788849691971991,1788849692044957,72966
load10000-burst,2,2000,2556,1788849691971991,1788849692044981,72990
load10000-burst,2,2000,2557,1788849691971991,1788849692045003,73012
load10000-burst,2,2000,2558,1788849691971991,1788849692045024,73033
load10000-burst,2,2000,2559,1788849691971991,1788849692045058,73067
load10000-burst,2,2000,2560,1788849691971991,1788849692045106,73115
load10000-burst,2,2000,2561,1788849691971991,1788849692045150,73159
load10000-burst,2,2000,2562,1788849691971991,1788849692045278,73287
load10000-burst,2,2000,2563,1788849691971991,1788849692045311,73320
load10000-burst,2,2000,2564,1788849691971991,1788849692045364,73373
load10000-burst,2,2000,2565,1788849691971991,1788849692045460,73469
load10000-burst,2,2000,2566,1788849691971991,1788849692045511,73520
load10000-burst,2,2000,2567,1788849691971991,1788849692045562,73571
load10000-burst,2,2000,2568,1788849691971991,1788849692045606,73615
load10000-burst,2,2000,2569,1788849691971991,1788849692045642,73651
load10000-burst,2,2000,2570,1788849691971991,1788849692045678,73687
load10000-burst,2,2000,2571,1788849691971991,1788849692045703,73712
load10000-burst,2,2000,2572,1788849691971991,1788849692045730,73739
load10000-burst,2,2000,2573,1788849691971991,1788849692045753,73762
load10000-burst,2,2000,2574,1788849691971991,1788849692045777,73786
load10000-burst,2,2000,2575,1788849691971991,1788849692045798,73807
load10000-burst,2,2000,2576,1788849691971991,1788849692045820,73829
load10000-burst,2,2000,2577,1788849691971991,1788849692045842,73851
load10000-burst,2,2000,2578,1788849691971991,1788849692045864,73873
load10000-burst,2,2000,2579,1788849691971991,1788849692045886,73895
load10000-burst,2,2000,2580,1788849691971991,1788849692045927,73936
load10000-burst,2,2000,2581,1788849691971991,1788849692045981,73990
load10000-burst,2,2000,2582,1788849691971991,1788849692046043,74052
load10000-burst,2,2000,2583,1788849691971991,1788849692046073,74082
load10000-burst,2,2000,2584,1788849691971991,1788849692046098,74107
load10000-burst,2,2000,2585,1788849691971991,1788849692046122,74131
load10000-burst,2,2000,2586,1788849691971991,1788849692046144,74153
load10000-burst,2,2000,2587,1788849691971991,1788849692046167,74176
load10000-burst,2,2000,2588,1788849691971991,1788849692046192,74201
load10000-burst,2,2000,2589,1788849691971991,1788849692046222,74231
load10000-burst,2,2000,2590,1788849691971991,1788849692046261,74270
load10000-burst,2,2000,2591,1788849691971991,1788849692046287,74296
load10000-burst,2,2000,2592,1788849691971991,1788849692046311,74320
load10000-burst,2,2000,2593,1788849691971991,1788849692046335,74344
load10000-burst,2,2000,2594,1788849691971991,1788849692046360,74369
load10000-burst,2,2000,2595,1788849691971991,1788849692046384,74393
load10000-burst,2,2000,2596,1788849691971991,1788849692046408,74417
load10000-burst,2,2000,2597,1788849691971991,1788849692046432,74441
load10000-burst,2,2000,2598,1788849691971991,1788849692046455,74464
load10000-burst,2,2000,2599,1788849691971991,1788849692046497,74506
load10000-burst,2,2000,2600,1788849691971991,1788849692046557,74566
load10000-burst,2,2000,2601,1788849691971991,1788849692046595,74604
load10000-burst,2,2000,2602,1788849691971991,1788849692046634,74643
load10000-burst,2,2000,2603,1788849691971991,1788849692046669,74678
load10000-burst,2,2000,2604,1788849691971991,1788849692046718,74727
load10000-burst,2,2000,2605,1788849691971991,1788849692046744,74753
load10000-burst,2,2000,2606,1788849691971991,1788849692046770,74779
load10000-burst,2,2000,2607,1788849691971991,1788849692046794,74803
load10000-burst,2,2000,2608,1788849691971991,1788849692046818,74827
load10000-burst,2,2000,2609,1788849691971991,1788849692046853,74862
load10000-burst,2,2000,2610,1788849691971991,1788849692046896,74905
load10000-burst,2,2000,2611,1788849691971991,1788849692046917,74926
load10000-burst,2,2000,2612,1788849691971991,1788849692046959,74968
load10000-burst,2,2000,2613,1788849691971991,1788849692047021,75030
load10000-burst,2,2000,2614,1788849691971991,1788849692047072,75081
load10000-burst,2,2000,2615,1788849691971991,1788849692047108,75117
load10000-burst,2,2000,2616,1788849691971991,1788849692047166,75175
load10000-burst,2,2000,2617,1788849691971991,1788849692047205,75214
load10000-burst,2,2000,2618,1788849691971991,1788849692047230,75239
load10000-burst,2,2000,2619,1788849691971991,1788849692047252,75261
load10000-burst,2,2000,2620,1788849691971991,1788849692047281,75290
load10000-burst,2,2000,2621,1788849691971991,1788849692047311,75320
load10000-burst,2,2000,2622,1788849691971991,1788849692047335,75344
load10000-burst,2,2000,2623,1788849691971991,1788849692047359,75368
load10000-burst,2,2000,2624,1788849691971991,1788849692047379,75388
load10000-burst,2,2000,2625,1788849691971991,1788849692047400,75409
load10000-burst,2,2000,2626,1788849691971991,1788849692047422,75431
load10000-burst,2,2000,2627,1788849691971991,1788849692047445,75454
load10000-burst,2,2000,2628,1788849691971991,1788849692047468,75477
load10000-burst,2,2000,2629,1788849691971991,1788849692047490,75499
load10000-burst,2,2000,2630,1788849691971991,1788849692047513,75522
load10000-burst,2,2000,2631,1788849691971991,1788849692047535,75544
load10000-burst,2,2000,2632,1788849691971991,1788849692047557,75566
load10000-burst,2,2000,2633,1788849691971991,1788849692047580,75589
load10000-burst,2,2000,2634,1788849691971991,1788849692047604,75613
load10000-burst,2,2000,2635,1788849691971991,1788849692047634,75643
load10000-burst,2,2000,2636,1788849691971991,1788849692047660,75669
load10000-burst,2,2000,2637,1788849691971991,1788849692047699,75708
load10000-burst,2,2000,2638,1788849691971991,1788849692047759,75768
load10000-burst,2,2000,2639,1788849691971991,1788849692047803,75812
load10000-burst,2,2000,2640,1788849691971991,1788849692047828,75837
load10000-burst,2,2000,2641,1788849691971991,1788849692047853,75862
load10000-burst,2,2000,2642,1788849691971991,1788849692047877,75886
load10000-burst,2,2000,2643,1788849691971991,1788849692047900,75909
load10000-burst,2,2000,2644,1788849691971991,1788849692047921,75930
load10000-burst,2,2000,2645,1788849691971991,1788849692047945,75954
load10000-burst,2,2000,2646,1788849691971991,1788849692047967,75976
load10000-burst,2,2000,2647,1788849691971991,1788849692047991,76000
load10000-burst,2,2000,2648,1788849691971991,1788849692048022,76031
load10000-burst,2,2000,2649,1788849691971991,1788849692048045,76054
load10000-burst,2,2000,2650,1788849691971991,1788849692048085,76094
load10000-burst,2,2000,2651,1788849691971991,1788849692048133,76142
load10000-burst,2,2000,2652,1788849691971991,1788849692048162,76171
load10000-burst,2,2000,2653,1788849691971991,1788849692048193,76202
load10000-burst,2,2000,2654,1788849691971991,1788849692048230,76239
load10000-burst,2,2000,2655,1788849691971991,1788849692048270,76279
load10000-burst,2,2000,2656,1788849691971991,1788849692048299,76308
load10000-burst,2,2000,2657,1788849691971991,1788849692048326,76335
load10000-burst,2,2000,2658,1788849691971991,1788849692048361,76370
load10000-burst,2,2000,2659,1788849691971991,1788849692048394,76403
load10000-burst,2,2000,2660,1788849691971991,1788849692048424,76433
load10000-burst,2,2000,2661,1788849691971991,1788849692048455,76464
load10000-burst,2,2000,2662,1788849691971991,1788849692048487,76496
load10000-burst,2,2000,2663,1788849691971991,1788849692048519,76528
load10000-burst,2,2000,2664,1788849691971991,1788849692048555,76564
load10000-burst,2,2000,2665,1788849691971991,1788849692048580,76589
load10000-burst,2,2000,2666,1788849691971991,1788849692048604,76613
load10000-burst,2,2000,2667,1788849691971991,1788849692048626,76635
load10000-burst,2,2000,2668,1788849691971991,1788849692048651,76660
load10000-burst,2,2000,2669,1788849691971991,1788849692048675,76684
load10000-burst,2,2000,2670,1788849691971991,1788849692048707,76716
load10000-burst,2,2000,2671,1788849691971991,1788849692048735,76744
load10000-burst,2,2000,2672,1788849691971991,1788849692048765,76774
load10000-burst,2,2000,2673,1788849691971991,1788849692048795,76804
load10000-burst,2,2000,2674,1788849691971991,1788849692048825,76834
load10000-burst,2,2000,2675,1788849691971991,1788849692048854,76863
load10000-burst,2,2000,2676,1788849691971991,1788849692048881,76890
load10000-burst,2,2000,2677,1788849691971991,1788849692048906,76915
load10000-burst,2,2000,2678,1788849691971991,1788849692048928,76937
load10000-burst,2,2000,2679,1788849691971991,1788849692048952,76961
load10000-burst,2,2000,2680,1788849691971991,1788849692048975,76984
load10000-burst,2,2000,2681,1788849691971991,1788849692048998,77007
load10000-burst,2,2000,2682,1788849691971991,1788849692049021,77030
load10000-burst,2,2000,2683,1788849691971991,1788849692049052,77061
load10000-burst,2,2000,2684,1788849691971991,1788849692049077,77086
load10000-burst,2,2000,2685,1788849691971991,1788849692049105,77114
load10000-burst,2,2000,2686,1788849691971991,1788849692049132,77141
load10000-burst,2,2000,2687,1788849691971991,1788849692049163,77172
load10000-burst,2,2000,2688,1788849691971991,1788849692049191,77200
load10000-burst,2,2000,2689,1788849691971991,1788849692049214,77223
load10000-burst,2,2000,2690,1788849691971991,1788849692049236,77245
load10000-burst,2,2000,2691,1788849691971991,1788849692049259,77268
load10000-burst,2,2000,2692,1788849691971991,1788849692049282,77291
load10000-burst,2,2000,2693,1788849691971991,1788849692049306,77315
load10000-burst,2,2000,2694,1788849691971991,1788849692049329,77338
load10000-burst,2,2000,2695,1788849691971991,1788849692049364,77373
load10000-burst,2,2000,2696,1788849691971991,1788849692049408,77417
load10000-burst,2,2000,2697,1788849691971991,1788849692049437,77446
load10000-burst,2,2000,2698,1788849691971991,1788849692049461,77470
load10000-burst,2,2000,2699,1788849691971991,1788849692049485,77494
load10000-burst,2,2000,2700,1788849691971991,1788849692049517,77526
load10000-burst,2,2000,2701,1788849691971991,1788849692049563,77572
load10000-burst,2,2000,2702,1788849691971991,1788849692049590,77599
load10000-burst,2,2000,2703,1788849691971991,1788849692049621,77630
load10000-burst,2,2000,2704,1788849691971991,1788849692049650,77659
load10000-burst,2,2000,2705,1788849691971991,1788849692049675,77684
load10000-burst,2,2000,2706,1788849691971991,1788849692049697,77706
load10000-burst,2,2000,2707,1788849691971991,1788849692049727,77736
load10000-burst,2,2000,2708,1788849691971991,1788849692049758,77767
load10000-burst,2,2000,2709,1788849691971991,1788849692049779,77788
load10000-burst,2,2000,2710,1788849691971991,1788849692049804,77813
load10000-burst,2,2000,2711,1788849691971991,1788849692049829,77838
load10000-burst,2,2000,2712,1788849691971991,1788849692049851,77860
load10000-burst,2,2000,2713,1788849691971991,1788849692049876,77885
load10000-burst,2,2000,2714,1788849691971991,1788849692049899,77908
load10000-burst,2,2000,2715,1788849691971991,1788849692049921,77930
load10000-burst,2,2000,2716,1788849691971991,1788849692049944,77953
load10000-burst,2,2000,2717,1788849691971991,1788849692049967,77976
load10000-burst,2,2000,2718,1788849691971991,1788849692049990,77999
load10000-burst,2,2000,2719,1788849691971991,1788849692050012,78021
load10000-burst,2,2000,2720,1788849691971991,1788849692050035,78044
load10000-burst,2,2000,2721,1788849691971991,1788849692050058,78067
load10000-burst,2,2000,2722,1788849691971991,1788849692050075,78084
load10000-burst,2,2000,2723,1788849691971991,1788849692050096,78105
load10000-burst,2,2000,2724,1788849691971991,1788849692050134,78143
load10000-burst,2,2000,2725,1788849691971991,1788849692050183,78192
load10000-burst,2,2000,2726,1788849691971991,1788849692050219,78228
load10000-burst,2,2000,2727,1788849691971991,1788849692050254,78263
load10000-burst,2,2000,2728,1788849691971991,1788849692050298,78307
load10000-burst,2,2000,2729,1788849691971991,1788849692050325,78334
load10000-burst,2,2000,2730,1788849691971991,1788849692050349,78358
load10000-burst,2,2000,2731,1788849691971991,1788849692050372,78381
load10000-burst,2,2000,2732,1788849691971991,1788849692050409,78418
load10000-burst,2,2000,2733,1788849691971991,1788849692050434,78443
load10000-burst,2,2000,2734,1788849691971991,1788849692050459,78468
load10000-burst,2,2000,2735,1788849691971991,1788849692050482,78491
load10000-burst,2,2000,2736,1788849691971991,1788849692050520,78529
load10000-burst,2,2000,2737,1788849691971991,1788849692050571,78580
load10000-burst,2,2000,2738,1788849691971991,1788849692050603,78612
load10000-burst,2,2000,2739,1788849691971991,1788849692050640,78649
load10000-burst,2,2000,2740,1788849691971991,1788849692050666,78675
load10000-burst,2,2000,2741,1788849691971991,1788849692050697,78706
load10000-burst,2,2000,2742,1788849691971991,1788849692050736,78745
load10000-burst,2,2000,2743,1788849691971991,1788849692050771,78780
load10000-burst,2,2000,2744,1788849691971991,1788849692050791,78800
load10000-burst,2,2000,2745,1788849691971991,1788849692050819,78828
load10000-burst,2,2000,2746,1788849691971991,1788849692050851,78860
load10000-burst,2,2000,2747,1788849691971991,1788849692050881,78890
load10000-burst,2,2000,2748,1788849691971991,1788849692050904,78913
load10000-burst,2,2000,2749,1788849691971991,1788849692050927,78936
load10000-burst,2,2000,2750,1788849691971991,1788849692050950,78959
load10000-burst,2,2000,2751,1788849691971991,1788849692050972,78981
load10000-burst,2,2000,2752,1788849691971991,1788849692050995,79004
load10000-burst,2,2000,2753,1788849691971991,1788849692051017,79026
load10000-burst,2,2000,2754,1788849691971991,1788849692051038,79047
load10000-burst,2,2000,2755,1788849691971991,1788849692051064,79073
load10000-burst,2,2000,2756,1788849691971991,1788849692051095,79104
load10000-burst,2,2000,2757,1788849691971991,1788849692051129,79138
load10000-burst,2,2000,2758,1788849691971991,1788849692051163,79172
load10000-burst,2,2000,2759,1788849691971991,1788849692051197,79206
load10000-burst,2,2000,2760,1788849691971991,1788849692051224,79233
load10000-burst,2,2000,2761,1788849691971991,1788849692051247,79256
load10000-burst,2,2000,2762,1788849691971991,1788849692051277,79286
load10000-burst,2,2000,2763,1788849691971991,1788849692051310,79319
load10000-burst,2,2000,2764,1788849691971991,1788849692051335,79344
load10000-burst,2,2000,2765,1788849691971991,1788849692051365,79374
load10000-burst,2,2000,2766,1788849691971991,1788849692051399,79408
load10000-burst,2,2000,2767,1788849691971991,1788849692051443,79452
load10000-burst,2,2000,2768,1788849691971991,1788849692051481,79490
load10000-burst,2,2000,2769,1788849691971991,1788849692051517,79526
load10000-burst,2,2000,2770,1788849691971991,1788849692051555,79564
load10000-burst,2,2000,2771,1788849691971991,1788849692051581,79590
load10000-burst,2,2000,2772,1788849691971991,1788849692051607,79616
load10000-burst,2,2000,2773,1788849691971991,1788849692051637,79646
load10000-burst,2,2000,2774,1788849691971991,1788849692051662,79671
load10000-burst,2,2000,2775,1788849691971991,1788849692051684,79693
load10000-burst,2,2000,2776,1788849691971991,1788849692051708,79717
load10000-burst,2,2000,2777,1788849691971991,1788849692051731,79740
load10000-burst,2,2000,2778,1788849691971991,1788849692051761,79770
load10000-burst,2,2000,2779,1788849691971991,1788849692051849,79858
load10000-burst,2,2000,2780,1788849691971991,1788849692051883,79892
load10000-burst,2,2000,2781,1788849691971991,1788849692051908,79917
load10000-burst,2,2000,2782,1788849691971991,1788849692051931,79940
load10000-burst,2,2000,2783,1788849691971991,1788849692051952,79961
load10000-burst,2,2000,2784,1788849691971991,1788849692051974,79983
load10000-burst,2,2000,2785,1788849691971991,1788849692051996,80005
load10000-burst,2,2000,2786,1788849691971991,1788849692052018,80027
load10000-burst,2,2000,2787,1788849691971991,1788849692052040,80049
load10000-burst,2,2000,2788,1788849691971991,1788849692052061,80070
load10000-burst,2,2000,2789,1788849691971991,1788849692052099,80108
load10000-burst,2,2000,2790,1788849691971991,1788849692052151,80160
load10000-burst,2,2000,2791,1788849691971991,1788849692052175,80184
load10000-burst,2,2000,2792,1788849691971991,1788849692052206,80215
load10000-burst,2,2000,2793,1788849691971991,1788849692052240,80249
load10000-burst,2,2000,2794,1788849691971991,1788849692052265,80274
load10000-burst,2,2000,2795,1788849691971991,1788849692052288,80297
load10000-burst,2,2000,2796,1788849691971991,1788849692052321,80330
load10000-burst,2,2000,2797,1788849691971991,1788849692052398,80407
load10000-burst,2,2000,2798,1788849691971991,1788849692052426,80435
load10000-burst,2,2000,2799,1788849691971991,1788849692052451,80460
load10000-burst,2,2000,2800,1788849691971991,1788849692052473,80482
load10000-burst,2,2000,2801,1788849691971991,1788849692052512,80521
load10000-burst,2,2000,2802,1788849691971991,1788849692052561,80570
load10000-burst,2,2000,2803,1788849691971991,1788849692052587,80596
load10000-burst,2,2000,2804,1788849691971991,1788849692052617,80626
load10000-burst,2,2000,2805,1788849691971991,1788849692052645,80654
load10000-burst,2,2000,2806,1788849691971991,1788849692052667,80676
load10000-burst,2,2000,2807,1788849691971991,1788849692052690,80699
load10000-burst,2,2000,2808,1788849691971991,1788849692052713,80722
load10000-burst,2,2000,2809,1788849691971991,1788849692052733,80742
load10000-burst,2,2000,2810,1788849691971991,1788849692052753,80762
load10000-burst,2,2000,2811,1788849691971991,1788849692052776,80785
load10000-burst,2,2000,2812,1788849691971991,1788849692052797,80806
load10000-burst,2,2000,2813,1788849691971991,1788849692052829,80838
load10000-burst,2,2000,2814,1788849691971991,1788849692052862,80871
load10000-burst,2,2000,2815,1788849691971991,1788849692052898,80907
load10000-burst,2,2000,2816,1788849691971991,1788849692052956,80965
load10000-burst,2,2000,2817,1788849691971991,1788849692052988,80997
load10000-burst,2,2000,2818,1788849691971991,1788849692053014,81023
load10000-burst,2,2000,2819,1788849691971991,1788849692053037,81046
load10000-burst,2,2000,2820,1788849691971991,1788849692053059,81068
load10000-burst,2,2000,2821,1788849691971991,1788849692053081,81090
load10000-burst,2,2000,2822,1788849691971991,1788849692053102,81111
load10000-burst,2,2000,2823,1788849691971991,1788849692053124,81133
load10000-burst,2,2000,2824,1788849691971991,1788849692053147,81156
load10000-burst,2,2000,2825,1788849691971991,1788849692053169,81178
load10000-burst,2,2000,2826,1788849691971991,1788849692053191,81200
load10000-burst,2,2000,2827,1788849691971991,1788849692053216,81225
load10000-burst,2,2000,2828,1788849691971991,1788849692053240,81249
load10000-burst,2,2000,2829,1788849691971991,1788849692053263,81272
load10000-burst,2,2000,2830,1788849691971991,1788849692053286,81295
load10000-burst,2,2000,2831,1788849691971991,1788849692053310,81319
load10000-burst,2,2000,2832,1788849691971991,1788849692053339,81348
load10000-burst,2,2000,2833,1788849691971991,1788849692053369,81378
load10000-burst,2,2000,2834,1788849691971991,1788849692053392,81401
load10000-burst,2,2000,2835,1788849691971991,1788849692053415,81424
load10000-burst,2,2000,2836,1788849691971991,1788849692053438,81447
load10000-burst,2,2000,2837,1788849691971991,1788849692053459,81468
load10000-burst,2,2000,2838,1788849691971991,1788849692053481,81490
load10000-burst,2,2000,2839,1788849691971991,1788849692053505,81514
load10000-burst,2,2000,2840,1788849691971991,1788849692053526,81535
load10000-burst,2,2000,2841,1788849691971991,1788849692053549,81558
load10000-burst,2,2000,2842,1788849691971991,1788849692053573,81582
load10000-burst,2,2000,2843,1788849691971991,1788849692053592,81601
load10000-burst,2,2000,2844,1788849691971991,1788849692053621,81630
load10000-burst,2,2000,2845,1788849691971991,1788849692053669,81678
load10000-burst,2,2000,2846,1788849691971991,1788849692053715,81724
load10000-burst,2,2000,2847,1788849691971991,1788849692053745,81754
load10000-burst,2,2000,2848,1788849691971991,1788849692053775,81784
load10000-burst,2,2000,2849,1788849691971991,1788849692053803,81812
load10000-burst,2,2000,2850,1788849691971991,1788849692053826,81835
load10000-burst,2,2000,2851,1788849691971991,1788849692053850,81859
load10000-burst,2,2000,2852,1788849691971991,1788849692053872,81881
load10000-burst,2,2000,2853,1788849691971991,1788849692053905,81914
load10000-burst,2,2000,2854,1788849691971991,1788849692053929,81938
load10000-burst,2,2000,2855,1788849691971991,1788849692053954,81963
load10000-burst,2,2000,2856,1788849691971991,1788849692053977,81986
load10000-burst,2,2000,2857,1788849691971991,1788849692054000,82009
load10000-burst,2,2000,2858,1788849691971991,1788849692054023,82032
load10000-burst,2,2000,2859,1788849691971991,1788849692054046,82055
load10000-burst,2,2000,2860,1788849691971991,1788849692054070,82079
load10000-burst,2,2000,2861,1788849691971991,1788849692054092,82101
load10000-burst,2,2000,2862,1788849691971991,1788849692054114,82123
load10000-burst,2,2000,2863,1788849691971991,1788849692054136,82145
load10000-burst,2,2000,2864,1788849691971991,1788849692054158,82167
load10000-burst,2,2000,2865,1788849691971991,1788849692054180,82189
load10000-burst,2,2000,2866,1788849691971991,1788849692054203,82212
load10000-burst,2,2000,2867,1788849691971991,1788849692054234,82243
load10000-burst,2,2000,2868,1788849691971991,1788849692054265,82274
load10000-burst,2,2000,2869,1788849691971991,1788849692054291,82300
load10000-burst,2,2000,2870,1788849691971991,1788849692054310,82319
load10000-burst,2,2000,2871,1788849691971991,1788849692054341,82350
load10000-burst,2,2000,2872,1788849691971991,1788849692054389,82398
load10000-burst,2,2000,2873,1788849691971991,1788849692054422,82431
load10000-burst,2,2000,2874,1788849691971991,1788849692054450,82459
load10000-burst,2,2000,2875,1788849691971991,1788849692054472,82481
load10000-burst,2,2000,2876,1788849691971991,1788849692054496,82505
load10000-burst,2,2000,2877,1788849691971991,1788849692054519,82528
load10000-burst,2,2000,2878,1788849691971991,1788849692054542,82551
load10000-burst,2,2000,2879,1788849691971991,1788849692054565,82574
load10000-burst,2,2000,2880,1788849691971991,1788849692054595,82604
load10000-burst,2,2000,2881,1788849691971991,1788849692054618,82627
load10000-burst,2,2000,2882,1788849691971991,1788849692054642,82651
load10000-burst,2,2000,2883,1788849691971991,1788849692054665,82674
load10000-burst,2,2000,2884,1788849691971991,1788849692054688,82697
load10000-burst,2,2000,2885,1788849691971991,1788849692054711,82720
load10000-burst,2,2000,2886,1788849691971991,1788849692054747,82756
load10000-burst,2,2000,2887,1788849691971991,1788849692054799,82808
load10000-burst,2,2000,2888,1788849691971991,1788849692054829,82838
load10000-burst,2,2000,2889,1788849691971991,1788849692054854,82863
load10000-burst,2,2000,2890,1788849691971991,1788849692054877,82886
load10000-burst,2,2000,2891,1788849691971991,1788849692054901,82910
load10000-burst,2,2000,2892,1788849691971991,1788849692054932,82941
load10000-burst,2,2000,2893,1788849691971991,1788849692054972,82981
load10000-burst,2,2000,2894,1788849691971991,1788849692055006,83015
load10000-burst,2,2000,2895,1788849691971991,1788849692055030,83039
load10000-burst,2,2000,2896,1788849691971991,1788849692055055,83064
load10000-burst,2,2000,2897,1788849691971991,1788849692055079,83088
load10000-burst,2,2000,2898,1788849691971991,1788849692055101,83110
load10000-burst,2,2000,2899,1788849691971991,1788849692055124,83133
load10000-burst,2,2000,2900,1788849691971991,1788849692055147,83156
load10000-burst,2,2000,2901,1788849691971991,1788849692055172,83181
load10000-burst,2,2000,2902,1788849691971991,1788849692055196,83205
load10000-burst,2,2000,2903,1788849691971991,1788849692055219,83228
load10000-burst,2,2000,2904,1788849691971991,1788849692055253,83262
load10000-burst,2,2000,2905,1788849691971991,1788849692055310,83319
load10000-burst,2,2000,2906,1788849691971991,1788849692055338,83347
load10000-burst,2,2000,2907,1788849691971991,1788849692055372,83381
load10000-burst,2,2000,2908,1788849691971991,1788849692055427,83436
load10000-burst,2,2000,2909,1788849691971991,1788849692055455,83464
load10000-burst,2,2000,2910,1788849691971991,1788849692055486,83495
load10000-burst,2,2000,2911,1788849691971991,1788849692055513,83522
load10000-burst,2,2000,2912,1788849691971991,1788849692055540,83549
load10000-burst,2,2000,2913,1788849691971991,1788849692055570,83579
load10000-burst,2,2000,2914,1788849691971991,1788849692055593,83602
load10000-burst,2,2000,2915,1788849691971991,1788849692055622,83631
load10000-burst,2,2000,2916,1788849691971991,1788849692055642,83651
load10000-burst,2,2000,2917,1788849691971991,1788849692055673,83682
load10000-burst,2,2000,2918,1788849691971991,1788849692055700,83709
load10000-burst,2,2000,2919,1788849691971991,1788849692055730,83739
load10000-burst,2,2000,2920,1788849691971991,1788849692055755,83764
load10000-burst,2,2000,2921,1788849691971991,1788849692055778,83787
load10000-burst,2,2000,2922,1788849691971991,1788849692055800,83809
load10000-burst,2,2000,2923,1788849691971991,1788849692055822,83831
load10000-burst,2,2000,2924,1788849691971991,1788849692055845,83854
load10000-burst,2,2000,2925,1788849691971991,1788849692055870,83879
load10000-burst,2,2000,2926,1788849691971991,1788849692055892,83901
load10000-burst,2,2000,2927,1788849691971991,1788849692055913,83922
load10000-burst,2,2000,2928,1788849691971991,1788849692055932,83941
load10000-burst,2,2000,2929,1788849691971991,1788849692055950,83959
load10000-burst,2,2000,2930,1788849691971991,1788849692055975,83984
load10000-burst,2,2000,2931,1788849691971991,1788849692055998,84007
load10000-burst,2,2000,2932,1788849691971991,1788849692056021,84030
load10000-burst,2,2000,2933,1788849691971991,1788849692056043,84052
load10000-burst,2,2000,2934,1788849691971991,1788849692056065,84074
load10000-burst,2,2000,2935,1788849691971991,1788849692056087,84096
load10000-burst,2,2000,2936,1788849691971991,1788849692056111,84120
load10000-burst,2,2000,2937,1788849691971991,1788849692056132,84141
load10000-burst,2,2000,2938,1788849691971991,1788849692056154,84163
load10000-burst,2,2000,2939,1788849691971991,1788849692056180,84189
load10000-burst,2,2000,2940,1788849691971991,1788849692056202,84211
load10000-burst,2,2000,2941,1788849691971991,1788849692056225,84234
load10000-burst,2,2000,2942,1788849691971991,1788849692056248,84257
load10000-burst,2,2000,2943,1788849691971991,1788849692056270,84279
load10000-burst,2,2000,2944,1788849691971991,1788849692056296,84305
load10000-burst,2,2000,2945,1788849691971991,1788849692056327,84336
load10000-burst,2,2000,2946,1788849691971991,1788849692056365,84374
load10000-burst,2,2000,2947,1788849691971991,1788849692056400,84409
load10000-burst,2,2000,2948,1788849691971991,1788849692056425,84434
load10000-burst,2,2000,2949,1788849691971991,1788849692056448,84457
load10000-burst,2,2000,2950,1788849691971991,1788849692056471,84480
load10000-burst,2,2000,2951,1788849691971991,1788849692056494,84503
load10000-burst,2,2000,2952,1788849691971991,1788849692056517,84526
load10000-burst,2,2000,2953,1788849691971991,1788849692056541,84550
load10000-burst,2,2000,2954,1788849691971991,1788849692056564,84573
load10000-burst,2,2000,2955,1788849691971991,1788849692056586,84595
load10000-burst,2,2000,2956,1788849691971991,1788849692056608,84617
load10000-burst,2,2000,2957,1788849691971991,1788849692056634,84643
load10000-burst,2,2000,2958,1788849691971991,1788849692056656,84665
load10000-burst,2,2000,2959,1788849691971991,1788849692056686,84695
load10000-burst,2,2000,2960,1788849691971991,1788849692056711,84720
load10000-burst,2,2000,2961,1788849691971991,1788849692056740,84749
load10000-burst,2,2000,2962,1788849691971991,1788849692056765,84774
load10000-burst,2,2000,2963,1788849691971991,1788849692056789,84798
load10000-burst,2,2000,2964,1788849691971991,1788849692056811,84820
load10000-burst,2,2000,2965,1788849691971991,1788849692056833,84842
load10000-burst,2,2000,2966,1788849691971991,1788849692056856,84865
load10000-burst,2,2000,2967,1788849691971991,1788849692056877,84886
load10000-burst,2,2000,2968,1788849691971991,1788849692056899,84908
load10000-burst,2,2000,2969,1788849691971991,1788849692056921,84930
load10000-burst,2,2000,2970,1788849691971991,1788849692056947,84956
load10000-burst,2,2000,2971,1788849691971991,1788849692056979,84988
load10000-burst,2,2000,2972,1788849691971991,1788849692057010,85019
load10000-burst,2,2000,2973,1788849691971991,1788849692057041,85050
load10000-burst,2,2000,2974,1788849691971991,1788849692057075,85084
load10000-burst,2,2000,2975,1788849691971991,1788849692057112,85121
load10000-burst,2,2000,2976,1788849691971991,1788849692057136,85145
load10000-burst,2,2000,2977,1788849691971991,1788849692057159,85168
load10000-burst,2,2000,2978,1788849691971991,1788849692057181,85190
load10000-burst,2,2000,2979,1788849691971991,1788849692057204,85213
load10000-burst,2,2000,2980,1788849691971991,1788849692057229,85238
load10000-burst,2,2000,2981,1788849691971991,1788849692057252,85261
load10000-burst,2,2000,2982,1788849691971991,1788849692057278,85287
load10000-burst,2,2000,2983,1788849691971991,1788849692057314,85323
load10000-burst,2,2000,2984,1788849691971991,1788849692057361,85370
load10000-burst,2,2000,2985,1788849691971991,1788849692057395,85404
load10000-burst,2,2000,2986,1788849691971991,1788849692057424,85433
load10000-burst,2,2000,2987,1788849691971991,1788849692057448,85457
load10000-burst,2,2000,2988,1788849691971991,1788849692057471,85480
load10000-burst,2,2000,2989,1788849691971991,1788849692057494,85503
load10000-burst,2,2000,2990,1788849691971991,1788849692057516,85525
load10000-burst,2,2000,2991,1788849691971991,1788849692057539,85548
load10000-burst,2,2000,2992,1788849691971991,1788849692057561,85570
load10000-burst,2,2000,2993,1788849691971991,1788849692057593,85602
load10000-burst,2,2000,2994,1788849691971991,1788849692057617,85626
load10000-burst,2,2000,2995,1788849691971991,1788849692057642,85651
load10000-burst,2,2000,2996,1788849691971991,1788849692057665,85674
load10000-burst,2,2000,2997,1788849691971991,1788849692057697,85706
load10000-burst,2,2000,2998,1788849691971991,1788849692057733,85742
load10000-burst,2,2000,2999,1788849691971991,1788849692057758,85767
load10000-burst,2,2000,3000,1788849691971991,1788849692057780,85789
load10000-burst,2,2000,3001,1788849691971991,1788849692057803,85812
load10000-burst,2,2000,3002,1788849691971991,1788849692057826,85835
load10000-burst,2,2000,3003,1788849691971991,1788849692057848,85857
load10000-burst,2,2000,3004,1788849691971991,1788849692057870,85879
load10000-burst,2,2000,3005,1788849691971991,1788849692057905,85914
load10000-burst,2,2000,3006,1788849691971991,1788849692057934,85943
load10000-burst,2,2000,3007,1788849691971991,1788849692057957,85966
load10000-burst,2,2000,3008,1788849691971991,1788849692057981,85990
load10000-burst,2,2000,3009,1788849691971991,1788849692058006,86015
load10000-burst,2,2000,3010,1788849691971991,1788849692058029,86038
load10000-burst,2,2000,3011,1788849691971991,1788849692058051,86060
load10000-burst,2,2000,3012,1788849691971991,1788849692058073,86082
load10000-burst,2,2000,3013,1788849691971991,1788849692058095,86104
load10000-burst,2,2000,3014,1788849691971991,1788849692058117,86126
load10000-burst,2,2000,3015,1788849691971991,1788849692058140,86149
load10000-burst,2,2000,3016,1788849691971991,1788849692058162,86171
load10000-burst,2,2000,3017,1788849691971991,1788849692058184,86193
load10000-burst,2,2000,3018,1788849691971991,1788849692058206,86215
load10000-burst,2,2000,3019,1788849691971991,1788849692058228,86237
load10000-burst,2,2000,3020,1788849691971991,1788849692058250,86259
load10000-burst,2,2000,3021,1788849691971991,1788849692058292,86301
load10000-burst,2,2000,3022,1788849691971991,1788849692058327,86336
load10000-burst,2,2000,3023,1788849691971991,1788849692058354,86363
load10000-burst,2,2000,3024,1788849691971991,1788849692058377,86386
load10000-burst,2,2000,3025,1788849691971991,1788849692058400,86409
load10000-burst,2,2000,3026,1788849691971991,1788849692058424,86433
load10000-burst,2,2000,3027,1788849691971991,1788849692058448,86457
load10000-burst,2,2000,3028,1788849691971991,1788849692058470,86479
load10000-burst,2,2000,3029,1788849691971991,1788849692058505,86514
load10000-burst,2,2000,3030,1788849691971991,1788849692058535,86544
load10000-burst,2,2000,3031,1788849691971991,1788849692058558,86567
load10000-burst,2,2000,3032,1788849691971991,1788849692058584,86593
load10000-burst,2,2000,3033,1788849691971991,1788849692058607,86616
load10000-burst,2,2000,3034,1788849691971991,1788849692058631,86640
load10000-burst,2,2000,3035,1788849691971991,1788849692058650,86659
load10000-burst,2,2000,3036,1788849691971991,1788849692058666,86675
load10000-burst,2,2000,3037,1788849691971991,1788849692058689,86698
load10000-burst,2,2000,3038,1788849691971991,1788849692058712,86721
load10000-burst,2,2000,3039,1788849691971991,1788849692058736,86745
load10000-burst,2,2000,3040,1788849691971991,1788849692058760,86769
load10000-burst,2,2000,3041,1788849691971991,1788849692058782,86791
load10000-burst,2,2000,3042,1788849691971991,1788849692058804,86813
load10000-burst,2,2000,3043,1788849691971991,1788849692058826,86835
load10000-burst,2,2000,3044,1788849691971991,1788849692058847,86856
load10000-burst,2,2000,3045,1788849691971991,1788849692058869,86878
load10000-burst,2,2000,3046,1788849691971991,1788849692058891,86900
load10000-burst,2,2000,3047,1788849691971991,1788849692058913,86922
load10000-burst,2,2000,3048,1788849691971991,1788849692058943,86952
load10000-burst,2,2000,3049,1788849691971991,1788849692058995,87004
load10000-burst,2,2000,3050,1788849691971991,1788849692059055,87064
load10000-burst,2,2000,3051,1788849691971991,1788849692059097,87106
load10000-burst,2,2000,3052,1788849691971991,1788849692059129,87138
load10000-burst,2,2000,3053,1788849691971991,1788849692059154,87163
load10000-burst,2,2000,3054,1788849691971991,1788849692059177,87186
load10000-burst,2,2000,3055,1788849691971991,1788849692059200,87209
load10000-burst,2,2000,3056,1788849691971991,1788849692059222,87231
load10000-burst,2,2000,3057,1788849691971991,1788849692059247,87256
load10000-burst,2,2000,3058,1788849691971991,1788849692059277,87286
load10000-burst,2,2000,3059,1788849691971991,1788849692059309,87318
load10000-burst,2,2000,3060,1788849691971991,1788849692059329,87338
load10000-burst,2,2000,3061,1788849691971991,1788849692059359,87368
load10000-burst,2,2000,3062,1788849691971991,1788849692059394,87403
load10000-burst,2,2000,3063,1788849691971991,1788849692059425,87434
load10000-burst,2,2000,3064,1788849691971991,1788849692059449,87458
load10000-burst,2,2000,3065,1788849691971991,1788849692059476,87485
load10000-burst,2,2000,3066,1788849691971991,1788849692059499,87508
load10000-burst,2,2000,3067,1788849691971991,1788849692059524,87533
load10000-burst,2,2000,3068,1788849691971991,1788849692059547,87556
load10000-burst,2,2000,3069,1788849691971991,1788849692059570,87579
load10000-burst,2,2000,3070,1788849691971991,1788849692059592,87601
load10000-burst,2,2000,3071,1788849691971991,1788849692059614,87623
load10000-burst,2,2000,3072,1788849691971991,1788849692059637,87646
load10000-burst,2,2000,3073,1788849691971991,1788849692059667,87676
load10000-burst,2,2000,3074,1788849691971991,1788849692059707,87716
load10000-burst,2,2000,3075,1788849691971991,1788849692059734,87743
load10000-burst,2,2000,3076,1788849691971991,1788849692059755,87764
load10000-burst,2,2000,3077,1788849691971991,1788849692059785,87794
load10000-burst,2,2000,3078,1788849691971991,1788849692059821,87830
load10000-burst,2,2000,3079,1788849691971991,1788849692059845,87854
load10000-burst,2,2000,3080,1788849691971991,1788849692059868,87877
load10000-burst,2,2000,3081,1788849691971991,1788849692059890,87899
load10000-burst,2,2000,3082,1788849691971991,1788849692059913,87922
load10000-burst,2,2000,3083,1788849691971991,1788849692059935,87944
load10000-burst,2,2000,3084,1788849691971991,1788849692059969,87978
load10000-burst,2,2000,3085,1788849691971991,1788849692060030,88039
load10000-burst,2,2000,3086,1788849691971991,1788849692060060,88069
load10000-burst,2,2000,3087,1788849691971991,1788849692060084,88093
load10000-burst,2,2000,3088,1788849691971991,1788849692060115,88124
load10000-burst,2,2000,3089,1788849691971991,1788849692060140,88149
load10000-burst,2,2000,3090,1788849691971991,1788849692060164,88173
load10000-burst,2,2000,3091,1788849691971991,1788849692060187,88196
load10000-burst,2,2000,3092,1788849691971991,1788849692060210,88219
load10000-burst,2,2000,3093,1788849691971991,1788849692060234,88243
load10000-burst,2,2000,3094,1788849691971991,1788849692060257,88266
load10000-burst,2,2000,3095,1788849691971991,1788849692060290,88299
load10000-burst,2,2000,3096,1788849691971991,1788849692060330,88339
load10000-burst,2,2000,3097,1788849691971991,1788849692060367,88376
load10000-burst,2,2000,3098,1788849691971991,1788849692060395,88404
load10000-burst,2,2000,3099,1788849691971991,1788849692060418,88427
load10000-burst,2,2000,3100,1788849691971991,1788849692060441,88450
load10000-burst,2,2000,3101,1788849691971991,1788849692060464,88473
load10000-burst,2,2000,3102,1788849691971991,1788849692060508,88517
load10000-burst,2,2000,3103,1788849691971991,1788849692060532,88541
load10000-burst,2,2000,3104,1788849691971991,1788849692060554,88563
load10000-burst,2,2000,3105,1788849691971991,1788849692060584,88593
load10000-burst,2,2000,3106,1788849691971991,1788849692060609,88618
load10000-burst,2,2000,3107,1788849691971991,1788849692060641,88650
load10000-burst,2,2000,3108,1788849691971991,1788849692060679,88688
load10000-burst,2,2000,3109,1788849691971991,1788849692060714,88723
load10000-burst,2,2000,3110,1788849691971991,1788849692060739,88748
load10000-burst,2,2000,3111,1788849691971991,1788849692060788,88797
load10000-burst,2,2000,3112,1788849691971991,1788849692060829,88838
load10000-burst,2,2000,3113,1788849691971991,1788849692060875,88884
load10000-burst,2,2000,3114,1788849691971991,1788849692060970,88979
load10000-burst,2,2000,3115,1788849691971991,1788849692061071,89080
load10000-burst,2,2000,3116,1788849691971991,1788849692061130,89139
load10000-burst,2,2000,3117,1788849691971991,1788849692061160,89169
load10000-burst,2,2000,3118,1788849691971991,1788849692061195,89204
load10000-burst,2,2000,3119,1788849691971991,1788849692061225,89234
load10000-burst,2,2000,3120,1788849691971991,1788849692061284,89293
load10000-burst,2,2000,3121,1788849691971991,1788849692061350,89359
load10000-burst,2,2000,3122,1788849691971991,1788849692061397,89406
load10000-burst,2,2000,3123,1788849691971991,1788849692061433,89442
load10000-burst,2,2000,3124,1788849691971991,1788849692061465,89474
load10000-burst,2,2000,3125,1788849691971991,1788849692061494,89503
load10000-burst,2,2000,3126,1788849691971991,1788849692061520,89529
load10000-burst,2,2000,3127,1788849691971991,1788849692061549,89558
load10000-burst,2,2000,3128,1788849691971991,1788849692061575,89584
load10000-burst,2,2000,3129,1788849691971991,1788849692061604,89613
load10000-burst,2,2000,3130,1788849691971991,1788849692061630,89639
load10000-burst,2,2000,3131,1788849691971991,1788849692061668,89677
load10000-burst,2,2000,3132,1788849691971991,1788849692061707,89716
load10000-burst,2,2000,3133,1788849691971991,1788849692061745,89754
load10000-burst,2,2000,3134,1788849691971991,1788849692061779,89788
load10000-burst,2,2000,3135,1788849691971991,1788849692061822,89831
load10000-burst,2,2000,3136,1788849691971991,1788849692061847,89856
load10000-burst,2,2000,3137,1788849691971991,1788849692061891,89900
load10000-burst,2,2000,3138,1788849691971991,1788849692061915,89924
load10000-burst,2,2000,3139,1788849691971991,1788849692061937,89946
load10000-burst,2,2000,3140,1788849691971991,1788849692061960,89969
load10000-burst,2,2000,3141,1788849691971991,1788849692061982,89991
load10000-burst,2,2000,3142,1788849691971991,1788849692062015,90024
load10000-burst,2,2000,3143,1788849691971991,1788849692062041,90050
load10000-burst,2,2000,3144,1788849691971991,1788849692062063,90072
load10000-burst,2,2000,3145,1788849691971991,1788849692062086,90095
load10000-burst,2,2000,3146,1788849691971991,1788849692062112,90121
load10000-burst,2,2000,3147,1788849691971991,1788849692062133,90142
load10000-burst,2,2000,3148,1788849691971991,1788849692062156,90165
load10000-burst,2,2000,3149,1788849691971991,1788849692062177,90186
load10000-burst,2,2000,3150,1788849691971991,1788849692062199,90208
load10000-burst,2,2000,3151,1788849691971991,1788849692062220,90229
load10000-burst,2,2000,3152,1788849691971991,1788849692062243,90252
load10000-burst,2,2000,3153,1788849691971991,1788849692062264,90273
load10000-burst,2,2000,3154,1788849691971991,1788849692062313,90322
load10000-burst,2,2000,3155,1788849691971991,1788849692062342,90351
load10000-burst,2,2000,3156,1788849691971991,1788849692062366,90375
load10000-burst,2,2000,3157,1788849691971991,1788849692062398,90407
load10000-burst,2,2000,3158,1788849691971991,1788849692062433,90442
load10000-burst,2,2000,3159,1788849691971991,1788849692062458,90467
load10000-burst,2,2000,3160,1788849691971991,1788849692062481,90490
load10000-burst,2,2000,3161,1788849691971991,1788849692062505,90514
load10000-burst,2,2000,3162,1788849691971991,1788849692062528,90537
load10000-burst,2,2000,3163,1788849691971991,1788849692062550,90559
load10000-burst,2,2000,3164,1788849691971991,1788849692062572,90581
load10000-burst,2,2000,3165,1788849691971991,1788849692062593,90602
load10000-burst,2,2000,3166,1788849691971991,1788849692062614,90623
load10000-burst,2,2000,3167,1788849691971991,1788849692062635,90644
load10000-burst,2,2000,3168,1788849691971991,1788849692062656,90665
load10000-burst,2,2000,3169,1788849691971991,1788849692062677,90686
load10000-burst,2,2000,3170,1788849691971991,1788849692062699,90708
load10000-burst,2,2000,3171,1788849691971991,1788849692062720,90729
load10000-burst,2,2000,3172,1788849691971991,1788849692062760,90769
load10000-burst,2,2000,3173,1788849691971991,1788849692062778,90787
load10000-burst,2,2000,3174,1788849691971991,1788849692062802,90811
load10000-burst,2,2000,3175,1788849691971991,1788849692062823,90832
load10000-burst,2,2000,3176,1788849691971991,1788849692062846,90855
load10000-burst,2,2000,3177,1788849691971991,1788849692062869,90878
load10000-burst,2,2000,3178,1788849691971991,1788849692062890,90899
load10000-burst,2,2000,3179,1788849691971991,1788849692062912,90921
load10000-burst,2,2000,3180,1788849691971991,1788849692062933,90942
load10000-burst,2,2000,3181,1788849691971991,1788849692062955,90964
load10000-burst,2,2000,3182,1788849691971991,1788849692062975,90984
load10000-burst,2,2000,3183,1788849691971991,1788849692062996,91005
load10000-burst,2,2000,3184,1788849691971991,1788849692063033,91042
load10000-burst,2,2000,3185,1788849691971991,1788849692063076,91085
load10000-burst,2,2000,3186,1788849691971991,1788849692063122,91131
load10000-burst,2,2000,3187,1788849691971991,1788849692063163,91172
load10000-burst,2,2000,3188,1788849691971991,1788849692063201,91210
load10000-burst,2,2000,3189,1788849691971991,1788849692063297,91306
load10000-burst,2,2000,3190,1788849691971991,1788849692063367,91376
load10000-burst,2,2000,3191,1788849691971991,1788849692063415,91424
load10000-burst,2,2000,3192,1788849691971991,1788849692063500,91509
load10000-burst,2,2000,3193,1788849691971991,1788849692063542,91551
load10000-burst,2,2000,3194,1788849691971991,1788849692063576,91585
load10000-burst,2,2000,3195,1788849691971991,1788849692063606,91615
load10000-burst,2,2000,3196,1788849691971991,1788849692063640,91649
load10000-burst,2,2000,3197,1788849691971991,1788849692063679,91688
load10000-burst,2,2000,3198,1788849691971991,1788849692063720,91729
load10000-burst,2,2000,3199,1788849691971991,1788849692063762,91771
load10000-burst,2,2000,3200,1788849691971991,1788849692063813,91822
load10000-burst,2,2000,3201,1788849691971991,1788849692063875,91884
load10000-burst,2,2000,3202,1788849691971991,1788849692063908,91917
load10000-burst,2,2000,3203,1788849691971991,1788849692063935,91944
load10000-burst,2,2000,3204,1788849691971991,1788849692063959,91968
load10000-burst,2,2000,3205,1788849691971991,1788849692063984,91993
load10000-burst,2,2000,3206,1788849691971991,1788849692064027,92036
load10000-burst,2,2000,3207,1788849691971991,1788849692064081,92090
load10000-burst,2,2000,3208,1788849691971991,1788849692064119,92128
load10000-burst,2,2000,3209,1788849691971991,1788849692064155,92164
load10000-burst,2,2000,3210,1788849691971991,1788849692064190,92199
load10000-burst,2,2000,3211,1788849691971991,1788849692064226,92235
load10000-burst,2,2000,3212,1788849691971991,1788849692064260,92269
load10000-burst,2,2000,3213,1788849691971991,1788849692064301,92310
load10000-burst,2,2000,3214,1788849691971991,1788849692064350,92359
load10000-burst,2,2000,3215,1788849691971991,1788849692064395,92404
load10000-burst,2,2000,3216,1788849691971991,1788849692064437,92446
load10000-burst,2,2000,3217,1788849691971991,1788849692064474,92483
load10000-burst,2,2000,3218,1788849691971991,1788849692064510,92519
load10000-burst,2,2000,3219,1788849691971991,1788849692064554,92563
load10000-burst,2,2000,3220,1788849691971991,1788849692064629,92638
load10000-burst,2,2000,3221,1788849691971991,1788849692064668,92677
load10000-burst,2,2000,3222,1788849691971991,1788849692064696,92705
load10000-burst,2,2000,3223,1788849691971991,1788849692064744,92753
load10000-burst,2,2000,3224,1788849691971991,1788849692064860,92869
load10000-burst,2,2000,3225,1788849691971991,1788849692064935,92944
load10000-burst,2,2000,3226,1788849691971991,1788849692064983,92992
load10000-burst,2,2000,3227,1788849691971991,1788849692065007,93016
load10000-burst,2,2000,3228,1788849691971991,1788849692065037,93046
load10000-burst,2,2000,3229,1788849691971991,1788849692065073,93082
load10000-burst,2,2000,3230,1788849691971991,1788849692065098,93107
load10000-burst,2,2000,3231,1788849691971991,1788849692065128,93137
load10000-burst,2,2000,3232,1788849691971991,1788849692065154,93163
load10000-burst,2,2000,3233,1788849691971991,1788849692065183,93192
load10000-burst,2,2000,3234,1788849691971991,1788849692065208,93217
load10000-burst,2,2000,3235,1788849691971991,1788849692065247,93256
load10000-burst,2,2000,3236,1788849691971991,1788849692065273,93282
load10000-burst,2,2000,3237,1788849691971991,1788849692065305,93314
load10000-burst,2,2000,3238,1788849691971991,1788849692065348,93357
load10000-burst,2,2000,3239,1788849691971991,1788849692065406,93415
load10000-burst,2,2000,3240,1788849691971991,1788849692065487,93496
load10000-burst,2,2000,3241,1788849691971991,1788849692065557,93566
load10000-burst,2,2000,3242,1788849691971991,1788849692065603,93612
load10000-burst,2,2000,3243,1788849691971991,1788849692065657,93666
load10000-burst,2,2000,3244,1788849691971991,1788849692065742,93751
load10000-burst,2,2000,3245,1788849691971991,1788849692065808,93817
load10000-burst,2,2000,3246,1788849691971991,1788849692065892,93901
load10000-burst,2,2000,3247,1788849691971991,1788849692065946,93955
load10000-burst,2,2000,3248,1788849691971991,1788849692065976,93985
load10000-burst,2,2000,3249,1788849691971991,1788849692066017,94026
load10000-burst,2,2000,3250,1788849691971991,1788849692066066,94075
load10000-burst,2,2000,3251,1788849691971991,1788849692066147,94156
load10000-burst,2,2000,3252,1788849691971991,1788849692066209,94218
load10000-burst,2,2000,3253,1788849691971991,1788849692066232,94241
load10000-burst,2,2000,3254,1788849691971991,1788849692066251,94260
load10000-burst,2,2000,3255,1788849691971991,1788849692066276,94285
load10000-burst,2,2000,3256,1788849691971991,1788849692066299,94308
load10000-burst,2,2000,3257,1788849691971991,1788849692066335,94344
load10000-burst,2,2000,3258,1788849691971991,1788849692066374,94383
load10000-burst,2,2000,3259,1788849691971991,1788849692066399,94408
load10000-burst,2,2000,3260,1788849691971991,1788849692066422,94431
load10000-burst,2,2000,3261,1788849691971991,1788849692066446,94455
load10000-burst,2,2000,3262,1788849691971991,1788849692066486,94495
load10000-burst,2,2000,3263,1788849691971991,1788849692066539,94548
load10000-burst,2,2000,3264,1788849691971991,1788849692066574,94583
load10000-burst,2,2000,3265,1788849691971991,1788849692066620,94629
load10000-burst,2,2000,3266,1788849691971991,1788849692066655,94664
load10000-burst,2,2000,3267,1788849691971991,1788849692066711,94720
load10000-burst,2,2000,3268,1788849691971991,1788849692066786,94795
load10000-burst,2,2000,3269,1788849691971991,1788849692066862,94871
load10000-burst,2,2000,3270,1788849691971991,1788849692066900,94909
load10000-burst,2,2000,3271,1788849691971991,1788849692066927,94936
load10000-burst,2,2000,3272,1788849691971991,1788849692066955,94964
load10000-burst,2,2000,3273,1788849691971991,1788849692066980,94989
load10000-burst,2,2000,3274,1788849691971991,1788849692067008,95017
load10000-burst,2,2000,3275,1788849691971991,1788849692067035,95044
load10000-burst,2,2000,3276,1788849691971991,1788849692067065,95074
load10000-burst,2,2000,3277,1788849691971991,1788849692067086,95095
load10000-burst,2,2000,3278,1788849691971991,1788849692067111,95120
load10000-burst,2,2000,3279,1788849691971991,1788849692067140,95149
load10000-burst,2,2000,3280,1788849691971991,1788849692067166,95175
load10000-burst,2,2000,3281,1788849691971991,1788849692067189,95198
load10000-burst,2,2000,3282,1788849691971991,1788849692067212,95221
load10000-burst,2,2000,3283,1788849691971991,1788849692067236,95245
load10000-burst,2,2000,3284,1788849691971991,1788849692067259,95268
load10000-burst,2,2000,3285,1788849691971991,1788849692067282,95291
load10000-burst,2,2000,3286,1788849691971991,1788849692067305,95314
load10000-burst,2,2000,3287,1788849691971991,1788849692067327,95336
load10000-burst,2,2000,3288,1788849691971991,1788849692067350,95359
load10000-burst,2,2000,3289,1788849691971991,1788849692067374,95383
load10000-burst,2,2000,3290,1788849691971991,1788849692067413,95422
load10000-burst,2,2000,3291,1788849691971991,1788849692067477,95486
load10000-burst,2,2000,3292,1788849691971991,1788849692067544,95553
load10000-burst,2,2000,3293,1788849691971991,1788849692067592,95601
load10000-burst,2,2000,3294,1788849691971991,1788849692067636,95645
load10000-burst,2,2000,3295,1788849691971991,1788849692067663,95672
load10000-burst,2,2000,3296,1788849691971991,1788849692067694,95703
load10000-burst,2,2000,3297,1788849691971991,1788849692067720,95729
load10000-burst,2,2000,3298,1788849691971991,1788849692067746,95755
load10000-burst,2,2000,3299,1788849691971991,1788849692067777,95786
load10000-burst,2,2000,3300,1788849691971991,1788849692067811,95820
load10000-burst,2,2000,3301,1788849691971991,1788849692067853,95862
load10000-burst,2,2000,3302,1788849691971991,1788849692067940,95949
load10000-burst,2,2000,3303,1788849691971991,1788849692067992,96001
load10000-burst,2,2000,3304,1788849691971991,1788849692068021,96030
load10000-burst,2,2000,3305,1788849691971991,1788849692068044,96053
load10000-burst,2,2000,3306,1788849691971991,1788849692068067,96076
load10000-burst,2,2000,3307,1788849691971991,1788849692068107,96116
load10000-burst,2,2000,3308,1788849691971991,1788849692068127,96136
load10000-burst,2,2000,3309,1788849691971991,1788849692068146,96155
load10000-burst,2,2000,3310,1788849691971991,1788849692068173,96182
load10000-burst,2,2000,3311,1788849691971991,1788849692068205,96214
load10000-burst,2,2000,3312,1788849691971991,1788849692068239,96248
load10000-burst,2,2000,3313,1788849691971991,1788849692068264,96273
load10000-burst,2,2000,3314,1788849691971991,1788849692068286,96295
load10000-burst,2,2000,3315,1788849691971991,1788849692068308,96317
load10000-burst,2,2000,3316,1788849691971991,1788849692068330,96339
load10000-burst,2,2000,3317,1788849691971991,1788849692068352,96361
load10000-burst,2,2000,3318,1788849691971991,1788849692068375,96384
load10000-burst,2,2000,3319,1788849691971991,1788849692068396,96405
load10000-burst,2,2000,3320,1788849691971991,1788849692068418,96427
load10000-burst,2,2000,3321,1788849691971991,1788849692068443,96452
load10000-burst,2,2000,3322,1788849691971991,1788849692068466,96475
load10000-burst,2,2000,3323,1788849691971991,1788849692068485,96494
load10000-burst,2,2000,3324,1788849691971991,1788849692068507,96516
load10000-burst,2,2000,3325,1788849691971991,1788849692068530,96539
load10000-burst,2,2000,3326,1788849691971991,1788849692068554,96563
load10000-burst,2,2000,3327,1788849691971991,1788849692068589,96598
load10000-burst,2,2000,3328,1788849691971991,1788849692068641,96650
load10000-burst,2,2000,3329,1788849691971991,1788849692068669,96678
load10000-burst,2,2000,3330,1788849691971991,1788849692068693,96702
load10000-burst,2,2000,3331,1788849691971991,1788849692068717,96726
load10000-burst,2,2000,3332,1788849691971991,1788849692068750,96759
load10000-burst,2,2000,3333,1788849691971991,1788849692068797,96806
load10000-burst,2,2000,3334,1788849691971991,1788849692068823,96832
load10000-burst,2,2000,3335,1788849691971991,1788849692068884,96893
load10000-burst,2,2000,3336,1788849691971991,1788849692068904,96913
load10000-burst,2,2000,3337,1788849691971991,1788849692068928,96937
load10000-burst,2,2000,3338,1788849691971991,1788849692068952,96961
load10000-burst,2,2000,3339,1788849691971991,1788849692068992,97001
load10000-burst,2,2000,3340,1788849691971991,1788849692069042,97051
load10000-burst,2,2000,3341,1788849691971991,1788849692069070,97079
load10000-burst,2,2000,3342,1788849691971991,1788849692069093,97102
load10000-burst,2,2000,3343,1788849691971991,1788849692069116,97125
load10000-burst,2,2000,3344,1788849691971991,1788849692069138,97147
load10000-burst,2,2000,3345,1788849691971991,1788849692069163,97172
load10000-burst,2,2000,3346,1788849691971991,1788849692069187,97196
load10000-burst,2,2000,3347,1788849691971991,1788849692069207,97216
load10000-burst,2,2000,3348,1788849691971991,1788849692069229,97238
load10000-burst,2,2000,3349,1788849691971991,1788849692069253,97262
load10000-burst,2,2000,3350,1788849691971991,1788849692069277,97286
load10000-burst,2,2000,3351,1788849691971991,1788849692069299,97308
load10000-burst,2,2000,3352,1788849691971991,1788849692069346,97355
load10000-burst,2,2000,3353,1788849691971991,1788849692069368,97377
load10000-burst,2,2000,3354,1788849691971991,1788849692069390,97399
load10000-burst,2,2000,3355,1788849691971991,1788849692069412,97421
load10000-burst,2,2000,3356,1788849691971991,1788849692069435,97444
load10000-burst,2,2000,3357,1788849691971991,1788849692069458,97467
load10000-burst,2,2000,3358,1788849691971991,1788849692069480,97489
load10000-burst,2,2000,3359,1788849691971991,1788849692069503,97512
load10000-burst,2,2000,3360,1788849691971991,1788849692069530,97539
load10000-burst,2,2000,3361,1788849691971991,1788849692069567,97576
load10000-burst,2,2000,3362,1788849691971991,1788849692069652,97661
load10000-burst,2,2000,3363,1788849691971991,1788849692069690,97699
load10000-burst,2,2000,3364,1788849691971991,1788849692069714,97723
load10000-burst,2,2000,3365,1788849691971991,1788849692069737,97746
load10000-burst,2,2000,3366,1788849691971991,1788849692069759,97768
load10000-burst,2,2000,3367,1788849691971991,1788849692069781,97790
load10000-burst,2,2000,3368,1788849691971991,1788849692069802,97811
load10000-burst,2,2000,3369,1788849691971991,1788849692069824,97833
load10000-burst,2,2000,3370,1788849691971991,1788849692069866,97875
load10000-burst,2,2000,3371,1788849691971991,1788849692069888,97897
load10000-burst,2,2000,3372,1788849691971991,1788849692069911,97920
load10000-burst,2,2000,3373,1788849691971991,1788849692069942,97951
load10000-burst,2,2000,3374,1788849691971991,1788849692069972,97981
load10000-burst,2,2000,3375,1788849691971991,1788849692070009,98018
load10000-burst,2,2000,3376,1788849691971991,1788849692070040,98049
load10000-burst,2,2000,3377,1788849691971991,1788849692070065,98074
load10000-burst,2,2000,3378,1788849691971991,1788849692070087,98096
load10000-burst,2,2000,3379,1788849691971991,1788849692070111,98120
load10000-burst,2,2000,3380,1788849691971991,1788849692070135,98144
load10000-burst,2,2000,3381,1788849691971991,1788849692070158,98167
load10000-burst,2,2000,3382,1788849691971991,1788849692070181,98190
load10000-burst,2,2000,3383,1788849691971991,1788849692070204,98213
load10000-burst,2,2000,3384,1788849691971991,1788849692070227,98236
load10000-burst,2,2000,3385,1788849691971991,1788849692070257,98266
load10000-burst,2,2000,3386,1788849691971991,1788849692070298,98307
load10000-burst,2,2000,3387,1788849691971991,1788849692070376,98385
load10000-burst,2,2000,3388,1788849691971991,1788849692070435,98444
load10000-burst,2,2000,3389,1788849691971991,1788849692070485,98494
load10000-burst,2,2000,3390,1788849691971991,1788849692070527,98536
load10000-burst,2,2000,3391,1788849691971991,1788849692070556,98565
load10000-burst,2,2000,3392,1788849691971991,1788849692070581,98590
load10000-burst,2,2000,3393,1788849691971991,1788849692070602,98611
load10000-burst,2,2000,3394,1788849691971991,1788849692070626,98635
load10000-burst,2,2000,3395,1788849691971991,1788849692070658,98667
load10000-burst,2,2000,3396,1788849691971991,1788849692070690,98699
load10000-burst,2,2000,3397,1788849691971991,1788849692070722,98731
load10000-burst,2,2000,3398,1788849691971991,1788849692070752,98761
load10000-burst,2,2000,3399,1788849691971991,1788849692070777,98786
load10000-burst,2,2000,3400,1788849691971991,1788849692070800,98809
load10000-burst,2,2000,3401,1788849691971991,1788849692070823,98832
load10000-burst,2,2000,3402,1788849691971991,1788849692070859,98868
load10000-burst,2,2000,3403,1788849691971991,1788849692070932,98941
load10000-burst,2,2000,3404,1788849691971991,1788849692070983,98992
load10000-burst,2,2000,3405,1788849691971991,1788849692071022,99031
load10000-burst,2,2000,3406,1788849691971991,1788849692071056,99065
load10000-burst,2,2000,3407,1788849691971991,1788849692071081,99090
load10000-burst,2,2000,3408,1788849691971991,1788849692071112,99121
load10000-burst,2,2000,3409,1788849691971991,1788849692071150,99159
load10000-burst,2,2000,3410,1788849691971991,1788849692071175,99184
load10000-burst,2,2000,3411,1788849691971991,1788849692071198,99207
load10000-burst,2,2000,3412,1788849691971991,1788849692071222,99231
load10000-burst,2,2000,3413,1788849691971991,1788849692071244,99253
load10000-burst,2,2000,3414,1788849691971991,1788849692071268,99277
load10000-burst,2,2000,3415,1788849691971991,1788849692071294,99303
load10000-burst,2,2000,3416,1788849691971991,1788849692071312,99321
load10000-burst,2,2000,3417,1788849691971991,1788849692071359,99368
load10000-burst,2,2000,3418,1788849691971991,1788849692071430,99439
load10000-burst,2,2000,3419,1788849691971991,1788849692071474,99483
load10000-burst,2,2000,3420,1788849691971991,1788849692071539,99548
load10000-burst,2,2000,3421,1788849691971991,1788849692071579,99588
load10000-burst,2,2000,3422,1788849691971991,1788849692071654,99663
load10000-burst,2,2000,3423,1788849691971991,1788849692071688,99697
load10000-burst,2,2000,3424,1788849691971991,1788849692071715,99724
load10000-burst,2,2000,3425,1788849691971991,1788849692071750,99759
load10000-burst,2,2000,3426,1788849691971991,1788849692071794,99803
load10000-burst,2,2000,3427,1788849691971991,1788849692071826,99835
load10000-burst,2,2000,3428,1788849691971991,1788849692071860,99869
load10000-burst,2,2000,3429,1788849691971991,1788849692071884,99893
load10000-burst,2,2000,3430,1788849691971991,1788849692071908,99917
load10000-burst,2,2000,3431,1788849691971991,1788849692071933,99942
load10000-burst,2,2000,3432,1788849691971991,1788849692071957,99966
load10000-burst,2,2000,3433,1788849691971991,1788849692071980,99989
load10000-burst,2,2000,3434,1788849691971991,1788849692072002,100011
load10000-burst,2,2000,3435,1788849691971991,1788849692072025,100034
load10000-burst,2,2000,3436,1788849691971991,1788849692072047,100056
load10000-burst,2,2000,3437,1788849691971991,1788849692072071,100080
load10000-burst,2,2000,3438,1788849691971991,1788849692072100,100109
load10000-burst,2,2000,3439,1788849691971991,1788849692072159,100168
load10000-burst,2,2000,3440,1788849691971991,1788849692072192,100201
load10000-burst,2,2000,3441,1788849691971991,1788849692072225,100234
load10000-burst,2,2000,3442,1788849691971991,1788849692072253,100262
load10000-burst,2,2000,3443,1788849691971991,1788849692072302,100311
load10000-burst,2,2000,3444,1788849691971991,1788849692072375,100384
load10000-burst,2,2000,3445,1788849691971991,1788849692072452,100461
load10000-burst,2,2000,3446,1788849691971991,1788849692072521,100530
load10000-burst,2,2000,3447,1788849691971991,1788849692072582,100591
load10000-burst,2,2000,3448,1788849691971991,1788849692072639,100648
load10000-burst,2,2000,3449,1788849691971991,1788849692072751,100760
load10000-burst,2,2000,3450,1788849691971991,1788849692072804,100813
load10000-burst,2,2000,3451,1788849691971991,1788849692072845,100854
load10000-burst,2,2000,3452,1788849691971991,1788849692072909,100918
load10000-burst,2,2000,3453,1788849691971991,1788849692072955,100964
load10000-burst,2,2000,3454,1788849691971991,1788849692073002,101011
load10000-burst,2,2000,3455,1788849691971991,1788849692073084,101093
load10000-burst,2,2000,3456,1788849691971991,1788849692073140,101149
load10000-burst,2,2000,3457,1788849691971991,1788849692073194,101203
load10000-burst,2,2000,3458,1788849691971991,1788849692073220,101229
load10000-burst,2,2000,3459,1788849691971991,1788849692073264,101273
load10000-burst,2,2000,3460,1788849691971991,1788849692073294,101303
load10000-burst,2,2000,3461,1788849691971991,1788849692073340,101349
load10000-burst,2,2000,3462,1788849691971991,1788849692073403,101412
load10000-burst,2,2000,3463,1788849691971991,1788849692073428,101437
load10000-burst,2,2000,3464,1788849691971991,1788849692073447,101456
load10000-burst,2,2000,3465,1788849691971991,1788849692073473,101482
load10000-burst,2,2000,3466,1788849691971991,1788849692073496,101505
load10000-burst,2,2000,3467,1788849691971991,1788849692073531,101540
load10000-burst,2,2000,3468,1788849691971991,1788849692073578,101587
load10000-burst,2,2000,3469,1788849691971991,1788849692073621,101630
load10000-burst,2,2000,3470,1788849691971991,1788849692073665,101674
load10000-burst,2,2000,3471,1788849691971991,1788849692073714,101723
load10000-burst,2,2000,3472,1788849691971991,1788849692073754,101763
load10000-burst,2,2000,3473,1788849691971991,1788849692073798,101807
load10000-burst,2,2000,3474,1788849691971991,1788849692073824,101833
load10000-burst,2,2000,3475,1788849691971991,1788849692073853,101862
load10000-burst,2,2000,3476,1788849691971991,1788849692073901,101910
load10000-burst,2,2000,3477,1788849691971991,1788849692073939,101948
load10000-burst,2,2000,3478,1788849691971991,1788849692073981,101990
load10000-burst,2,2000,3479,1788849691971991,1788849692074046,102055
load10000-burst,2,2000,3480,1788849691971991,1788849692074088,102097
load10000-burst,2,2000,3481,1788849691971991,1788849692074143,102152
load10000-burst,2,2000,3482,1788849691971991,1788849692074198,102207
load10000-burst,2,2000,3483,1788849691971991,1788849692074237,102246
load10000-burst,2,2000,3484,1788849691971991,1788849692074290,102299
load10000-burst,2,2000,3485,1788849691971991,1788849692074319,102328
load10000-burst,2,2000,3486,1788849691971991,1788849692074352,102361
load10000-burst,2,2000,3487,1788849691971991,1788849692074389,102398
load10000-burst,2,2000,3488,1788849691971991,1788849692074421,102430
load10000-burst,2,2000,3489,1788849691971991,1788849692074448,102457
load10000-burst,2,2000,3490,1788849691971991,1788849692074472,102481
load10000-burst,2,2000,3491,1788849691971991,1788849692074497,102506
load10000-burst,2,2000,3492,1788849691971991,1788849692074521,102530
load10000-burst,2,2000,3493,1788849691971991,1788849692074544,102553
load10000-burst,2,2000,3494,1788849691971991,1788849692074583,102592
load10000-burst,2,2000,3495,1788849691971991,1788849692074625,102634
load10000-burst,2,2000,3496,1788849691971991,1788849692074653,102662
load10000-burst,2,2000,3497,1788849691971991,1788849692074685,102694
load10000-burst,2,2000,3498,1788849691971991,1788849692074725,102734
load10000-burst,2,2000,3499,1788849691971991,1788849692074763,102772
load10000-burst,2,2000,3500,1788849691971991,1788849692074800,102809
load10000-burst,2,2000,3501,1788849691971991,1788849692074841,102850
load10000-burst,2,2000,3502,1788849691971991,1788849692074874,102883
load10000-burst,2,2000,3503,1788849691971991,1788849692074930,102939
load10000-burst,2,2000,3504,1788849691971991,1788849692074954,102963
load10000-burst,2,2000,3505,1788849691971991,1788849692074977,102986
load10000-burst,2,2000,3506,1788849691971991,1788849692075016,103025
load10000-burst,2,2000,3507,1788849691971991,1788849692075081,103090
load10000-burst,2,2000,3508,1788849691971991,1788849692075163,103172
load10000-burst,2,2000,3509,1788849691971991,1788849692075220,103229
load10000-burst,2,2000,3510,1788849691971991,1788849692075270,103279
load10000-burst,2,2000,3511,1788849691971991,1788849692075312,103321
load10000-burst,2,2000,3512,1788849691971991,1788849692075356,103365
load10000-burst,2,2000,3513,1788849691971991,1788849692075404,103413
load10000-burst,2,2000,3514,1788849691971991,1788849692075453,103462
load10000-burst,2,2000,3515,1788849691971991,1788849692075495,103504
load10000-burst,2,2000,3516,1788849691971991,1788849692075542,103551
load10000-burst,2,2000,3517,1788849691971991,1788849692075588,103597
load10000-burst,2,2000,3518,1788849691971991,1788849692075636,103645
load10000-burst,2,2000,3519,1788849691971991,1788849692075670,103679
load10000-burst,2,2000,3520,1788849691971991,1788849692075698,103707
load10000-burst,2,2000,3521,1788849691971991,1788849692075723,103732
load10000-burst,2,2000,3522,1788849691971991,1788849692075750,103759
load10000-burst,2,2000,3523,1788849691971991,1788849692075786,103795
load10000-burst,2,2000,3524,1788849691971991,1788849692075849,103858
load10000-burst,2,2000,3525,1788849691971991,1788849692075879,103888
load10000-burst,2,2000,3526,1788849691971991,1788849692075904,103913
load10000-burst,2,2000,3527,1788849691971991,1788849692075926,103935
load10000-burst,2,2000,3528,1788849691971991,1788849692075956,103965
load10000-burst,2,2000,3529,1788849691971991,1788849692075995,104004
load10000-burst,2,2000,3530,1788849691971991,1788849692076025,104034
load10000-burst,2,2000,3531,1788849691971991,1788849692076056,104065
load10000-burst,2,2000,3532,1788849691971991,1788849692076083,104092
load10000-burst,2,2000,3533,1788849691971991,1788849692076112,104121
load10000-burst,2,2000,3534,1788849691971991,1788849692076138,104147
load10000-burst,2,2000,3535,1788849691971991,1788849692076166,104175
load10000-burst,2,2000,3536,1788849691971991,1788849692076191,104200
load10000-burst,2,2000,3537,1788849691971991,1788849692076214,104223
load10000-burst,2,2000,3538,1788849691971991,1788849692076236,104245
load10000-burst,2,2000,3539,1788849691971991,1788849692076261,104270
load10000-burst,2,2000,3540,1788849691971991,1788849692076283,104292
load10000-burst,2,2000,3541,1788849691971991,1788849692076305,104314
load10000-burst,2,2000,3542,1788849691971991,1788849692076327,104336
load10000-burst,2,2000,3543,1788849691971991,1788849692076349,104358
load10000-burst,2,2000,3544,1788849691971991,1788849692076371,104380
load10000-burst,2,2000,3545,1788849691971991,1788849692076394,104403
load10000-burst,2,2000,3546,1788849691971991,1788849692076417,104426
load10000-burst,2,2000,3547,1788849691971991,1788849692076439,104448
load10000-burst,2,2000,3548,1788849691971991,1788849692076487,104496
load10000-burst,2,2000,3549,1788849691971991,1788849692076539,104548
load10000-burst,2,2000,3550,1788849691971991,1788849692076599,104608
load10000-burst,2,2000,3551,1788849691971991,1788849692076647,104656
load10000-burst,2,2000,3552,1788849691971991,1788849692076714,104723
load10000-burst,2,2000,3553,1788849691971991,1788849692076791,104800
load10000-burst,2,2000,3554,1788849691971991,1788849692076866,104875
load10000-burst,2,2000,3555,1788849691971991,1788849692076941,104950
load10000-burst,2,2000,3556,1788849691971991,1788849692077004,105013
load10000-burst,2,2000,3557,1788849691971991,1788849692077077,105086
load10000-burst,2,2000,3558,1788849691971991,1788849692077131,105140
load10000-burst,2,2000,3559,1788849691971991,1788849692077180,105189
load10000-burst,2,2000,3560,1788849691971991,1788849692077218,105227
load10000-burst,2,2000,3561,1788849691971991,1788849692077248,105257
load10000-burst,2,2000,3562,1788849691971991,1788849692077290,105299
load10000-burst,2,2000,3563,1788849691971991,1788849692077342,105351
load10000-burst,2,2000,3564,1788849691971991,1788849692077395,105404
load10000-burst,2,2000,3565,1788849691971991,1788849692077434,105443
load10000-burst,2,2000,3566,1788849691971991,1788849692077478,105487
load10000-burst,2,2000,3567,1788849691971991,1788849692077585,105594
load10000-burst,2,2000,3568,1788849691971991,1788849692077637,105646
load10000-burst,2,2000,3569,1788849691971991,1788849692077684,105693
load10000-burst,2,2000,3570,1788849691971991,1788849692077722,105731
load10000-burst,2,2000,3571,1788849691971991,1788849692077785,105794
load10000-burst,2,2000,3572,1788849691971991,1788849692077823,105832
load10000-burst,2,2000,3573,1788849691971991,1788849692077866,105875
load10000-burst,2,2000,3574,1788849691971991,1788849692077893,105902
load10000-burst,2,2000,3575,1788849691971991,1788849692077927,105936
load10000-burst,2,2000,3576,1788849691971991,1788849692077953,105962
load10000-burst,2,2000,3577,1788849691971991,1788849692077983,105992
load10000-burst,2,2000,3578,1788849691971991,1788849692078020,106029
load10000-burst,2,2000,3579,1788849691971991,1788849692078039,106048
load10000-burst,2,2000,3580,1788849691971991,1788849692078057,106066
load10000-burst,2,2000,3581,1788849691971991,1788849692078082,106091
load10000-burst,2,2000,3582,1788849691971991,1788849692078105,106114
load10000-burst,2,2000,3583,1788849691971991,1788849692078135,106144
load10000-burst,2,2000,3584,1788849691971991,1788849692078161,106170
load10000-burst,2,2000,3585,1788849691971991,1788849692078184,106193
load10000-burst,2,2000,3586,1788849691971991,1788849692078207,106216
load10000-burst,2,2000,3587,1788849691971991,1788849692078230,106239
load10000-burst,2,2000,3588,1788849691971991,1788849692078264,106273
load10000-burst,2,2000,3589,1788849691971991,1788849692078313,106322
load10000-burst,2,2000,3590,1788849691971991,1788849692078340,106349
load10000-burst,2,2000,3591,1788849691971991,1788849692078365,106374
load10000-burst,2,2000,3592,1788849691971991,1788849692078389,106398
load10000-burst,2,2000,3593,1788849691971991,1788849692078426,106435
load10000-burst,2,2000,3594,1788849691971991,1788849692078505,106514
load10000-burst,2,2000,3595,1788849691971991,1788849692078576,106585
load10000-burst,2,2000,3596,1788849691971991,1788849692078636,106645
load10000-burst,2,2000,3597,1788849691971991,1788849692078676,106685
load10000-burst,2,2000,3598,1788849691971991,1788849692078711,106720
load10000-burst,2,2000,3599,1788849691971991,1788849692078750,106759
load10000-burst,2,2000,3600,1788849691971991,1788849692078777,106786
load10000-burst,2,2000,3601,1788849691971991,1788849692078808,106817
load10000-burst,2,2000,3602,1788849691971991,1788849692078834,106843
load10000-burst,2,2000,3603,1788849691971991,1788849692078865,106874
load10000-burst,2,2000,3604,1788849691971991,1788849692078904,106913
load10000-burst,2,2000,3605,1788849691971991,1788849692078930,106939
load10000-burst,2,2000,3606,1788849691971991,1788849692078961,106970
load10000-burst,2,2000,3607,1788849691971991,1788849692078984,106993
load10000-burst,2,2000,3608,1788849691971991,1788849692079004,107013
load10000-burst,2,2000,3609,1788849691971991,1788849692079028,107037
load10000-burst,2,2000,3610,1788849691971991,1788849692079052,107061
load10000-burst,2,2000,3611,1788849691971991,1788849692079077,107086
load10000-burst,2,2000,3612,1788849691971991,1788849692079116,107125
load10000-burst,2,2000,3613,1788849691971991,1788849692079152,107161
load10000-burst,2,2000,3614,1788849691971991,1788849692079183,107192
load10000-burst,2,2000,3615,1788849691971991,1788849692079233,107242
load10000-burst,2,2000,3616,1788849691971991,1788849692079302,107311
load10000-burst,2,2000,3617,1788849691971991,1788849692079339,107348
load10000-burst,2,2000,3618,1788849691971991,1788849692079363,107372
load10000-burst,2,2000,3619,1788849691971991,1788849692079398,107407
load10000-burst,2,2000,3620,1788849691971991,1788849692079434,107443
load10000-burst,2,2000,3621,1788849691971991,1788849692079475,107484
load10000-burst,2,2000,3622,1788849691971991,1788849692079514,107523
load10000-burst,2,2000,3623,1788849691971991,1788849692079556,107565
load10000-burst,2,2000,3624,1788849691971991,1788849692079585,107594
load10000-burst,2,2000,3625,1788849691971991,1788849692079617,107626
load10000-burst,2,2000,3626,1788849691971991,1788849692079648,107657
load10000-burst,2,2000,3627,1788849691971991,1788849692079673,107682
load10000-burst,2,2000,3628,1788849691971991,1788849692079713,107722
load10000-burst,2,2000,3629,1788849691971991,1788849692079743,107752
load10000-burst,2,2000,3630,1788849691971991,1788849692079784,107793
load10000-burst,2,2000,3631,1788849691971991,1788849692079833,107842
load10000-burst,2,2000,3632,1788849691971991,1788849692079865,107874
load10000-burst,2,2000,3633,1788849691971991,1788849692079891,107900
load10000-burst,2,2000,3634,1788849691971991,1788849692079914,107923
load10000-burst,2,2000,3635,1788849691971991,1788849692079938,107947
load10000-burst,2,2000,3636,1788849691971991,1788849692079969,107978
load10000-burst,2,2000,3637,1788849691971991,1788849692080030,108039
load10000-burst,2,2000,3638,1788849691971991,1788849692080079,108088
load10000-burst,2,2000,3639,1788849691971991,1788849692080107,108116
load10000-burst,2,2000,3640,1788849691971991,1788849692080164,108173
load10000-burst,2,2000,3641,1788849691971991,1788849692080193,108202
load10000-burst,2,2000,3642,1788849691971991,1788849692080219,108228
load10000-burst,2,2000,3643,1788849691971991,1788849692080248,108257
load10000-burst,2,2000,3644,1788849691971991,1788849692080273,108282
load10000-burst,2,2000,3645,1788849691971991,1788849692080297,108306
load10000-burst,2,2000,3646,1788849691971991,1788849692080327,108336
load10000-burst,2,2000,3647,1788849691971991,1788849692080361,108370
load10000-burst,2,2000,3648,1788849691971991,1788849692080385,108394
load10000-burst,2,2000,3649,1788849691971991,1788849692080409,108418
load10000-burst,2,2000,3650,1788849691971991,1788849692080449,108458
load10000-burst,2,2000,3651,1788849691971991,1788849692080473,108482
load10000-burst,2,2000,3652,1788849691971991,1788849692080507,108516
load10000-burst,2,2000,3653,1788849691971991,1788849692080539,108548
load10000-burst,2,2000,3654,1788849691971991,1788849692080566,108575
load10000-burst,2,2000,3655,1788849691971991,1788849692080604,108613
load10000-burst,2,2000,3656,1788849691971991,1788849692080656,108665
load10000-burst,2,2000,3657,1788849691971991,1788849692080733,108742
load10000-burst,2,2000,3658,1788849691971991,1788849692080807,108816
load10000-burst,2,2000,3659,1788849691971991,1788849692080851,108860
load10000-burst,2,2000,3660,1788849691971991,1788849692080910,108919
load10000-burst,2,2000,3661,1788849691971991,1788849692080995,109004
load10000-burst,2,2000,3662,1788849691971991,1788849692081045,109054
load10000-burst,2,2000,3663,1788849691971991,1788849692081111,109120
load10000-burst,2,2000,3664,1788849691971991,1788849692081156,109165
load10000-burst,2,2000,3665,1788849691971991,1788849692081202,109211
load10000-burst,2,2000,3666,1788849691971991,1788849692081281,109290
load10000-burst,2,2000,3667,1788849691971991,1788849692081337,109346
load10000-burst,2,2000,3668,1788849691971991,1788849692081401,109410
load10000-burst,2,2000,3669,1788849691971991,1788849692081456,109465
load10000-burst,2,2000,3670,1788849691971991,1788849692081530,109539
load10000-burst,2,2000,3671,1788849691971991,1788849692081559,109568
load10000-burst,2,2000,3672,1788849691971991,1788849692081583,109592
load10000-burst,2,2000,3673,1788849691971991,1788849692081607,109616
load10000-burst,2,2000,3674,1788849691971991,1788849692081645,109654
load10000-burst,2,2000,3675,1788849691971991,1788849692081710,109719
load10000-burst,2,2000,3676,1788849691971991,1788849692081786,109795
load10000-burst,2,2000,3677,1788849691971991,1788849692081854,109863
load10000-burst,2,2000,3678,1788849691971991,1788849692081899,109908
load10000-burst,2,2000,3679,1788849691971991,1788849692081939,109948
load10000-burst,2,2000,3680,1788849691971991,1788849692081969,109978
load10000-burst,2,2000,3681,1788849691971991,1788849692081999,110008
load10000-burst,2,2000,3682,1788849691971991,1788849692082039,110048
load10000-burst,2,2000,3683,1788849691971991,1788849692082076,110085
load10000-burst,2,2000,3684,1788849691971991,1788849692082115,110124
load10000-burst,2,2000,3685,1788849691971991,1788849692082150,110159
load10000-burst,2,2000,3686,1788849691971991,1788849692082202,110211
load10000-burst,2,2000,3687,1788849691971991,1788849692082283,110292
load10000-burst,2,2000,3688,1788849691971991,1788849692082340,110349
load10000-burst,2,2000,3689,1788849691971991,1788849692082379,110388
load10000-burst,2,2000,3690,1788849691971991,1788849692082420,110429
load10000-burst,2,2000,3691,1788849691971991,1788849692082462,110471
load10000-burst,2,2000,3692,1788849691971991,1788849692082523,110532
load10000-burst,2,2000,3693,1788849691971991,1788849692082557,110566
load10000-burst,2,2000,3694,1788849691971991,1788849692082595,110604
load10000-burst,2,2000,3695,1788849691971991,1788849692082627,110636
load10000-burst,2,2000,3696,1788849691971991,1788849692082665,110674
load10000-burst,2,2000,3697,1788849691971991,1788849692082698,110707
load10000-burst,2,2000,3698,1788849691971991,1788849692082753,110762
load10000-burst,2,2000,3699,1788849691971991,1788849692082803,110812
load10000-burst,2,2000,3700,1788849691971991,1788849692082851,110860
load10000-burst,2,2000,3701,1788849691971991,1788849692082893,110902
load10000-burst,2,2000,3702,1788849691971991,1788849692082949,110958
load10000-burst,2,2000,3703,1788849691971991,1788849692083020,111029
load10000-burst,2,2000,3704,1788849691971991,1788849692083070,111079
load10000-burst,2,2000,3705,1788849691971991,1788849692083114,111123
load10000-burst,2,2000,3706,1788849691971991,1788849692083157,111166
load10000-burst,2,2000,3707,1788849691971991,1788849692083202,111211
load10000-burst,2,2000,3708,1788849691971991,1788849692083289,111298
load10000-burst,2,2000,3709,1788849691971991,1788849692083342,111351
load10000-burst,2,2000,3710,1788849691971991,1788849692083404,111413
load10000-burst,2,2000,3711,1788849691971991,1788849692083447,111456
load10000-burst,2,2000,3712,1788849691971991,1788849692083499,111508
load10000-burst,2,2000,3713,1788849691971991,1788849692083547,111556
load10000-burst,2,2000,3714,1788849691971991,1788849692083614,111623
load10000-burst,2,2000,3715,1788849691971991,1788849692083664,111673
load10000-burst,2,2000,3716,1788849691971991,1788849692083693,111702
load10000-burst,2,2000,3717,1788849691971991,1788849692083718,111727
load10000-burst,2,2000,3718,1788849691971991,1788849692083742,111751
load10000-burst,2,2000,3719,1788849691971991,1788849692083765,111774
load10000-burst,2,2000,3720,1788849691971991,1788849692083787,111796
load10000-burst,2,2000,3721,1788849691971991,1788849692083817,111826
load10000-burst,2,2000,3722,1788849691971991,1788849692083856,111865
load10000-burst,2,2000,3723,1788849691971991,1788849692083891,111900
load10000-burst,2,2000,3724,1788849691971991,1788849692083917,111926
load10000-burst,2,2000,3725,1788849691971991,1788849692083957,111966
load10000-burst,2,2000,3726,1788849691971991,1788849692083993,112002
load10000-burst,2,2000,3727,1788849691971991,1788849692084060,112069
load10000-burst,2,2000,3728,1788849691971991,1788849692084100,112109
load10000-burst,2,2000,3729,1788849691971991,1788849692084153,112162
load10000-burst,2,2000,3730,1788849691971991,1788849692084193,112202
load10000-burst,2,2000,3731,1788849691971991,1788849692084256,112265
load10000-burst,2,2000,3732,1788849691971991,1788849692084320,112329
load10000-burst,2,2000,3733,1788849691971991,1788849692084391,112400
load10000-burst,2,2000,3734,1788849691971991,1788849692084485,112494
load10000-burst,2,2000,3735,1788849691971991,1788849692084532,112541
load10000-burst,2,2000,3736,1788849691971991,1788849692084576,112585
load10000-burst,2,2000,3737,1788849691971991,1788849692084630,112639
load10000-burst,2,2000,3738,1788849691971991,1788849692084717,112726
load10000-burst,2,2000,3739,1788849691971991,1788849692084801,112810
load10000-burst,2,2000,3740,1788849691971991,1788849692084859,112868
load10000-burst,2,2000,3741,1788849691971991,1788849692084898,112907
load10000-burst,2,2000,3742,1788849691971991,1788849692084924,112933
load10000-burst,2,2000,3743,1788849691971991,1788849692084954,112963
load10000-burst,2,2000,3744,1788849691971991,1788849692084984,112993
load10000-burst,2,2000,3745,1788849691971991,1788849692085010,113019
load10000-burst,2,2000,3746,1788849691971991,1788849692085044,113053
load10000-burst,2,2000,3747,1788849691971991,1788849692085097,113106
load10000-burst,2,2000,3748,1788849691971991,1788849692085147,113156
load10000-burst,2,2000,3749,1788849691971991,1788849692085198,113207
load10000-burst,2,2000,3750,1788849691971991,1788849692085275,113284
load10000-burst,2,2000,3751,1788849691971991,1788849692085341,113350
load10000-burst,2,2000,3752,1788849691971991,1788849692085382,113391
load10000-burst,2,2000,3753,1788849691971991,1788849692085408,113417
load10000-burst,2,2000,3754,1788849691971991,1788849692085428,113437
load10000-burst,2,2000,3755,1788849691971991,1788849692085454,113463
load10000-burst,2,2000,3756,1788849691971991,1788849692085487,113496
load10000-burst,2,2000,3757,1788849691971991,1788849692085512,113521
load10000-burst,2,2000,3758,1788849691971991,1788849692085581,113590
load10000-burst,2,2000,3759,1788849691971991,1788849692085617,113626
load10000-burst,2,2000,3760,1788849691971991,1788849692085643,113652
load10000-burst,2,2000,3761,1788849691971991,1788849692085668,113677
load10000-burst,2,2000,3762,1788849691971991,1788849692085694,113703
load10000-burst,2,2000,3763,1788849691971991,1788849692085728,113737
load10000-burst,2,2000,3764,1788849691971991,1788849692085788,113797
load10000-burst,2,2000,3765,1788849691971991,1788849692085839,113848
load10000-burst,2,2000,3766,1788849691971991,1788849692085869,113878
load10000-burst,2,2000,3767,1788849691971991,1788849692085912,113921
load10000-burst,2,2000,3768,1788849691971991,1788849692085987,113996
load10000-burst,2,2000,3769,1788849691971991,1788849692086025,114034
load10000-burst,2,2000,3770,1788849691971991,1788849692086078,114087
load10000-burst,2,2000,3771,1788849691971991,1788849692086136,114145
load10000-burst,2,2000,3772,1788849691971991,1788849692086195,114204
load10000-burst,2,2000,3773,1788849691971991,1788849692086254,114263
load10000-burst,2,2000,3774,1788849691971991,1788849692086288,114297
load10000-burst,2,2000,3775,1788849691971991,1788849692086328,114337
load10000-burst,2,2000,3776,1788849691971991,1788849692086374,114383
load10000-burst,2,2000,3777,1788849691971991,1788849692086402,114411
load10000-burst,2,2000,3778,1788849691971991,1788849692086438,114447
load10000-burst,2,2000,3779,1788849691971991,1788849692086487,114496
load10000-burst,2,2000,3780,1788849691971991,1788849692086534,114543
load10000-burst,2,2000,3781,1788849691971991,1788849692086585,114594
load10000-burst,2,2000,3782,1788849691971991,1788849692086637,114646
load10000-burst,2,2000,3783,1788849691971991,1788849692086696,114705
load10000-burst,2,2000,3784,1788849691971991,1788849692086726,114735
load10000-burst,2,2000,3785,1788849691971991,1788849692086758,114767
load10000-burst,2,2000,3786,1788849691971991,1788849692086815,114824
load10000-burst,2,2000,3787,1788849691971991,1788849692086865,114874
load10000-burst,2,2000,3788,1788849691971991,1788849692086910,114919
load10000-burst,2,2000,3789,1788849691971991,1788849692086942,114951
load10000-burst,2,2000,3790,1788849691971991,1788849692086985,114994
load10000-burst,2,2000,3791,1788849691971991,1788849692087015,115024
load10000-burst,2,2000,3792,1788849691971991,1788849692087050,115059
load10000-burst,2,2000,3793,1788849691971991,1788849692087102,115111
load10000-burst,2,2000,3794,1788849691971991,1788849692087128,115137
load10000-burst,2,2000,3795,1788849691971991,1788849692087152,115161
load10000-burst,2,2000,3796,1788849691971991,1788849692087177,115186
load10000-burst,2,2000,3797,1788849691971991,1788849692087201,115210
load10000-burst,2,2000,3798,1788849691971991,1788849692087225,115234
load10000-burst,2,2000,3799,1788849691971991,1788849692087258,115267
load10000-burst,2,2000,3800,1788849691971991,1788849692087294,115303
load10000-burst,2,2000,3801,1788849691971991,1788849692087338,115347
load10000-burst,2,2000,3802,1788849691971991,1788849692087366,115375
load10000-burst,2,2000,3803,1788849691971991,1788849692087391,115400
load10000-burst,2,2000,3804,1788849691971991,1788849692087425,115434
load10000-burst,2,2000,3805,1788849691971991,1788849692087451,115460
load10000-burst,2,2000,3806,1788849691971991,1788849692087475,115484
load10000-burst,2,2000,3807,1788849691971991,1788849692087498,115507
load10000-burst,2,2000,3808,1788849691971991,1788849692087522,115531
load10000-burst,2,2000,3809,1788849691971991,1788849692087547,115556
load10000-burst,2,2000,3810,1788849691971991,1788849692087570,115579
load10000-burst,2,2000,3811,1788849691971991,1788849692087604,115613
load10000-burst,2,2000,3812,1788849691971991,1788849692087654,115663
load10000-burst,2,2000,3813,1788849691971991,1788849692087708,115717
load10000-burst,2,2000,3814,1788849691971991,1788849692087744,115753
load10000-burst,2,2000,3815,1788849691971991,1788849692087777,115786
load10000-burst,2,2000,3816,1788849691971991,1788849692087802,115811
load10000-burst,2,2000,3817,1788849691971991,1788849692087826,115835
load10000-burst,2,2000,3818,1788849691971991,1788849692087865,115874
load10000-burst,2,2000,3819,1788849691971991,1788849692087904,115913
load10000-burst,2,2000,3820,1788849691971991,1788849692087940,115949
load10000-burst,2,2000,3821,1788849691971991,1788849692087965,115974
load10000-burst,2,2000,3822,1788849691971991,1788849692087989,115998
load10000-burst,2,2000,3823,1788849691971991,1788849692088011,116020
load10000-burst,2,2000,3824,1788849691971991,1788849692088047,116056
load10000-burst,2,2000,3825,1788849691971991,1788849692088080,116089
load10000-burst,2,2000,3826,1788849691971991,1788849692088105,116114
load10000-burst,2,2000,3827,1788849691971991,1788849692088130,116139
load10000-burst,2,2000,3828,1788849691971991,1788849692088157,116166
load10000-burst,2,2000,3829,1788849691971991,1788849692088179,116188
load10000-burst,2,2000,3830,1788849691971991,1788849692088202,116211
load10000-burst,2,2000,3831,1788849691971991,1788849692088226,116235
load10000-burst,2,2000,3832,1788849691971991,1788849692088250,116259
load10000-burst,2,2000,3833,1788849691971991,1788849692088272,116281
load10000-burst,2,2000,3834,1788849691971991,1788849692088294,116303
load10000-burst,2,2000,3835,1788849691971991,1788849692088315,116324
load10000-burst,2,2000,3836,1788849691971991,1788849692088337,116346
load10000-burst,2,2000,3837,1788849691971991,1788849692088358,116367
load10000-burst,2,2000,3838,1788849691971991,1788849692088398,116407
load10000-burst,2,2000,3839,1788849691971991,1788849692088441,116450
load10000-burst,2,2000,3840,1788849691971991,1788849692088492,116501
load10000-burst,2,2000,3841,1788849691971991,1788849692088540,116549
load10000-burst,2,2000,3842,1788849691971991,1788849692088576,116585
load10000-burst,2,2000,3843,1788849691971991,1788849692088622,116631
load10000-burst,2,2000,3844,1788849691971991,1788849692088663,116672
load10000-burst,2,2000,3845,1788849691971991,1788849692088710,116719
load10000-burst,2,2000,3846,1788849691971991,1788849692088794,116803
load10000-burst,2,2000,3847,1788849691971991,1788849692088875,116884
load10000-burst,2,2000,3848,1788849691971991,1788849692088956,116965
load10000-burst,2,2000,3849,1788849691971991,1788849692089024,117033
load10000-burst,2,2000,3850,1788849691971991,1788849692089087,117096
load10000-burst,2,2000,3851,1788849691971991,1788849692089147,117156
load10000-burst,2,2000,3852,1788849691971991,1788849692089201,117210
load10000-burst,2,2000,3853,1788849691971991,1788849692089247,117256
load10000-burst,2,2000,3854,1788849691971991,1788849692089330,117339
load10000-burst,2,2000,3855,1788849691971991,1788849692089429,117438
load10000-burst,2,2000,3856,1788849691971991,1788849692089494,117503
load10000-burst,2,2000,3857,1788849691971991,1788849692089538,117547
load10000-burst,2,2000,3858,1788849691971991,1788849692089580,117589
load10000-burst,2,2000,3859,1788849691971991,1788849692089636,117645
load10000-burst,2,2000,3860,1788849691971991,1788849692089673,117682
load10000-burst,2,2000,3861,1788849691971991,1788849692089722,117731
load10000-burst,2,2000,3862,1788849691971991,1788849692089778,117787
load10000-burst,2,2000,3863,1788849691971991,1788849692089823,117832
load10000-burst,2,2000,3864,1788849691971991,1788849692089859,117868
load10000-burst,2,2000,3865,1788849691971991,1788849692089894,117903
load10000-burst,2,2000,3866,1788849691971991,1788849692089947,117956
load10000-burst,2,2000,3867,1788849691971991,1788849692090024,118033
load10000-burst,2,2000,3868,1788849691971991,1788849692090065,118074
load10000-burst,2,2000,3869,1788849691971991,1788849692090104,118113
load10000-burst,2,2000,3870,1788849691971991,1788849692090133,118142
load10000-burst,2,2000,3871,1788849691971991,1788849692090157,118166
load10000-burst,2,2000,3872,1788849691971991,1788849692090180,118189
load10000-burst,2,2000,3873,1788849691971991,1788849692090222,118231
load10000-burst,2,2000,3874,1788849691971991,1788849692090307,118316
load10000-burst,2,2000,3875,1788849691971991,1788849692090354,118363
load10000-burst,2,2000,3876,1788849691971991,1788849692090399,118408
load10000-burst,2,2000,3877,1788849691971991,1788849692090433,118442
load10000-burst,2,2000,3878,1788849691971991,1788849692090474,118483
load10000-burst,2,2000,3879,1788849691971991,1788849692090515,118524
load10000-burst,2,2000,3880,1788849691971991,1788849692090571,118580
load10000-burst,2,2000,3881,1788849691971991,1788849692090611,118620
load10000-burst,2,2000,3882,1788849691971991,1788849692090658,118667
load10000-burst,2,2000,3883,1788849691971991,1788849692090730,118739
load10000-burst,2,2000,3884,1788849691971991,1788849692090798,118807
load10000-burst,2,2000,3885,1788849691971991,1788849692090839,118848
load10000-burst,2,2000,3886,1788849691971991,1788849692090882,118891
load10000-burst,2,2000,3887,1788849691971991,1788849692090917,118926
load10000-burst,2,2000,3888,1788849691971991,1788849692090957,118966
load10000-burst,2,2000,3889,1788849691971991,1788849692090992,119001
load10000-burst,2,2000,3890,1788849691971991,1788849692091046,119055
load10000-burst,2,2000,3891,1788849691971991,1788849692091079,119088
load10000-burst,2,2000,3892,1788849691971991,1788849692091105,119114
load10000-burst,2,2000,3893,1788849691971991,1788849692091135,119144
load10000-burst,2,2000,3894,1788849691971991,1788849692091171,119180
load10000-burst,2,2000,3895,1788849691971991,1788849692091193,119202
load10000-burst,2,2000,3896,1788849691971991,1788849692091211,119220
load10000-burst,2,2000,3897,1788849691971991,1788849692091251,119260
load10000-burst,2,2000,3898,1788849691971991,1788849692091301,119310
load10000-burst,2,2000,3899,1788849691971991,1788849692091332,119341
load10000-burst,2,2000,3900,1788849691971991,1788849692091362,119371
load10000-burst,2,2000,3901,1788849691971991,1788849692091399,119408
load10000-burst,2,2000,3902,1788849691971991,1788849692091432,119441
load10000-burst,2,2000,3903,1788849691971991,1788849692091455,119464
load10000-burst,2,2000,3904,1788849691971991,1788849692091479,119488
load10000-burst,2,2000,3905,1788849691971991,1788849692091519,119528
load10000-burst,2,2000,3906,1788849691971991,1788849692091565,119574
load10000-burst,2,2000,3907,1788849691971991,1788849692091598,119607
load10000-burst,2,2000,3908,1788849691971991,1788849692091655,119664
load10000-burst,2,2000,3909,1788849691971991,1788849692091682,119691
load10000-burst,2,2000,3910,1788849691971991,1788849692091706,119715
load10000-burst,2,2000,3911,1788849691971991,1788849692091739,119748
load10000-burst,2,2000,3912,1788849691971991,1788849692091765,119774
load10000-burst,2,2000,3913,1788849691971991,1788849692091798,119807
load10000-burst,2,2000,3914,1788849691971991,1788849692091823,119832
load10000-burst,2,2000,3915,1788849691971991,1788849692091846,119855
load10000-burst,2,2000,3916,1788849691971991,1788849692091869,119878
load10000-burst,2,2000,3917,1788849691971991,1788849692091891,119900
load10000-burst,2,2000,3918,1788849691971991,1788849692091921,119930
load10000-burst,2,2000,3919,1788849691971991,1788849692091941,119950
load10000-burst,2,2000,3920,1788849691971991,1788849692091984,119993
load10000-burst,2,2000,3921,1788849691971991,1788849692092059,120068
load10000-burst,2,2000,3922,1788849691971991,1788849692092117,120126
load10000-burst,2,2000,3923,1788849691971991,1788849692092155,120164
load10000-burst,2,2000,3924,1788849691971991,1788849692092184,120193
load10000-burst,2,2000,3925,1788849691971991,1788849692092231,120240
load10000-burst,2,2000,3926,1788849691971991,1788849692092262,120271
load10000-burst,2,2000,3927,1788849691971991,1788849692092287,120296
load10000-burst,2,2000,3928,1788849691971991,1788849692092326,120335
load10000-burst,2,2000,3929,1788849691971991,1788849692092398,120407
load10000-burst,2,2000,3930,1788849691971991,1788849692092470,120479
load10000-burst,2,2000,3931,1788849691971991,1788849692092536,120545
load10000-burst,2,2000,3932,1788849691971991,1788849692092564,120573
load10000-burst,2,2000,3933,1788849691971991,1788849692092603,120612
load10000-burst,2,2000,3934,1788849691971991,1788849692092664,120673
load10000-burst,2,2000,3935,1788849691971991,1788849692092745,120754
load10000-burst,2,2000,3936,1788849691971991,1788849692092816,120825
load10000-burst,2,2000,3937,1788849691971991,1788849692092869,120878
load10000-burst,2,2000,3938,1788849691971991,1788849692092933,120942
load10000-burst,2,2000,3939,1788849691971991,1788849692092974,120983
load10000-burst,2,2000,3940,1788849691971991,1788849692093009,121018
load10000-burst,2,2000,3941,1788849691971991,1788849692093044,121053
load10000-burst,2,2000,3942,1788849691971991,1788849692093107,121116
load10000-burst,2,2000,3943,1788849691971991,1788849692093139,121148
load10000-burst,2,2000,3944,1788849691971991,1788849692093158,121167
load10000-burst,2,2000,3945,1788849691971991,1788849692093196,121205
load10000-burst,2,2000,3946,1788849691971991,1788849692093229,121238
load10000-burst,2,2000,3947,1788849691971991,1788849692093263,121272
load10000-burst,2,2000,3948,1788849691971991,1788849692093297,121306
load10000-burst,2,2000,3949,1788849691971991,1788849692093320,121329
load10000-burst,2,2000,3950,1788849691971991,1788849692093344,121353
load10000-burst,2,2000,3951,1788849691971991,1788849692093367,121376
load10000-burst,2,2000,3952,1788849691971991,1788849692093391,121400
load10000-burst,2,2000,3953,1788849691971991,1788849692093435,121444
load10000-burst,2,2000,3954,1788849691971991,1788849692093500,121509
load10000-burst,2,2000,3955,1788849691971991,1788849692093534,121543
load10000-burst,2,2000,3956,1788849691971991,1788849692093565,121574
load10000-burst,2,2000,3957,1788849691971991,1788849692093609,121618
load10000-burst,2,2000,3958,1788849691971991,1788849692093684,121693
load10000-burst,2,2000,3959,1788849691971991,1788849692093722,121731
load10000-burst,2,2000,3960,1788849691971991,1788849692093784,121793
load10000-burst,2,2000,3961,1788849691971991,1788849692093826,121835
load10000-burst,2,2000,3962,1788849691971991,1788849692093852,121861
load10000-burst,2,2000,3963,1788849691971991,1788849692093875,121884
load10000-burst,2,2000,3964,1788849691971991,1788849692093898,121907
load10000-burst,2,2000,3965,1788849691971991,1788849692093921,121930
load10000-burst,2,2000,3966,1788849691971991,1788849692093945,121954
load10000-burst,2,2000,3967,1788849691971991,1788849692093967,121976
load10000-burst,2,2000,3968,1788849691971991,1788849692093991,122000
load10000-burst,2,2000,3969,1788849691971991,1788849692094015,122024
load10000-burst,2,2000,3970,1788849691971991,1788849692094040,122049
load10000-burst,2,2000,3971,1788849691971991,1788849692094064,122073
load10000-burst,2,2000,3972,1788849691971991,1788849692094094,122103
load10000-burst,2,2000,3973,1788849691971991,1788849692094128,122137
load10000-burst,2,2000,3974,1788849691971991,1788849692094165,122174
load10000-burst,2,2000,3975,1788849691971991,1788849692094197,122206
load10000-burst,2,2000,3976,1788849691971991,1788849692094225,122234
load10000-burst,2,2000,3977,1788849691971991,1788849692094249,122258
load10000-burst,2,2000,3978,1788849691971991,1788849692094273,122282
load10000-burst,2,2000,3979,1788849691971991,1788849692094295,122304
load10000-burst,2,2000,3980,1788849691971991,1788849692094338,122347
load10000-burst,2,2000,3981,1788849691971991,1788849692094389,122398
load10000-burst,2,2000,3982,1788849691971991,1788849692094415,122424
load10000-burst,2,2000,3983,1788849691971991,1788849692094441,122450
load10000-burst,2,2000,3984,1788849691971991,1788849692094482,122491
load10000-burst,2,2000,3985,1788849691971991,1788849692094532,122541
load10000-burst,2,2000,3986,1788849691971991,1788849692094597,122606
load10000-burst,2,2000,3987,1788849691971991,1788849692094645,122654
load10000-burst,2,2000,3988,1788849691971991,1788849692094693,122702
load10000-burst,2,2000,3989,1788849691971991,1788849692094736,122745
load10000-burst,2,2000,3990,1788849691971991,1788849692094784,122793
load10000-burst,2,2000,3991,1788849691971991,1788849692094824,122833
load10000-burst,2,2000,3992,1788849691971991,1788849692094855,122864
load10000-burst,2,2000,3993,1788849691971991,1788849692094887,122896
load10000-burst,2,2000,3994,1788849691971991,1788849692094931,122940
load10000-burst,2,2000,3995,1788849691971991,1788849692094965,122974
load10000-burst,2,2000,3996,1788849691971991,1788849692095000,123009
load10000-burst,2,2000,3997,1788849691971991,1788849692095041,123050
load10000-burst,2,2000,3998,1788849691971991,1788849692095076,123085
load10000-burst,2,2000,3999,1788849691971991,1788849692095115,123124
load10000-burst,2,2000,4000,1788849691971991,1788849692095153,123162
load10000-burst,2,2000,4001,1788849691971991,1788849692095196,123205
load10000-burst,2,2000,4002,1788849691971991,1788849692095234,123243
load10000-burst,2,2000,4003,1788849691971991,1788849692095271,123280
load10000-burst,2,2000,4004,1788849691971991,1788849692095307,123316
load10000-burst,2,2000,4005,1788849691971991,1788849692095347,123356
load10000-burst,2,2000,4006,1788849691971991,1788849692095395,123404
load10000-burst,2,2000,4007,1788849691971991,1788849692095473,123482
load10000-burst,2,2000,4008,1788849691971991,1788849692095610,123619
load10000-burst,2,2000,4009,1788849691971991,1788849692095668,123677
load10000-burst,2,2000,4010,1788849691971991,1788849692095710,123719
load10000-burst,2,2000,4011,1788849691971991,1788849692095786,123795
load10000-burst,2,2000,4012,1788849691971991,1788849692095829,123838
load10000-burst,2,2000,4013,1788849691971991,1788849692095864,123873
load10000-burst,2,2000,4014,1788849691971991,1788849692095900,123909
load10000-burst,2,2000,4015,1788849691971991,1788849692095965,123974
load10000-burst,2,2000,4016,1788849691971991,1788849692096006,124015
load10000-burst,2,2000,4017,1788849691971991,1788849692096037,124046
load10000-burst,2,2000,4018,1788849691971991,1788849692096063,124072
load10000-burst,2,2000,4019,1788849691971991,1788849692096094,124103
load10000-burst,2,2000,4020,1788849691971991,1788849692096115,124124
load10000-burst,2,2000,4021,1788849691971991,1788849692096139,124148
load10000-burst,2,2000,4022,1788849691971991,1788849692096175,124184
load10000-burst,2,2000,4023,1788849691971991,1788849692096228,124237
load10000-burst,2,2000,4024,1788849691971991,1788849692096258,124267
load10000-burst,2,2000,4025,1788849691971991,1788849692096281,124290
load10000-burst,2,2000,4026,1788849691971991,1788849692096304,124313
load10000-burst,2,2000,4027,1788849691971991,1788849692096326,124335
load10000-burst,2,2000,4028,1788849691971991,1788849692096350,124359
load10000-burst,2,2000,4029,1788849691971991,1788849692096373,124382
load10000-burst,2,2000,4030,1788849691971991,1788849692096397,124406
load10000-burst,2,2000,4031,1788849691971991,1788849692096418,124427
load10000-burst,2,2000,4032,1788849691971991,1788849692096456,124465
load10000-burst,2,2000,4033,1788849691971991,1788849692096502,124511
load10000-burst,2,2000,4034,1788849691971991,1788849692096529,124538
load10000-burst,2,2000,4035,1788849691971991,1788849692096564,124573
load10000-burst,2,2000,4036,1788849691971991,1788849692096588,124597
load10000-burst,2,2000,4037,1788849691971991,1788849692096628,124637
load10000-burst,2,2000,4038,1788849691971991,1788849692096667,124676
load10000-burst,2,2000,4039,1788849691971991,1788849692096697,124706
load10000-burst,2,2000,4040,1788849691971991,1788849692096741,124750
load10000-burst,2,2000,4041,1788849691971991,1788849692096847,124856
load10000-burst,2,2000,4042,1788849691971991,1788849692096918,124927
load10000-burst,2,2000,4043,1788849691971991,1788849692096986,124995
load10000-burst,2,2000,4044,1788849691971991,1788849692097040,125049
load10000-burst,2,2000,4045,1788849691971991,1788849692097099,125108
load10000-burst,2,2000,4046,1788849691971991,1788849692097147,125156
load10000-burst,2,2000,4047,1788849691971991,1788849692097216,125225
load10000-burst,2,2000,4048,1788849691971991,1788849692097279,125288
load10000-burst,2,2000,4049,1788849691971991,1788849692097317,125326
load10000-burst,2,2000,4050,1788849691971991,1788849692097343,125352
load10000-burst,2,2000,4051,1788849691971991,1788849692097374,125383
load10000-burst,2,2000,4052,1788849691971991,1788849692097398,125407
load10000-burst,2,2000,4053,1788849691971991,1788849692097422,125431
load10000-burst,2,2000,4054,1788849691971991,1788849692097446,125455
load10000-burst,2,2000,4055,1788849691971991,1788849692097469,125478
load10000-burst,2,2000,4056,1788849691971991,1788849692097492,125501
load10000-burst,2,2000,4057,1788849691971991,1788849692097517,125526
load10000-burst,2,2000,4058,1788849691971991,1788849692097541,125550
load10000-burst,2,2000,4059,1788849691971991,1788849692097568,125577
load10000-burst,2,2000,4060,1788849691971991,1788849692097590,125599
load10000-burst,2,2000,4061,1788849691971991,1788849692097614,125623
load10000-burst,2,2000,4062,1788849691971991,1788849692097639,125648
load10000-burst,2,2000,4063,1788849691971991,1788849692097670,125679
load10000-burst,2,2000,4064,1788849691971991,1788849692097718,125727
load10000-burst,2,2000,4065,1788849691971991,1788849692097761,125770
load10000-burst,2,2000,4066,1788849691971991,1788849692097818,125827
load10000-burst,2,2000,4067,1788849691971991,1788849692097901,125910
load10000-burst,2,2000,4068,1788849691971991,1788849692097955,125964
load10000-burst,2,2000,4069,1788849691971991,1788849692097990,125999
load10000-burst,2,2000,4070,1788849691971991,1788849692098034,126043
load10000-burst,2,2000,4071,1788849691971991,1788849692098073,126082
load10000-burst,2,2000,4072,1788849691971991,1788849692098101,126110
load10000-burst,2,2000,4073,1788849691971991,1788849692098134,126143
load10000-burst,2,2000,4074,1788849691971991,1788849692098171,126180
load10000-burst,2,2000,4075,1788849691971991,1788849692098196,126205
load10000-burst,2,2000,4076,1788849691971991,1788849692098219,126228
load10000-burst,2,2000,4077,1788849691971991,1788849692098242,126251
load10000-burst,2,2000,4078,1788849691971991,1788849692098264,126273
load10000-burst,2,2000,4079,1788849691971991,1788849692098287,126296
load10000-burst,2,2000,4080,1788849691971991,1788849692098309,126318
load10000-burst,2,2000,4081,1788849691971991,1788849692098332,126341
load10000-burst,2,2000,4082,1788849691971991,1788849692098355,126364
load10000-burst,2,2000,4083,1788849691971991,1788849692098377,126386
load10000-burst,2,2000,4084,1788849691971991,1788849692098408,126417
load10000-burst,2,2000,4085,1788849691971991,1788849692098431,126440
load10000-burst,2,2000,4086,1788849691971991,1788849692098455,126464
load10000-burst,2,2000,4087,1788849691971991,1788849692098479,126488
load10000-burst,2,2000,4088,1788849691971991,1788849692098501,126510
load10000-burst,2,2000,4089,1788849691971991,1788849692098530,126539
load10000-burst,2,2000,4090,1788849691971991,1788849692098553,126562
load10000-burst,2,2000,4091,1788849691971991,1788849692098576,126585
load10000-burst,2,2000,4092,1788849691971991,1788849692098599,126608
load10000-burst,2,2000,4093,1788849691971991,1788849692098622,126631
load10000-burst,2,2000,4094,1788849691971991,1788849692098646,126655
load10000-burst,2,2000,4095,1788849691971991,1788849692098668,126677
load10000-burst,2,2000,4096,1788849691971991,1788849692098690,126699
load10000-burst,2,2000,4097,1788849691971991,1788849692098720,126729
load10000-burst,2,2000,4098,1788849691971991,1788849692098754,126763
load10000-burst,2,2000,4099,1788849691971991,1788849692098795,126804
load10000-burst,2,2000,4100,1788849691971991,1788849692098822,126831
load10000-burst,2,2000,4101,1788849691971991,1788849692098859,126868
load10000-burst,2,2000,4102,1788849691971991,1788849692098926,126935
load10000-burst,2,2000,4103,1788849691971991,1788849692099006,127015
load10000-burst,2,2000,4104,1788849691971991,1788849692099061,127070
load10000-burst,2,2000,4105,1788849691971991,1788849692099139,127148
load10000-burst,2,2000,4106,1788849691971991,1788849692099211,127220
load10000-burst,2,2000,4107,1788849691971991,1788849692099240,127249
load10000-burst,2,2000,4108,1788849691971991,1788849692099271,127280
load10000-burst,2,2000,4109,1788849691971991,1788849692099319,127328
load10000-burst,2,2000,4110,1788849691971991,1788849692099353,127362
load10000-burst,2,2000,4111,1788849691971991,1788849692099407,127416
load10000-burst,2,2000,4112,1788849691971991,1788849692099457,127466
load10000-burst,2,2000,4113,1788849691971991,1788849692099492,127501
load10000-burst,2,2000,4114,1788849691971991,1788849692099518,127527
load10000-burst,2,2000,4115,1788849691971991,1788849692099541,127550
load10000-burst,2,2000,4116,1788849691971991,1788849692099567,127576
load10000-burst,2,2000,4117,1788849691971991,1788849692099592,127601
load10000-burst,2,2000,4118,1788849691971991,1788849692099627,127636
load10000-burst,2,2000,4119,1788849691971991,1788849692099666,127675
load10000-burst,2,2000,4120,1788849691971991,1788849692099694,127703
load10000-burst,2,2000,4121,1788849691971991,1788849692099718,127727
load10000-burst,2,2000,4122,1788849691971991,1788849692099743,127752
load10000-burst,2,2000,4123,1788849691971991,1788849692099766,127775
load10000-burst,2,2000,4124,1788849691971991,1788849692099788,127797
load10000-burst,2,2000,4125,1788849691971991,1788849692099810,127819
load10000-burst,2,2000,4126,1788849691971991,1788849692099835,127844
load10000-burst,2,2000,4127,1788849691971991,1788849692099860,127869
load10000-burst,2,2000,4128,1788849691971991,1788849692099894,127903
load10000-burst,2,2000,4129,1788849691971991,1788849692099915,127924
load10000-burst,2,2000,4130,1788849691971991,1788849692099940,127949
load10000-burst,2,2000,4131,1788849691971991,1788849692099971,127980
load10000-burst,2,2000,4132,1788849691971991,1788849692100004,128013
load10000-burst,2,2000,4133,1788849691971991,1788849692100031,128040
load10000-burst,2,2000,4134,1788849691971991,1788849692100054,128063
load10000-burst,2,2000,4135,1788849691971991,1788849692100076,128085
load10000-burst,2,2000,4136,1788849691971991,1788849692100099,128108
load10000-burst,2,2000,4137,1788849691971991,1788849692100122,128131
load10000-burst,2,2000,4138,1788849691971991,1788849692100145,128154
load10000-burst,2,2000,4139,1788849691971991,1788849692100167,128176
load10000-burst,2,2000,4140,1788849691971991,1788849692100190,128199
load10000-burst,2,2000,4141,1788849691971991,1788849692100212,128221
load10000-burst,2,2000,4142,1788849691971991,1788849692100242,128251
load10000-burst,2,2000,4143,1788849691971991,1788849692100270,128279
load10000-burst,2,2000,4144,1788849691971991,1788849692100303,128312
load10000-burst,2,2000,4145,1788849691971991,1788849692100339,128348
load10000-burst,2,2000,4146,1788849691971991,1788849692100379,128388
load10000-burst,2,2000,4147,1788849691971991,1788849692100429,128438
load10000-burst,2,2000,4148,1788849691971991,1788849692100456,128465
load10000-burst,2,2000,4149,1788849691971991,1788849692100481,128490
load10000-burst,2,2000,4150,1788849691971991,1788849692100508,128517
load10000-burst,2,2000,4151,1788849691971991,1788849692100535,128544
load10000-burst,2,2000,4152,1788849691971991,1788849692100559,128568
load10000-burst,2,2000,4153,1788849691971991,1788849692100583,128592
load10000-burst,2,2000,4154,1788849691971991,1788849692100616,128625
load10000-burst,2,2000,4155,1788849691971991,1788849692100640,128649
load10000-burst,2,2000,4156,1788849691971991,1788849692100660,128669
load10000-burst,2,2000,4157,1788849691971991,1788849692100683,128692
load10000-burst,2,2000,4158,1788849691971991,1788849692100706,128715
load10000-burst,2,2000,4159,1788849691971991,1788849692100729,128738
load10000-burst,2,2000,4160,1788849691971991,1788849692100752,128761
load10000-burst,2,2000,4161,1788849691971991,1788849692100777,128786
load10000-burst,2,2000,4162,1788849691971991,1788849692100800,128809
load10000-burst,2,2000,4163,1788849691971991,1788849692100824,128833
load10000-burst,2,2000,4164,1788849691971991,1788849692100847,128856
load10000-burst,2,2000,4165,1788849691971991,1788849692100869,128878
load10000-burst,2,2000,4166,1788849691971991,1788849692100891,128900
load10000-burst,2,2000,4167,1788849691971991,1788849692100914,128923
load10000-burst,2,2000,4168,1788849691971991,1788849692100937,128946
load10000-burst,2,2000,4169,1788849691971991,1788849692100970,128979
load10000-burst,2,2000,4170,1788849691971991,1788849692100999,129008
load10000-burst,2,2000,4171,1788849691971991,1788849692101025,129034
load10000-burst,2,2000,4172,1788849691971991,1788849692101049,129058
load10000-burst,2,2000,4173,1788849691971991,1788849692101073,129082
load10000-burst,2,2000,4174,1788849691971991,1788849692101096,129105
load10000-burst,2,2000,4175,1788849691971991,1788849692101119,129128
load10000-burst,2,2000,4176,1788849691971991,1788849692101141,129150
load10000-burst,2,2000,4177,1788849691971991,1788849692101163,129172
load10000-burst,2,2000,4178,1788849691971991,1788849692101187,129196
load10000-burst,2,2000,4179,1788849691971991,1788849692101210,129219
load10000-burst,2,2000,4180,1788849691971991,1788849692101231,129240
load10000-burst,2,2000,4181,1788849691971991,1788849692101253,129262
load10000-burst,2,2000,4182,1788849691971991,1788849692101276,129285
load10000-burst,2,2000,4183,1788849691971991,1788849692101305,129314
load10000-burst,2,2000,4184,1788849691971991,1788849692101325,129334
load10000-burst,2,2000,4185,1788849691971991,1788849692101351,129360
load10000-burst,2,2000,4186,1788849691971991,1788849692101382,129391
load10000-burst,2,2000,4187,1788849691971991,1788849692101418,129427
load10000-burst,2,2000,4188,1788849691971991,1788849692101442,129451
load10000-burst,2,2000,4189,1788849691971991,1788849692101465,129474
load10000-burst,2,2000,4190,1788849691971991,1788849692101488,129497
load10000-burst,2,2000,4191,1788849691971991,1788849692101510,129519
load10000-burst,2,2000,4192,1788849691971991,1788849692101542,129551
load10000-burst,2,2000,4193,1788849691971991,1788849692101566,129575
load10000-burst,2,2000,4194,1788849691971991,1788849692101591,129600
load10000-burst,2,2000,4195,1788849691971991,1788849692101616,129625
load10000-burst,2,2000,4196,1788849691971991,1788849692101673,129682
load10000-burst,2,2000,4197,1788849691971991,1788849692101713,129722
load10000-burst,2,2000,4198,1788849691971991,1788849692101754,129763
load10000-burst,2,2000,4199,1788849691971991,1788849692101778,129787
load10000-burst,2,2000,4200,1788849691971991,1788849692101803,129812
load10000-burst,2,2000,4201,1788849691971991,1788849692101826,129835
load10000-burst,2,2000,4202,1788849691971991,1788849692101847,129856
load10000-burst,2,2000,4203,1788849691971991,1788849692101871,129880
load10000-burst,2,2000,4204,1788849691971991,1788849692101894,129903
load10000-burst,2,2000,4205,1788849691971991,1788849692101915,129924
load10000-burst,2,2000,4206,1788849691971991,1788849692101952,129961
load10000-burst,2,2000,4207,1788849691971991,1788849692101977,129986
load10000-burst,2,2000,4208,1788849691971991,1788849692102001,130010
load10000-burst,2,2000,4209,1788849691971991,1788849692102024,130033
load10000-burst,2,2000,4210,1788849691971991,1788849692102048,130057
load10000-burst,2,2000,4211,1788849691971991,1788849692102073,130082
load10000-burst,2,2000,4212,1788849691971991,1788849692102095,130104
load10000-burst,2,2000,4213,1788849691971991,1788849692102139,130148
load10000-burst,2,2000,4214,1788849691971991,1788849692102162,130171
load10000-burst,2,2000,4215,1788849691971991,1788849692102183,130192
load10000-burst,2,2000,4216,1788849691971991,1788849692102206,130215
load10000-burst,2,2000,4217,1788849691971991,1788849692102228,130237
load10000-burst,2,2000,4218,1788849691971991,1788849692102260,130269
load10000-burst,2,2000,4219,1788849691971991,1788849692102293,130302
load10000-burst,2,2000,4220,1788849691971991,1788849692102326,130335
load10000-burst,2,2000,4221,1788849691971991,1788849692102354,130363
load10000-burst,2,2000,4222,1788849691971991,1788849692102376,130385
load10000-burst,2,2000,4223,1788849691971991,1788849692102406,130415
load10000-burst,2,2000,4224,1788849691971991,1788849692102438,130447
load10000-burst,2,2000,4225,1788849691971991,1788849692102461,130470
load10000-burst,2,2000,4226,1788849691971991,1788849692102483,130492
load10000-burst,2,2000,4227,1788849691971991,1788849692102506,130515
load10000-burst,2,2000,4228,1788849691971991,1788849692102543,130552
load10000-burst,2,2000,4229,1788849691971991,1788849692102576,130585
load10000-burst,2,2000,4230,1788849691971991,1788849692102619,130628
load10000-burst,2,2000,4231,1788849691971991,1788849692102638,130647
load10000-burst,2,2000,4232,1788849691971991,1788849692102661,130670
load10000-burst,2,2000,4233,1788849691971991,1788849692102683,130692
load10000-burst,2,2000,4234,1788849691971991,1788849692102723,130732
load10000-burst,2,2000,4235,1788849691971991,1788849692102751,130760
load10000-burst,2,2000,4236,1788849691971991,1788849692102774,130783
load10000-burst,2,2000,4237,1788849691971991,1788849692102798,130807
load10000-burst,2,2000,4238,1788849691971991,1788849692102820,130829
load10000-burst,2,2000,4239,1788849691971991,1788849692102841,130850
load10000-burst,2,2000,4240,1788849691971991,1788849692102863,130872
load10000-burst,2,2000,4241,1788849691971991,1788849692102885,130894
load10000-burst,2,2000,4242,1788849691971991,1788849692102909,130918
load10000-burst,2,2000,4243,1788849691971991,1788849692102931,130940
load10000-burst,2,2000,4244,1788849691971991,1788849692102961,130970
load10000-burst,2,2000,4245,1788849691971991,1788849692102994,131003
load10000-burst,2,2000,4246,1788849691971991,1788849692103029,131038
load10000-burst,2,2000,4247,1788849691971991,1788849692103058,131067
load10000-burst,2,2000,4248,1788849691971991,1788849692103082,131091
load10000-burst,2,2000,4249,1788849691971991,1788849692103105,131114
load10000-burst,2,2000,4250,1788849691971991,1788849692103130,131139
load10000-burst,2,2000,4251,1788849691971991,1788849692103152,131161
load10000-burst,2,2000,4252,1788849691971991,1788849692103174,131183
load10000-burst,2,2000,4253,1788849691971991,1788849692103196,131205
load10000-burst,2,2000,4254,1788849691971991,1788849692103218,131227
load10000-burst,2,2000,4255,1788849691971991,1788849692103241,131250
load10000-burst,2,2000,4256,1788849691971991,1788849692103263,131272
load10000-burst,2,2000,4257,1788849691971991,1788849692103285,131294
load10000-burst,2,2000,4258,1788849691971991,1788849692103308,131317
load10000-burst,2,2000,4259,1788849691971991,1788849692103330,131339
load10000-burst,2,2000,4260,1788849691971991,1788849692103360,131369
load10000-burst,2,2000,4261,1788849691971991,1788849692103385,131394
load10000-burst,2,2000,4262,1788849691971991,1788849692103409,131418
load10000-burst,2,2000,4263,1788849691971991,1788849692103438,131447
load10000-burst,2,2000,4264,1788849691971991,1788849692103467,131476
load10000-burst,2,2000,4265,1788849691971991,1788849692103491,131500
load10000-burst,2,2000,4266,1788849691971991,1788849692103513,131522
load10000-burst,2,2000,4267,1788849691971991,1788849692103536,131545
load10000-burst,2,2000,4268,1788849691971991,1788849692103559,131568
load10000-burst,2,2000,4269,1788849691971991,1788849692103593,131602
load10000-burst,2,2000,4270,1788849691971991,1788849692103622,131631
load10000-burst,2,2000,4271,1788849691971991,1788849692103645,131654
load10000-burst,2,2000,4272,1788849691971991,1788849692103670,131679
load10000-burst,2,2000,4273,1788849691971991,1788849692103694,131703
load10000-burst,2,2000,4274,1788849691971991,1788849692103716,131725
load10000-burst,2,2000,4275,1788849691971991,1788849692103739,131748
load10000-burst,2,2000,4276,1788849691971991,1788849692103761,131770
load10000-burst,2,2000,4277,1788849691971991,1788849692103783,131792
load10000-burst,2,2000,4278,1788849691971991,1788849692103804,131813
load10000-burst,2,2000,4279,1788849691971991,1788849692103826,131835
load10000-burst,2,2000,4280,1788849691971991,1788849692103848,131857
load10000-burst,2,2000,4281,1788849691971991,1788849692103869,131878
load10000-burst,2,2000,4282,1788849691971991,1788849692103892,131901
load10000-burst,2,2000,4283,1788849691971991,1788849692103930,131939
load10000-burst,2,2000,4284,1788849691971991,1788849692103964,131973
load10000-burst,2,2000,4285,1788849691971991,1788849692103994,132003
load10000-burst,2,2000,4286,1788849691971991,1788849692104031,132040
load10000-burst,2,2000,4287,1788849691971991,1788849692104073,132082
load10000-burst,2,2000,4288,1788849691971991,1788849692104130,132139
load10000-burst,2,2000,4289,1788849691971991,1788849692104160,132169
load10000-burst,2,2000,4290,1788849691971991,1788849692104204,132213
load10000-burst,2,2000,4291,1788849691971991,1788849692104257,132266
load10000-burst,2,2000,4292,1788849691971991,1788849692104323,132332
load10000-burst,2,2000,4293,1788849691971991,1788849692104411,132420
load10000-burst,2,2000,4294,1788849691971991,1788849692104492,132501
load10000-burst,2,2000,4295,1788849691971991,1788849692104536,132545
load10000-burst,2,2000,4296,1788849691971991,1788849692104572,132581
load10000-burst,2,2000,4297,1788849691971991,1788849692104646,132655
load10000-burst,2,2000,4298,1788849691971991,1788849692104710,132719
load10000-burst,2,2000,4299,1788849691971991,1788849692104771,132780
load10000-burst,2,2000,4300,1788849691971991,1788849692104839,132848
load10000-burst,2,2000,4301,1788849691971991,1788849692104905,132914
load10000-burst,2,2000,4302,1788849691971991,1788849692104957,132966
load10000-burst,2,2000,4303,1788849691971991,1788849692105023,133032
load10000-burst,2,2000,4304,1788849691971991,1788849692105084,133093
load10000-burst,2,2000,4305,1788849691971991,1788849692105126,133135
load10000-burst,2,2000,4306,1788849691971991,1788849692105190,133199
load10000-burst,2,2000,4307,1788849691971991,1788849692105235,133244
load10000-burst,2,2000,4308,1788849691971991,1788849692105271,133280
load10000-burst,2,2000,4309,1788849691971991,1788849692105326,133335
load10000-burst,2,2000,4310,1788849691971991,1788849692105386,133395
load10000-burst,2,2000,4311,1788849691971991,1788849692105439,133448
load10000-burst,2,2000,4312,1788849691971991,1788849692105489,133498
load10000-burst,2,2000,4313,1788849691971991,1788849692105543,133552
load10000-burst,2,2000,4314,1788849691971991,1788849692105594,133603
load10000-burst,2,2000,4315,1788849691971991,1788849692105662,133671
load10000-burst,2,2000,4316,1788849691971991,1788849692105713,133722
load10000-burst,2,2000,4317,1788849691971991,1788849692105769,133778
load10000-burst,2,2000,4318,1788849691971991,1788849692105854,133863
load10000-burst,2,2000,4319,1788849691971991,1788849692105916,133925
load10000-burst,2,2000,4320,1788849691971991,1788849692105961,133970
load10000-burst,2,2000,4321,1788849691971991,1788849692106016,134025
load10000-burst,2,2000,4322,1788849691971991,1788849692106075,134084
load10000-burst,2,2000,4323,1788849691971991,1788849692106136,134145
load10000-burst,2,2000,4324,1788849691971991,1788849692106204,134213
load10000-burst,2,2000,4325,1788849691971991,1788849692106254,134263
load10000-burst,2,2000,4326,1788849691971991,1788849692106278,134287
load10000-burst,2,2000,4327,1788849691971991,1788849692106316,134325
load10000-burst,2,2000,4328,1788849691971991,1788849692106358,134367
load10000-burst,2,2000,4329,1788849691971991,1788849692106416,134425
load10000-burst,2,2000,4330,1788849691971991,1788849692106457,134466
load10000-burst,2,2000,4331,1788849691971991,1788849692106492,134501
load10000-burst,2,2000,4332,1788849691971991,1788849692106527,134536
load10000-burst,2,2000,4333,1788849691971991,1788849692106562,134571
load10000-burst,2,2000,4334,1788849691971991,1788849692106610,134619
load10000-burst,2,2000,4335,1788849691971991,1788849692106648,134657
load10000-burst,2,2000,4336,1788849691971991,1788849692106698,134707
load10000-burst,2,2000,4337,1788849691971991,1788849692106736,134745
load10000-burst,2,2000,4338,1788849691971991,1788849692106781,134790
load10000-burst,2,2000,4339,1788849691971991,1788849692106861,134870
load10000-burst,2,2000,4340,1788849691971991,1788849692106901,134910
load10000-burst,2,2000,4341,1788849691971991,1788849692106945,134954
load10000-burst,2,2000,4342,1788849691971991,1788849692107002,135011
load10000-burst,2,2000,4343,1788849691971991,1788849692107032,135041
load10000-burst,2,2000,4344,1788849691971991,1788849692107061,135070
load10000-burst,2,2000,4345,1788849691971991,1788849692107081,135090
load10000-burst,2,2000,4346,1788849691971991,1788849692107109,135118
load10000-burst,2,2000,4347,1788849691971991,1788849692107149,135158
load10000-burst,2,2000,4348,1788849691971991,1788849692107187,135196
load10000-burst,2,2000,4349,1788849691971991,1788849692107230,135239
load10000-burst,2,2000,4350,1788849691971991,1788849692107257,135266
load10000-burst,2,2000,4351,1788849691971991,1788849692107280,135289
load10000-burst,2,2000,4352,1788849691971991,1788849692107314,135323
load10000-burst,2,2000,4353,1788849691971991,1788849692107343,135352
load10000-burst,2,2000,4354,1788849691971991,1788849692107385,135394
load10000-burst,2,2000,4355,1788849691971991,1788849692107413,135422
load10000-burst,2,2000,4356,1788849691971991,1788849692107437,135446
load10000-burst,2,2000,4357,1788849691971991,1788849692107458,135467
load10000-burst,2,2000,4358,1788849691971991,1788849692107486,135495
load10000-burst,2,2000,4359,1788849691971991,1788849692107514,135523
load10000-burst,2,2000,4360,1788849691971991,1788849692107545,135554
load10000-burst,2,2000,4361,1788849691971991,1788849692107589,135598
load10000-burst,2,2000,4362,1788849691971991,1788849692107633,135642
load10000-burst,2,2000,4363,1788849691971991,1788849692107658,135667
load10000-burst,2,2000,4364,1788849691971991,1788849692107683,135692
load10000-burst,2,2000,4365,1788849691971991,1788849692107705,135714
load10000-burst,2,2000,4366,1788849691971991,1788849692107727,135736
load10000-burst,2,2000,4367,1788849691971991,1788849692107751,135760
load10000-burst,2,2000,4368,1788849691971991,1788849692107772,135781
load10000-burst,2,2000,4369,1788849691971991,1788849692107812,135821
load10000-burst,2,2000,4370,1788849691971991,1788849692107845,135854
load10000-burst,2,2000,4371,1788849691971991,1788849692107878,135887
load10000-burst,2,2000,4372,1788849691971991,1788849692107912,135921
load10000-burst,2,2000,4373,1788849691971991,1788849692107937,135946
load10000-burst,2,2000,4374,1788849691971991,1788849692107960,135969
load10000-burst,2,2000,4375,1788849691971991,1788849692107982,135991
load10000-burst,2,2000,4376,1788849691971991,1788849692108005,136014
load10000-burst,2,2000,4377,1788849691971991,1788849692108108,136117
load10000-burst,2,2000,4378,1788849691971991,1788849692108174,136183
load10000-burst,2,2000,4379,1788849691971991,1788849692108247,136256
load10000-burst,2,2000,4380,1788849691971991,1788849692108291,136300
load10000-burst,2,2000,4381,1788849691971991,1788849692108317,136326
load10000-burst,2,2000,4382,1788849691971991,1788849692108342,136351
load10000-burst,2,2000,4383,1788849691971991,1788849692108373,136382
load10000-burst,2,2000,4384,1788849691971991,1788849692108415,136424
load10000-burst,2,2000,4385,1788849691971991,1788849692108455,136464
load10000-burst,2,2000,4386,1788849691971991,1788849692108503,136512
load10000-burst,2,2000,4387,1788849691971991,1788849692108557,136566
load10000-burst,2,2000,4388,1788849691971991,1788849692108615,136624
load10000-burst,2,2000,4389,1788849691971991,1788849692108671,136680
load10000-burst,2,2000,4390,1788849691971991,1788849692108700,136709
load10000-burst,2,2000,4391,1788849691971991,1788849692108730,136739
load10000-burst,2,2000,4392,1788849691971991,1788849692108756,136765
load10000-burst,2,2000,4393,1788849691971991,1788849692108786,136795
load10000-burst,2,2000,4394,1788849691971991,1788849692108809,136818
load10000-burst,2,2000,4395,1788849691971991,1788849692108839,136848
load10000-burst,2,2000,4396,1788849691971991,1788849692108864,136873
load10000-burst,2,2000,4397,1788849691971991,1788849692108889,136898
load10000-burst,2,2000,4398,1788849691971991,1788849692108912,136921
load10000-burst,2,2000,4399,1788849691971991,1788849692108935,136944
load10000-burst,2,2000,4400,1788849691971991,1788849692108960,136969
load10000-burst,2,2000,4401,1788849691971991,1788849692108984,136993
load10000-burst,2,2000,4402,1788849691971991,1788849692109007,137016
load10000-burst,2,2000,4403,1788849691971991,1788849692109044,137053
load10000-burst,2,2000,4404,1788849691971991,1788849692109104,137113
load10000-burst,2,2000,4405,1788849691971991,1788849692109139,137148
load10000-burst,2,2000,4406,1788849691971991,1788849692109189,137198
load10000-burst,2,2000,4407,1788849691971991,1788849692109270,137279
load10000-burst,2,2000,4408,1788849691971991,1788849692109317,137326
load10000-burst,2,2000,4409,1788849691971991,1788849692109344,137353
load10000-burst,2,2000,4410,1788849691971991,1788849692109374,137383
load10000-burst,2,2000,4411,1788849691971991,1788849692109409,137418
load10000-burst,2,2000,4412,1788849691971991,1788849692109442,137451
load10000-burst,2,2000,4413,1788849691971991,1788849692109478,137487
load10000-burst,2,2000,4414,1788849691971991,1788849692109517,137526
load10000-burst,2,2000,4415,1788849691971991,1788849692109564,137573
load10000-burst,2,2000,4416,1788849691971991,1788849692109602,137611
load10000-burst,2,2000,4417,1788849691971991,1788849692109633,137642
load10000-burst,2,2000,4418,1788849691971991,1788849692109666,137675
load10000-burst,2,2000,4419,1788849691971991,1788849692109697,137706
load10000-burst,2,2000,4420,1788849691971991,1788849692109722,137731
load10000-burst,2,2000,4421,1788849691971991,1788849692109746,137755
load10000-burst,2,2000,4422,1788849691971991,1788849692109770,137779
load10000-burst,2,2000,4423,1788849691971991,1788849692109793,137802
load10000-burst,2,2000,4424,1788849691971991,1788849692109815,137824
load10000-burst,2,2000,4425,1788849691971991,1788849692109836,137845
load10000-burst,2,2000,4426,1788849691971991,1788849692109873,137882
load10000-burst,2,2000,4427,1788849691971991,1788849692109915,137924
load10000-burst,2,2000,4428,1788849691971991,1788849692109955,137964
load10000-burst,2,2000,4429,1788849691971991,1788849692109984,137993
load10000-burst,2,2000,4430,1788849691971991,1788849692110014,138023
load10000-burst,2,2000,4431,1788849691971991,1788849692110039,138048
load10000-burst,2,2000,4432,1788849691971991,1788849692110063,138072
load10000-burst,2,2000,4433,1788849691971991,1788849692110086,138095
load10000-burst,2,2000,4434,1788849691971991,1788849692110110,138119
load10000-burst,2,2000,4435,1788849691971991,1788849692110142,138151
load10000-burst,2,2000,4436,1788849691971991,1788849692110188,138197
load10000-burst,2,2000,4437,1788849691971991,1788849692110242,138251
load10000-burst,2,2000,4438,1788849691971991,1788849692110324,138333
load10000-burst,2,2000,4439,1788849691971991,1788849692110365,138374
load10000-burst,2,2000,4440,1788849691971991,1788849692110418,138427
load10000-burst,2,2000,4441,1788849691971991,1788849692110472,138481
load10000-burst,2,2000,4442,1788849691971991,1788849692110510,138519
load10000-burst,2,2000,4443,1788849691971991,1788849692110537,138546
load10000-burst,2,2000,4444,1788849691971991,1788849692110568,138577
load10000-burst,2,2000,4445,1788849691971991,1788849692110603,138612
load10000-burst,2,2000,4446,1788849691971991,1788849692110709,138718
load10000-burst,2,2000,4447,1788849691971991,1788849692110797,138806
load10000-burst,2,2000,4448,1788849691971991,1788849692110833,138842
load10000-burst,2,2000,4449,1788849691971991,1788849692110857,138866
load10000-burst,2,2000,4450,1788849691971991,1788849692110883,138892
load10000-burst,2,2000,4451,1788849691971991,1788849692110907,138916
load10000-burst,2,2000,4452,1788849691971991,1788849692110935,138944
load10000-burst,2,2000,4453,1788849691971991,1788849692110956,138965
load10000-burst,2,2000,4454,1788849691971991,1788849692110987,138996
load10000-burst,2,2000,4455,1788849691971991,1788849692111011,139020
load10000-burst,2,2000,4456,1788849691971991,1788849692111036,139045
load10000-burst,2,2000,4457,1788849691971991,1788849692111067,139076
load10000-burst,2,2000,4458,1788849691971991,1788849692111091,139100
load10000-burst,2,2000,4459,1788849691971991,1788849692111113,139122
load10000-burst,2,2000,4460,1788849691971991,1788849692111135,139144
load10000-burst,2,2000,4461,1788849691971991,1788849692111156,139165
load10000-burst,2,2000,4462,1788849691971991,1788849692111177,139186
load10000-burst,2,2000,4463,1788849691971991,1788849692111200,139209
load10000-burst,2,2000,4464,1788849691971991,1788849692111221,139230
load10000-burst,2,2000,4465,1788849691971991,1788849692111243,139252
load10000-burst,2,2000,4466,1788849691971991,1788849692111281,139290
load10000-burst,2,2000,4467,1788849691971991,1788849692111343,139352
load10000-burst,2,2000,4468,1788849691971991,1788849692111373,139382
load10000-burst,2,2000,4469,1788849691971991,1788849692111408,139417
load10000-burst,2,2000,4470,1788849691971991,1788849692111459,139468
load10000-burst,2,2000,4471,1788849691971991,1788849692111485,139494
load10000-burst,2,2000,4472,1788849691971991,1788849692111508,139517
load10000-burst,2,2000,4473,1788849691971991,1788849692111549,139558
load10000-burst,2,2000,4474,1788849691971991,1788849692111590,139599
load10000-burst,2,2000,4475,1788849691971991,1788849692111620,139629
load10000-burst,2,2000,4476,1788849691971991,1788849692111643,139652
load10000-burst,2,2000,4477,1788849691971991,1788849692111666,139675
load10000-burst,2,2000,4478,1788849691971991,1788849692111687,139696
load10000-burst,2,2000,4479,1788849691971991,1788849692111720,139729
load10000-burst,2,2000,4480,1788849691971991,1788849692111754,139763
load10000-burst,2,2000,4481,1788849691971991,1788849692111782,139791
load10000-burst,2,2000,4482,1788849691971991,1788849692111805,139814
load10000-burst,2,2000,4483,1788849691971991,1788849692111827,139836
load10000-burst,2,2000,4484,1788849691971991,1788849692111849,139858
load10000-burst,2,2000,4485,1788849691971991,1788849692111871,139880
load10000-burst,2,2000,4486,1788849691971991,1788849692111894,139903
load10000-burst,2,2000,4487,1788849691971991,1788849692111915,139924
load10000-burst,2,2000,4488,1788849691971991,1788849692111947,139956
load10000-burst,2,2000,4489,1788849691971991,1788849692111980,139989
load10000-burst,2,2000,4490,1788849691971991,1788849692112005,140014
load10000-burst,2,2000,4491,1788849691971991,1788849692112029,140038
load10000-burst,2,2000,4492,1788849691971991,1788849692112052,140061
load10000-burst,2,2000,4493,1788849691971991,1788849692112071,140080
load10000-burst,2,2000,4494,1788849691971991,1788849692112092,140101
load10000-burst,2,2000,4495,1788849691971991,1788849692112114,140123
load10000-burst,2,2000,4496,1788849691971991,1788849692112136,140145
load10000-burst,2,2000,4497,1788849691971991,1788849692112159,140168
load10000-burst,2,2000,4498,1788849691971991,1788849692112181,140190
load10000-burst,2,2000,4499,1788849691971991,1788849692112205,140214
load10000-burst,2,2000,4500,1788849691971991,1788849692112227,140236
load10000-burst,2,2000,4501,1788849691971991,1788849692112251,140260
load10000-burst,2,2000,4502,1788849691971991,1788849692112273,140282
load10000-burst,2,2000,4503,1788849691971991,1788849692112297,140306
load10000-burst,2,2000,4504,1788849691971991,1788849692112320,140329
load10000-burst,2,2000,4505,1788849691971991,1788849692112343,140352
load10000-burst,2,2000,4506,1788849691971991,1788849692112361,140370
load10000-burst,2,2000,4507,1788849691971991,1788849692112392,140401
load10000-burst,2,2000,4508,1788849691971991,1788849692112437,140446
load10000-burst,2,2000,4509,1788849691971991,1788849692112464,140473
load10000-burst,2,2000,4510,1788849691971991,1788849692112487,140496
load10000-burst,2,2000,4511,1788849691971991,1788849692112510,140519
load10000-burst,2,2000,4512,1788849691971991,1788849692112533,140542
load10000-burst,2,2000,4513,1788849691971991,1788849692112555,140564
load10000-burst,2,2000,4514,1788849691971991,1788849692112578,140587
load10000-burst,2,2000,4515,1788849691971991,1788849692112602,140611
load10000-burst,2,2000,4516,1788849691971991,1788849692112623,140632
load10000-burst,2,2000,4517,1788849691971991,1788849692112639,140648
load10000-burst,2,2000,4518,1788849691971991,1788849692112668,140677
load10000-burst,2,2000,4519,1788849691971991,1788849692112697,140706
load10000-burst,2,2000,4520,1788849691971991,1788849692112729,140738
load10000-burst,2,2000,4521,1788849691971991,1788849692112767,140776
load10000-burst,2,2000,4522,1788849691971991,1788849692112796,140805
load10000-burst,2,2000,4523,1788849691971991,1788849692112821,140830
load10000-burst,2,2000,4524,1788849691971991,1788849692112843,140852
load10000-burst,2,2000,4525,1788849691971991,1788849692112866,140875
load10000-burst,2,2000,4526,1788849691971991,1788849692112888,140897
load10000-burst,2,2000,4527,1788849691971991,1788849692112910,140919
load10000-burst,2,2000,4528,1788849691971991,1788849692112933,140942
load10000-burst,2,2000,4529,1788849691971991,1788849692112963,140972
load10000-burst,2,2000,4530,1788849691971991,1788849692112999,141008
load10000-burst,2,2000,4531,1788849691971991,1788849692113033,141042
load10000-burst,2,2000,4532,1788849691971991,1788849692113070,141079
load10000-burst,2,2000,4533,1788849691971991,1788849692113096,141105
load10000-burst,2,2000,4534,1788849691971991,1788849692113125,141134
load10000-burst,2,2000,4535,1788849691971991,1788849692113153,141162
load10000-burst,2,2000,4536,1788849691971991,1788849692113176,141185
load10000-burst,2,2000,4537,1788849691971991,1788849692113199,141208
load10000-burst,2,2000,4538,1788849691971991,1788849692113221,141230
load10000-burst,2,2000,4539,1788849691971991,1788849692113243,141252
load10000-burst,2,2000,4540,1788849691971991,1788849692113276,141285
load10000-burst,2,2000,4541,1788849691971991,1788849692113312,141321
load10000-burst,2,2000,4542,1788849691971991,1788849692113343,141352
load10000-burst,2,2000,4543,1788849691971991,1788849692113376,141385
load10000-burst,2,2000,4544,1788849691971991,1788849692113408,141417
load10000-burst,2,2000,4545,1788849691971991,1788849692113436,141445
load10000-burst,2,2000,4546,1788849691971991,1788849692113459,141468
load10000-burst,2,2000,4547,1788849691971991,1788849692113481,141490
load10000-burst,2,2000,4548,1788849691971991,1788849692113505,141514
load10000-burst,2,2000,4549,1788849691971991,1788849692113527,141536
load10000-burst,2,2000,4550,1788849691971991,1788849692113551,141560
load10000-burst,2,2000,4551,1788849691971991,1788849692113574,141583
load10000-burst,2,2000,4552,1788849691971991,1788849692113610,141619
load10000-burst,2,2000,4553,1788849691971991,1788849692113656,141665
load10000-burst,2,2000,4554,1788849691971991,1788849692113689,141698
load10000-burst,2,2000,4555,1788849691971991,1788849692113723,141732
load10000-burst,2,2000,4556,1788849691971991,1788849692113748,141757
load10000-burst,2,2000,4557,1788849691971991,1788849692113772,141781
load10000-burst,2,2000,4558,1788849691971991,1788849692113794,141803
load10000-burst,2,2000,4559,1788849691971991,1788849692113816,141825
load10000-burst,2,2000,4560,1788849691971991,1788849692113839,141848
load10000-burst,2,2000,4561,1788849691971991,1788849692113862,141871
load10000-burst,2,2000,4562,1788849691971991,1788849692113884,141893
load10000-burst,2,2000,4563,1788849691971991,1788849692113917,141926
load10000-burst,2,2000,4564,1788849691971991,1788849692113943,141952
load10000-burst,2,2000,4565,1788849691971991,1788849692113976,141985
load10000-burst,2,2000,4566,1788849691971991,1788849692114005,142014
load10000-burst,2,2000,4567,1788849691971991,1788849692114032,142041
load10000-burst,2,2000,4568,1788849691971991,1788849692114067,142076
load10000-burst,2,2000,4569,1788849691971991,1788849692114092,142101
load10000-burst,2,2000,4570,1788849691971991,1788849692114115,142124
load10000-burst,2,2000,4571,1788849691971991,1788849692114138,142147
load10000-burst,2,2000,4572,1788849691971991,1788849692114160,142169
load10000-burst,2,2000,4573,1788849691971991,1788849692114182,142191
load10000-burst,2,2000,4574,1788849691971991,1788849692114204,142213
load10000-burst,2,2000,4575,1788849691971991,1788849692114226,142235
load10000-burst,2,2000,4576,1788849691971991,1788849692114248,142257
load10000-burst,2,2000,4577,1788849691971991,1788849692114271,142280
load10000-burst,2,2000,4578,1788849691971991,1788849692114293,142302
load10000-burst,2,2000,4579,1788849691971991,1788849692114315,142324
load10000-burst,2,2000,4580,1788849691971991,1788849692114336,142345
load10000-burst,2,2000,4581,1788849691971991,1788849692114361,142370
load10000-burst,2,2000,4582,1788849691971991,1788849692114380,142389
load10000-burst,2,2000,4583,1788849691971991,1788849692114402,142411
load10000-burst,2,2000,4584,1788849691971991,1788849692114426,142435
load10000-burst,2,2000,4585,1788849691971991,1788849692114458,142467
load10000-burst,2,2000,4586,1788849691971991,1788849692114499,142508
load10000-burst,2,2000,4587,1788849691971991,1788849692114528,142537
load10000-burst,2,2000,4588,1788849691971991,1788849692114551,142560
load10000-burst,2,2000,4589,1788849691971991,1788849692114574,142583
load10000-burst,2,2000,4590,1788849691971991,1788849692114597,142606
load10000-burst,2,2000,4591,1788849691971991,1788849692114619,142628
load10000-burst,2,2000,4592,1788849691971991,1788849692114641,142650
load10000-burst,2,2000,4593,1788849691971991,1788849692114671,142680
load10000-burst,2,2000,4594,1788849691971991,1788849692114698,142707
load10000-burst,2,2000,4595,1788849691971991,1788849692114727,142736
load10000-burst,2,2000,4596,1788849691971991,1788849692114769,142778
load10000-burst,2,2000,4597,1788849691971991,1788849692114802,142811
load10000-burst,2,2000,4598,1788849691971991,1788849692114826,142835
load10000-burst,2,2000,4599,1788849691971991,1788849692114848,142857
load10000-burst,2,2000,4600,1788849691971991,1788849692114870,142879
load10000-burst,2,2000,4601,1788849691971991,1788849692114892,142901
load10000-burst,2,2000,4602,1788849691971991,1788849692114914,142923
load10000-burst,2,2000,4603,1788849691971991,1788849692114936,142945
load10000-burst,2,2000,4604,1788849691971991,1788849692114958,142967
load10000-burst,2,2000,4605,1788849691971991,1788849692114980,142989
load10000-burst,2,2000,4606,1788849691971991,1788849692115010,143019
load10000-burst,2,2000,4607,1788849691971991,1788849692115035,143044
load10000-burst,2,2000,4608,1788849691971991,1788849692115065,143074
load10000-burst,2,2000,4609,1788849691971991,1788849692115090,143099
load10000-burst,2,2000,4610,1788849691971991,1788849692115120,143129
load10000-burst,2,2000,4611,1788849691971991,1788849692115147,143156
load10000-burst,2,2000,4612,1788849691971991,1788849692115177,143186
load10000-burst,2,2000,4613,1788849691971991,1788849692115204,143213
load10000-burst,2,2000,4614,1788849691971991,1788849692115230,143239
load10000-burst,2,2000,4615,1788849691971991,1788849692115253,143262
load10000-burst,2,2000,4616,1788849691971991,1788849692115275,143284
load10000-burst,2,2000,4617,1788849691971991,1788849692115297,143306
load10000-burst,2,2000,4618,1788849691971991,1788849692115322,143331
load10000-burst,2,2000,4619,1788849691971991,1788849692115340,143349
load10000-burst,2,2000,4620,1788849691971991,1788849692115367,143376
load10000-burst,2,2000,4621,1788849691971991,1788849692115400,143409
load10000-burst,2,2000,4622,1788849691971991,1788849692115426,143435
load10000-burst,2,2000,4623,1788849691971991,1788849692115450,143459
load10000-burst,2,2000,4624,1788849691971991,1788849692115473,143482
load10000-burst,2,2000,4625,1788849691971991,1788849692115495,143504
load10000-burst,2,2000,4626,1788849691971991,1788849692115520,143529
load10000-burst,2,2000,4627,1788849691971991,1788849692115542,143551
load10000-burst,2,2000,4628,1788849691971991,1788849692115564,143573
load10000-burst,2,2000,4629,1788849691971991,1788849692115587,143596
load10000-burst,2,2000,4630,1788849691971991,1788849692115609,143618
load10000-burst,2,2000,4631,1788849691971991,1788849692115640,143649
load10000-burst,2,2000,4632,1788849691971991,1788849692115694,143703
load10000-burst,2,2000,4633,1788849691971991,1788849692115723,143732
load10000-burst,2,2000,4634,1788849691971991,1788849692115750,143759
load10000-burst,2,2000,4635,1788849691971991,1788849692115775,143784
load10000-burst,2,2000,4636,1788849691971991,1788849692115799,143808
load10000-burst,2,2000,4637,1788849691971991,1788849692115828,143837
load10000-burst,2,2000,4638,1788849691971991,1788849692115865,143874
load10000-burst,2,2000,4639,1788849691971991,1788849692115893,143902
load10000-burst,2,2000,4640,1788849691971991,1788849692115918,143927
load10000-burst,2,2000,4641,1788849691971991,1788849692115941,143950
load10000-burst,2,2000,4642,1788849691971991,1788849692115961,143970
load10000-burst,2,2000,4643,1788849691971991,1788849692115988,143997
load10000-burst,2,2000,4644,1788849691971991,1788849692116023,144032
load10000-burst,2,2000,4645,1788849691971991,1788849692116048,144057
load10000-burst,2,2000,4646,1788849691971991,1788849692116076,144085
load10000-burst,2,2000,4647,1788849691971991,1788849692116102,144111
load10000-burst,2,2000,4648,1788849691971991,1788849692116125,144134
load10000-burst,2,2000,4649,1788849691971991,1788849692116147,144156
load10000-burst,2,2000,4650,1788849691971991,1788849692116169,144178
load10000-burst,2,2000,4651,1788849691971991,1788849692116191,144200
load10000-burst,2,2000,4652,1788849691971991,1788849692116213,144222
load10000-burst,2,2000,4653,1788849691971991,1788849692116242,144251
load10000-burst,2,2000,4654,1788849691971991,1788849692116268,144277
load10000-burst,2,2000,4655,1788849691971991,1788849692116288,144297
load10000-burst,2,2000,4656,1788849691971991,1788849692116312,144321
load10000-burst,2,2000,4657,1788849691971991,1788849692116335,144344
load10000-burst,2,2000,4658,1788849691971991,1788849692116366,144375
load10000-burst,2,2000,4659,1788849691971991,1788849692116402,144411
load10000-burst,2,2000,4660,1788849691971991,1788849692116428,144437
load10000-burst,2,2000,4661,1788849691971991,1788849692116451,144460
load10000-burst,2,2000,4662,1788849691971991,1788849692116474,144483
load10000-burst,2,2000,4663,1788849691971991,1788849692116496,144505
load10000-burst,2,2000,4664,1788849691971991,1788849692116520,144529
load10000-burst,2,2000,4665,1788849691971991,1788849692116546,144555
load10000-burst,2,2000,4666,1788849691971991,1788849692116579,144588
load10000-burst,2,2000,4667,1788849691971991,1788849692116621,144630
load10000-burst,2,2000,4668,1788849691971991,1788849692116652,144661
load10000-burst,2,2000,4669,1788849691971991,1788849692116675,144684
load10000-burst,2,2000,4670,1788849691971991,1788849692116705,144714
load10000-burst,2,2000,4671,1788849691971991,1788849692116731,144740
load10000-burst,2,2000,4672,1788849691971991,1788849692116753,144762
load10000-burst,2,2000,4673,1788849691971991,1788849692116776,144785
load10000-burst,2,2000,4674,1788849691971991,1788849692116799,144808
load10000-burst,2,2000,4675,1788849691971991,1788849692116822,144831
load10000-burst,2,2000,4676,1788849691971991,1788849692116844,144853
load10000-burst,2,2000,4677,1788849691971991,1788849692116866,144875
load10000-burst,2,2000,4678,1788849691971991,1788849692116887,144896
load10000-burst,2,2000,4679,1788849691971991,1788849692116909,144918
load10000-burst,2,2000,4680,1788849691971991,1788849692116944,144953
load10000-burst,2,2000,4681,1788849691971991,1788849692116980,144989
load10000-burst,2,2000,4682,1788849691971991,1788849692117013,145022
load10000-burst,2,2000,4683,1788849691971991,1788849692117044,145053
load10000-burst,2,2000,4684,1788849691971991,1788849692117082,145091
load10000-burst,2,2000,4685,1788849691971991,1788849692117110,145119
load10000-burst,2,2000,4686,1788849691971991,1788849692117133,145142
load10000-burst,2,2000,4687,1788849691971991,1788849692117155,145164
load10000-burst,2,2000,4688,1788849691971991,1788849692117178,145187
load10000-burst,2,2000,4689,1788849691971991,1788849692117195,145204
load10000-burst,2,2000,4690,1788849691971991,1788849692117253,145262
load10000-burst,2,2000,4691,1788849691971991,1788849692117273,145282
load10000-burst,2,2000,4692,1788849691971991,1788849692117312,145321
load10000-burst,2,2000,4693,1788849691971991,1788849692117352,145361
load10000-burst,2,2000,4694,1788849691971991,1788849692117377,145386
load10000-burst,2,2000,4695,1788849691971991,1788849692117400,145409
load10000-burst,2,2000,4696,1788849691971991,1788849692117423,145432
load10000-burst,2,2000,4697,1788849691971991,1788849692117447,145456
load10000-burst,2,2000,4698,1788849691971991,1788849692117469,145478
load10000-burst,2,2000,4699,1788849691971991,1788849692117492,145501
load10000-burst,2,2000,4700,1788849691971991,1788849692117515,145524
load10000-burst,2,2000,4701,1788849691971991,1788849692117537,145546
load10000-burst,2,2000,4702,1788849691971991,1788849692117560,145569
load10000-burst,2,2000,4703,1788849691971991,1788849692117582,145591
load10000-burst,2,2000,4704,1788849691971991,1788849692117612,145621
load10000-burst,2,2000,4705,1788849691971991,1788849692117638,145647
load10000-burst,2,2000,4706,1788849691971991,1788849692117666,145675
load10000-burst,2,2000,4707,1788849691971991,1788849692117689,145698
load10000-burst,2,2000,4708,1788849691971991,1788849692117712,145721
load10000-burst,2,2000,4709,1788849691971991,1788849692117734,145743
load10000-burst,2,2000,4710,1788849691971991,1788849692117756,145765
load10000-burst,2,2000,4711,1788849691971991,1788849692117778,145787
load10000-burst,2,2000,4712,1788849691971991,1788849692117800,145809
load10000-burst,2,2000,4713,1788849691971991,1788849692117823,145832
load10000-burst,2,2000,4714,1788849691971991,1788849692117845,145854
load10000-burst,2,2000,4715,1788849691971991,1788849692117867,145876
load10000-burst,2,2000,4716,1788849691971991,1788849692117890,145899
load10000-burst,2,2000,4717,1788849691971991,1788849692117912,145921
load10000-burst,2,2000,4718,1788849691971991,1788849692117942,145951
load10000-burst,2,2000,4719,1788849691971991,1788849692117967,145976
load10000-burst,2,2000,4720,1788849691971991,1788849692117991,146000
load10000-burst,2,2000,4721,1788849691971991,1788849692118014,146023
load10000-burst,2,2000,4722,1788849691971991,1788849692118037,146046
load10000-burst,2,2000,4723,1788849691971991,1788849692118083,146092
load10000-burst,2,2000,4724,1788849691971991,1788849692118107,146116
load10000-burst,2,2000,4725,1788849691971991,1788849692118128,146137
load10000-burst,2,2000,4726,1788849691971991,1788849692118150,146159
load10000-burst,2,2000,4727,1788849691971991,1788849692118172,146181
load10000-burst,2,2000,4728,1788849691971991,1788849692118194,146203
load10000-burst,2,2000,4729,1788849691971991,1788849692118217,146226
load10000-burst,2,2000,4730,1788849691971991,1788849692118240,146249
load10000-burst,2,2000,4731,1788849691971991,1788849692118271,146280
load10000-burst,2,2000,4732,1788849691971991,1788849692118301,146310
load10000-burst,2,2000,4733,1788849691971991,1788849692118325,146334
load10000-burst,2,2000,4734,1788849691971991,1788849692118359,146368
load10000-burst,2,2000,4735,1788849691971991,1788849692118402,146411
load10000-burst,2,2000,4736,1788849691971991,1788849692118435,146444
load10000-burst,2,2000,4737,1788849691971991,1788849692118464,146473
load10000-burst,2,2000,4738,1788849691971991,1788849692118486,146495
load10000-burst,2,2000,4739,1788849691971991,1788849692118509,146518
load10000-burst,2,2000,4740,1788849691971991,1788849692118532,146541
load10000-burst,2,2000,4741,1788849691971991,1788849692118579,146588
load10000-burst,2,2000,4742,1788849691971991,1788849692118615,146624
load10000-burst,2,2000,4743,1788849691971991,1788849692118654,146663
load10000-burst,2,2000,4744,1788849691971991,1788849692118690,146699
load10000-burst,2,2000,4745,1788849691971991,1788849692118734,146743
load10000-burst,2,2000,4746,1788849691971991,1788849692118761,146770
load10000-burst,2,2000,4747,1788849691971991,1788849692118790,146799
load10000-burst,2,2000,4748,1788849691971991,1788849692118822,146831
load10000-burst,2,2000,4749,1788849691971991,1788849692118846,146855
load10000-burst,2,2000,4750,1788849691971991,1788849692118868,146877
load10000-burst,2,2000,4751,1788849691971991,1788849692118916,146925
load10000-burst,2,2000,4752,1788849691971991,1788849692118944,146953
load10000-burst,2,2000,4753,1788849691971991,1788849692118967,146976
load10000-burst,2,2000,4754,1788849691971991,1788849692118984,146993
load10000-burst,2,2000,4755,1788849691971991,1788849692119004,147013
load10000-burst,2,2000,4756,1788849691971991,1788849692119028,147037
load10000-burst,2,2000,4757,1788849691971991,1788849692119051,147060
load10000-burst,2,2000,4758,1788849691971991,1788849692119088,147097
load10000-burst,2,2000,4759,1788849691971991,1788849692119113,147122
load10000-burst,2,2000,4760,1788849691971991,1788849692119135,147144
load10000-burst,2,2000,4761,1788849691971991,1788849692119157,147166
load10000-burst,2,2000,4762,1788849691971991,1788849692119179,147188
load10000-burst,2,2000,4763,1788849691971991,1788849692119201,147210
load10000-burst,2,2000,4764,1788849691971991,1788849692119223,147232
load10000-burst,2,2000,4765,1788849691971991,1788849692119245,147254
load10000-burst,2,2000,4766,1788849691971991,1788849692119267,147276
load10000-burst,2,2000,4767,1788849691971991,1788849692119298,147307
load10000-burst,2,2000,4768,1788849691971991,1788849692119326,147335
load10000-burst,2,2000,4769,1788849691971991,1788849692119347,147356
load10000-burst,2,2000,4770,1788849691971991,1788849692119371,147380
load10000-burst,2,2000,4771,1788849691971991,1788849692119401,147410
load10000-burst,2,2000,4772,1788849691971991,1788849692119437,147446
load10000-burst,2,2000,4773,1788849691971991,1788849692119467,147476
load10000-burst,2,2000,4774,1788849691971991,1788849692119491,147500
load10000-burst,2,2000,4775,1788849691971991,1788849692119531,147540
load10000-burst,2,2000,4776,1788849691971991,1788849692119555,147564
load10000-burst,2,2000,4777,1788849691971991,1788849692119578,147587
load10000-burst,2,2000,4778,1788849691971991,1788849692119598,147607
load10000-burst,2,2000,4779,1788849691971991,1788849692119622,147631
load10000-burst,2,2000,4780,1788849691971991,1788849692119641,147650
load10000-burst,2,2000,4781,1788849691971991,1788849692119658,147667
load10000-burst,2,2000,4782,1788849691971991,1788849692119682,147691
load10000-burst,2,2000,4783,1788849691971991,1788849692119706,147715
load10000-burst,2,2000,4784,1788849691971991,1788849692119736,147745
load10000-burst,2,2000,4785,1788849691971991,1788849692119767,147776
load10000-burst,2,2000,4786,1788849691971991,1788849692119791,147800
load10000-burst,2,2000,4787,1788849691971991,1788849692119815,147824
load10000-burst,2,2000,4788,1788849691971991,1788849692119837,147846
load10000-burst,2,2000,4789,1788849691971991,1788849692119859,147868
load10000-burst,2,2000,4790,1788849691971991,1788849692119881,147890
load10000-burst,2,2000,4791,1788849691971991,1788849692119903,147912
load10000-burst,2,2000,4792,1788849691971991,1788849692119925,147934
load10000-burst,2,2000,4793,1788849691971991,1788849692119976,147985
load10000-burst,2,2000,4794,1788849691971991,1788849692119996,148005
load10000-burst,2,2000,4795,1788849691971991,1788849692120026,148035
load10000-burst,2,2000,4796,1788849691971991,1788849692120051,148060
load10000-burst,2,2000,4797,1788849691971991,1788849692120074,148083
load10000-burst,2,2000,4798,1788849691971991,1788849692120103,148112
load10000-burst,2,2000,4799,1788849691971991,1788849692120134,148143
load10000-burst,2,2000,4800,1788849691971991,1788849692120157,148166
load10000-burst,2,2000,4801,1788849691971991,1788849692120180,148189
load10000-burst,2,2000,4802,1788849691971991,1788849692120202,148211
load10000-burst,2,2000,4803,1788849691971991,1788849692120226,148235
load10000-burst,2,2000,4804,1788849691971991,1788849692120249,148258
load10000-burst,2,2000,4805,1788849691971991,1788849692120279,148288
load10000-burst,2,2000,4806,1788849691971991,1788849692120317,148326
load10000-burst,2,2000,4807,1788849691971991,1788849692120341,148350
load10000-burst,2,2000,4808,1788849691971991,1788849692120372,148381
load10000-burst,2,2000,4809,1788849691971991,1788849692120399,148408
load10000-burst,2,2000,4810,1788849691971991,1788849692120441,148450
load10000-burst,2,2000,4811,1788849691971991,1788849692120463,148472
load10000-burst,2,2000,4812,1788849691971991,1788849692120486,148495
load10000-burst,2,2000,4813,1788849691971991,1788849692120507,148516
load10000-burst,2,2000,4814,1788849691971991,1788849692120530,148539
load10000-burst,2,2000,4815,1788849691971991,1788849692120552,148561
load10000-burst,2,2000,4816,1788849691971991,1788849692120574,148583
load10000-burst,2,2000,4817,1788849691971991,1788849692120596,148605
load10000-burst,2,2000,4818,1788849691971991,1788849692120614,148623
load10000-burst,2,2000,4819,1788849691971991,1788849692120646,148655
load10000-burst,2,2000,4820,1788849691971991,1788849692120674,148683
load10000-burst,2,2000,4821,1788849691971991,1788849692120699,148708
load10000-burst,2,2000,4822,1788849691971991,1788849692120728,148737
load10000-burst,2,2000,4823,1788849691971991,1788849692120762,148771
load10000-burst,2,2000,4824,1788849691971991,1788849692120794,148803
load10000-burst,2,2000,4825,1788849691971991,1788849692120817,148826
load10000-burst,2,2000,4826,1788849691971991,1788849692120839,148848
load10000-burst,2,2000,4827,1788849691971991,1788849692120863,148872
load10000-burst,2,2000,4828,1788849691971991,1788849692120889,148898
load10000-burst,2,2000,4829,1788849691971991,1788849692120911,148920
load10000-burst,2,2000,4830,1788849691971991,1788849692120933,148942
load10000-burst,2,2000,4831,1788849691971991,1788849692120956,148965
load10000-burst,2,2000,4832,1788849691971991,1788849692120981,148990
load10000-burst,2,2000,4833,1788849691971991,1788849692121007,149016
load10000-burst,2,2000,4834,1788849691971991,1788849692121043,149052
load10000-burst,2,2000,4835,1788849691971991,1788849692121090,149099
load10000-burst,2,2000,4836,1788849691971991,1788849692121115,149124
load10000-burst,2,2000,4837,1788849691971991,1788849692121138,149147
load10000-burst,2,2000,4838,1788849691971991,1788849692121161,149170
load10000-burst,2,2000,4839,1788849691971991,1788849692121183,149192
load10000-burst,2,2000,4840,1788849691971991,1788849692121205,149214
load10000-burst,2,2000,4841,1788849691971991,1788849692121228,149237
load10000-burst,2,2000,4842,1788849691971991,1788849692121249,149258
load10000-burst,2,2000,4843,1788849691971991,1788849692121271,149280
load10000-burst,2,2000,4844,1788849691971991,1788849692121296,149305
load10000-burst,2,2000,4845,1788849691971991,1788849692121319,149328
load10000-burst,2,2000,4846,1788849691971991,1788849692121341,149350
load10000-burst,2,2000,4847,1788849691971991,1788849692121371,149380
load10000-burst,2,2000,4848,1788849691971991,1788849692121406,149415
load10000-burst,2,2000,4849,1788849691971991,1788849692121456,149465
load10000-burst,2,2000,4850,1788849691971991,1788849692121483,149492
load10000-burst,2,2000,4851,1788849691971991,1788849692121513,149522
load10000-burst,2,2000,4852,1788849691971991,1788849692121552,149561
load10000-burst,2,2000,4853,1788849691971991,1788849692121584,149593
load10000-burst,2,2000,4854,1788849691971991,1788849692121614,149623
load10000-burst,2,2000,4855,1788849691971991,1788849692121642,149651
load10000-burst,2,2000,4856,1788849691971991,1788849692121678,149687
load10000-burst,2,2000,4857,1788849691971991,1788849692121710,149719
load10000-burst,2,2000,4858,1788849691971991,1788849692121746,149755
load10000-burst,2,2000,4859,1788849691971991,1788849692121774,149783
load10000-burst,2,2000,4860,1788849691971991,1788849692121797,149806
load10000-burst,2,2000,4861,1788849691971991,1788849692121823,149832
load10000-burst,2,2000,4862,1788849691971991,1788849692121847,149856
load10000-burst,2,2000,4863,1788849691971991,1788849692121870,149879
load10000-burst,2,2000,4864,1788849691971991,1788849692121892,149901
load10000-burst,2,2000,4865,1788849691971991,1788849692121914,149923
load10000-burst,2,2000,4866,1788849691971991,1788849692121935,149944
load10000-burst,2,2000,4867,1788849691971991,1788849692121958,149967
load10000-burst,2,2000,4868,1788849691971991,1788849692121979,149988
load10000-burst,2,2000,4869,1788849691971991,1788849692122001,150010
load10000-burst,2,2000,4870,1788849691971991,1788849692122023,150032
load10000-burst,2,2000,4871,1788849691971991,1788849692122047,150056
load10000-burst,2,2000,4872,1788849691971991,1788849692122070,150079
load10000-burst,2,2000,4873,1788849691971991,1788849692122100,150109
load10000-burst,2,2000,4874,1788849691971991,1788849692122129,150138
load10000-burst,2,2000,4875,1788849691971991,1788849692122152,150161
load10000-burst,2,2000,4876,1788849691971991,1788849692122174,150183
load10000-burst,2,2000,4877,1788849691971991,1788849692122198,150207
load10000-burst,2,2000,4878,1788849691971991,1788849692122221,150230
load10000-burst,2,2000,4879,1788849691971991,1788849692122244,150253
load10000-burst,2,2000,4880,1788849691971991,1788849692122274,150283
load10000-burst,2,2000,4881,1788849691971991,1788849692122311,150320
load10000-burst,2,2000,4882,1788849691971991,1788849692122346,150355
load10000-burst,2,2000,4883,1788849691971991,1788849692122381,150390
load10000-burst,2,2000,4884,1788849691971991,1788849692122405,150414
load10000-burst,2,2000,4885,1788849691971991,1788849692122432,150441
load10000-burst,2,2000,4886,1788849691971991,1788849692122455,150464
load10000-burst,2,2000,4887,1788849691971991,1788849692122478,150487
load10000-burst,2,2000,4888,1788849691971991,1788849692122501,150510
load10000-burst,2,2000,4889,1788849691971991,1788849692122523,150532
load10000-burst,2,2000,4890,1788849691971991,1788849692122548,150557
load10000-burst,2,2000,4891,1788849691971991,1788849692122571,150580
load10000-burst,2,2000,4892,1788849691971991,1788849692122594,150603
load10000-burst,2,2000,4893,1788849691971991,1788849692122616,150625
load10000-burst,2,2000,4894,1788849691971991,1788849692122641,150650
load10000-burst,2,2000,4895,1788849691971991,1788849692122670,150679
load10000-burst,2,2000,4896,1788849691971991,1788849692122702,150711
load10000-burst,2,2000,4897,1788849691971991,1788849692122732,150741
load10000-burst,2,2000,4898,1788849691971991,1788849692122755,150764
load10000-burst,2,2000,4899,1788849691971991,1788849692122778,150787
load10000-burst,2,2000,4900,1788849691971991,1788849692122801,150810
load10000-burst,2,2000,4901,1788849691971991,1788849692122823,150832
load10000-burst,2,2000,4902,1788849691971991,1788849692122845,150854
load10000-burst,2,2000,4903,1788849691971991,1788849692122867,150876
load10000-burst,2,2000,4904,1788849691971991,1788849692122901,150910
load10000-burst,2,2000,4905,1788849691971991,1788849692122937,150946
load10000-burst,2,2000,4906,1788849691971991,1788849692122966,150975
load10000-burst,2,2000,4907,1788849691971991,1788849692122994,151003
load10000-burst,2,2000,4908,1788849691971991,1788849692123027,151036
load10000-burst,2,2000,4909,1788849691971991,1788849692123070,151079
load10000-burst,2,2000,4910,1788849691971991,1788849692123097,151106
load10000-burst,2,2000,4911,1788849691971991,1788849692123119,151128
load10000-burst,2,2000,4912,1788849691971991,1788849692123141,151150
load10000-burst,2,2000,4913,1788849691971991,1788849692123164,151173
load10000-burst,2,2000,4914,1788849691971991,1788849692123187,151196
load10000-burst,2,2000,4915,1788849691971991,1788849692123210,151219
load10000-burst,2,2000,4916,1788849691971991,1788849692123233,151242
load10000-burst,2,2000,4917,1788849691971991,1788849692123263,151272
load10000-burst,2,2000,4918,1788849691971991,1788849692123286,151295
load10000-burst,2,2000,4919,1788849691971991,1788849692123315,151324
load10000-burst,2,2000,4920,1788849691971991,1788849692123338,151347
load10000-burst,2,2000,4921,1788849691971991,1788849692123364,151373
load10000-burst,2,2000,4922,1788849691971991,1788849692123389,151398
load10000-burst,2,2000,4923,1788849691971991,1788849692123412,151421
load10000-burst,2,2000,4924,1788849691971991,1788849692123435,151444
load10000-burst,2,2000,4925,1788849691971991,1788849692123458,151467
load10000-burst,2,2000,4926,1788849691971991,1788849692123481,151490
load10000-burst,2,2000,4927,1788849691971991,1788849692123504,151513
load10000-burst,2,2000,4928,1788849691971991,1788849692123526,151535
load10000-burst,2,2000,4929,1788849691971991,1788849692123543,151552
load10000-burst,2,2000,4930,1788849691971991,1788849692123561,151570
load10000-burst,2,2000,4931,1788849691971991,1788849692123585,151594
load10000-burst,2,2000,4932,1788849691971991,1788849692123609,151618
load10000-burst,2,2000,4933,1788849691971991,1788849692123632,151641
load10000-burst,2,2000,4934,1788849691971991,1788849692123661,151670
load10000-burst,2,2000,4935,1788849691971991,1788849692123686,151695
load10000-burst,2,2000,4936,1788849691971991,1788849692123708,151717
load10000-burst,2,2000,4937,1788849691971991,1788849692123734,151743
load10000-burst,2,2000,4938,1788849691971991,1788849692123756,151765
load10000-burst,2,2000,4939,1788849691971991,1788849692123778,151787
load10000-burst,2,2000,4940,1788849691971991,1788849692123830,151839
load10000-burst,2,2000,4941,1788849691971991,1788849692123854,151863
load10000-burst,2,2000,4942,1788849691971991,1788849692123918,151927
load10000-burst,2,2000,4943,1788849691971991,1788849692124040,152049
load10000-burst,2,2000,4944,1788849691971991,1788849692124091,152100
load10000-burst,2,2000,4945,1788849691971991,1788849692124135,152144
load10000-burst,2,2000,4946,1788849691971991,1788849692124204,152213
load10000-burst,2,2000,4947,1788849691971991,1788849692124251,152260
load10000-burst,2,2000,4948,1788849691971991,1788849692124369,152378
load10000-burst,2,2000,4949,1788849691971991,1788849692124443,152452
load10000-burst,2,2000,4950,1788849691971991,1788849692124505,152514
load10000-burst,2,2000,4951,1788849691971991,1788849692124550,152559
load10000-burst,2,2000,4952,1788849691971991,1788849692124610,152619
load10000-burst,2,2000,4953,1788849691971991,1788849692124648,152657
load10000-burst,2,2000,4954,1788849691971991,1788849692124675,152684
load10000-burst,2,2000,4955,1788849691971991,1788849692124706,152715
load10000-burst,2,2000,4956,1788849691971991,1788849692124756,152765
load10000-burst,2,2000,4957,1788849691971991,1788849692124803,152812
load10000-burst,2,2000,4958,1788849691971991,1788849692124877,152886
load10000-burst,2,2000,4959,1788849691971991,1788849692124964,152973
load10000-burst,2,2000,4960,1788849691971991,1788849692125010,153019
load10000-burst,2,2000,4961,1788849691971991,1788849692125039,153048
load10000-burst,2,2000,4962,1788849691971991,1788849692125071,153080
load10000-burst,2,2000,4963,1788849691971991,1788849692125103,153112
load10000-burst,2,2000,4964,1788849691971991,1788849692125134,153143
load10000-burst,2,2000,4965,1788849691971991,1788849692125169,153178
load10000-burst,2,2000,4966,1788849691971991,1788849692125234,153243
load10000-burst,2,2000,4967,1788849691971991,1788849692125259,153268
load10000-burst,2,2000,4968,1788849691971991,1788849692125292,153301
load10000-burst,2,2000,4969,1788849691971991,1788849692125330,153339
load10000-burst,2,2000,4970,1788849691971991,1788849692125356,153365
load10000-burst,2,2000,4971,1788849691971991,1788849692125390,153399
load10000-burst,2,2000,4972,1788849691971991,1788849692125439,153448
load10000-burst,2,2000,4973,1788849691971991,1788849692125482,153491
load10000-burst,2,2000,4974,1788849691971991,1788849692125519,153528
load10000-burst,2,2000,4975,1788849691971991,1788849692125558,153567
load10000-burst,2,2000,4976,1788849691971991,1788849692125593,153602
load10000-burst,2,2000,4977,1788849691971991,1788849692125633,153642
load10000-burst,2,2000,4978,1788849691971991,1788849692125657,153666
load10000-burst,2,2000,4979,1788849691971991,1788849692125688,153697
load10000-burst,2,2000,4980,1788849691971991,1788849692125745,153754
load10000-burst,2,2000,4981,1788849691971991,1788849692125780,153789
load10000-burst,2,2000,4982,1788849691971991,1788849692125805,153814
load10000-burst,2,2000,4983,1788849691971991,1788849692125837,153846
load10000-burst,2,2000,4984,1788849691971991,1788849692125880,153889
load10000-burst,2,2000,4985,1788849691971991,1788849692125915,153924
load10000-burst,2,2000,4986,1788849691971991,1788849692125956,153965
load10000-burst,2,2000,4987,1788849691971991,1788849692126006,154015
load10000-burst,2,2000,4988,1788849691971991,1788849692126042,154051
load10000-burst,2,2000,4989,1788849691971991,1788849692126078,154087
load10000-burst,2,2000,4990,1788849691971991,1788849692126103,154112
load10000-burst,2,2000,4991,1788849691971991,1788849692126133,154142
load10000-burst,2,2000,4992,1788849691971991,1788849692126158,154167
load10000-burst,2,2000,4993,1788849691971991,1788849692126187,154196
load10000-burst,2,2000,4994,1788849691971991,1788849692126214,154223
load10000-burst,2,2000,4995,1788849691971991,1788849692126240,154249
load10000-burst,2,2000,4996,1788849691971991,1788849692126265,154274
load10000-burst,2,2000,4997,1788849691971991,1788849692126294,154303
load10000-burst,2,2000,4998,1788849691971991,1788849692126313,154322
load10000-burst,2,2000,4999,1788849691971991,1788849692126341,154350
load10000-burst,2,2000,5000,1788849691971991,1788849692126368,154377
load10000-burst,2,2000,5001,1788849691971991,1788849692126404,154413
load10000-burst,2,2000,5002,1788849691971991,1788849692126446,154455
load10000-burst,2,2000,5003,1788849691971991,1788849692126481,154490
load10000-burst,2,2000,5004,1788849691971991,1788849692126506,154515
load10000-burst,2,2000,5005,1788849691971991,1788849692126529,154538
load10000-burst,2,2000,5006,1788849691971991,1788849692126552,154561
load10000-burst,2,2000,5007,1788849691971991,1788849692126575,154584
load10000-burst,2,2000,5008,1788849691971991,1788849692126598,154607
load10000-burst,2,2000,5009,1788849691971991,1788849692126628,154637
load10000-burst,2,2000,5010,1788849691971991,1788849692126661,154670
load10000-burst,2,2000,5011,1788849691971991,1788849692126690,154699
load10000-burst,2,2000,5012,1788849691971991,1788849692126715,154724
load10000-burst,2,2000,5013,1788849691971991,1788849692126741,154750
load10000-burst,2,2000,5014,1788849691971991,1788849692126766,154775
load10000-burst,2,2000,5015,1788849691971991,1788849692126796,154805
load10000-burst,2,2000,5016,1788849691971991,1788849692126820,154829
load10000-burst,2,2000,5017,1788849691971991,1788849692126851,154860
load10000-burst,2,2000,5018,1788849691971991,1788849692126876,154885
load10000-burst,2,2000,5019,1788849691971991,1788849692126905,154914
load10000-burst,2,2000,5020,1788849691971991,1788849692126930,154939
load10000-burst,2,2000,5021,1788849691971991,1788849692126959,154968
load10000-burst,2,2000,5022,1788849691971991,1788849692126994,155003
load10000-burst,2,2000,5023,1788849691971991,1788849692127015,155024
load10000-burst,2,2000,5024,1788849691971991,1788849692127046,155055
load10000-burst,2,2000,5025,1788849691971991,1788849692127078,155087
load10000-burst,2,2000,5026,1788849691971991,1788849692127108,155117
load10000-burst,2,2000,5027,1788849691971991,1788849692127133,155142
load10000-burst,2,2000,5028,1788849691971991,1788849692127161,155170
load10000-burst,2,2000,5029,1788849691971991,1788849692127210,155219
load10000-burst,2,2000,5030,1788849691971991,1788849692127240,155249
load10000-burst,2,2000,5031,1788849691971991,1788849692127270,155279
load10000-burst,2,2000,5032,1788849691971991,1788849692127299,155308
load10000-burst,2,2000,5033,1788849691971991,1788849692127328,155337
load10000-burst,2,2000,5034,1788849691971991,1788849692127352,155361
load10000-burst,2,2000,5035,1788849691971991,1788849692127384,155393
load10000-burst,2,2000,5036,1788849691971991,1788849692127411,155420
load10000-burst,2,2000,5037,1788849691971991,1788849692127441,155450
load10000-burst,2,2000,5038,1788849691971991,1788849692127472,155481
load10000-burst,2,2000,5039,1788849691971991,1788849692127502,155511
load10000-burst,2,2000,5040,1788849691971991,1788849692127526,155535
load10000-burst,2,2000,5041,1788849691971991,1788849692127550,155559
load10000-burst,2,2000,5042,1788849691971991,1788849692127573,155582
load10000-burst,2,2000,5043,1788849691971991,1788849692127596,155605
load10000-burst,2,2000,5044,1788849691971991,1788849692127634,155643
load10000-burst,2,2000,5045,1788849691971991,1788849692127686,155695
load10000-burst,2,2000,5046,1788849691971991,1788849692127746,155755
load10000-burst,2,2000,5047,1788849691971991,1788849692127786,155795
load10000-burst,2,2000,5048,1788849691971991,1788849692127810,155819
load10000-burst,2,2000,5049,1788849691971991,1788849692127842,155851
load10000-burst,2,2000,5050,1788849691971991,1788849692127873,155882
load10000-burst,2,2000,5051,1788849691971991,1788849692127911,155920
load10000-burst,2,2000,5052,1788849691971991,1788849692127963,155972
load10000-burst,2,2000,5053,1788849691971991,1788849692127992,156001
load10000-burst,2,2000,5054,1788849691971991,1788849692128016,156025
load10000-burst,2,2000,5055,1788849691971991,1788849692128040,156049
load10000-burst,2,2000,5056,1788849691971991,1788849692128057,156066
load10000-burst,2,2000,5057,1788849691971991,1788849692128085,156094
load10000-burst,2,2000,5058,1788849691971991,1788849692128111,156120
load10000-burst,2,2000,5059,1788849691971991,1788849692128142,156151
load10000-burst,2,2000,5060,1788849691971991,1788849692128167,156176
load10000-burst,2,2000,5061,1788849691971991,1788849692128190,156199
load10000-burst,2,2000,5062,1788849691971991,1788849692128212,156221
load10000-burst,2,2000,5063,1788849691971991,1788849692128252,156261
load10000-burst,2,2000,5064,1788849691971991,1788849692128275,156284
load10000-burst,2,2000,5065,1788849691971991,1788849692128300,156309
load10000-burst,2,2000,5066,1788849691971991,1788849692128323,156332
load10000-burst,2,2000,5067,1788849691971991,1788849692128346,156355
load10000-burst,2,2000,5068,1788849691971991,1788849692128366,156375
load10000-burst,2,2000,5069,1788849691971991,1788849692128385,156394
load10000-burst,2,2000,5070,1788849691971991,1788849692128416,156425
load10000-burst,2,2000,5071,1788849691971991,1788849692128454,156463
load10000-burst,2,2000,5072,1788849691971991,1788849692128493,156502
load10000-burst,2,2000,5073,1788849691971991,1788849692128533,156542
load10000-burst,2,2000,5074,1788849691971991,1788849692128577,156586
load10000-burst,2,2000,5075,1788849691971991,1788849692128630,156639
load10000-burst,2,2000,5076,1788849691971991,1788849692128668,156677
load10000-burst,2,2000,5077,1788849691971991,1788849692128703,156712
load10000-burst,2,2000,5078,1788849691971991,1788849692128739,156748
load10000-burst,2,2000,5079,1788849691971991,1788849692128781,156790
load10000-burst,2,2000,5080,1788849691971991,1788849692128830,156839
load10000-burst,2,2000,5081,1788849691971991,1788849692128895,156904
load10000-burst,2,2000,5082,1788849691971991,1788849692128925,156934
load10000-burst,2,2000,5083,1788849691971991,1788849692128963,156972
load10000-burst,2,2000,5084,1788849691971991,1788849692129006,157015
load10000-burst,2,2000,5085,1788849691971991,1788849692129045,157054
load10000-burst,2,2000,5086,1788849691971991,1788849692129085,157094
load10000-burst,2,2000,5087,1788849691971991,1788849692129173,157182
load10000-burst,2,2000,5088,1788849691971991,1788849692129201,157210
load10000-burst,2,2000,5089,1788849691971991,1788849692129225,157234
load10000-burst,2,2000,5090,1788849691971991,1788849692129266,157275
load10000-burst,2,2000,5091,1788849691971991,1788849692129297,157306
load10000-burst,2,2000,5092,1788849691971991,1788849692129341,157350
load10000-burst,2,2000,5093,1788849691971991,1788849692129433,157442
load10000-burst,2,2000,5094,1788849691971991,1788849692129492,157501
load10000-burst,2,2000,5095,1788849691971991,1788849692129538,157547
load10000-burst,2,2000,5096,1788849691971991,1788849692129570,157579
load10000-burst,2,2000,5097,1788849691971991,1788849692129606,157615
load10000-burst,2,2000,5098,1788849691971991,1788849692129671,157680
load10000-burst,2,2000,5099,1788849691971991,1788849692129708,157717
load10000-burst,2,2000,5100,1788849691971991,1788849692129745,157754
load10000-burst,2,2000,5101,1788849691971991,1788849692129815,157824
load10000-burst,2,2000,5102,1788849691971991,1788849692129844,157853
load10000-burst,2,2000,5103,1788849691971991,1788849692129875,157884
load10000-burst,2,2000,5104,1788849691971991,1788849692129920,157929
load10000-burst,2,2000,5105,1788849691971991,1788849692129967,157976
load10000-burst,2,2000,5106,1788849691971991,1788849692130005,158014
load10000-burst,2,2000,5107,1788849691971991,1788849692130035,158044
load10000-burst,2,2000,5108,1788849691971991,1788849692130065,158074
load10000-burst,2,2000,5109,1788849691971991,1788849692130111,158120
load10000-burst,2,2000,5110,1788849691971991,1788849692130197,158206
load10000-burst,2,2000,5111,1788849691971991,1788849692130269,158278
load10000-burst,2,2000,5112,1788849691971991,1788849692130361,158370
load10000-burst,2,2000,5113,1788849691971991,1788849692130385,158394
load10000-burst,2,2000,5114,1788849691971991,1788849692130422,158431
load10000-burst,2,2000,5115,1788849691971991,1788849692130494,158503
load10000-burst,2,2000,5116,1788849691971991,1788849692130538,158547
load10000-burst,2,2000,5117,1788849691971991,1788849692130570,158579
load10000-burst,2,2000,5118,1788849691971991,1788849692130595,158604
load10000-burst,2,2000,5119,1788849691971991,1788849692130635,158644
load10000-burst,2,2000,5120,1788849691971991,1788849692130678,158687
load10000-burst,2,2000,5121,1788849691971991,1788849692130719,158728
load10000-burst,2,2000,5122,1788849691971991,1788849692130761,158770
load10000-burst,2,2000,5123,1788849691971991,1788849692130807,158816
load10000-burst,2,2000,5124,1788849691971991,1788849692130839,158848
load10000-burst,2,2000,5125,1788849691971991,1788849692130873,158882
load10000-burst,2,2000,5126,1788849691971991,1788849692130899,158908
load10000-burst,2,2000,5127,1788849691971991,1788849692130922,158931
load10000-burst,2,2000,5128,1788849691971991,1788849692130946,158955
load10000-burst,2,2000,5129,1788849691971991,1788849692130969,158978
load10000-burst,2,2000,5130,1788849691971991,1788849692130992,159001
load10000-burst,2,2000,5131,1788849691971991,1788849692131015,159024
load10000-burst,2,2000,5132,1788849691971991,1788849692131043,159052
load10000-burst,2,2000,5133,1788849691971991,1788849692131088,159097
load10000-burst,2,2000,5134,1788849691971991,1788849692131124,159133
load10000-burst,2,2000,5135,1788849691971991,1788849692131163,159172
load10000-burst,2,2000,5136,1788849691971991,1788849692131205,159214
load10000-burst,2,2000,5137,1788849691971991,1788849692131255,159264
load10000-burst,2,2000,5138,1788849691971991,1788849692131331,159340
load10000-burst,2,2000,5139,1788849691971991,1788849692131363,159372
load10000-burst,2,2000,5140,1788849691971991,1788849692131394,159403
load10000-burst,2,2000,5141,1788849691971991,1788849692131421,159430
load10000-burst,2,2000,5142,1788849691971991,1788849692131444,159453
load10000-burst,2,2000,5143,1788849691971991,1788849692131467,159476
load10000-burst,2,2000,5144,1788849691971991,1788849692131490,159499
load10000-burst,2,2000,5145,1788849691971991,1788849692131524,159533
load10000-burst,2,2000,5146,1788849691971991,1788849692131582,159591
load10000-burst,2,2000,5147,1788849691971991,1788849692131628,159637
load10000-burst,2,2000,5148,1788849691971991,1788849692131658,159667
load10000-burst,2,2000,5149,1788849691971991,1788849692131688,159697
load10000-burst,2,2000,5150,1788849691971991,1788849692131714,159723
load10000-burst,2,2000,5151,1788849691971991,1788849692131737,159746
load10000-burst,2,2000,5152,1788849691971991,1788849692131759,159768
load10000-burst,2,2000,5153,1788849691971991,1788849692131781,159790
load10000-burst,2,2000,5154,1788849691971991,1788849692131804,159813
load10000-burst,2,2000,5155,1788849691971991,1788849692131827,159836
load10000-burst,2,2000,5156,1788849691971991,1788849692131851,159860
load10000-burst,2,2000,5157,1788849691971991,1788849692131883,159892
load10000-burst,2,2000,5158,1788849691971991,1788849692131921,159930
load10000-burst,2,2000,5159,1788849691971991,1788849692131955,159964
load10000-burst,2,2000,5160,1788849691971991,1788849692131980,159989
load10000-burst,2,2000,5161,1788849691971991,1788849692132010,160019
load10000-burst,2,2000,5162,1788849691971991,1788849692132039,160048
load10000-burst,2,2000,5163,1788849691971991,1788849692132061,160070
load10000-burst,2,2000,5164,1788849691971991,1788849692132084,160093
load10000-burst,2,2000,5165,1788849691971991,1788849692132108,160117
load10000-burst,2,2000,5166,1788849691971991,1788849692132129,160138
load10000-burst,2,2000,5167,1788849691971991,1788849692132151,160160
load10000-burst,2,2000,5168,1788849691971991,1788849692132194,160203
load10000-burst,2,2000,5169,1788849691971991,1788849692132300,160309
load10000-burst,2,2000,5170,1788849691971991,1788849692132349,160358
load10000-burst,2,2000,5171,1788849691971991,1788849692132379,160388
load10000-burst,2,2000,5172,1788849691971991,1788849692132403,160412
load10000-burst,2,2000,5173,1788849691971991,1788849692132433,160442
load10000-burst,2,2000,5174,1788849691971991,1788849692132474,160483
load10000-burst,2,2000,5175,1788849691971991,1788849692132520,160529
load10000-burst,2,2000,5176,1788849691971991,1788849692132561,160570
load10000-burst,2,2000,5177,1788849691971991,1788849692132596,160605
load10000-burst,2,2000,5178,1788849691971991,1788849692132618,160627
load10000-burst,2,2000,5179,1788849691971991,1788849692132636,160645
load10000-burst,2,2000,5180,1788849691971991,1788849692132669,160678
load10000-burst,2,2000,5181,1788849691971991,1788849692132704,160713
load10000-burst,2,2000,5182,1788849691971991,1788849692132727,160736
load10000-burst,2,2000,5183,1788849691971991,1788849692132750,160759
load10000-burst,2,2000,5184,1788849691971991,1788849692132780,160789
load10000-burst,2,2000,5185,1788849691971991,1788849692132807,160816
load10000-burst,2,2000,5186,1788849691971991,1788849692132830,160839
load10000-burst,2,2000,5187,1788849691971991,1788849692132854,160863
load10000-burst,2,2000,5188,1788849691971991,1788849692132877,160886
load10000-burst,2,2000,5189,1788849691971991,1788849692132899,160908
load10000-burst,2,2000,5190,1788849691971991,1788849692132921,160930
load10000-burst,2,2000,5191,1788849691971991,1788849692132954,160963
load10000-burst,2,2000,5192,1788849691971991,1788849692132994,161003
load10000-burst,2,2000,5193,1788849691971991,1788849692133021,161030
load10000-burst,2,2000,5194,1788849691971991,1788849692133047,161056
load10000-burst,2,2000,5195,1788849691971991,1788849692133078,161087
load10000-burst,2,2000,5196,1788849691971991,1788849692133103,161112
load10000-burst,2,2000,5197,1788849691971991,1788849692133126,161135
load10000-burst,2,2000,5198,1788849691971991,1788849692133149,161158
load10000-burst,2,2000,5199,1788849691971991,1788849692133173,161182
load10000-burst,2,2000,5200,1788849691971991,1788849692133198,161207
load10000-burst,2,2000,5201,1788849691971991,1788849692133220,161229
load10000-burst,2,2000,5202,1788849691971991,1788849692133245,161254
load10000-burst,2,2000,5203,1788849691971991,1788849692133269,161278
load10000-burst,2,2000,5204,1788849691971991,1788849692133293,161302
load10000-burst,2,2000,5205,1788849691971991,1788849692133313,161322
load10000-burst,2,2000,5206,1788849691971991,1788849692133347,161356
load10000-burst,2,2000,5207,1788849691971991,1788849692133397,161406
load10000-burst,2,2000,5208,1788849691971991,1788849692133435,161444
load10000-burst,2,2000,5209,1788849691971991,1788849692133464,161473
load10000-burst,2,2000,5210,1788849691971991,1788849692133489,161498
load10000-burst,2,2000,5211,1788849691971991,1788849692133514,161523
load10000-burst,2,2000,5212,1788849691971991,1788849692133538,161547
load10000-burst,2,2000,5213,1788849691971991,1788849692133562,161571
load10000-burst,2,2000,5214,1788849691971991,1788849692133585,161594
load10000-burst,2,2000,5215,1788849691971991,1788849692133607,161616
load10000-burst,2,2000,5216,1788849691971991,1788849692133631,161640
load10000-burst,2,2000,5217,1788849691971991,1788849692133660,161669
load10000-burst,2,2000,5218,1788849691971991,1788849692133679,161688
load10000-burst,2,2000,5219,1788849691971991,1788849692133702,161711
load10000-burst,2,2000,5220,1788849691971991,1788849692133737,161746
load10000-burst,2,2000,5221,1788849691971991,1788849692133790,161799
load10000-burst,2,2000,5222,1788849691971991,1788849692133818,161827
load10000-burst,2,2000,5223,1788849691971991,1788849692133841,161850
load10000-burst,2,2000,5224,1788849691971991,1788849692133866,161875
load10000-burst,2,2000,5225,1788849691971991,1788849692133889,161898
load10000-burst,2,2000,5226,1788849691971991,1788849692133911,161920
load10000-burst,2,2000,5227,1788849691971991,1788849692133935,161944
load10000-burst,2,2000,5228,1788849691971991,1788849692133968,161977
load10000-burst,2,2000,5229,1788849691971991,1788849692134010,162019
load10000-burst,2,2000,5230,1788849691971991,1788849692134042,162051
load10000-burst,2,2000,5231,1788849691971991,1788849692134066,162075
load10000-burst,2,2000,5232,1788849691971991,1788849692134097,162106
load10000-burst,2,2000,5233,1788849691971991,1788849692134132,162141
load10000-burst,2,2000,5234,1788849691971991,1788849692134157,162166
load10000-burst,2,2000,5235,1788849691971991,1788849692134179,162188
load10000-burst,2,2000,5236,1788849691971991,1788849692134202,162211
load10000-burst,2,2000,5237,1788849691971991,1788849692134225,162234
load10000-burst,2,2000,5238,1788849691971991,1788849692134249,162258
load10000-burst,2,2000,5239,1788849691971991,1788849692134273,162282
load10000-burst,2,2000,5240,1788849691971991,1788849692134308,162317
load10000-burst,2,2000,5241,1788849691971991,1788849692134342,162351
load10000-burst,2,2000,5242,1788849691971991,1788849692134373,162382
load10000-burst,2,2000,5243,1788849691971991,1788849692134396,162405
load10000-burst,2,2000,5244,1788849691971991,1788849692134432,162441
load10000-burst,2,2000,5245,1788849691971991,1788849692134458,162467
load10000-burst,2,2000,5246,1788849691971991,1788849692134480,162489
load10000-burst,2,2000,5247,1788849691971991,1788849692134504,162513
load10000-burst,2,2000,5248,1788849691971991,1788849692134526,162535
load10000-burst,2,2000,5249,1788849691971991,1788849692134548,162557
load10000-burst,2,2000,5250,1788849691971991,1788849692134570,162579
load10000-burst,2,2000,5251,1788849691971991,1788849692134594,162603
load10000-burst,2,2000,5252,1788849691971991,1788849692134615,162624
load10000-burst,2,2000,5253,1788849691971991,1788849692134646,162655
load10000-burst,2,2000,5254,1788849691971991,1788849692134689,162698
load10000-burst,2,2000,5255,1788849691971991,1788849692134742,162751
load10000-burst,2,2000,5256,1788849691971991,1788849692134778,162787
load10000-burst,2,2000,5257,1788849691971991,1788849692134815,162824
load10000-burst,2,2000,5258,1788849691971991,1788849692134838,162847
load10000-burst,2,2000,5259,1788849691971991,1788849692134861,162870
load10000-burst,2,2000,5260,1788849691971991,1788849692134882,162891
load10000-burst,2,2000,5261,1788849691971991,1788849692134905,162914
load10000-burst,2,2000,5262,1788849691971991,1788849692134927,162936
load10000-burst,2,2000,5263,1788849691971991,1788849692134949,162958
load10000-burst,2,2000,5264,1788849691971991,1788849692134970,162979
load10000-burst,2,2000,5265,1788849691971991,1788849692134992,163001
load10000-burst,2,2000,5266,1788849691971991,1788849692135024,163033
load10000-burst,2,2000,5267,1788849691971991,1788849692135067,163076
load10000-burst,2,2000,5268,1788849691971991,1788849692135089,163098
load10000-burst,2,2000,5269,1788849691971991,1788849692135112,163121
load10000-burst,2,2000,5270,1788849691971991,1788849692135137,163146
load10000-burst,2,2000,5271,1788849691971991,1788849692135160,163169
load10000-burst,2,2000,5272,1788849691971991,1788849692135184,163193
load10000-burst,2,2000,5273,1788849691971991,1788849692135207,163216
load10000-burst,2,2000,5274,1788849691971991,1788849692135228,163237
load10000-burst,2,2000,5275,1788849691971991,1788849692135249,163258
load10000-burst,2,2000,5276,1788849691971991,1788849692135271,163280
load10000-burst,2,2000,5277,1788849691971991,1788849692135292,163301
load10000-burst,2,2000,5278,1788849691971991,1788849692135322,163331
load10000-burst,2,2000,5279,1788849691971991,1788849692135367,163376
load10000-burst,2,2000,5280,1788849691971991,1788849692135390,163399
load10000-burst,2,2000,5281,1788849691971991,1788849692135422,163431
load10000-burst,2,2000,5282,1788849691971991,1788849692135457,163466
load10000-burst,2,2000,5283,1788849691971991,1788849692135482,163491
load10000-burst,2,2000,5284,1788849691971991,1788849692135512,163521
load10000-burst,2,2000,5285,1788849691971991,1788849692135540,163549
load10000-burst,2,2000,5286,1788849691971991,1788849692135563,163572
load10000-burst,2,2000,5287,1788849691971991,1788849692135585,163594
load10000-burst,2,2000,5288,1788849691971991,1788849692135607,163616
load10000-burst,2,2000,5289,1788849691971991,1788849692135631,163640
load10000-burst,2,2000,5290,1788849691971991,1788849692135653,163662
load10000-burst,2,2000,5291,1788849691971991,1788849692135674,163683
load10000-burst,2,2000,5292,1788849691971991,1788849692135695,163704
load10000-burst,2,2000,5293,1788849691971991,1788849692135735,163744
load10000-burst,2,2000,5294,1788849691971991,1788849692135780,163789
load10000-burst,2,2000,5295,1788849691971991,1788849692135809,163818
load10000-burst,2,2000,5296,1788849691971991,1788849692135924,163933
load10000-burst,2,2000,5297,1788849691971991,1788849692135952,163961
load10000-burst,2,2000,5298,1788849691971991,1788849692135977,163986
load10000-burst,2,2000,5299,1788849691971991,1788849692136000,164009
load10000-burst,2,2000,5300,1788849691971991,1788849692136023,164032
load10000-burst,2,2000,5301,1788849691971991,1788849692136041,164050
load10000-burst,2,2000,5302,1788849691971991,1788849692136072,164081
load10000-burst,2,2000,5303,1788849691971991,1788849692136107,164116
load10000-burst,2,2000,5304,1788849691971991,1788849692136139,164148
load10000-burst,2,2000,5305,1788849691971991,1788849692136173,164182
load10000-burst,2,2000,5306,1788849691971991,1788849692136205,164214
load10000-burst,2,2000,5307,1788849691971991,1788849692136231,164240
load10000-burst,2,2000,5308,1788849691971991,1788849692136260,164269
load10000-burst,2,2000,5309,1788849691971991,1788849692136284,164293
load10000-burst,2,2000,5310,1788849691971991,1788849692136307,164316
load10000-burst,2,2000,5311,1788849691971991,1788849692136333,164342
load10000-burst,2,2000,5312,1788849691971991,1788849692136354,164363
load10000-burst,2,2000,5313,1788849691971991,1788849692136378,164387
load10000-burst,2,2000,5314,1788849691971991,1788849692136400,164409
load10000-burst,2,2000,5315,1788849691971991,1788849692136423,164432
load10000-burst,2,2000,5316,1788849691971991,1788849692136447,164456
load10000-burst,2,2000,5317,1788849691971991,1788849692136473,164482
load10000-burst,2,2000,5318,1788849691971991,1788849692136499,164508
load10000-burst,2,2000,5319,1788849691971991,1788849692136522,164531
load10000-burst,2,2000,5320,1788849691971991,1788849692136551,164560
load10000-burst,2,2000,5321,1788849691971991,1788849692136577,164586
load10000-burst,2,2000,5322,1788849691971991,1788849692136607,164616
load10000-burst,2,2000,5323,1788849691971991,1788849692136631,164640
load10000-burst,2,2000,5324,1788849691971991,1788849692136665,164674
load10000-burst,2,2000,5325,1788849691971991,1788849692136715,164724
load10000-burst,2,2000,5326,1788849691971991,1788849692136751,164760
load10000-burst,2,2000,5327,1788849691971991,1788849692136774,164783
load10000-burst,2,2000,5328,1788849691971991,1788849692136796,164805
load10000-burst,2,2000,5329,1788849691971991,1788849692136827,164836
load10000-burst,2,2000,5330,1788849691971991,1788849692136861,164870
load10000-burst,2,2000,5331,1788849691971991,1788849692136894,164903
load10000-burst,2,2000,5332,1788849691971991,1788849692136919,164928
load10000-burst,2,2000,5333,1788849691971991,1788849692136949,164958
load10000-burst,2,2000,5334,1788849691971991,1788849692136974,164983
load10000-burst,2,2000,5335,1788849691971991,1788849692136996,165005
load10000-burst,2,2000,5336,1788849691971991,1788849692137018,165027
load10000-burst,2,2000,5337,1788849691971991,1788849692137043,165052
load10000-burst,2,2000,5338,1788849691971991,1788849692137065,165074
load10000-burst,2,2000,5339,1788849691971991,1788849692137102,165111
load10000-burst,2,2000,5340,1788849691971991,1788849692137157,165166
load10000-burst,2,2000,5341,1788849691971991,1788849692137180,165189
load10000-burst,2,2000,5342,1788849691971991,1788849692137219,165228
load10000-burst,2,2000,5343,1788849691971991,1788849692137259,165268
load10000-burst,2,2000,5344,1788849691971991,1788849692137303,165312
load10000-burst,2,2000,5345,1788849691971991,1788849692137338,165347
load10000-burst,2,2000,5346,1788849691971991,1788849692137373,165382
load10000-burst,2,2000,5347,1788849691971991,1788849692137419,165428
load10000-burst,2,2000,5348,1788849691971991,1788849692137463,165472
load10000-burst,2,2000,5349,1788849691971991,1788849692137499,165508
load10000-burst,2,2000,5350,1788849691971991,1788849692137537,165546
load10000-burst,2,2000,5351,1788849691971991,1788849692137563,165572
load10000-burst,2,2000,5352,1788849691971991,1788849692137595,165604
load10000-burst,2,2000,5353,1788849691971991,1788849692137639,165648
load10000-burst,2,2000,5354,1788849691971991,1788849692137670,165679
load10000-burst,2,2000,5355,1788849691971991,1788849692137707,165716
load10000-burst,2,2000,5356,1788849691971991,1788849692137744,165753
load10000-burst,2,2000,5357,1788849691971991,1788849692137784,165793
load10000-burst,2,2000,5358,1788849691971991,1788849692137824,165833
load10000-burst,2,2000,5359,1788849691971991,1788849692137863,165872
load10000-burst,2,2000,5360,1788849691971991,1788849692137902,165911
load10000-burst,2,2000,5361,1788849691971991,1788849692137943,165952
load10000-burst,2,2000,5362,1788849691971991,1788849692137992,166001
load10000-burst,2,2000,5363,1788849691971991,1788849692138082,166091
load10000-burst,2,2000,5364,1788849691971991,1788849692138124,166133
load10000-burst,2,2000,5365,1788849691971991,1788849692138150,166159
load10000-burst,2,2000,5366,1788849691971991,1788849692138173,166182
load10000-burst,2,2000,5367,1788849691971991,1788849692138194,166203
load10000-burst,2,2000,5368,1788849691971991,1788849692138237,166246
load10000-burst,2,2000,5369,1788849691971991,1788849692138291,166300
load10000-burst,2,2000,5370,1788849691971991,1788849692138351,166360
load10000-burst,2,2000,5371,1788849691971991,1788849692138384,166393
load10000-burst,2,2000,5372,1788849691971991,1788849692138421,166430
load10000-burst,2,2000,5373,1788849691971991,1788849692138452,166461
load10000-burst,2,2000,5374,1788849691971991,1788849692138492,166501
load10000-burst,2,2000,5375,1788849691971991,1788849692138517,166526
load10000-burst,2,2000,5376,1788849691971991,1788849692138544,166553
load10000-burst,2,2000,5377,1788849691971991,1788849692138581,166590
load10000-burst,2,2000,5378,1788849691971991,1788849692138632,166641
load10000-burst,2,2000,5379,1788849691971991,1788849692138722,166731
load10000-burst,2,2000,5380,1788849691971991,1788849692138792,166801
load10000-burst,2,2000,5381,1788849691971991,1788849692138853,166862
load10000-burst,2,2000,5382,1788849691971991,1788849692138902,166911
load10000-burst,2,2000,5383,1788849691971991,1788849692138944,166953
load10000-burst,2,2000,5384,1788849691971991,1788849692138983,166992
load10000-burst,2,2000,5385,1788849691971991,1788849692139023,167032
load10000-burst,2,2000,5386,1788849691971991,1788849692139051,167060
load10000-burst,2,2000,5387,1788849691971991,1788849692139074,167083
load10000-burst,2,2000,5388,1788849691971991,1788849692139118,167127
load10000-burst,2,2000,5389,1788849691971991,1788849692139151,167160
load10000-burst,2,2000,5390,1788849691971991,1788849692139192,167201
load10000-burst,2,2000,5391,1788849691971991,1788849692139225,167234
load10000-burst,2,2000,5392,1788849691971991,1788849692139268,167277
load10000-burst,2,2000,5393,1788849691971991,1788849692139304,167313
load10000-burst,2,2000,5394,1788849691971991,1788849692139343,167352
load10000-burst,2,2000,5395,1788849691971991,1788849692139371,167380
load10000-burst,2,2000,5396,1788849691971991,1788849692139407,167416
load10000-burst,2,2000,5397,1788849691971991,1788849692139430,167439
load10000-burst,2,2000,5398,1788849691971991,1788849692139470,167479
load10000-burst,2,2000,5399,1788849691971991,1788849692139540,167549
load10000-burst,2,2000,5400,1788849691971991,1788849692139570,167579
load10000-burst,2,2000,5401,1788849691971991,1788849692139607,167616
load10000-burst,2,2000,5402,1788849691971991,1788849692139649,167658
load10000-burst,2,2000,5403,1788849691971991,1788849692139747,167756
load10000-burst,2,2000,5404,1788849691971991,1788849692139799,167808
load10000-burst,2,2000,5405,1788849691971991,1788849692139859,167868
load10000-burst,2,2000,5406,1788849691971991,1788849692139889,167898
load10000-burst,2,2000,5407,1788849691971991,1788849692139924,167933
load10000-burst,2,2000,5408,1788849691971991,1788849692139951,167960
load10000-burst,2,2000,5409,1788849691971991,1788849692139986,167995
load10000-burst,2,2000,5410,1788849691971991,1788849692140051,168060
load10000-burst,2,2000,5411,1788849691971991,1788849692140119,168128
load10000-burst,2,2000,5412,1788849691971991,1788849692140170,168179
load10000-burst,2,2000,5413,1788849691971991,1788849692140205,168214
load10000-burst,2,2000,5414,1788849691971991,1788849692140252,168261
load10000-burst,2,2000,5415,1788849691971991,1788849692140288,168297
load10000-burst,2,2000,5416,1788849691971991,1788849692140327,168336
load10000-burst,2,2000,5417,1788849691971991,1788849692140374,168383
load10000-burst,2,2000,5418,1788849691971991,1788849692140436,168445
load10000-burst,2,2000,5419,1788849691971991,1788849692140535,168544
load10000-burst,2,2000,5420,1788849691971991,1788849692140612,168621
load10000-burst,2,2000,5421,1788849691971991,1788849692140661,168670
load10000-burst,2,2000,5422,1788849691971991,1788849692140713,168722
load10000-burst,2,2000,5423,1788849691971991,1788849692140777,168786
load10000-burst,2,2000,5424,1788849691971991,1788849692140817,168826
load10000-burst,2,2000,5425,1788849691971991,1788849692140865,168874
load10000-burst,2,2000,5426,1788849691971991,1788849692140911,168920
load10000-burst,2,2000,5427,1788849691971991,1788849692140992,169001
load10000-burst,2,2000,5428,1788849691971991,1788849692141065,169074
load10000-burst,2,2000,5429,1788849691971991,1788849692141131,169140
load10000-burst,2,2000,5430,1788849691971991,1788849692141194,169203
load10000-burst,2,2000,5431,1788849691971991,1788849692141256,169265
load10000-burst,2,2000,5432,1788849691971991,1788849692141312,169321
load10000-burst,2,2000,5433,1788849691971991,1788849692141355,169364
load10000-burst,2,2000,5434,1788849691971991,1788849692141384,169393
load10000-burst,2,2000,5435,1788849691971991,1788849692141412,169421
load10000-burst,2,2000,5436,1788849691971991,1788849692141452,169461
load10000-burst,2,2000,5437,1788849691971991,1788849692141539,169548
load10000-burst,2,2000,5438,1788849691971991,1788849692141584,169593
load10000-burst,2,2000,5439,1788849691971991,1788849692141644,169653
load10000-burst,2,2000,5440,1788849691971991,1788849692141684,169693
load10000-burst,2,2000,5441,1788849691971991,1788849692141723,169732
load10000-burst,2,2000,5442,1788849691971991,1788849692141773,169782
load10000-burst,2,2000,5443,1788849691971991,1788849692141814,169823
load10000-burst,2,2000,5444,1788849691971991,1788849692141891,169900
load10000-burst,2,2000,5445,1788849691971991,1788849692141960,169969
load10000-burst,2,2000,5446,1788849691971991,1788849692142036,170045
load10000-burst,2,2000,5447,1788849691971991,1788849692142065,170074
load10000-burst,2,2000,5448,1788849691971991,1788849692142104,170113
load10000-burst,2,2000,5449,1788849691971991,1788849692142150,170159
load10000-burst,2,2000,5450,1788849691971991,1788849692142182,170191
load10000-burst,2,2000,5451,1788849691971991,1788849692142209,170218
load10000-burst,2,2000,5452,1788849691971991,1788849692142238,170247
load10000-burst,2,2000,5453,1788849691971991,1788849692142261,170270
load10000-burst,2,2000,5454,1788849691971991,1788849692142299,170308
load10000-burst,2,2000,5455,1788849691971991,1788849692142375,170384
load10000-burst,2,2000,5456,1788849691971991,1788849692142426,170435
load10000-burst,2,2000,5457,1788849691971991,1788849692142462,170471
load10000-burst,2,2000,5458,1788849691971991,1788849692142501,170510
load10000-burst,2,2000,5459,1788849691971991,1788849692142561,170570
load10000-burst,2,2000,5460,1788849691971991,1788849692142604,170613
load10000-burst,2,2000,5461,1788849691971991,1788849692142642,170651
load10000-burst,2,2000,5462,1788849691971991,1788849692142679,170688
load10000-burst,2,2000,5463,1788849691971991,1788849692142716,170725
load10000-burst,2,2000,5464,1788849691971991,1788849692142752,170761
load10000-burst,2,2000,5465,1788849691971991,1788849692142786,170795
load10000-burst,2,2000,5466,1788849691971991,1788849692142820,170829
load10000-burst,2,2000,5467,1788849691971991,1788849692142861,170870
load10000-burst,2,2000,5468,1788849691971991,1788849692142899,170908
load10000-burst,2,2000,5469,1788849691971991,1788849692142940,170949
load10000-burst,2,2000,5470,1788849691971991,1788849692142975,170984
load10000-burst,2,2000,5471,1788849691971991,1788849692143000,171009
load10000-burst,2,2000,5472,1788849691971991,1788849692143039,171048
load10000-burst,2,2000,5473,1788849691971991,1788849692143075,171084
load10000-burst,2,2000,5474,1788849691971991,1788849692143109,171118
load10000-burst,2,2000,5475,1788849691971991,1788849692143144,171153
load10000-burst,2,2000,5476,1788849691971991,1788849692143177,171186
load10000-burst,2,2000,5477,1788849691971991,1788849692143211,171220
load10000-burst,2,2000,5478,1788849691971991,1788849692143242,171251
load10000-burst,2,2000,5479,1788849691971991,1788849692143275,171284
load10000-burst,2,2000,5480,1788849691971991,1788849692143314,171323
load10000-burst,2,2000,5481,1788849691971991,1788849692143351,171360
load10000-burst,2,2000,5482,1788849691971991,1788849692143428,171437
load10000-burst,2,2000,5483,1788849691971991,1788849692143484,171493
load10000-burst,2,2000,5484,1788849691971991,1788849692143540,171549
load10000-burst,2,2000,5485,1788849691971991,1788849692143592,171601
load10000-burst,2,2000,5486,1788849691971991,1788849692143632,171641
load10000-burst,2,2000,5487,1788849691971991,1788849692143677,171686
load10000-burst,2,2000,5488,1788849691971991,1788849692143721,171730
load10000-burst,2,2000,5489,1788849691971991,1788849692143768,171777
load10000-burst,2,2000,5490,1788849691971991,1788849692143801,171810
load10000-burst,2,2000,5491,1788849691971991,1788849692143828,171837
load10000-burst,2,2000,5492,1788849691971991,1788849692143865,171874
load10000-burst,2,2000,5493,1788849691971991,1788849692143907,171916
load10000-burst,2,2000,5494,1788849691971991,1788849692143946,171955
load10000-burst,2,2000,5495,1788849691971991,1788849692143971,171980
load10000-burst,2,2000,5496,1788849691971991,1788849692144005,172014
load10000-burst,2,2000,5497,1788849691971991,1788849692144042,172051
load10000-burst,2,2000,5498,1788849691971991,1788849692144080,172089
load10000-burst,2,2000,5499,1788849691971991,1788849692144117,172126
load10000-burst,2,2000,5500,1788849691971991,1788849692144144,172153
load10000-burst,2,2000,5501,1788849691971991,1788849692144168,172177
load10000-burst,2,2000,5502,1788849691971991,1788849692144190,172199
load10000-burst,2,2000,5503,1788849691971991,1788849692144221,172230
load10000-burst,2,2000,5504,1788849691971991,1788849692144264,172273
load10000-burst,2,2000,5505,1788849691971991,1788849692144301,172310
load10000-burst,2,2000,5506,1788849691971991,1788849692144327,172336
load10000-burst,2,2000,5507,1788849691971991,1788849692144350,172359
load10000-burst,2,2000,5508,1788849691971991,1788849692144373,172382
load10000-burst,2,2000,5509,1788849691971991,1788849692144395,172404
load10000-burst,2,2000,5510,1788849691971991,1788849692144438,172447
load10000-burst,2,2000,5511,1788849691971991,1788849692144502,172511
load10000-burst,2,2000,5512,1788849691971991,1788849692144533,172542
load10000-burst,2,2000,5513,1788849691971991,1788849692144569,172578
load10000-burst,2,2000,5514,1788849691971991,1788849692144619,172628
load10000-burst,2,2000,5515,1788849691971991,1788849692144658,172667
load10000-burst,2,2000,5516,1788849691971991,1788849692144699,172708
load10000-burst,2,2000,5517,1788849691971991,1788849692144739,172748
load10000-burst,2,2000,5518,1788849691971991,1788849692144763,172772
load10000-burst,2,2000,5519,1788849691971991,1788849692144801,172810
load10000-burst,2,2000,5520,1788849691971991,1788849692144847,172856
load10000-burst,2,2000,5521,1788849691971991,1788849692144869,172878
load10000-burst,2,2000,5522,1788849691971991,1788849692144906,172915
load10000-burst,2,2000,5523,1788849691971991,1788849692144955,172964
load10000-burst,2,2000,5524,1788849691971991,1788849692145032,173041
load10000-burst,2,2000,5525,1788849691971991,1788849692145114,173123
load10000-burst,2,2000,5526,1788849691971991,1788849692145157,173166
load10000-burst,2,2000,5527,1788849691971991,1788849692145198,173207
load10000-burst,2,2000,5528,1788849691971991,1788849692145234,173243
load10000-burst,2,2000,5529,1788849691971991,1788849692145264,173273
load10000-burst,2,2000,5530,1788849691971991,1788849692145286,173295
load10000-burst,2,2000,5531,1788849691971991,1788849692145327,173336
load10000-burst,2,2000,5532,1788849691971991,1788849692145359,173368
load10000-burst,2,2000,5533,1788849691971991,1788849692145384,173393
load10000-burst,2,2000,5534,1788849691971991,1788849692145408,173417
load10000-burst,2,2000,5535,1788849691971991,1788849692145431,173440
load10000-burst,2,2000,5536,1788849691971991,1788849692145456,173465
load10000-burst,2,2000,5537,1788849691971991,1788849692145479,173488
load10000-burst,2,2000,5538,1788849691971991,1788849692145501,173510
load10000-burst,2,2000,5539,1788849691971991,1788849692145524,173533
load10000-burst,2,2000,5540,1788849691971991,1788849692145546,173555
load10000-burst,2,2000,5541,1788849691971991,1788849692145567,173576
load10000-burst,2,2000,5542,1788849691971991,1788849692145589,173598
load10000-burst,2,2000,5543,1788849691971991,1788849692145612,173621
load10000-burst,2,2000,5544,1788849691971991,1788849692145630,173639
load10000-burst,2,2000,5545,1788849691971991,1788849692145652,173661
load10000-burst,2,2000,5546,1788849691971991,1788849692145674,173683
load10000-burst,2,2000,5547,1788849691971991,1788849692145696,173705
load10000-burst,2,2000,5548,1788849691971991,1788849692145726,173735
load10000-burst,2,2000,5549,1788849691971991,1788849692145754,173763
load10000-burst,2,2000,5550,1788849691971991,1788849692145798,173807
load10000-burst,2,2000,5551,1788849691971991,1788849692145865,173874
load10000-burst,2,2000,5552,1788849691971991,1788849692145910,173919
load10000-burst,2,2000,5553,1788849691971991,1788849692145949,173958
load10000-burst,2,2000,5554,1788849691971991,1788849692145992,174001
load10000-burst,2,2000,5555,1788849691971991,1788849692146029,174038
load10000-burst,2,2000,5556,1788849691971991,1788849692146108,174117
load10000-burst,2,2000,5557,1788849691971991,1788849692146131,174140
load10000-burst,2,2000,5558,1788849691971991,1788849692146173,174182
load10000-burst,2,2000,5559,1788849691971991,1788849692146198,174207
load10000-burst,2,2000,5560,1788849691971991,1788849692146221,174230
load10000-burst,2,2000,5561,1788849691971991,1788849692146244,174253
load10000-burst,2,2000,5562,1788849691971991,1788849692146273,174282
load10000-burst,2,2000,5563,1788849691971991,1788849692146298,174307
load10000-burst,2,2000,5564,1788849691971991,1788849692146328,174337
load10000-burst,2,2000,5565,1788849691971991,1788849692146360,174369
load10000-burst,2,2000,5566,1788849691971991,1788849692146399,174408
load10000-burst,2,2000,5567,1788849691971991,1788849692146431,174440
load10000-burst,2,2000,5568,1788849691971991,1788849692146455,174464
load10000-burst,2,2000,5569,1788849691971991,1788849692146478,174487
load10000-burst,2,2000,5570,1788849691971991,1788849692146502,174511
load10000-burst,2,2000,5571,1788849691971991,1788849692146526,174535
load10000-burst,2,2000,5572,1788849691971991,1788849692146549,174558
load10000-burst,2,2000,5573,1788849691971991,1788849692146571,174580
load10000-burst,2,2000,5574,1788849691971991,1788849692146595,174604
load10000-burst,2,2000,5575,1788849691971991,1788849692146618,174627
load10000-burst,2,2000,5576,1788849691971991,1788849692146639,174648
load10000-burst,2,2000,5577,1788849691971991,1788849692146664,174673
load10000-burst,2,2000,5578,1788849691971991,1788849692146704,174713
load10000-burst,2,2000,5579,1788849691971991,1788849692146750,174759
load10000-burst,2,2000,5580,1788849691971991,1788849692146787,174796
load10000-burst,2,2000,5581,1788849691971991,1788849692146819,174828
load10000-burst,2,2000,5582,1788849691971991,1788849692146859,174868
load10000-burst,2,2000,5583,1788849691971991,1788849692146906,174915
load10000-burst,2,2000,5584,1788849691971991,1788849692147024,175033
load10000-burst,2,2000,5585,1788849691971991,1788849692147089,175098
load10000-burst,2,2000,5586,1788849691971991,1788849692147147,175156
load10000-burst,2,2000,5587,1788849691971991,1788849692147211,175220
load10000-burst,2,2000,5588,1788849691971991,1788849692147272,175281
load10000-burst,2,2000,5589,1788849691971991,1788849692147304,175313
load10000-burst,2,2000,5590,1788849691971991,1788849692147342,175351
load10000-burst,2,2000,5591,1788849691971991,1788849692147368,175377
load10000-burst,2,2000,5592,1788849691971991,1788849692147401,175410
load10000-burst,2,2000,5593,1788849691971991,1788849692147448,175457
load10000-burst,2,2000,5594,1788849691971991,1788849692147490,175499
load10000-burst,2,2000,5595,1788849691971991,1788849692147527,175536
load10000-burst,2,2000,5596,1788849691971991,1788849692147556,175565
load10000-burst,2,2000,5597,1788849691971991,1788849692147609,175618
load10000-burst,2,2000,5598,1788849691971991,1788849692147690,175699
load10000-burst,2,2000,5599,1788849691971991,1788849692147771,175780
load10000-burst,2,2000,5600,1788849691971991,1788849692147844,175853
load10000-burst,2,2000,5601,1788849691971991,1788849692147898,175907
load10000-burst,2,2000,5602,1788849691971991,1788849692147938,175947
load10000-burst,2,2000,5603,1788849691971991,1788849692147991,176000
load10000-burst,2,2000,5604,1788849691971991,1788849692148055,176064
load10000-burst,2,2000,5605,1788849691971991,1788849692148080,176089
load10000-burst,2,2000,5606,1788849691971991,1788849692148119,176128
load10000-burst,2,2000,5607,1788849691971991,1788849692148180,176189
load10000-burst,2,2000,5608,1788849691971991,1788849692148209,176218
load10000-burst,2,2000,5609,1788849691971991,1788849692148232,176241
load10000-burst,2,2000,5610,1788849691971991,1788849692148261,176270
load10000-burst,2,2000,5611,1788849691971991,1788849692148286,176295
load10000-burst,2,2000,5612,1788849691971991,1788849692148308,176317
load10000-burst,2,2000,5613,1788849691971991,1788849692148340,176349
load10000-burst,2,2000,5614,1788849691971991,1788849692148384,176393
load10000-burst,2,2000,5615,1788849691971991,1788849692148421,176430
load10000-burst,2,2000,5616,1788849691971991,1788849692148447,176456
load10000-burst,2,2000,5617,1788849691971991,1788849692148472,176481
load10000-burst,2,2000,5618,1788849691971991,1788849692148518,176527
load10000-burst,2,2000,5619,1788849691971991,1788849692148579,176588
load10000-burst,2,2000,5620,1788849691971991,1788849692148607,176616
load10000-burst,2,2000,5621,1788849691971991,1788849692148631,176640
load10000-burst,2,2000,5622,1788849691971991,1788849692148653,176662
load10000-burst,2,2000,5623,1788849691971991,1788849692148676,176685
load10000-burst,2,2000,5624,1788849691971991,1788849692148698,176707
load10000-burst,2,2000,5625,1788849691971991,1788849692148721,176730
load10000-burst,2,2000,5626,1788849691971991,1788849692148744,176753
load10000-burst,2,2000,5627,1788849691971991,1788849692148768,176777
load10000-burst,2,2000,5628,1788849691971991,1788849692148802,176811
load10000-burst,2,2000,5629,1788849691971991,1788849692148844,176853
load10000-burst,2,2000,5630,1788849691971991,1788849692148870,176879
load10000-burst,2,2000,5631,1788849691971991,1788849692148894,176903
load10000-burst,2,2000,5632,1788849691971991,1788849692148917,176926
load10000-burst,2,2000,5633,1788849691971991,1788849692148942,176951
load10000-burst,2,2000,5634,1788849691971991,1788849692148965,176974
load10000-burst,2,2000,5635,1788849691971991,1788849692148987,176996
load10000-burst,2,2000,5636,1788849691971991,1788849692149030,177039
load10000-burst,2,2000,5637,1788849691971991,1788849692149053,177062
load10000-burst,2,2000,5638,1788849691971991,1788849692149076,177085
load10000-burst,2,2000,5639,1788849691971991,1788849692149097,177106
load10000-burst,2,2000,5640,1788849691971991,1788849692149119,177128
load10000-burst,2,2000,5641,1788849691971991,1788849692149161,177170
load10000-burst,2,2000,5642,1788849691971991,1788849692149185,177194
load10000-burst,2,2000,5643,1788849691971991,1788849692149219,177228
load10000-burst,2,2000,5644,1788849691971991,1788849692149280,177289
load10000-burst,2,2000,5645,1788849691971991,1788849692149321,177330
load10000-burst,2,2000,5646,1788849691971991,1788849692149344,177353
load10000-burst,2,2000,5647,1788849691971991,1788849692149368,177377
load10000-burst,2,2000,5648,1788849691971991,1788849692149405,177414
load10000-burst,2,2000,5649,1788849691971991,1788849692149445,177454
load10000-burst,2,2000,5650,1788849691971991,1788849692149475,177484
load10000-burst,2,2000,5651,1788849691971991,1788849692149512,177521
load10000-burst,2,2000,5652,1788849691971991,1788849692149558,177567
load10000-burst,2,2000,5653,1788849691971991,1788849692149624,177633
load10000-burst,2,2000,5654,1788849691971991,1788849692149652,177661
load10000-burst,2,2000,5655,1788849691971991,1788849692149683,177692
load10000-burst,2,2000,5656,1788849691971991,1788849692149708,177717
load10000-burst,2,2000,5657,1788849691971991,1788849692149737,177746
load10000-burst,2,2000,5658,1788849691971991,1788849692149762,177771
load10000-burst,2,2000,5659,1788849691971991,1788849692149785,177794
load10000-burst,2,2000,5660,1788849691971991,1788849692149808,177817
load10000-burst,2,2000,5661,1788849691971991,1788849692149831,177840
load10000-burst,2,2000,5662,1788849691971991,1788849692149865,177874
load10000-burst,2,2000,5663,1788849691971991,1788849692149900,177909
load10000-burst,2,2000,5664,1788849691971991,1788849692149934,177943
load10000-burst,2,2000,5665,1788849691971991,1788849692149972,177981
load10000-burst,2,2000,5666,1788849691971991,1788849692150001,178010
load10000-burst,2,2000,5667,1788849691971991,1788849692150026,178035
load10000-burst,2,2000,5668,1788849691971991,1788849692150049,178058
load10000-burst,2,2000,5669,1788849691971991,1788849692150072,178081
load10000-burst,2,2000,5670,1788849691971991,1788849692150094,178103
load10000-burst,2,2000,5671,1788849691971991,1788849692150117,178126
load10000-burst,2,2000,5672,1788849691971991,1788849692150142,178151
load10000-burst,2,2000,5673,1788849691971991,1788849692150165,178174
load10000-burst,2,2000,5674,1788849691971991,1788849692150187,178196
load10000-burst,2,2000,5675,1788849691971991,1788849692150211,178220
load10000-burst,2,2000,5676,1788849691971991,1788849692150244,178253
load10000-burst,2,2000,5677,1788849691971991,1788849692150299,178308
load10000-burst,2,2000,5678,1788849691971991,1788849692150331,178340
load10000-burst,2,2000,5679,1788849691971991,1788849692150359,178368
load10000-burst,2,2000,5680,1788849691971991,1788849692150384,178393
load10000-burst,2,2000,5681,1788849691971991,1788849692150407,178416
load10000-burst,2,2000,5682,1788849691971991,1788849692150439,178448
load10000-burst,2,2000,5683,1788849691971991,1788849692150486,178495
load10000-burst,2,2000,5684,1788849691971991,1788849692150520,178529
load10000-burst,2,2000,5685,1788849691971991,1788849692150551,178560
load10000-burst,2,2000,5686,1788849691971991,1788849692150584,178593
load10000-burst,2,2000,5687,1788849691971991,1788849692150616,178625
load10000-burst,2,2000,5688,1788849691971991,1788849692150655,178664
load10000-burst,2,2000,5689,1788849691971991,1788849692150688,178697
load10000-burst,2,2000,5690,1788849691971991,1788849692150728,178737
load10000-burst,2,2000,5691,1788849691971991,1788849692150773,178782
load10000-burst,2,2000,5692,1788849691971991,1788849692150799,178808
load10000-burst,2,2000,5693,1788849691971991,1788849692150822,178831
load10000-burst,2,2000,5694,1788849691971991,1788849692150845,178854
load10000-burst,2,2000,5695,1788849691971991,1788849692150869,178878
load10000-burst,2,2000,5696,1788849691971991,1788849692150892,178901
load10000-burst,2,2000,5697,1788849691971991,1788849692150914,178923
load10000-burst,2,2000,5698,1788849691971991,1788849692150946,178955
load10000-burst,2,2000,5699,1788849691971991,1788849692150971,178980
load10000-burst,2,2000,5700,1788849691971991,1788849692151004,179013
load10000-burst,2,2000,5701,1788849691971991,1788849692151040,179049
load10000-burst,2,2000,5702,1788849691971991,1788849692151068,179077
load10000-burst,2,2000,5703,1788849691971991,1788849692151091,179100
load10000-burst,2,2000,5704,1788849691971991,1788849692151114,179123
load10000-burst,2,2000,5705,1788849691971991,1788849692151136,179145
load10000-burst,2,2000,5706,1788849691971991,1788849692151159,179168
load10000-burst,2,2000,5707,1788849691971991,1788849692151181,179190
load10000-burst,2,2000,5708,1788849691971991,1788849692151203,179212
load10000-burst,2,2000,5709,1788849691971991,1788849692151225,179234
load10000-burst,2,2000,5710,1788849691971991,1788849692151247,179256
load10000-burst,2,2000,5711,1788849691971991,1788849692151270,179279
load10000-burst,2,2000,5712,1788849691971991,1788849692151301,179310
load10000-burst,2,2000,5713,1788849691971991,1788849692151327,179336
load10000-burst,2,2000,5714,1788849691971991,1788849692151353,179362
load10000-burst,2,2000,5715,1788849691971991,1788849692151391,179400
load10000-burst,2,2000,5716,1788849691971991,1788849692151434,179443
load10000-burst,2,2000,5717,1788849691971991,1788849692151460,179469
load10000-burst,2,2000,5718,1788849691971991,1788849692151484,179493
load10000-burst,2,2000,5719,1788849691971991,1788849692151507,179516
load10000-burst,2,2000,5720,1788849691971991,1788849692151529,179538
load10000-burst,2,2000,5721,1788849691971991,1788849692151553,179562
load10000-burst,2,2000,5722,1788849691971991,1788849692151575,179584
load10000-burst,2,2000,5723,1788849691971991,1788849692151614,179623
load10000-burst,2,2000,5724,1788849691971991,1788849692151640,179649
load10000-burst,2,2000,5725,1788849691971991,1788849692151676,179685
load10000-burst,2,2000,5726,1788849691971991,1788849692151714,179723
load10000-burst,2,2000,5727,1788849691971991,1788849692151742,179751
load10000-burst,2,2000,5728,1788849691971991,1788849692151766,179775
load10000-burst,2,2000,5729,1788849691971991,1788849692151789,179798
load10000-burst,2,2000,5730,1788849691971991,1788849692151812,179821
load10000-burst,2,2000,5731,1788849691971991,1788849692151838,179847
load10000-burst,2,2000,5732,1788849691971991,1788849692151861,179870
load10000-burst,2,2000,5733,1788849691971991,1788849692151882,179891
load10000-burst,2,2000,5734,1788849691971991,1788849692151912,179921
load10000-burst,2,2000,5735,1788849691971991,1788849692151931,179940
load10000-burst,2,2000,5736,1788849691971991,1788849692151967,179976
load10000-burst,2,2000,5737,1788849691971991,1788849692152029,180038
load10000-burst,2,2000,5738,1788849691971991,1788849692152057,180066
load10000-burst,2,2000,5739,1788849691971991,1788849692152081,180090
load10000-burst,2,2000,5740,1788849691971991,1788849692152105,180114
load10000-burst,2,2000,5741,1788849691971991,1788849692152127,180136
load10000-burst,2,2000,5742,1788849691971991,1788849692152149,180158
load10000-burst,2,2000,5743,1788849691971991,1788849692152171,180180
load10000-burst,2,2000,5744,1788849691971991,1788849692152192,180201
load10000-burst,2,2000,5745,1788849691971991,1788849692152215,180224
load10000-burst,2,2000,5746,1788849691971991,1788849692152237,180246
load10000-burst,2,2000,5747,1788849691971991,1788849692152268,180277
load10000-burst,2,2000,5748,1788849691971991,1788849692152299,180308
load10000-burst,2,2000,5749,1788849691971991,1788849692152340,180349
load10000-burst,2,2000,5750,1788849691971991,1788849692152375,180384
load10000-burst,2,2000,5751,1788849691971991,1788849692152406,180415
load10000-burst,2,2000,5752,1788849691971991,1788849692152432,180441
load10000-burst,2,2000,5753,1788849691971991,1788849692152455,180464
load10000-burst,2,2000,5754,1788849691971991,1788849692152478,180487
load10000-burst,2,2000,5755,1788849691971991,1788849692152500,180509
load10000-burst,2,2000,5756,1788849691971991,1788849692152525,180534
load10000-burst,2,2000,5757,1788849691971991,1788849692152547,180556
load10000-burst,2,2000,5758,1788849691971991,1788849692152570,180579
load10000-burst,2,2000,5759,1788849691971991,1788849692152607,180616
load10000-burst,2,2000,5760,1788849691971991,1788849692152646,180655
load10000-burst,2,2000,5761,1788849691971991,1788849692152666,180675
load10000-burst,2,2000,5762,1788849691971991,1788849692152698,180707
load10000-burst,2,2000,5763,1788849691971991,1788849692152726,180735
load10000-burst,2,2000,5764,1788849691971991,1788849692152751,180760
load10000-burst,2,2000,5765,1788849691971991,1788849692152775,180784
load10000-burst,2,2000,5766,1788849691971991,1788849692152798,180807
load10000-burst,2,2000,5767,1788849691971991,1788849692152820,180829
load10000-burst,2,2000,5768,1788849691971991,1788849692152842,180851
load10000-burst,2,2000,5769,1788849691971991,1788849692152864,180873
load10000-burst,2,2000,5770,1788849691971991,1788849692152886,180895
load10000-burst,2,2000,5771,1788849691971991,1788849692152908,180917
load10000-burst,2,2000,5772,1788849691971991,1788849692152940,180949
load10000-burst,2,2000,5773,1788849691971991,1788849692152972,180981
load10000-burst,2,2000,5774,1788849691971991,1788849692152995,181004
load10000-burst,2,2000,5775,1788849691971991,1788849692153019,181028
load10000-burst,2,2000,5776,1788849691971991,1788849692153041,181050
load10000-burst,2,2000,5777,1788849691971991,1788849692153067,181076
load10000-burst,2,2000,5778,1788849691971991,1788849692153089,181098
load10000-burst,2,2000,5779,1788849691971991,1788849692153111,181120
load10000-burst,2,2000,5780,1788849691971991,1788849692153140,181149
load10000-burst,2,2000,5781,1788849691971991,1788849692153172,181181
load10000-burst,2,2000,5782,1788849691971991,1788849692153196,181205
load10000-burst,2,2000,5783,1788849691971991,1788849692153219,181228
load10000-burst,2,2000,5784,1788849691971991,1788849692153242,181251
load10000-burst,2,2000,5785,1788849691971991,1788849692153268,181277
load10000-burst,2,2000,5786,1788849691971991,1788849692153296,181305
load10000-burst,2,2000,5787,1788849691971991,1788849692153333,181342
load10000-burst,2,2000,5788,1788849691971991,1788849692153369,181378
load10000-burst,2,2000,5789,1788849691971991,1788849692153392,181401
load10000-burst,2,2000,5790,1788849691971991,1788849692153417,181426
load10000-burst,2,2000,5791,1788849691971991,1788849692153440,181449
load10000-burst,2,2000,5792,1788849691971991,1788849692153464,181473
load10000-burst,2,2000,5793,1788849691971991,1788849692153487,181496
load10000-burst,2,2000,5794,1788849691971991,1788849692153510,181519
load10000-burst,2,2000,5795,1788849691971991,1788849692153534,181543
load10000-burst,2,2000,5796,1788849691971991,1788849692153566,181575
load10000-burst,2,2000,5797,1788849691971991,1788849692153595,181604
load10000-burst,2,2000,5798,1788849691971991,1788849692153622,181631
load10000-burst,2,2000,5799,1788849691971991,1788849692153653,181662
load10000-burst,2,2000,5800,1788849691971991,1788849692153689,181698
load10000-burst,2,2000,5801,1788849691971991,1788849692153741,181750
load10000-burst,2,2000,5802,1788849691971991,1788849692153784,181793
load10000-burst,2,2000,5803,1788849691971991,1788849692153812,181821
load10000-burst,2,2000,5804,1788849691971991,1788849692153836,181845
load10000-burst,2,2000,5805,1788849691971991,1788849692153859,181868
load10000-burst,2,2000,5806,1788849691971991,1788849692153882,181891
load10000-burst,2,2000,5807,1788849691971991,1788849692153905,181914
load10000-burst,2,2000,5808,1788849691971991,1788849692153927,181936
load10000-burst,2,2000,5809,1788849691971991,1788849692153962,181971
load10000-burst,2,2000,5810,1788849691971991,1788849692153995,182004
load10000-burst,2,2000,5811,1788849691971991,1788849692154035,182044
load10000-burst,2,2000,5812,1788849691971991,1788849692154089,182098
load10000-burst,2,2000,5813,1788849691971991,1788849692154125,182134
load10000-burst,2,2000,5814,1788849691971991,1788849692154158,182167
load10000-burst,2,2000,5815,1788849691971991,1788849692154182,182191
load10000-burst,2,2000,5816,1788849691971991,1788849692154204,182213
load10000-burst,2,2000,5817,1788849691971991,1788849692154229,182238
load10000-burst,2,2000,5818,1788849691971991,1788849692154253,182262
load10000-burst,2,2000,5819,1788849691971991,1788849692154276,182285
load10000-burst,2,2000,5820,1788849691971991,1788849692154298,182307
load10000-burst,2,2000,5821,1788849691971991,1788849692154330,182339
load10000-burst,2,2000,5822,1788849691971991,1788849692154371,182380
load10000-burst,2,2000,5823,1788849691971991,1788849692154409,182418
load10000-burst,2,2000,5824,1788849691971991,1788849692154436,182445
load10000-burst,2,2000,5825,1788849691971991,1788849692154459,182468
load10000-burst,2,2000,5826,1788849691971991,1788849692154491,182500
load10000-burst,2,2000,5827,1788849691971991,1788849692154533,182542
load10000-burst,2,2000,5828,1788849691971991,1788849692154558,182567
load10000-burst,2,2000,5829,1788849691971991,1788849692154582,182591
load10000-burst,2,2000,5830,1788849691971991,1788849692154606,182615
load10000-burst,2,2000,5831,1788849691971991,1788849692154628,182637
load10000-burst,2,2000,5832,1788849691971991,1788849692154650,182659
load10000-burst,2,2000,5833,1788849691971991,1788849692154673,182682
load10000-burst,2,2000,5834,1788849691971991,1788849692154729,182738
load10000-burst,2,2000,5835,1788849691971991,1788849692154770,182779
load10000-burst,2,2000,5836,1788849691971991,1788849692154802,182811
load10000-burst,2,2000,5837,1788849691971991,1788849692154828,182837
load10000-burst,2,2000,5838,1788849691971991,1788849692154868,182877
load10000-burst,2,2000,5839,1788849691971991,1788849692154899,182908
load10000-burst,2,2000,5840,1788849691971991,1788849692154918,182927
load10000-burst,2,2000,5841,1788849691971991,1788849692155006,183015
load10000-burst,2,2000,5842,1788849691971991,1788849692155105,183114
load10000-burst,2,2000,5843,1788849691971991,1788849692155175,183184
load10000-burst,2,2000,5844,1788849691971991,1788849692155235,183244
load10000-burst,2,2000,5845,1788849691971991,1788849692155279,183288
load10000-burst,2,2000,5846,1788849691971991,1788849692155315,183324
load10000-burst,2,2000,5847,1788849691971991,1788849692155350,183359
load10000-burst,2,2000,5848,1788849691971991,1788849692155409,183418
load10000-burst,2,2000,5849,1788849691971991,1788849692155446,183455
load10000-burst,2,2000,5850,1788849691971991,1788849692155485,183494
load10000-burst,2,2000,5851,1788849691971991,1788849692155554,183563
load10000-burst,2,2000,5852,1788849691971991,1788849692155584,183593
load10000-burst,2,2000,5853,1788849691971991,1788849692155611,183620
load10000-burst,2,2000,5854,1788849691971991,1788849692155638,183647
load10000-burst,2,2000,5855,1788849691971991,1788849692155681,183690
load10000-burst,2,2000,5856,1788849691971991,1788849692155742,183751
load10000-burst,2,2000,5857,1788849691971991,1788849692155773,183782
load10000-burst,2,2000,5858,1788849691971991,1788849692155805,183814
load10000-burst,2,2000,5859,1788849691971991,1788849692155834,183843
load10000-burst,2,2000,5860,1788849691971991,1788849692155871,183880
load10000-burst,2,2000,5861,1788849691971991,1788849692155902,183911
load10000-burst,2,2000,5862,1788849691971991,1788849692155941,183950
load10000-burst,2,2000,5863,1788849691971991,1788849692155994,184003
load10000-burst,2,2000,5864,1788849691971991,1788849692156045,184054
load10000-burst,2,2000,5865,1788849691971991,1788849692156072,184081
load10000-burst,2,2000,5866,1788849691971991,1788849692156095,184104
load10000-burst,2,2000,5867,1788849691971991,1788849692156129,184138
load10000-burst,2,2000,5868,1788849691971991,1788849692156175,184184
load10000-burst,2,2000,5869,1788849691971991,1788849692156227,184236
load10000-burst,2,2000,5870,1788849691971991,1788849692156252,184261
load10000-burst,2,2000,5871,1788849691971991,1788849692156274,184283
load10000-burst,2,2000,5872,1788849691971991,1788849692156296,184305
load10000-burst,2,2000,5873,1788849691971991,1788849692156319,184328
load10000-burst,2,2000,5874,1788849691971991,1788849692156341,184350
load10000-burst,2,2000,5875,1788849691971991,1788849692156363,184372
load10000-burst,2,2000,5876,1788849691971991,1788849692156384,184393
load10000-burst,2,2000,5877,1788849691971991,1788849692156405,184414
load10000-burst,2,2000,5878,1788849691971991,1788849692156428,184437
load10000-burst,2,2000,5879,1788849691971991,1788849692156461,184470
load10000-burst,2,2000,5880,1788849691971991,1788849692156486,184495
load10000-burst,2,2000,5881,1788849691971991,1788849692156510,184519
load10000-burst,2,2000,5882,1788849691971991,1788849692156534,184543
load10000-burst,2,2000,5883,1788849691971991,1788849692156559,184568
load10000-burst,2,2000,5884,1788849691971991,1788849692156582,184591
load10000-burst,2,2000,5885,1788849691971991,1788849692156612,184621
load10000-burst,2,2000,5886,1788849691971991,1788849692156653,184662
load10000-burst,2,2000,5887,1788849691971991,1788849692156677,184686
load10000-burst,2,2000,5888,1788849691971991,1788849692156699,184708
load10000-burst,2,2000,5889,1788849691971991,1788849692156720,184729
load10000-burst,2,2000,5890,1788849691971991,1788849692156742,184751
load10000-burst,2,2000,5891,1788849691971991,1788849692156764,184773
load10000-burst,2,2000,5892,1788849691971991,1788849692156785,184794
load10000-burst,2,2000,5893,1788849691971991,1788849692156807,184816
load10000-burst,2,2000,5894,1788849691971991,1788849692156841,184850
load10000-burst,2,2000,5895,1788849691971991,1788849692156872,184881
load10000-burst,2,2000,5896,1788849691971991,1788849692156897,184906
load10000-burst,2,2000,5897,1788849691971991,1788849692156920,184929
load10000-burst,2,2000,5898,1788849691971991,1788849692156943,184952
load10000-burst,2,2000,5899,1788849691971991,1788849692156965,184974
load10000-burst,2,2000,5900,1788849691971991,1788849692156987,184996
load10000-burst,2,2000,5901,1788849691971991,1788849692157008,185017
load10000-burst,2,2000,5902,1788849691971991,1788849692157030,185039
load10000-burst,2,2000,5903,1788849691971991,1788849692157073,185082
load10000-burst,2,2000,5904,1788849691971991,1788849692157096,185105
load10000-burst,2,2000,5905,1788849691971991,1788849692157118,185127
load10000-burst,2,2000,5906,1788849691971991,1788849692157139,185148
load10000-burst,2,2000,5907,1788849691971991,1788849692157161,185170
load10000-burst,2,2000,5908,1788849691971991,1788849692157198,185207
load10000-burst,2,2000,5909,1788849691971991,1788849692157236,185245
load10000-burst,2,2000,5910,1788849691971991,1788849692157272,185281
load10000-burst,2,2000,5911,1788849691971991,1788849692157324,185333
load10000-burst,2,2000,5912,1788849691971991,1788849692157360,185369
load10000-burst,2,2000,5913,1788849691971991,1788849692157400,185409
load10000-burst,2,2000,5914,1788849691971991,1788849692157434,185443
load10000-burst,2,2000,5915,1788849691971991,1788849692157461,185470
load10000-burst,2,2000,5916,1788849691971991,1788849692157491,185500
load10000-burst,2,2000,5917,1788849691971991,1788849692157533,185542
load10000-burst,2,2000,5918,1788849691971991,1788849692157588,185597
load10000-burst,2,2000,5919,1788849691971991,1788849692157612,185621
load10000-burst,2,2000,5920,1788849691971991,1788849692157631,185640
load10000-burst,2,2000,5921,1788849691971991,1788849692157680,185689
load10000-burst,2,2000,5922,1788849691971991,1788849692157720,185729
load10000-burst,2,2000,5923,1788849691971991,1788849692157768,185777
load10000-burst,2,2000,5924,1788849691971991,1788849692157794,185803
load10000-burst,2,2000,5925,1788849691971991,1788849692157818,185827
load10000-burst,2,2000,5926,1788849691971991,1788849692157850,185859
load10000-burst,2,2000,5927,1788849691971991,1788849692157884,185893
load10000-burst,2,2000,5928,1788849691971991,1788849692157917,185926
load10000-burst,2,2000,5929,1788849691971991,1788849692157943,185952
load10000-burst,2,2000,5930,1788849691971991,1788849692157974,185983
load10000-burst,2,2000,5931,1788849691971991,1788849692158015,186024
load10000-burst,2,2000,5932,1788849691971991,1788849692158055,186064
load10000-burst,2,2000,5933,1788849691971991,1788849692158087,186096
load10000-burst,2,2000,5934,1788849691971991,1788849692158123,186132
load10000-burst,2,2000,5935,1788849691971991,1788849692158176,186185
load10000-burst,2,2000,5936,1788849691971991,1788849692158203,186212
load10000-burst,2,2000,5937,1788849691971991,1788849692158241,186250
load10000-burst,2,2000,5938,1788849691971991,1788849692158292,186301
load10000-burst,2,2000,5939,1788849691971991,1788849692158333,186342
load10000-burst,2,2000,5940,1788849691971991,1788849692158366,186375
load10000-burst,2,2000,5941,1788849691971991,1788849692158401,186410
load10000-burst,2,2000,5942,1788849691971991,1788849692158432,186441
load10000-burst,2,2000,5943,1788849691971991,1788849692158457,186466
load10000-burst,2,2000,5944,1788849691971991,1788849692158480,186489
load10000-burst,2,2000,5945,1788849691971991,1788849692158512,186521
load10000-burst,2,2000,5946,1788849691971991,1788849692158557,186566
load10000-burst,2,2000,5947,1788849691971991,1788849692158583,186592
load10000-burst,2,2000,5948,1788849691971991,1788849692158607,186616
load10000-burst,2,2000,5949,1788849691971991,1788849692158633,186642
load10000-burst,2,2000,5950,1788849691971991,1788849692158659,186668
load10000-burst,2,2000,5951,1788849691971991,1788849692158678,186687
load10000-burst,2,2000,5952,1788849691971991,1788849692158696,186705
load10000-burst,2,2000,5953,1788849691971991,1788849692158720,186729
load10000-burst,2,2000,5954,1788849691971991,1788849692158744,186753
load10000-burst,2,2000,5955,1788849691971991,1788849692158781,186790
load10000-burst,2,2000,5956,1788849691971991,1788849692158832,186841
load10000-burst,2,2000,5957,1788849691971991,1788849692158859,186868
load10000-burst,2,2000,5958,1788849691971991,1788849692158883,186892
load10000-burst,2,2000,5959,1788849691971991,1788849692158907,186916
load10000-burst,2,2000,5960,1788849691971991,1788849692158930,186939
load10000-burst,2,2000,5961,1788849691971991,1788849692158954,186963
load10000-burst,2,2000,5962,1788849691971991,1788849692158977,186986
load10000-burst,2,2000,5963,1788849691971991,1788849692159000,187009
load10000-burst,2,2000,5964,1788849691971991,1788849692159023,187032
load10000-burst,2,2000,5965,1788849691971991,1788849692159048,187057
load10000-burst,2,2000,5966,1788849691971991,1788849692159083,187092
load10000-burst,2,2000,5967,1788849691971991,1788849692159128,187137
load10000-burst,2,2000,5968,1788849691971991,1788849692159166,187175
load10000-burst,2,2000,5969,1788849691971991,1788849692159204,187213
load10000-burst,2,2000,5970,1788849691971991,1788849692159231,187240
load10000-burst,2,2000,5971,1788849691971991,1788849692159261,187270
load10000-burst,2,2000,5972,1788849691971991,1788849692159291,187300
load10000-burst,2,2000,5973,1788849691971991,1788849692159316,187325
load10000-burst,2,2000,5974,1788849691971991,1788849692159340,187349
load10000-burst,2,2000,5975,1788849691971991,1788849692159362,187371
load10000-burst,2,2000,5976,1788849691971991,1788849692159387,187396
load10000-burst,2,2000,5977,1788849691971991,1788849692159425,187434
load10000-burst,2,2000,5978,1788849691971991,1788849692159451,187460
load10000-burst,2,2000,5979,1788849691971991,1788849692159482,187491
load10000-burst,2,2000,5980,1788849691971991,1788849692159511,187520
load10000-burst,2,2000,5981,1788849691971991,1788849692159535,187544
load10000-burst,2,2000,5982,1788849691971991,1788849692159559,187568
load10000-burst,2,2000,5983,1788849691971991,1788849692159584,187593
load10000-burst,2,2000,5984,1788849691971991,1788849692159608,187617
load10000-burst,2,2000,5985,1788849691971991,1788849692159631,187640
load10000-burst,2,2000,5986,1788849691971991,1788849692159654,187663
load10000-burst,2,2000,5987,1788849691971991,1788849692159677,187686
load10000-burst,2,2000,5988,1788849691971991,1788849692159700,187709
load10000-burst,2,2000,5989,1788849691971991,1788849692159723,187732
load10000-burst,2,2000,5990,1788849691971991,1788849692159749,187758
load10000-burst,2,2000,5991,1788849691971991,1788849692159772,187781
load10000-burst,2,2000,5992,1788849691971991,1788849692159802,187811
load10000-burst,2,2000,5993,1788849691971991,1788849692159835,187844
load10000-burst,2,2000,5994,1788849691971991,1788849692159866,187875
load10000-burst,2,2000,5995,1788849691971991,1788849692159899,187908
load10000-burst,2,2000,5996,1788849691971991,1788849692159936,187945
load10000-burst,2,2000,5997,1788849691971991,1788849692159964,187973
load10000-burst,2,2000,5998,1788849691971991,1788849692159987,187996
load10000-burst,2,2000,5999,1788849691971991,1788849692160016,188025
load10000-burst,2,2000,6000,1788849691971991,1788849692160059,188068
load10000-burst,2,2000,6001,1788849691971991,1788849692160105,188114
load10000-burst,2,2000,6002,1788849691971991,1788849692160146,188155
load10000-burst,2,2000,6003,1788849691971991,1788849692160173,188182
load10000-burst,2,2000,6004,1788849691971991,1788849692160197,188206
load10000-burst,2,2000,6005,1788849691971991,1788849692160221,188230
load10000-burst,2,2000,6006,1788849691971991,1788849692160243,188252
load10000-burst,2,2000,6007,1788849691971991,1788849692160265,188274
load10000-burst,2,2000,6008,1788849691971991,1788849692160287,188296
load10000-burst,2,2000,6009,1788849691971991,1788849692160310,188319
load10000-burst,2,2000,6010,1788849691971991,1788849692160332,188341
load10000-burst,2,2000,6011,1788849691971991,1788849692160353,188362
load10000-burst,2,2000,6012,1788849691971991,1788849692160374,188383
load10000-burst,2,2000,6013,1788849691971991,1788849692160395,188404
load10000-burst,2,2000,6014,1788849691971991,1788849692160419,188428
load10000-burst,2,2000,6015,1788849691971991,1788849692160441,188450
load10000-burst,2,2000,6016,1788849691971991,1788849692160464,188473
load10000-burst,2,2000,6017,1788849691971991,1788849692160495,188504
load10000-burst,2,2000,6018,1788849691971991,1788849692160544,188553
load10000-burst,2,2000,6019,1788849691971991,1788849692160572,188581
load10000-burst,2,2000,6020,1788849691971991,1788849692160594,188603
load10000-burst,2,2000,6021,1788849691971991,1788849692160615,188624
load10000-burst,2,2000,6022,1788849691971991,1788849692160636,188645
load10000-burst,2,2000,6023,1788849691971991,1788849692160657,188666
load10000-burst,2,2000,6024,1788849691971991,1788849692160678,188687
load10000-burst,2,2000,6025,1788849691971991,1788849692160700,188709
load10000-burst,2,2000,6026,1788849691971991,1788849692160722,188731
load10000-burst,2,2000,6027,1788849691971991,1788849692160744,188753
load10000-burst,2,2000,6028,1788849691971991,1788849692160767,188776
load10000-burst,2,2000,6029,1788849691971991,1788849692160789,188798
load10000-burst,2,2000,6030,1788849691971991,1788849692160810,188819
load10000-burst,2,2000,6031,1788849691971991,1788849692160831,188840
load10000-burst,2,2000,6032,1788849691971991,1788849692160851,188860
load10000-burst,2,2000,6033,1788849691971991,1788849692160873,188882
load10000-burst,2,2000,6034,1788849691971991,1788849692160894,188903
load10000-burst,2,2000,6035,1788849691971991,1788849692160917,188926
load10000-burst,2,2000,6036,1788849691971991,1788849692160939,188948
load10000-burst,2,2000,6037,1788849691971991,1788849692160971,188980
load10000-burst,2,2000,6038,1788849691971991,1788849692161010,189019
load10000-burst,2,2000,6039,1788849691971991,1788849692161034,189043
load10000-burst,2,2000,6040,1788849691971991,1788849692161064,189073
load10000-burst,2,2000,6041,1788849691971991,1788849692161090,189099
load10000-burst,2,2000,6042,1788849691971991,1788849692161114,189123
load10000-burst,2,2000,6043,1788849691971991,1788849692161136,189145
load10000-burst,2,2000,6044,1788849691971991,1788849692161158,189167
load10000-burst,2,2000,6045,1788849691971991,1788849692161179,189188
load10000-burst,2,2000,6046,1788849691971991,1788849692161200,189209
load10000-burst,2,2000,6047,1788849691971991,1788849692161221,189230
load10000-burst,2,2000,6048,1788849691971991,1788849692161243,189252
load10000-burst,2,2000,6049,1788849691971991,1788849692161279,189288
load10000-burst,2,2000,6050,1788849691971991,1788849692161316,189325
load10000-burst,2,2000,6051,1788849691971991,1788849692161349,189358
load10000-burst,2,2000,6052,1788849691971991,1788849692161373,189382
load10000-burst,2,2000,6053,1788849691971991,1788849692161408,189417
load10000-burst,2,2000,6054,1788849691971991,1788849692161436,189445
load10000-burst,2,2000,6055,1788849691971991,1788849692161460,189469
load10000-burst,2,2000,6056,1788849691971991,1788849692161482,189491
load10000-burst,2,2000,6057,1788849691971991,1788849692161504,189513
load10000-burst,2,2000,6058,1788849691971991,1788849692161526,189535
load10000-burst,2,2000,6059,1788849691971991,1788849692161549,189558
load10000-burst,2,2000,6060,1788849691971991,1788849692161572,189581
load10000-burst,2,2000,6061,1788849691971991,1788849692161594,189603
load10000-burst,2,2000,6062,1788849691971991,1788849692161615,189624
load10000-burst,2,2000,6063,1788849691971991,1788849692161637,189646
load10000-burst,2,2000,6064,1788849691971991,1788849692161659,189668
load10000-burst,2,2000,6065,1788849691971991,1788849692161689,189698
load10000-burst,2,2000,6066,1788849691971991,1788849692161724,189733
load10000-burst,2,2000,6067,1788849691971991,1788849692161765,189774
load10000-burst,2,2000,6068,1788849691971991,1788849692161794,189803
load10000-burst,2,2000,6069,1788849691971991,1788849692161817,189826
load10000-burst,2,2000,6070,1788849691971991,1788849692161840,189849
load10000-burst,2,2000,6071,1788849691971991,1788849692161864,189873
load10000-burst,2,2000,6072,1788849691971991,1788849692161886,189895
load10000-burst,2,2000,6073,1788849691971991,1788849692161908,189917
load10000-burst,2,2000,6074,1788849691971991,1788849692161931,189940
load10000-burst,2,2000,6075,1788849691971991,1788849692161954,189963
load10000-burst,2,2000,6076,1788849691971991,1788849692161975,189984
load10000-burst,2,2000,6077,1788849691971991,1788849692162006,190015
load10000-burst,2,2000,6078,1788849691971991,1788849692162031,190040
load10000-burst,2,2000,6079,1788849691971991,1788849692162055,190064
load10000-burst,2,2000,6080,1788849691971991,1788849692162079,190088
load10000-burst,2,2000,6081,1788849691971991,1788849692162101,190110
load10000-burst,2,2000,6082,1788849691971991,1788849692162125,190134
load10000-burst,2,2000,6083,1788849691971991,1788849692162148,190157
load10000-burst,2,2000,6084,1788849691971991,1788849692162171,190180
load10000-burst,2,2000,6085,1788849691971991,1788849692162193,190202
load10000-burst,2,2000,6086,1788849691971991,1788849692162215,190224
load10000-burst,2,2000,6087,1788849691971991,1788849692162239,190248
load10000-burst,2,2000,6088,1788849691971991,1788849692162261,190270
load10000-burst,2,2000,6089,1788849691971991,1788849692162283,190292
load10000-burst,2,2000,6090,1788849691971991,1788849692162305,190314
load10000-burst,2,2000,6091,1788849691971991,1788849692162327,190336
load10000-burst,2,2000,6092,1788849691971991,1788849692162357,190366
load10000-burst,2,2000,6093,1788849691971991,1788849692162392,190401
load10000-burst,2,2000,6094,1788849691971991,1788849692162418,190427
load10000-burst,2,2000,6095,1788849691971991,1788849692162452,190461
load10000-burst,2,2000,6096,1788849691971991,1788849692162483,190492
load10000-burst,2,2000,6097,1788849691971991,1788849692162507,190516
load10000-burst,2,2000,6098,1788849691971991,1788849692162531,190540
load10000-burst,2,2000,6099,1788849691971991,1788849692162563,190572
load10000-burst,2,2000,6100,1788849691971991,1788849692162605,190614
load10000-burst,2,2000,6101,1788849691971991,1788849692162629,190638
load10000-burst,2,2000,6102,1788849691971991,1788849692162652,190661
load10000-burst,2,2000,6103,1788849691971991,1788849692162676,190685
load10000-burst,2,2000,6104,1788849691971991,1788849692162699,190708
load10000-burst,2,2000,6105,1788849691971991,1788849692162724,190733
load10000-burst,2,2000,6106,1788849691971991,1788849692162748,190757
load10000-burst,2,2000,6107,1788849691971991,1788849692162772,190781
load10000-burst,2,2000,6108,1788849691971991,1788849692162796,190805
load10000-burst,2,2000,6109,1788849691971991,1788849692162829,190838
load10000-burst,2,2000,6110,1788849691971991,1788849692162858,190867
load10000-burst,2,2000,6111,1788849691971991,1788849692162882,190891
load10000-burst,2,2000,6112,1788849691971991,1788849692162905,190914
load10000-burst,2,2000,6113,1788849691971991,1788849692162929,190938
load10000-burst,2,2000,6114,1788849691971991,1788849692162951,190960
load10000-burst,2,2000,6115,1788849691971991,1788849692162973,190982
load10000-burst,2,2000,6116,1788849691971991,1788849692162996,191005
load10000-burst,2,2000,6117,1788849691971991,1788849692163020,191029
load10000-burst,2,2000,6118,1788849691971991,1788849692163051,191060
load10000-burst,2,2000,6119,1788849691971991,1788849692163072,191081
load10000-burst,2,2000,6120,1788849691971991,1788849692163098,191107
load10000-burst,2,2000,6121,1788849691971991,1788849692163123,191132
load10000-burst,2,2000,6122,1788849691971991,1788849692163155,191164
load10000-burst,2,2000,6123,1788849691971991,1788849692163187,191196
load10000-burst,2,2000,6124,1788849691971991,1788849692163211,191220
load10000-burst,2,2000,6125,1788849691971991,1788849692163241,191250
load10000-burst,2,2000,6126,1788849691971991,1788849692163270,191279
load10000-burst,2,2000,6127,1788849691971991,1788849692163293,191302
load10000-burst,2,2000,6128,1788849691971991,1788849692163316,191325
load10000-burst,2,2000,6129,1788849691971991,1788849692163350,191359
load10000-burst,2,2000,6130,1788849691971991,1788849692163377,191386
load10000-burst,2,2000,6131,1788849691971991,1788849692163408,191417
load10000-burst,2,2000,6132,1788849691971991,1788849692163469,191478
load10000-burst,2,2000,6133,1788849691971991,1788849692163507,191516
load10000-burst,2,2000,6134,1788849691971991,1788849692163540,191549
load10000-burst,2,2000,6135,1788849691971991,1788849692163566,191575
load10000-burst,2,2000,6136,1788849691971991,1788849692163596,191605
load10000-burst,2,2000,6137,1788849691971991,1788849692163622,191631
load10000-burst,2,2000,6138,1788849691971991,1788849692163645,191654
load10000-burst,2,2000,6139,1788849691971991,1788849692163710,191719
load10000-burst,2,2000,6140,1788849691971991,1788849692163759,191768
load10000-burst,2,2000,6141,1788849691971991,1788849692163796,191805
load10000-burst,2,2000,6142,1788849691971991,1788849692163834,191843
load10000-burst,2,2000,6143,1788849691971991,1788849692163859,191868
load10000-burst,2,2000,6144,1788849691971991,1788849692163883,191892
load10000-burst,2,2000,6145,1788849691971991,1788849692163906,191915
load10000-burst,2,2000,6146,1788849691971991,1788849692163930,191939
load10000-burst,2,2000,6147,1788849691971991,1788849692163953,191962
load10000-burst,2,2000,6148,1788849691971991,1788849692163975,191984
load10000-burst,2,2000,6149,1788849691971991,1788849692164006,192015
load10000-burst,2,2000,6150,1788849691971991,1788849692164042,192051
load10000-burst,2,2000,6151,1788849691971991,1788849692164068,192077
load10000-burst,2,2000,6152,1788849691971991,1788849692164100,192109
load10000-burst,2,2000,6153,1788849691971991,1788849692164128,192137
load10000-burst,2,2000,6154,1788849691971991,1788849692164159,192168
load10000-burst,2,2000,6155,1788849691971991,1788849692164187,192196
load10000-burst,2,2000,6156,1788849691971991,1788849692164209,192218
load10000-burst,2,2000,6157,1788849691971991,1788849692164233,192242
load10000-burst,2,2000,6158,1788849691971991,1788849692164256,192265
load10000-burst,2,2000,6159,1788849691971991,1788849692164278,192287
load10000-burst,2,2000,6160,1788849691971991,1788849692164299,192308
load10000-burst,2,2000,6161,1788849691971991,1788849692164321,192330
load10000-burst,2,2000,6162,1788849691971991,1788849692164342,192351
load10000-burst,2,2000,6163,1788849691971991,1788849692164365,192374
load10000-burst,2,2000,6164,1788849691971991,1788849692164387,192396
load10000-burst,2,2000,6165,1788849691971991,1788849692164411,192420
load10000-burst,2,2000,6166,1788849691971991,1788849692164437,192446
load10000-burst,2,2000,6167,1788849691971991,1788849692164467,192476
load10000-burst,2,2000,6168,1788849691971991,1788849692164510,192519
load10000-burst,2,2000,6169,1788849691971991,1788849692164536,192545
load10000-burst,2,2000,6170,1788849691971991,1788849692164560,192569
load10000-burst,2,2000,6171,1788849691971991,1788849692164591,192600
load10000-burst,2,2000,6172,1788849691971991,1788849692164627,192636
load10000-burst,2,2000,6173,1788849691971991,1788849692164651,192660
load10000-burst,2,2000,6174,1788849691971991,1788849692164677,192686
load10000-burst,2,2000,6175,1788849691971991,1788849692164700,192709
load10000-burst,2,2000,6176,1788849691971991,1788849692164723,192732
load10000-burst,2,2000,6177,1788849691971991,1788849692164752,192761
load10000-burst,2,2000,6178,1788849691971991,1788849692164781,192790
load10000-burst,2,2000,6179,1788849691971991,1788849692164812,192821
load10000-burst,2,2000,6180,1788849691971991,1788849692164856,192865
load10000-burst,2,2000,6181,1788849691971991,1788849692164908,192917
load10000-burst,2,2000,6182,1788849691971991,1788849692164941,192950
load10000-burst,2,2000,6183,1788849691971991,1788849692164967,192976
load10000-burst,2,2000,6184,1788849691971991,1788849692164992,193001
load10000-burst,2,2000,6185,1788849691971991,1788849692165023,193032
load10000-burst,2,2000,6186,1788849691971991,1788849692165049,193058
load10000-burst,2,2000,6187,1788849691971991,1788849692165072,193081
load10000-burst,2,2000,6188,1788849691971991,1788849692165096,193105
load10000-burst,2,2000,6189,1788849691971991,1788849692165119,193128
load10000-burst,2,2000,6190,1788849691971991,1788849692165142,193151
load10000-burst,2,2000,6191,1788849691971991,1788849692165174,193183
load10000-burst,2,2000,6192,1788849691971991,1788849692165207,193216
load10000-burst,2,2000,6193,1788849691971991,1788849692165231,193240
load10000-burst,2,2000,6194,1788849691971991,1788849692165254,193263
load10000-burst,2,2000,6195,1788849691971991,1788849692165277,193286
load10000-burst,2,2000,6196,1788849691971991,1788849692165308,193317
load10000-burst,2,2000,6197,1788849691971991,1788849692165342,193351
load10000-burst,2,2000,6198,1788849691971991,1788849692165372,193381
load10000-burst,2,2000,6199,1788849691971991,1788849692165399,193408
load10000-burst,2,2000,6200,1788849691971991,1788849692165425,193434
load10000-burst,2,2000,6201,1788849691971991,1788849692165459,193468
load10000-burst,2,2000,6202,1788849691971991,1788849692165510,193519
load10000-burst,2,2000,6203,1788849691971991,1788849692165538,193547
load10000-burst,2,2000,6204,1788849691971991,1788849692165561,193570
load10000-burst,2,2000,6205,1788849691971991,1788849692165589,193598
load10000-burst,2,2000,6206,1788849691971991,1788849692165612,193621
load10000-burst,2,2000,6207,1788849691971991,1788849692165635,193644
load10000-burst,2,2000,6208,1788849691971991,1788849692165658,193667
load10000-burst,2,2000,6209,1788849691971991,1788849692165682,193691
load10000-burst,2,2000,6210,1788849691971991,1788849692165706,193715
load10000-burst,2,2000,6211,1788849691971991,1788849692165730,193739
load10000-burst,2,2000,6212,1788849691971991,1788849692165756,193765
load10000-burst,2,2000,6213,1788849691971991,1788849692165778,193787
load10000-burst,2,2000,6214,1788849691971991,1788849692165802,193811
load10000-burst,2,2000,6215,1788849691971991,1788849692165832,193841
load10000-burst,2,2000,6216,1788849691971991,1788849692165889,193898
load10000-burst,2,2000,6217,1788849691971991,1788849692165918,193927
load10000-burst,2,2000,6218,1788849691971991,1788849692165941,193950
load10000-burst,2,2000,6219,1788849691971991,1788849692165970,193979
load10000-burst,2,2000,6220,1788849691971991,1788849692165997,194006
load10000-burst,2,2000,6221,1788849691971991,1788849692166019,194028
load10000-burst,2,2000,6222,1788849691971991,1788849692166041,194050
load10000-burst,2,2000,6223,1788849691971991,1788849692166071,194080
load10000-burst,2,2000,6224,1788849691971991,1788849692166103,194112
load10000-burst,2,2000,6225,1788849691971991,1788849692166137,194146
load10000-burst,2,2000,6226,1788849691971991,1788849692166184,194193
load10000-burst,2,2000,6227,1788849691971991,1788849692166214,194223
load10000-burst,2,2000,6228,1788849691971991,1788849692166305,194314
load10000-burst,2,2000,6229,1788849691971991,1788849692166338,194347
load10000-burst,2,2000,6230,1788849691971991,1788849692166373,194382
load10000-burst,2,2000,6231,1788849691971991,1788849692166398,194407
load10000-burst,2,2000,6232,1788849691971991,1788849692166421,194430
load10000-burst,2,2000,6233,1788849691971991,1788849692166453,194462
load10000-burst,2,2000,6234,1788849691971991,1788849692166489,194498
load10000-burst,2,2000,6235,1788849691971991,1788849692166529,194538
load10000-burst,2,2000,6236,1788849691971991,1788849692166558,194567
load10000-burst,2,2000,6237,1788849691971991,1788849692166590,194599
load10000-burst,2,2000,6238,1788849691971991,1788849692166635,194644
load10000-burst,2,2000,6239,1788849691971991,1788849692166670,194679
load10000-burst,2,2000,6240,1788849691971991,1788849692166707,194716
load10000-burst,2,2000,6241,1788849691971991,1788849692166739,194748
load10000-burst,2,2000,6242,1788849691971991,1788849692166765,194774
load10000-burst,2,2000,6243,1788849691971991,1788849692166797,194806
load10000-burst,2,2000,6244,1788849691971991,1788849692166829,194838
load10000-burst,2,2000,6245,1788849691971991,1788849692166854,194863
load10000-burst,2,2000,6246,1788849691971991,1788849692166886,194895
load10000-burst,2,2000,6247,1788849691971991,1788849692166922,194931
load10000-burst,2,2000,6248,1788849691971991,1788849692166960,194969
load10000-burst,2,2000,6249,1788849691971991,1788849692166987,194996
load10000-burst,2,2000,6250,1788849691971991,1788849692167010,195019
load10000-burst,2,2000,6251,1788849691971991,1788849692167035,195044
load10000-burst,2,2000,6252,1788849691971991,1788849692167060,195069
load10000-burst,2,2000,6253,1788849691971991,1788849692167083,195092
load10000-burst,2,2000,6254,1788849691971991,1788849692167122,195131
load10000-burst,2,2000,6255,1788849691971991,1788849692167170,195179
load10000-burst,2,2000,6256,1788849691971991,1788849692167196,195205
load10000-burst,2,2000,6257,1788849691971991,1788849692167220,195229
load10000-burst,2,2000,6258,1788849691971991,1788849692167245,195254
load10000-burst,2,2000,6259,1788849691971991,1788849692167269,195278
load10000-burst,2,2000,6260,1788849691971991,1788849692167296,195305
load10000-burst,2,2000,6261,1788849691971991,1788849692167324,195333
load10000-burst,2,2000,6262,1788849691971991,1788849692167348,195357
load10000-burst,2,2000,6263,1788849691971991,1788849692167371,195380
load10000-burst,2,2000,6264,1788849691971991,1788849692167393,195402
load10000-burst,2,2000,6265,1788849691971991,1788849692167417,195426
load10000-burst,2,2000,6266,1788849691971991,1788849692167440,195449
load10000-burst,2,2000,6267,1788849691971991,1788849692167463,195472
load10000-burst,2,2000,6268,1788849691971991,1788849692167488,195497
load10000-burst,2,2000,6269,1788849691971991,1788849692167513,195522
load10000-burst,2,2000,6270,1788849691971991,1788849692167536,195545
load10000-burst,2,2000,6271,1788849691971991,1788849692167560,195569
load10000-burst,2,2000,6272,1788849691971991,1788849692167582,195591
load10000-burst,2,2000,6273,1788849691971991,1788849692167606,195615
load10000-burst,2,2000,6274,1788849691971991,1788849692167629,195638
load10000-burst,2,2000,6275,1788849691971991,1788849692167656,195665
load10000-burst,2,2000,6276,1788849691971991,1788849692167681,195690
load10000-burst,2,2000,6277,1788849691971991,1788849692167704,195713
load10000-burst,2,2000,6278,1788849691971991,1788849692167737,195746
load10000-burst,2,2000,6279,1788849691971991,1788849692167769,195778
load10000-burst,2,2000,6280,1788849691971991,1788849692167793,195802
load10000-burst,2,2000,6281,1788849691971991,1788849692167816,195825
load10000-burst,2,2000,6282,1788849691971991,1788849692167839,195848
load10000-burst,2,2000,6283,1788849691971991,1788849692167862,195871
load10000-burst,2,2000,6284,1788849691971991,1788849692167885,195894
load10000-burst,2,2000,6285,1788849691971991,1788849692167909,195918
load10000-burst,2,2000,6286,1788849691971991,1788849692167933,195942
load10000-burst,2,2000,6287,1788849691971991,1788849692167955,195964
load10000-burst,2,2000,6288,1788849691971991,1788849692167979,195988
load10000-burst,2,2000,6289,1788849691971991,1788849692168002,196011
load10000-burst,2,2000,6290,1788849691971991,1788849692168043,196052
load10000-burst,2,2000,6291,1788849691971991,1788849692168084,196093
load10000-burst,2,2000,6292,1788849691971991,1788849692168119,196128
load10000-burst,2,2000,6293,1788849691971991,1788849692168170,196179
load10000-burst,2,2000,6294,1788849691971991,1788849692168207,196216
load10000-burst,2,2000,6295,1788849691971991,1788849692168250,196259
load10000-burst,2,2000,6296,1788849691971991,1788849692168277,196286
load10000-burst,2,2000,6297,1788849691971991,1788849692168302,196311
load10000-burst,2,2000,6298,1788849691971991,1788849692168325,196334
load10000-burst,2,2000,6299,1788849691971991,1788849692168350,196359
load10000-burst,2,2000,6300,1788849691971991,1788849692168382,196391
load10000-burst,2,2000,6301,1788849691971991,1788849692168427,196436
load10000-burst,2,2000,6302,1788849691971991,1788849692168466,196475
load10000-burst,2,2000,6303,1788849691971991,1788849692168497,196506
load10000-burst,2,2000,6304,1788849691971991,1788849692168529,196538
load10000-burst,2,2000,6305,1788849691971991,1788849692168565,196574
load10000-burst,2,2000,6306,1788849691971991,1788849692168588,196597
load10000-burst,2,2000,6307,1788849691971991,1788849692168612,196621
load10000-burst,2,2000,6308,1788849691971991,1788849692168634,196643
load10000-burst,2,2000,6309,1788849691971991,1788849692168668,196677
load10000-burst,2,2000,6310,1788849691971991,1788849692168686,196695
load10000-burst,2,2000,6311,1788849691971991,1788849692168715,196724
load10000-burst,2,2000,6312,1788849691971991,1788849692168754,196763
load10000-burst,2,2000,6313,1788849691971991,1788849692168789,196798
load10000-burst,2,2000,6314,1788849691971991,1788849692168813,196822
load10000-burst,2,2000,6315,1788849691971991,1788849692168837,196846
load10000-burst,2,2000,6316,1788849691971991,1788849692168859,196868
load10000-burst,2,2000,6317,1788849691971991,1788849692168882,196891
load10000-burst,2,2000,6318,1788849691971991,1788849692168913,196922
load10000-burst,2,2000,6319,1788849691971991,1788849692168958,196967
load10000-burst,2,2000,6320,1788849691971991,1788849692168990,196999
load10000-burst,2,2000,6321,1788849691971991,1788849692169022,197031
load10000-burst,2,2000,6322,1788849691971991,1788849692169070,197079
load10000-burst,2,2000,6323,1788849691971991,1788849692169094,197103
load10000-burst,2,2000,6324,1788849691971991,1788849692169122,197131
load10000-burst,2,2000,6325,1788849691971991,1788849692169150,197159
load10000-burst,2,2000,6326,1788849691971991,1788849692169176,197185
load10000-burst,2,2000,6327,1788849691971991,1788849692169200,197209
load10000-burst,2,2000,6328,1788849691971991,1788849692169229,197238
load10000-burst,2,2000,6329,1788849691971991,1788849692169261,197270
load10000-burst,2,2000,6330,1788849691971991,1788849692169286,197295
load10000-burst,2,2000,6331,1788849691971991,1788849692169310,197319
load10000-burst,2,2000,6332,1788849691971991,1788849692169333,197342
load10000-burst,2,2000,6333,1788849691971991,1788849692169356,197365
load10000-burst,2,2000,6334,1788849691971991,1788849692169380,197389
load10000-burst,2,2000,6335,1788849691971991,1788849692169403,197412
load10000-burst,2,2000,6336,1788849691971991,1788849692169428,197437
load10000-burst,2,2000,6337,1788849691971991,1788849692169459,197468
load10000-burst,2,2000,6338,1788849691971991,1788849692169489,197498
load10000-burst,2,2000,6339,1788849691971991,1788849692169513,197522
load10000-burst,2,2000,6340,1788849691971991,1788849692169536,197545
load10000-burst,2,2000,6341,1788849691971991,1788849692169560,197569
load10000-burst,2,2000,6342,1788849691971991,1788849692169583,197592
load10000-burst,2,2000,6343,1788849691971991,1788849692169612,197621
load10000-burst,2,2000,6344,1788849691971991,1788849692169637,197646
load10000-burst,2,2000,6345,1788849691971991,1788849692169667,197676
load10000-burst,2,2000,6346,1788849691971991,1788849692169696,197705
load10000-burst,2,2000,6347,1788849691971991,1788849692169721,197730
load10000-burst,2,2000,6348,1788849691971991,1788849692169747,197756
load10000-burst,2,2000,6349,1788849691971991,1788849692169773,197782
load10000-burst,2,2000,6350,1788849691971991,1788849692169797,197806
load10000-burst,2,2000,6351,1788849691971991,1788849692169831,197840
load10000-burst,2,2000,6352,1788849691971991,1788849692169884,197893
load10000-burst,2,2000,6353,1788849691971991,1788849692169914,197923
load10000-burst,2,2000,6354,1788849691971991,1788849692169942,197951
load10000-burst,2,2000,6355,1788849691971991,1788849692169969,197978
load10000-burst,2,2000,6356,1788849691971991,1788849692169997,198006
load10000-burst,2,2000,6357,1788849691971991,1788849692170022,198031
load10000-burst,2,2000,6358,1788849691971991,1788849692170055,198064
load10000-burst,2,2000,6359,1788849691971991,1788849692170103,198112
load10000-burst,2,2000,6360,1788849691971991,1788849692170132,198141
load10000-burst,2,2000,6361,1788849691971991,1788849692170156,198165
load10000-burst,2,2000,6362,1788849691971991,1788849692170180,198189
load10000-burst,2,2000,6363,1788849691971991,1788849692170203,198212
load10000-burst,2,2000,6364,1788849691971991,1788849692170226,198235
load10000-burst,2,2000,6365,1788849691971991,1788849692170250,198259
load10000-burst,2,2000,6366,1788849691971991,1788849692170274,198283
load10000-burst,2,2000,6367,1788849691971991,1788849692170296,198305
load10000-burst,2,2000,6368,1788849691971991,1788849692170319,198328
load10000-burst,2,2000,6369,1788849691971991,1788849692170342,198351
load10000-burst,2,2000,6370,1788849691971991,1788849692170360,198369
load10000-burst,2,2000,6371,1788849691971991,1788849692170378,198387
load10000-burst,2,2000,6372,1788849691971991,1788849692170404,198413
load10000-burst,2,2000,6373,1788849691971991,1788849692170428,198437
load10000-burst,2,2000,6374,1788849691971991,1788849692170457,198466
load10000-burst,2,2000,6375,1788849691971991,1788849692170493,198502
load10000-burst,2,2000,6376,1788849691971991,1788849692170524,198533
load10000-burst,2,2000,6377,1788849691971991,1788849692170563,198572
load10000-burst,2,2000,6378,1788849691971991,1788849692170594,198603
load10000-burst,2,2000,6379,1788849691971991,1788849692170624,198633
load10000-burst,2,2000,6380,1788849691971991,1788849692170652,198661
load10000-burst,2,2000,6381,1788849691971991,1788849692170676,198685
load10000-burst,2,2000,6382,1788849691971991,1788849692170715,198724
load10000-burst,2,2000,6383,1788849691971991,1788849692170755,198764
load10000-burst,2,2000,6384,1788849691971991,1788849692170802,198811
load10000-burst,2,2000,6385,1788849691971991,1788849692170838,198847
load10000-burst,2,2000,6386,1788849691971991,1788849692170872,198881
load10000-burst,2,2000,6387,1788849691971991,1788849692170919,198928
load10000-burst,2,2000,6388,1788849691971991,1788849692170987,198996
load10000-burst,2,2000,6389,1788849691971991,1788849692171087,199096
load10000-burst,2,2000,6390,1788849691971991,1788849692171135,199144
load10000-burst,2,2000,6391,1788849691971991,1788849692171183,199192
load10000-burst,2,2000,6392,1788849691971991,1788849692171204,199213
load10000-burst,2,2000,6393,1788849691971991,1788849692171230,199239
load10000-burst,2,2000,6394,1788849691971991,1788849692171263,199272
load10000-burst,2,2000,6395,1788849691971991,1788849692171303,199312
load10000-burst,2,2000,6396,1788849691971991,1788849692171334,199343
load10000-burst,2,2000,6397,1788849691971991,1788849692171359,199368
load10000-burst,2,2000,6398,1788849691971991,1788849692171383,199392
load10000-burst,2,2000,6399,1788849691971991,1788849692171406,199415
load10000-burst,2,2000,6400,1788849691971991,1788849692171430,199439
load10000-burst,2,2000,6401,1788849691971991,1788849692171455,199464
load10000-burst,2,2000,6402,1788849691971991,1788849692171477,199486
load10000-burst,2,2000,6403,1788849691971991,1788849692171512,199521
load10000-burst,2,2000,6404,1788849691971991,1788849692171546,199555
load10000-burst,2,2000,6405,1788849691971991,1788849692171573,199582
load10000-burst,2,2000,6406,1788849691971991,1788849692171598,199607
load10000-burst,2,2000,6407,1788849691971991,1788849692171646,199655
load10000-burst,2,2000,6408,1788849691971991,1788849692171670,199679
load10000-burst,2,2000,6409,1788849691971991,1788849692171693,199702
load10000-burst,2,2000,6410,1788849691971991,1788849692171716,199725
load10000-burst,2,2000,6411,1788849691971991,1788849692171739,199748
load10000-burst,2,2000,6412,1788849691971991,1788849692171762,199771
load10000-burst,2,2000,6413,1788849691971991,1788849692171784,199793
load10000-burst,2,2000,6414,1788849691971991,1788849692171807,199816
load10000-burst,2,2000,6415,1788849691971991,1788849692171835,199844
load10000-burst,2,2000,6416,1788849691971991,1788849692171861,199870
load10000-burst,2,2000,6417,1788849691971991,1788849692171896,199905
load10000-burst,2,2000,6418,1788849691971991,1788849692171922,199931
load10000-burst,2,2000,6419,1788849691971991,1788849692171954,199963
load10000-burst,2,2000,6420,1788849691971991,1788849692171980,199989
load10000-burst,2,2000,6421,1788849691971991,1788849692172004,200013
load10000-burst,2,2000,6422,1788849691971991,1788849692172029,200038
load10000-burst,2,2000,6423,1788849691971991,1788849692172053,200062
load10000-burst,2,2000,6424,1788849691971991,1788849692172088,200097
load10000-burst,2,2000,6425,1788849691971991,1788849692172112,200121
load10000-burst,2,2000,6426,1788849691971991,1788849692172135,200144
load10000-burst,2,2000,6427,1788849691971991,1788849692172157,200166
load10000-burst,2,2000,6428,1788849691971991,1788849692172189,200198
load10000-burst,2,2000,6429,1788849691971991,1788849692172227,200236
load10000-burst,2,2000,6430,1788849691971991,1788849692172260,200269
load10000-burst,2,2000,6431,1788849691971991,1788849692172307,200316
load10000-burst,2,2000,6432,1788849691971991,1788849692172348,200357
load10000-burst,2,2000,6433,1788849691971991,1788849692172381,200390
load10000-burst,2,2000,6434,1788849691971991,1788849692172442,200451
load10000-burst,2,2000,6435,1788849691971991,1788849692172470,200479
load10000-burst,2,2000,6436,1788849691971991,1788849692172500,200509
load10000-burst,2,2000,6437,1788849691971991,1788849692172532,200541
load10000-burst,2,2000,6438,1788849691971991,1788849692172562,200571
load10000-burst,2,2000,6439,1788849691971991,1788849692172589,200598
load10000-burst,2,2000,6440,1788849691971991,1788849692172613,200622
load10000-burst,2,2000,6441,1788849691971991,1788849692172643,200652
load10000-burst,2,2000,6442,1788849691971991,1788849692172697,200706
load10000-burst,2,2000,6443,1788849691971991,1788849692172728,200737
load10000-burst,2,2000,6444,1788849691971991,1788849692172756,200765
load10000-burst,2,2000,6445,1788849691971991,1788849692172780,200789
load10000-burst,2,2000,6446,1788849691971991,1788849692172809,200818
load10000-burst,2,2000,6447,1788849691971991,1788849692172833,200842
load10000-burst,2,2000,6448,1788849691971991,1788849692172857,200866
load10000-burst,2,2000,6449,1788849691971991,1788849692172882,200891
load10000-burst,2,2000,6450,1788849691971991,1788849692172907,200916
load10000-burst,2,2000,6451,1788849691971991,1788849692172931,200940
load10000-burst,2,2000,6452,1788849691971991,1788849692172974,200983
load10000-burst,2,2000,6453,1788849691971991,1788849692173020,201029
load10000-burst,2,2000,6454,1788849691971991,1788849692173070,201079
load10000-burst,2,2000,6455,1788849691971991,1788849692173097,201106
load10000-burst,2,2000,6456,1788849691971991,1788849692173120,201129
load10000-burst,2,2000,6457,1788849691971991,1788849692173143,201152
load10000-burst,2,2000,6458,1788849691971991,1788849692173166,201175
load10000-burst,2,2000,6459,1788849691971991,1788849692173212,201221
load10000-burst,2,2000,6460,1788849691971991,1788849692173238,201247
load10000-burst,2,2000,6461,1788849691971991,1788849692173260,201269
load10000-burst,2,2000,6462,1788849691971991,1788849692173292,201301
load10000-burst,2,2000,6463,1788849691971991,1788849692173333,201342
load10000-burst,2,2000,6464,1788849691971991,1788849692173359,201368
load10000-burst,2,2000,6465,1788849691971991,1788849692173382,201391
load10000-burst,2,2000,6466,1788849691971991,1788849692173418,201427
load10000-burst,2,2000,6467,1788849691971991,1788849692173457,201466
load10000-burst,2,2000,6468,1788849691971991,1788849692173487,201496
load10000-burst,2,2000,6469,1788849691971991,1788849692173529,201538
load10000-burst,2,2000,6470,1788849691971991,1788849692173562,201571
load10000-burst,2,2000,6471,1788849691971991,1788849692173597,201606
load10000-burst,2,2000,6472,1788849691971991,1788849692173633,201642
load10000-burst,2,2000,6473,1788849691971991,1788849692173674,201683
load10000-burst,2,2000,6474,1788849691971991,1788849692173705,201714
load10000-burst,2,2000,6475,1788849691971991,1788849692173729,201738
load10000-burst,2,2000,6476,1788849691971991,1788849692173772,201781
load10000-burst,2,2000,6477,1788849691971991,1788849692173796,201805
load10000-burst,2,2000,6478,1788849691971991,1788849692173829,201838
load10000-burst,2,2000,6479,1788849691971991,1788849692173880,201889
load10000-burst,2,2000,6480,1788849691971991,1788849692173915,201924
load10000-burst,2,2000,6481,1788849691971991,1788849692173950,201959
load10000-burst,2,2000,6482,1788849691971991,1788849692173993,202002
load10000-burst,2,2000,6483,1788849691971991,1788849692174022,202031
load10000-burst,2,2000,6484,1788849691971991,1788849692174052,202061
load10000-burst,2,2000,6485,1788849691971991,1788849692174077,202086
load10000-burst,2,2000,6486,1788849691971991,1788849692174100,202109
load10000-burst,2,2000,6487,1788849691971991,1788849692174140,202149
load10000-burst,2,2000,6488,1788849691971991,1788849692174164,202173
load10000-burst,2,2000,6489,1788849691971991,1788849692174194,202203
load10000-burst,2,2000,6490,1788849691971991,1788849692174236,202245
load10000-burst,2,2000,6491,1788849691971991,1788849692174270,202279
load10000-burst,2,2000,6492,1788849691971991,1788849692174292,202301
load10000-burst,2,2000,6493,1788849691971991,1788849692174316,202325
load10000-burst,2,2000,6494,1788849691971991,1788849692174361,202370
load10000-burst,2,2000,6495,1788849691971991,1788849692174390,202399
load10000-burst,2,2000,6496,1788849691971991,1788849692174415,202424
load10000-burst,2,2000,6497,1788849691971991,1788849692174445,202454
load10000-burst,2,2000,6498,1788849691971991,1788849692174470,202479
load10000-burst,2,2000,6499,1788849691971991,1788849692174500,202509
load10000-burst,2,2000,6500,1788849691971991,1788849692174530,202539
load10000-burst,2,2000,6501,1788849691971991,1788849692174553,202562
load10000-burst,2,2000,6502,1788849691971991,1788849692174576,202585
load10000-burst,2,2000,6503,1788849691971991,1788849692174612,202621
load10000-burst,2,2000,6504,1788849691971991,1788849692174693,202702
load10000-burst,2,2000,6505,1788849691971991,1788849692174727,202736
load10000-burst,2,2000,6506,1788849691971991,1788849692174758,202767
load10000-burst,2,2000,6507,1788849691971991,1788849692174786,202795
load10000-burst,2,2000,6508,1788849691971991,1788849692174809,202818
load10000-burst,2,2000,6509,1788849691971991,1788849692174832,202841
load10000-burst,2,2000,6510,1788849691971991,1788849692174855,202864
load10000-burst,2,2000,6511,1788849691971991,1788849692174890,202899
load10000-burst,2,2000,6512,1788849691971991,1788849692174922,202931
load10000-burst,2,2000,6513,1788849691971991,1788849692174954,202963
load10000-burst,2,2000,6514,1788849691971991,1788849692174978,202987
load10000-burst,2,2000,6515,1788849691971991,1788849692175011,203020
load10000-burst,2,2000,6516,1788849691971991,1788849692175053,203062
load10000-burst,2,2000,6517,1788849691971991,1788849692175087,203096
load10000-burst,2,2000,6518,1788849691971991,1788849692175116,203125
load10000-burst,2,2000,6519,1788849691971991,1788849692175139,203148
load10000-burst,2,2000,6520,1788849691971991,1788849692175170,203179
load10000-burst,2,2000,6521,1788849691971991,1788849692175214,203223
load10000-burst,2,2000,6522,1788849691971991,1788849692175249,203258
load10000-burst,2,2000,6523,1788849691971991,1788849692175302,203311
load10000-burst,2,2000,6524,1788849691971991,1788849692175346,203355
load10000-burst,2,2000,6525,1788849691971991,1788849692175395,203404
load10000-burst,2,2000,6526,1788849691971991,1788849692175428,203437
load10000-burst,2,2000,6527,1788849691971991,1788849692175467,203476
load10000-burst,2,2000,6528,1788849691971991,1788849692175518,203527
load10000-burst,2,2000,6529,1788849691971991,1788849692175543,203552
load10000-burst,2,2000,6530,1788849691971991,1788849692175570,203579
load10000-burst,2,2000,6531,1788849691971991,1788849692175595,203604
load10000-burst,2,2000,6532,1788849691971991,1788849692175627,203636
load10000-burst,2,2000,6533,1788849691971991,1788849692175653,203662
load10000-burst,2,2000,6534,1788849691971991,1788849692175687,203696
load10000-burst,2,2000,6535,1788849691971991,1788849692175719,203728
load10000-burst,2,2000,6536,1788849691971991,1788849692175751,203760
load10000-burst,2,2000,6537,1788849691971991,1788849692175781,203790
load10000-burst,2,2000,6538,1788849691971991,1788849692175815,203824
load10000-burst,2,2000,6539,1788849691971991,1788849692175870,203879
load10000-burst,2,2000,6540,1788849691971991,1788849692175902,203911
load10000-burst,2,2000,6541,1788849691971991,1788849692175927,203936
load10000-burst,2,2000,6542,1788849691971991,1788849692175953,203962
load10000-burst,2,2000,6543,1788849691971991,1788849692175980,203989
load10000-burst,2,2000,6544,1788849691971991,1788849692176000,204009
load10000-burst,2,2000,6545,1788849691971991,1788849692176043,204052
load10000-burst,2,2000,6546,1788849691971991,1788849692176098,204107
load10000-burst,2,2000,6547,1788849691971991,1788849692176130,204139
load10000-burst,2,2000,6548,1788849691971991,1788849692176153,204162
load10000-burst,2,2000,6549,1788849691971991,1788849692176178,204187
load10000-burst,2,2000,6550,1788849691971991,1788849692176202,204211
load10000-burst,2,2000,6551,1788849691971991,1788849692176225,204234
load10000-burst,2,2000,6552,1788849691971991,1788849692176255,204264
load10000-burst,2,2000,6553,1788849691971991,1788849692176297,204306
load10000-burst,2,2000,6554,1788849691971991,1788849692176338,204347
load10000-burst,2,2000,6555,1788849691971991,1788849692176395,204404
load10000-burst,2,2000,6556,1788849691971991,1788849692176471,204480
load10000-burst,2,2000,6557,1788849691971991,1788849692176502,204511
load10000-burst,2,2000,6558,1788849691971991,1788849692176533,204542
load10000-burst,2,2000,6559,1788849691971991,1788849692176559,204568
load10000-burst,2,2000,6560,1788849691971991,1788849692176582,204591
load10000-burst,2,2000,6561,1788849691971991,1788849692176612,204621
load10000-burst,2,2000,6562,1788849691971991,1788849692176650,204659
load10000-burst,2,2000,6563,1788849691971991,1788849692176680,204689
load10000-burst,2,2000,6564,1788849691971991,1788849692176722,204731
load10000-burst,2,2000,6565,1788849691971991,1788849692176755,204764
load10000-burst,2,2000,6566,1788849691971991,1788849692176785,204794
load10000-burst,2,2000,6567,1788849691971991,1788849692176811,204820
load10000-burst,2,2000,6568,1788849691971991,1788849692176841,204850
load10000-burst,2,2000,6569,1788849691971991,1788849692176870,204879
load10000-burst,2,2000,6570,1788849691971991,1788849692176909,204918
load10000-burst,2,2000,6571,1788849691971991,1788849692176960,204969
load10000-burst,2,2000,6572,1788849691971991,1788849692176995,205004
load10000-burst,2,2000,6573,1788849691971991,1788849692177049,205058
load10000-burst,2,2000,6574,1788849691971991,1788849692177084,205093
load10000-burst,2,2000,6575,1788849691971991,1788849692177110,205119
load10000-burst,2,2000,6576,1788849691971991,1788849692177143,205152
load10000-burst,2,2000,6577,1788849691971991,1788849692177190,205199
load10000-burst,2,2000,6578,1788849691971991,1788849692177217,205226
load10000-burst,2,2000,6579,1788849691971991,1788849692177241,205250
load10000-burst,2,2000,6580,1788849691971991,1788849692177266,205275
load10000-burst,2,2000,6581,1788849691971991,1788849692177296,205305
load10000-burst,2,2000,6582,1788849691971991,1788849692177331,205340
load10000-burst,2,2000,6583,1788849691971991,1788849692177372,205381
load10000-burst,2,2000,6584,1788849691971991,1788849692177424,205433
load10000-burst,2,2000,6585,1788849691971991,1788849692177462,205471
load10000-burst,2,2000,6586,1788849691971991,1788849692177501,205510
load10000-burst,2,2000,6587,1788849691971991,1788849692177526,205535
load10000-burst,2,2000,6588,1788849691971991,1788849692177549,205558
load10000-burst,2,2000,6589,1788849691971991,1788849692177572,205581
load10000-burst,2,2000,6590,1788849691971991,1788849692177595,205604
load10000-burst,2,2000,6591,1788849691971991,1788849692177619,205628
load10000-burst,2,2000,6592,1788849691971991,1788849692177642,205651
load10000-burst,2,2000,6593,1788849691971991,1788849692177664,205673
load10000-burst,2,2000,6594,1788849691971991,1788849692177698,205707
load10000-burst,2,2000,6595,1788849691971991,1788849692177741,205750
load10000-burst,2,2000,6596,1788849691971991,1788849692177781,205790
load10000-burst,2,2000,6597,1788849691971991,1788849692177825,205834
load10000-burst,2,2000,6598,1788849691971991,1788849692177861,205870
load10000-burst,2,2000,6599,1788849691971991,1788849692177888,205897
load10000-burst,2,2000,6600,1788849691971991,1788849692177921,205930
load10000-burst,2,2000,6601,1788849691971991,1788849692177972,205981
load10000-burst,2,2000,6602,1788849691971991,1788849692177997,206006
load10000-burst,2,2000,6603,1788849691971991,1788849692178021,206030
load10000-burst,2,2000,6604,1788849691971991,1788849692178057,206066
load10000-burst,2,2000,6605,1788849691971991,1788849692178107,206116
load10000-burst,2,2000,6606,1788849691971991,1788849692178134,206143
load10000-burst,2,2000,6607,1788849691971991,1788849692178160,206169
load10000-burst,2,2000,6608,1788849691971991,1788849692178185,206194
load10000-burst,2,2000,6609,1788849691971991,1788849692178209,206218
load10000-burst,2,2000,6610,1788849691971991,1788849692178233,206242
load10000-burst,2,2000,6611,1788849691971991,1788849692178256,206265
load10000-burst,2,2000,6612,1788849691971991,1788849692178279,206288
load10000-burst,2,2000,6613,1788849691971991,1788849692178301,206310
load10000-burst,2,2000,6614,1788849691971991,1788849692178324,206333
load10000-burst,2,2000,6615,1788849691971991,1788849692178348,206357
load10000-burst,2,2000,6616,1788849691971991,1788849692178372,206381
load10000-burst,2,2000,6617,1788849691971991,1788849692178397,206406
load10000-burst,2,2000,6618,1788849691971991,1788849692178431,206440
load10000-burst,2,2000,6619,1788849691971991,1788849692178480,206489
load10000-burst,2,2000,6620,1788849691971991,1788849692178508,206517
load10000-burst,2,2000,6621,1788849691971991,1788849692178540,206549
load10000-burst,2,2000,6622,1788849691971991,1788849692178575,206584
load10000-burst,2,2000,6623,1788849691971991,1788849692178601,206610
load10000-burst,2,2000,6624,1788849691971991,1788849692178632,206641
load10000-burst,2,2000,6625,1788849691971991,1788849692178684,206693
load10000-burst,2,2000,6626,1788849691971991,1788849692178735,206744
load10000-burst,2,2000,6627,1788849691971991,1788849692178770,206779
load10000-burst,2,2000,6628,1788849691971991,1788849692178794,206803
load10000-burst,2,2000,6629,1788849691971991,1788849692178826,206835
load10000-burst,2,2000,6630,1788849691971991,1788849692178852,206861
load10000-burst,2,2000,6631,1788849691971991,1788849692178885,206894
load10000-burst,2,2000,6632,1788849691971991,1788849692178936,206945
load10000-burst,2,2000,6633,1788849691971991,1788849692178972,206981
load10000-burst,2,2000,6634,1788849691971991,1788849692179002,207011
load10000-burst,2,2000,6635,1788849691971991,1788849692179032,207041
load10000-burst,2,2000,6636,1788849691971991,1788849692179057,207066
load10000-burst,2,2000,6637,1788849691971991,1788849692179080,207089
load10000-burst,2,2000,6638,1788849691971991,1788849692179102,207111
load10000-burst,2,2000,6639,1788849691971991,1788849692179124,207133
load10000-burst,2,2000,6640,1788849691971991,1788849692179146,207155
load10000-burst,2,2000,6641,1788849691971991,1788849692179176,207185
load10000-burst,2,2000,6642,1788849691971991,1788849692179199,207208
load10000-burst,2,2000,6643,1788849691971991,1788849692179233,207242
load10000-burst,2,2000,6644,1788849691971991,1788849692179262,207271
load10000-burst,2,2000,6645,1788849691971991,1788849692179286,207295
load10000-burst,2,2000,6646,1788849691971991,1788849692179308,207317
load10000-burst,2,2000,6647,1788849691971991,1788849692179330,207339
load10000-burst,2,2000,6648,1788849691971991,1788849692179353,207362
load10000-burst,2,2000,6649,1788849691971991,1788849692179379,207388
load10000-burst,2,2000,6650,1788849691971991,1788849692179402,207411
load10000-burst,2,2000,6651,1788849691971991,1788849692179425,207434
load10000-burst,2,2000,6652,1788849691971991,1788849692179447,207456
load10000-burst,2,2000,6653,1788849691971991,1788849692179469,207478
load10000-burst,2,2000,6654,1788849691971991,1788849692179500,207509
load10000-burst,2,2000,6655,1788849691971991,1788849692179527,207536
load10000-burst,2,2000,6656,1788849691971991,1788849692179547,207556
load10000-burst,2,2000,6657,1788849691971991,1788849692179573,207582
load10000-burst,2,2000,6658,1788849691971991,1788849692179598,207607
load10000-burst,2,2000,6659,1788849691971991,1788849692179622,207631
load10000-burst,2,2000,6660,1788849691971991,1788849692179653,207662
load10000-burst,2,2000,6661,1788849691971991,1788849692179681,207690
load10000-burst,2,2000,6662,1788849691971991,1788849692179711,207720
load10000-burst,2,2000,6663,1788849691971991,1788849692179736,207745
load10000-burst,2,2000,6664,1788849691971991,1788849692179765,207774
load10000-burst,2,2000,6665,1788849691971991,1788849692179800,207809
load10000-burst,2,2000,6666,1788849691971991,1788849692179832,207841
load10000-burst,2,2000,6667,1788849691971991,1788849692179871,207880
load10000-burst,2,2000,6668,1788849691971991,1788849692179895,207904
load10000-burst,2,2000,6669,1788849691971991,1788849692179925,207934
load10000-burst,2,2000,6670,1788849691971991,1788849692179956,207965
load10000-burst,2,2000,6671,1788849691971991,1788849692179981,207990
load10000-burst,2,2000,6672,1788849691971991,1788849692180003,208012
load10000-burst,2,2000,6673,1788849691971991,1788849692180028,208037
load10000-burst,2,2000,6674,1788849691971991,1788849692180050,208059
load10000-burst,2,2000,6675,1788849691971991,1788849692180073,208082
load10000-burst,2,2000,6676,1788849691971991,1788849692180094,208103
load10000-burst,2,2000,6677,1788849691971991,1788849692180118,208127
load10000-burst,2,2000,6678,1788849691971991,1788849692180150,208159
load10000-burst,2,2000,6679,1788849691971991,1788849692180175,208184
load10000-burst,2,2000,6680,1788849691971991,1788849692180199,208208
load10000-burst,2,2000,6681,1788849691971991,1788849692180222,208231
load10000-burst,2,2000,6682,1788849691971991,1788849692180249,208258
load10000-burst,2,2000,6683,1788849691971991,1788849692180277,208286
load10000-burst,2,2000,6684,1788849691971991,1788849692180311,208320
load10000-burst,2,2000,6685,1788849691971991,1788849692180346,208355
load10000-burst,2,2000,6686,1788849691971991,1788849692180370,208379
load10000-burst,2,2000,6687,1788849691971991,1788849692180393,208402
load10000-burst,2,2000,6688,1788849691971991,1788849692180417,208426
load10000-burst,2,2000,6689,1788849691971991,1788849692180439,208448
load10000-burst,2,2000,6690,1788849691971991,1788849692180462,208471
load10000-burst,2,2000,6691,1788849691971991,1788849692180486,208495
load10000-burst,2,2000,6692,1788849691971991,1788849692180509,208518
load10000-burst,2,2000,6693,1788849691971991,1788849692180532,208541
load10000-burst,2,2000,6694,1788849691971991,1788849692180562,208571
load10000-burst,2,2000,6695,1788849691971991,1788849692180615,208624
load10000-burst,2,2000,6696,1788849691971991,1788849692180641,208650
load10000-burst,2,2000,6697,1788849691971991,1788849692180674,208683
load10000-burst,2,2000,6698,1788849691971991,1788849692180734,208743
load10000-burst,2,2000,6699,1788849691971991,1788849692180781,208790
load10000-burst,2,2000,6700,1788849691971991,1788849692180814,208823
load10000-burst,2,2000,6701,1788849691971991,1788849692180840,208849
load10000-burst,2,2000,6702,1788849691971991,1788849692180877,208886
load10000-burst,2,2000,6703,1788849691971991,1788849692180915,208924
load10000-burst,2,2000,6704,1788849691971991,1788849692180945,208954
load10000-burst,2,2000,6705,1788849691971991,1788849692180981,208990
load10000-burst,2,2000,6706,1788849691971991,1788849692181015,209024
load10000-burst,2,2000,6707,1788849691971991,1788849692181040,209049
load10000-burst,2,2000,6708,1788849691971991,1788849692181071,209080
load10000-burst,2,2000,6709,1788849691971991,1788849692181102,209111
load10000-burst,2,2000,6710,1788849691971991,1788849692181126,209135
load10000-burst,2,2000,6711,1788849691971991,1788849692181150,209159
load10000-burst,2,2000,6712,1788849691971991,1788849692181175,209184
load10000-burst,2,2000,6713,1788849691971991,1788849692181200,209209
load10000-burst,2,2000,6714,1788849691971991,1788849692181232,209241
load10000-burst,2,2000,6715,1788849691971991,1788849692181260,209269
load10000-burst,2,2000,6716,1788849691971991,1788849692181290,209299
load10000-burst,2,2000,6717,1788849691971991,1788849692181315,209324
load10000-burst,2,2000,6718,1788849691971991,1788849692181338,209347
load10000-burst,2,2000,6719,1788849691971991,1788849692181368,209377
load10000-burst,2,2000,6720,1788849691971991,1788849692181392,209401
load10000-burst,2,2000,6721,1788849691971991,1788849692181416,209425
load10000-burst,2,2000,6722,1788849691971991,1788849692181444,209453
load10000-burst,2,2000,6723,1788849691971991,1788849692181470,209479
load10000-burst,2,2000,6724,1788849691971991,1788849692181493,209502
load10000-burst,2,2000,6725,1788849691971991,1788849692181516,209525
load10000-burst,2,2000,6726,1788849691971991,1788849692181540,209549
load10000-burst,2,2000,6727,1788849691971991,1788849692181557,209566
load10000-burst,2,2000,6728,1788849691971991,1788849692181577,209586
load10000-burst,2,2000,6729,1788849691971991,1788849692181600,209609
load10000-burst,2,2000,6730,1788849691971991,1788849692181630,209639
load10000-burst,2,2000,6731,1788849691971991,1788849692181661,209670
load10000-burst,2,2000,6732,1788849691971991,1788849692181700,209709
load10000-burst,2,2000,6733,1788849691971991,1788849692181749,209758
load10000-burst,2,2000,6734,1788849691971991,1788849692181780,209789
load10000-burst,2,2000,6735,1788849691971991,1788849692181810,209819
load10000-burst,2,2000,6736,1788849691971991,1788849692181840,209849
load10000-burst,2,2000,6737,1788849691971991,1788849692181874,209883
load10000-burst,2,2000,6738,1788849691971991,1788849692181906,209915
load10000-burst,2,2000,6739,1788849691971991,1788849692181942,209951
load10000-burst,2,2000,6740,1788849691971991,1788849692181977,209986
load10000-burst,2,2000,6741,1788849691971991,1788849692182017,210026
load10000-burst,2,2000,6742,1788849691971991,1788849692182067,210076
load10000-burst,2,2000,6743,1788849691971991,1788849692182099,210108
load10000-burst,2,2000,6744,1788849691971991,1788849692182135,210144
load10000-burst,2,2000,6745,1788849691971991,1788849692182160,210169
load10000-burst,2,2000,6746,1788849691971991,1788849692182184,210193
load10000-burst,2,2000,6747,1788849691971991,1788849692182208,210217
load10000-burst,2,2000,6748,1788849691971991,1788849692182231,210240
load10000-burst,2,2000,6749,1788849691971991,1788849692182254,210263
load10000-burst,2,2000,6750,1788849691971991,1788849692182277,210286
load10000-burst,2,2000,6751,1788849691971991,1788849692182301,210310
load10000-burst,2,2000,6752,1788849691971991,1788849692182331,210340
load10000-burst,2,2000,6753,1788849691971991,1788849692182368,210377
load10000-burst,2,2000,6754,1788849691971991,1788849692182395,210404
load10000-burst,2,2000,6755,1788849691971991,1788849692182420,210429
load10000-burst,2,2000,6756,1788849691971991,1788849692182449,210458
load10000-burst,2,2000,6757,1788849691971991,1788849692182479,210488
load10000-burst,2,2000,6758,1788849691971991,1788849692182503,210512
load10000-burst,2,2000,6759,1788849691971991,1788849692182539,210548
load10000-burst,2,2000,6760,1788849691971991,1788849692182574,210583
load10000-burst,2,2000,6761,1788849691971991,1788849692182611,210620
load10000-burst,2,2000,6762,1788849691971991,1788849692182646,210655
load10000-burst,2,2000,6763,1788849691971991,1788849692182680,210689
load10000-burst,2,2000,6764,1788849691971991,1788849692182707,210716
load10000-burst,2,2000,6765,1788849691971991,1788849692182733,210742
load10000-burst,2,2000,6766,1788849691971991,1788849692182758,210767
load10000-burst,2,2000,6767,1788849691971991,1788849692182781,210790
load10000-burst,2,2000,6768,1788849691971991,1788849692182811,210820
load10000-burst,2,2000,6769,1788849691971991,1788849692182838,210847
load10000-burst,2,2000,6770,1788849691971991,1788849692182863,210872
load10000-burst,2,2000,6771,1788849691971991,1788849692182893,210902
load10000-burst,2,2000,6772,1788849691971991,1788849692182918,210927
load10000-burst,2,2000,6773,1788849691971991,1788849692182954,210963
load10000-burst,2,2000,6774,1788849691971991,1788849692183007,211016
load10000-burst,2,2000,6775,1788849691971991,1788849692183038,211047
load10000-burst,2,2000,6776,1788849691971991,1788849692183063,211072
load10000-burst,2,2000,6777,1788849691971991,1788849692183088,211097
load10000-burst,2,2000,6778,1788849691971991,1788849692183112,211121
load10000-burst,2,2000,6779,1788849691971991,1788849692183135,211144
load10000-burst,2,2000,6780,1788849691971991,1788849692183157,211166
load10000-burst,2,2000,6781,1788849691971991,1788849692183179,211188
load10000-burst,2,2000,6782,1788849691971991,1788849692183204,211213
load10000-burst,2,2000,6783,1788849691971991,1788849692183226,211235
load10000-burst,2,2000,6784,1788849691971991,1788849692183249,211258
load10000-burst,2,2000,6785,1788849691971991,1788849692183283,211292
load10000-burst,2,2000,6786,1788849691971991,1788849692183316,211325
load10000-burst,2,2000,6787,1788849691971991,1788849692183346,211355
load10000-burst,2,2000,6788,1788849691971991,1788849692183384,211393
load10000-burst,2,2000,6789,1788849691971991,1788849692183471,211480
load10000-burst,2,2000,6790,1788849691971991,1788849692183509,211518
load10000-burst,2,2000,6791,1788849691971991,1788849692183534,211543
load10000-burst,2,2000,6792,1788849691971991,1788849692183557,211566
load10000-burst,2,2000,6793,1788849691971991,1788849692183579,211588
load10000-burst,2,2000,6794,1788849691971991,1788849692183601,211610
load10000-burst,2,2000,6795,1788849691971991,1788849692183636,211645
load10000-burst,2,2000,6796,1788849691971991,1788849692183663,211672
load10000-burst,2,2000,6797,1788849691971991,1788849692183682,211691
load10000-burst,2,2000,6798,1788849691971991,1788849692183712,211721
load10000-burst,2,2000,6799,1788849691971991,1788849692183742,211751
load10000-burst,2,2000,6800,1788849691971991,1788849692183766,211775
load10000-burst,2,2000,6801,1788849691971991,1788849692183790,211799
load10000-burst,2,2000,6802,1788849691971991,1788849692183813,211822
load10000-burst,2,2000,6803,1788849691971991,1788849692183836,211845
load10000-burst,2,2000,6804,1788849691971991,1788849692183858,211867
load10000-burst,2,2000,6805,1788849691971991,1788849692183880,211889
load10000-burst,2,2000,6806,1788849691971991,1788849692183904,211913
load10000-burst,2,2000,6807,1788849691971991,1788849692183927,211936
load10000-burst,2,2000,6808,1788849691971991,1788849692183950,211959
load10000-burst,2,2000,6809,1788849691971991,1788849692183972,211981
load10000-burst,2,2000,6810,1788849691971991,1788849692183991,212000
load10000-burst,2,2000,6811,1788849691971991,1788849692184010,212019
load10000-burst,2,2000,6812,1788849691971991,1788849692184038,212047
load10000-burst,2,2000,6813,1788849691971991,1788849692184069,212078
load10000-burst,2,2000,6814,1788849691971991,1788849692184108,212117
load10000-burst,2,2000,6815,1788849691971991,1788849692184131,212140
load10000-burst,2,2000,6816,1788849691971991,1788849692184155,212164
load10000-burst,2,2000,6817,1788849691971991,1788849692184178,212187
load10000-burst,2,2000,6818,1788849691971991,1788849692184200,212209
load10000-burst,2,2000,6819,1788849691971991,1788849692184237,212246
load10000-burst,2,2000,6820,1788849691971991,1788849692184290,212299
load10000-burst,2,2000,6821,1788849691971991,1788849692184317,212326
load10000-burst,2,2000,6822,1788849691971991,1788849692184338,212347
load10000-burst,2,2000,6823,1788849691971991,1788849692184361,212370
load10000-burst,2,2000,6824,1788849691971991,1788849692184386,212395
load10000-burst,2,2000,6825,1788849691971991,1788849692184408,212417
load10000-burst,2,2000,6826,1788849691971991,1788849692184433,212442
load10000-burst,2,2000,6827,1788849691971991,1788849692184460,212469
load10000-burst,2,2000,6828,1788849691971991,1788849692184484,212493
load10000-burst,2,2000,6829,1788849691971991,1788849692184506,212515
load10000-burst,2,2000,6830,1788849691971991,1788849692184529,212538
load10000-burst,2,2000,6831,1788849691971991,1788849692184551,212560
load10000-burst,2,2000,6832,1788849691971991,1788849692184573,212582
load10000-burst,2,2000,6833,1788849691971991,1788849692184608,212617
load10000-burst,2,2000,6834,1788849691971991,1788849692184655,212664
load10000-burst,2,2000,6835,1788849691971991,1788849692184692,212701
load10000-burst,2,2000,6836,1788849691971991,1788849692184732,212741
load10000-burst,2,2000,6837,1788849691971991,1788849692184770,212779
load10000-burst,2,2000,6838,1788849691971991,1788849692184794,212803
load10000-burst,2,2000,6839,1788849691971991,1788849692184817,212826
load10000-burst,2,2000,6840,1788849691971991,1788849692184838,212847
load10000-burst,2,2000,6841,1788849691971991,1788849692184861,212870
load10000-burst,2,2000,6842,1788849691971991,1788849692184883,212892
load10000-burst,2,2000,6843,1788849691971991,1788849692184904,212913
load10000-burst,2,2000,6844,1788849691971991,1788849692184926,212935
load10000-burst,2,2000,6845,1788849691971991,1788849692184947,212956
load10000-burst,2,2000,6846,1788849691971991,1788849692184969,212978
load10000-burst,2,2000,6847,1788849691971991,1788849692184990,212999
load10000-burst,2,2000,6848,1788849691971991,1788849692185022,213031
load10000-burst,2,2000,6849,1788849691971991,1788849692185058,213067
load10000-burst,2,2000,6850,1788849691971991,1788849692185083,213092
load10000-burst,2,2000,6851,1788849691971991,1788849692185106,213115
load10000-burst,2,2000,6852,1788849691971991,1788849692185128,213137
load10000-burst,2,2000,6853,1788849691971991,1788849692185164,213173
load10000-burst,2,2000,6854,1788849691971991,1788849692185192,213201
load10000-burst,2,2000,6855,1788849691971991,1788849692185213,213222
load10000-burst,2,2000,6856,1788849691971991,1788849692185235,213244
load10000-burst,2,2000,6857,1788849691971991,1788849692185257,213266
load10000-burst,2,2000,6858,1788849691971991,1788849692185279,213288
load10000-burst,2,2000,6859,1788849691971991,1788849692185300,213309
load10000-burst,2,2000,6860,1788849691971991,1788849692185325,213334
load10000-burst,2,2000,6861,1788849691971991,1788849692185346,213355
load10000-burst,2,2000,6862,1788849691971991,1788849692185369,213378
load10000-burst,2,2000,6863,1788849691971991,1788849692185402,213411
load10000-burst,2,2000,6864,1788849691971991,1788849692185435,213444
load10000-burst,2,2000,6865,1788849691971991,1788849692185464,213473
load10000-burst,2,2000,6866,1788849691971991,1788849692185493,213502
load10000-burst,2,2000,6867,1788849691971991,1788849692185526,213535
load10000-burst,2,2000,6868,1788849691971991,1788849692185552,213561
load10000-burst,2,2000,6869,1788849691971991,1788849692185576,213585
load10000-burst,2,2000,6870,1788849691971991,1788849692185598,213607
load10000-burst,2,2000,6871,1788849691971991,1788849692185619,213628
load10000-burst,2,2000,6872,1788849691971991,1788849692185641,213650
load10000-burst,2,2000,6873,1788849691971991,1788849692185662,213671
load10000-burst,2,2000,6874,1788849691971991,1788849692185683,213692
load10000-burst,2,2000,6875,1788849691971991,1788849692185704,213713
load10000-burst,2,2000,6876,1788849691971991,1788849692185724,213733
load10000-burst,2,2000,6877,1788849691971991,1788849692185745,213754
load10000-burst,2,2000,6878,1788849691971991,1788849692185766,213775
load10000-burst,2,2000,6879,1788849691971991,1788849692185794,213803
load10000-burst,2,2000,6880,1788849691971991,1788849692185838,213847
load10000-burst,2,2000,6881,1788849691971991,1788849692185885,213894
load10000-burst,2,2000,6882,1788849691971991,1788849692185923,213932
load10000-burst,2,2000,6883,1788849691971991,1788849692185955,213964
load10000-burst,2,2000,6884,1788849691971991,1788849692185977,213986
load10000-burst,2,2000,6885,1788849691971991,1788849692185999,214008
load10000-burst,2,2000,6886,1788849691971991,1788849692186023,214032
load10000-burst,2,2000,6887,1788849691971991,1788849692186044,214053
load10000-burst,2,2000,6888,1788849691971991,1788849692186066,214075
load10000-burst,2,2000,6889,1788849691971991,1788849692186087,214096
load10000-burst,2,2000,6890,1788849691971991,1788849692186108,214117
load10000-burst,2,2000,6891,1788849691971991,1788849692186129,214138
load10000-burst,2,2000,6892,1788849691971991,1788849692186151,214160
load10000-burst,2,2000,6893,1788849691971991,1788849692186195,214204
load10000-burst,2,2000,6894,1788849691971991,1788849692186249,214258
load10000-burst,2,2000,6895,1788849691971991,1788849692186276,214285
load10000-burst,2,2000,6896,1788849691971991,1788849692186299,214308
load10000-burst,2,2000,6897,1788849691971991,1788849692186326,214335
load10000-burst,2,2000,6898,1788849691971991,1788849692186352,214361
load10000-burst,2,2000,6899,1788849691971991,1788849692186375,214384
load10000-burst,2,2000,6900,1788849691971991,1788849692186399,214408
load10000-burst,2,2000,6901,1788849691971991,1788849692186423,214432
load10000-burst,2,2000,6902,1788849691971991,1788849692186446,214455
load10000-burst,2,2000,6903,1788849691971991,1788849692186474,214483
load10000-burst,2,2000,6904,1788849691971991,1788849692186500,214509
load10000-burst,2,2000,6905,1788849691971991,1788849692186535,214544
load10000-burst,2,2000,6906,1788849691971991,1788849692186561,214570
load10000-burst,2,2000,6907,1788849691971991,1788849692186592,214601
load10000-burst,2,2000,6908,1788849691971991,1788849692186612,214621
load10000-burst,2,2000,6909,1788849691971991,1788849692186646,214655
load10000-burst,2,2000,6910,1788849691971991,1788849692186703,214712
load10000-burst,2,2000,6911,1788849691971991,1788849692186760,214769
load10000-burst,2,2000,6912,1788849691971991,1788849692186792,214801
load10000-burst,2,2000,6913,1788849691971991,1788849692186813,214822
load10000-burst,2,2000,6914,1788849691971991,1788849692186845,214854
load10000-burst,2,2000,6915,1788849691971991,1788849692186884,214893
load10000-burst,2,2000,6916,1788849691971991,1788849692186922,214931
load10000-burst,2,2000,6917,1788849691971991,1788849692186983,214992
load10000-burst,2,2000,6918,1788849691971991,1788849692187038,215047
load10000-burst,2,2000,6919,1788849691971991,1788849692187068,215077
load10000-burst,2,2000,6920,1788849691971991,1788849692187093,215102
load10000-burst,2,2000,6921,1788849691971991,1788849692187127,215136
load10000-burst,2,2000,6922,1788849691971991,1788849692187174,215183
load10000-burst,2,2000,6923,1788849691971991,1788849692187205,215214
load10000-burst,2,2000,6924,1788849691971991,1788849692187229,215238
load10000-burst,2,2000,6925,1788849691971991,1788849692187253,215262
load10000-burst,2,2000,6926,1788849691971991,1788849692187275,215284
load10000-burst,2,2000,6927,1788849691971991,1788849692187305,215314
load10000-burst,2,2000,6928,1788849691971991,1788849692187333,215342
load10000-burst,2,2000,6929,1788849691971991,1788849692187357,215366
load10000-burst,2,2000,6930,1788849691971991,1788849692187379,215388
load10000-burst,2,2000,6931,1788849691971991,1788849692187402,215411
load10000-burst,2,2000,6932,1788849691971991,1788849692187425,215434
load10000-burst,2,2000,6933,1788849691971991,1788849692187448,215457
load10000-burst,2,2000,6934,1788849691971991,1788849692187471,215480
load10000-burst,2,2000,6935,1788849691971991,1788849692187493,215502
load10000-burst,2,2000,6936,1788849691971991,1788849692187516,215525
load10000-burst,2,2000,6937,1788849691971991,1788849692187535,215544
load10000-burst,2,2000,6938,1788849691971991,1788849692187560,215569
load10000-burst,2,2000,6939,1788849691971991,1788849692187579,215588
load10000-burst,2,2000,6940,1788849691971991,1788849692187603,215612
load10000-burst,2,2000,6941,1788849691971991,1788849692187625,215634
load10000-burst,2,2000,6942,1788849691971991,1788849692187648,215657
load10000-burst,2,2000,6943,1788849691971991,1788849692187671,215680
load10000-burst,2,2000,6944,1788849691971991,1788849692187693,215702
load10000-burst,2,2000,6945,1788849691971991,1788849692187739,215748
load10000-burst,2,2000,6946,1788849691971991,1788849692187772,215781
load10000-burst,2,2000,6947,1788849691971991,1788849692187811,215820
load10000-burst,2,2000,6948,1788849691971991,1788849692187849,215858
load10000-burst,2,2000,6949,1788849691971991,1788849692187893,215902
load10000-burst,2,2000,6950,1788849691971991,1788849692187920,215929
load10000-burst,2,2000,6951,1788849691971991,1788849692187945,215954
load10000-burst,2,2000,6952,1788849691971991,1788849692187969,215978
load10000-burst,2,2000,6953,1788849691971991,1788849692187992,216001
load10000-burst,2,2000,6954,1788849691971991,1788849692188015,216024
load10000-burst,2,2000,6955,1788849691971991,1788849692188044,216053
load10000-burst,2,2000,6956,1788849691971991,1788849692188068,216077
load10000-burst,2,2000,6957,1788849691971991,1788849692188090,216099
load10000-burst,2,2000,6958,1788849691971991,1788849692188122,216131
load10000-burst,2,2000,6959,1788849691971991,1788849692188175,216184
load10000-burst,2,2000,6960,1788849691971991,1788849692188204,216213
load10000-burst,2,2000,6961,1788849691971991,1788849692188233,216242
load10000-burst,2,2000,6962,1788849691971991,1788849692188282,216291
load10000-burst,2,2000,6963,1788849691971991,1788849692188312,216321
load10000-burst,2,2000,6964,1788849691971991,1788849692188338,216347
load10000-burst,2,2000,6965,1788849691971991,1788849692188361,216370
load10000-burst,2,2000,6966,1788849691971991,1788849692188384,216393
load10000-burst,2,2000,6967,1788849691971991,1788849692188407,216416
load10000-burst,2,2000,6968,1788849691971991,1788849692188430,216439
load10000-burst,2,2000,6969,1788849691971991,1788849692188454,216463
load10000-burst,2,2000,6970,1788849691971991,1788849692188505,216514
load10000-burst,2,2000,6971,1788849691971991,1788849692188549,216558
load10000-burst,2,2000,6972,1788849691971991,1788849692188575,216584
load10000-burst,2,2000,6973,1788849691971991,1788849692188627,216636
load10000-burst,2,2000,6974,1788849691971991,1788849692188653,216662
load10000-burst,2,2000,6975,1788849691971991,1788849692188676,216685
load10000-burst,2,2000,6976,1788849691971991,1788849692188697,216706
load10000-burst,2,2000,6977,1788849691971991,1788849692188719,216728
load10000-burst,2,2000,6978,1788849691971991,1788849692188740,216749
load10000-burst,2,2000,6979,1788849691971991,1788849692188763,216772
load10000-burst,2,2000,6980,1788849691971991,1788849692188814,216823
load10000-burst,2,2000,6981,1788849691971991,1788849692188860,216869
load10000-burst,2,2000,6982,1788849691971991,1788849692188889,216898
load10000-burst,2,2000,6983,1788849691971991,1788849692188911,216920
load10000-burst,2,2000,6984,1788849691971991,1788849692188933,216942
load10000-burst,2,2000,6985,1788849691971991,1788849692188955,216964
load10000-burst,2,2000,6986,1788849691971991,1788849692188977,216986
load10000-burst,2,2000,6987,1788849691971991,1788849692188998,217007
load10000-burst,2,2000,6988,1788849691971991,1788849692189020,217029
load10000-burst,2,2000,6989,1788849691971991,1788849692189042,217051
load10000-burst,2,2000,6990,1788849691971991,1788849692189075,217084
load10000-burst,2,2000,6991,1788849691971991,1788849692189098,217107
load10000-burst,2,2000,6992,1788849691971991,1788849692189119,217128
load10000-burst,2,2000,6993,1788849691971991,1788849692189148,217157
load10000-burst,2,2000,6994,1788849691971991,1788849692189184,217193
load10000-burst,2,2000,6995,1788849691971991,1788849692189216,217225
load10000-burst,2,2000,6996,1788849691971991,1788849692189250,217259
load10000-burst,2,2000,6997,1788849691971991,1788849692189279,217288
load10000-burst,2,2000,6998,1788849691971991,1788849692189302,217311
load10000-burst,2,2000,6999,1788849691971991,1788849692189324,217333
load10000-burst,2,2000,7000,1788849691971991,1788849692189346,217355
load10000-burst,2,2000,7001,1788849691971991,1788849692189367,217376
load10000-burst,2,2000,7002,1788849691971991,1788849692189389,217398
load10000-burst,2,2000,7003,1788849691971991,1788849692189410,217419
load10000-burst,2,2000,7004,1788849691971991,1788849692189432,217441
load10000-burst,2,2000,7005,1788849691971991,1788849692189454,217463
load10000-burst,2,2000,7006,1788849691971991,1788849692189477,217486
load10000-burst,2,2000,7007,1788849691971991,1788849692189513,217522
load10000-burst,2,2000,7008,1788849691971991,1788849692189537,217546
load10000-burst,2,2000,7009,1788849691971991,1788849692189560,217569
load10000-burst,2,2000,7010,1788849691971991,1788849692189582,217591
load10000-burst,2,2000,7011,1788849691971991,1788849692189604,217613
load10000-burst,2,2000,7012,1788849691971991,1788849692189626,217635
load10000-burst,2,2000,7013,1788849691971991,1788849692189648,217657
load10000-burst,2,2000,7014,1788849691971991,1788849692189670,217679
load10000-burst,2,2000,7015,1788849691971991,1788849692189692,217701
load10000-burst,2,2000,7016,1788849691971991,1788849692189713,217722
load10000-burst,2,2000,7017,1788849691971991,1788849692189735,217744
load10000-burst,2,2000,7018,1788849691971991,1788849692189755,217764
load10000-burst,2,2000,7019,1788849691971991,1788849692189786,217795
load10000-burst,2,2000,7020,1788849691971991,1788849692189820,217829
load10000-burst,2,2000,7021,1788849691971991,1788849692189853,217862
load10000-burst,2,2000,7022,1788849691971991,1788849692189884,217893
load10000-burst,2,2000,7023,1788849691971991,1788849692189909,217918
load10000-burst,2,2000,7024,1788849691971991,1788849692189932,217941
load10000-burst,2,2000,7025,1788849691971991,1788849692189982,217991
load10000-burst,2,2000,7026,1788849691971991,1788849692190031,218040
load10000-burst,2,2000,7027,1788849691971991,1788849692190060,218069
load10000-burst,2,2000,7028,1788849691971991,1788849692190089,218098
load10000-burst,2,2000,7029,1788849691971991,1788849692190119,218128
load10000-burst,2,2000,7030,1788849691971991,1788849692190149,218158
load10000-burst,2,2000,7031,1788849691971991,1788849692190185,218194
load10000-burst,2,2000,7032,1788849691971991,1788849692190212,218221
load10000-burst,2,2000,7033,1788849691971991,1788849692190244,218253
load10000-burst,2,2000,7034,1788849691971991,1788849692190269,218278
load10000-burst,2,2000,7035,1788849691971991,1788849692190298,218307
load10000-burst,2,2000,7036,1788849691971991,1788849692190326,218335
load10000-burst,2,2000,7037,1788849691971991,1788849692190349,218358
load10000-burst,2,2000,7038,1788849691971991,1788849692190371,218380
load10000-burst,2,2000,7039,1788849691971991,1788849692190399,218408
load10000-burst,2,2000,7040,1788849691971991,1788849692190424,218433
load10000-burst,2,2000,7041,1788849691971991,1788849692190454,218463
load10000-burst,2,2000,7042,1788849691971991,1788849692190481,218490
load10000-burst,2,2000,7043,1788849691971991,1788849692190499,218508
load10000-burst,2,2000,7044,1788849691971991,1788849692190518,218527
load10000-burst,2,2000,7045,1788849691971991,1788849692190542,218551
load10000-burst,2,2000,7046,1788849691971991,1788849692190572,218581
load10000-burst,2,2000,7047,1788849691971991,1788849692190606,218615
load10000-burst,2,2000,7048,1788849691971991,1788849692190631,218640
load10000-burst,2,2000,7049,1788849691971991,1788849692190662,218671
load10000-burst,2,2000,7050,1788849691971991,1788849692190686,218695
load10000-burst,2,2000,7051,1788849691971991,1788849692190708,218717
load10000-burst,2,2000,7052,1788849691971991,1788849692190731,218740
load10000-burst,2,2000,7053,1788849691971991,1788849692190752,218761
load10000-burst,2,2000,7054,1788849691971991,1788849692190775,218784
load10000-burst,2,2000,7055,1788849691971991,1788849692190803,218812
load10000-burst,2,2000,7056,1788849691971991,1788849692190844,218853
load10000-burst,2,2000,7057,1788849691971991,1788849692190887,218896
load10000-burst,2,2000,7058,1788849691971991,1788849692190922,218931
load10000-burst,2,2000,7059,1788849691971991,1788849692190949,218958
load10000-burst,2,2000,7060,1788849691971991,1788849692190975,218984
load10000-burst,2,2000,7061,1788849691971991,1788849692190997,219006
load10000-burst,2,2000,7062,1788849691971991,1788849692191019,219028
load10000-burst,2,2000,7063,1788849691971991,1788849692191042,219051
load10000-burst,2,2000,7064,1788849691971991,1788849692191065,219074
load10000-burst,2,2000,7065,1788849691971991,1788849692191087,219096
load10000-burst,2,2000,7066,1788849691971991,1788849692191110,219119
load10000-burst,2,2000,7067,1788849691971991,1788849692191131,219140
load10000-burst,2,2000,7068,1788849691971991,1788849692191154,219163
load10000-burst,2,2000,7069,1788849691971991,1788849692191185,219194
load10000-burst,2,2000,7070,1788849691971991,1788849692191208,219217
load10000-burst,2,2000,7071,1788849691971991,1788849692191230,219239
load10000-burst,2,2000,7072,1788849691971991,1788849692191253,219262
load10000-burst,2,2000,7073,1788849691971991,1788849692191277,219286
load10000-burst,2,2000,7074,1788849691971991,1788849692191299,219308
load10000-burst,2,2000,7075,1788849691971991,1788849692191322,219331
load10000-burst,2,2000,7076,1788849691971991,1788849692191344,219353
load10000-burst,2,2000,7077,1788849691971991,1788849692191368,219377
load10000-burst,2,2000,7078,1788849691971991,1788849692191390,219399
load10000-burst,2,2000,7079,1788849691971991,1788849692191412,219421
load10000-burst,2,2000,7080,1788849691971991,1788849692191434,219443
load10000-burst,2,2000,7081,1788849691971991,1788849692191457,219466
load10000-burst,2,2000,7082,1788849691971991,1788849692191490,219499
load10000-burst,2,2000,7083,1788849691971991,1788849692191547,219556
load10000-burst,2,2000,7084,1788849691971991,1788849692191574,219583
load10000-burst,2,2000,7085,1788849691971991,1788849692191603,219612
load10000-burst,2,2000,7086,1788849691971991,1788849692191644,219653
load10000-burst,2,2000,7087,1788849691971991,1788849692191672,219681
load10000-burst,2,2000,7088,1788849691971991,1788849692191702,219711
load10000-burst,2,2000,7089,1788849691971991,1788849692191727,219736
load10000-burst,2,2000,7090,1788849691971991,1788849692191750,219759
load10000-burst,2,2000,7091,1788849691971991,1788849692191772,219781
load10000-burst,2,2000,7092,1788849691971991,1788849692191795,219804
load10000-burst,2,2000,7093,1788849691971991,1788849692191817,219826
load10000-burst,2,2000,7094,1788849691971991,1788849692191840,219849
load10000-burst,2,2000,7095,1788849691971991,1788849692191873,219882
load10000-burst,2,2000,7096,1788849691971991,1788849692191899,219908
load10000-burst,2,2000,7097,1788849691971991,1788849692191930,219939
load10000-burst,2,2000,7098,1788849691971991,1788849692191961,219970
load10000-burst,2,2000,7099,1788849691971991,1788849692191991,220000
load10000-burst,2,2000,7100,1788849691971991,1788849692192016,220025
load10000-burst,2,2000,7101,1788849691971991,1788849692192048,220057
load10000-burst,2,2000,7102,1788849691971991,1788849692192076,220085
load10000-burst,2,2000,7103,1788849691971991,1788849692192100,220109
load10000-burst,2,2000,7104,1788849691971991,1788849692192122,220131
load10000-burst,2,2000,7105,1788849691971991,1788849692192145,220154
load10000-burst,2,2000,7106,1788849691971991,1788849692192169,220178
load10000-burst,2,2000,7107,1788849691971991,1788849692192189,220198
load10000-burst,2,2000,7108,1788849691971991,1788849692192212,220221
load10000-burst,2,2000,7109,1788849691971991,1788849692192236,220245
load10000-burst,2,2000,7110,1788849691971991,1788849692192259,220268
load10000-burst,2,2000,7111,1788849691971991,1788849692192290,220299
load10000-burst,2,2000,7112,1788849691971991,1788849692192315,220324
load10000-burst,2,2000,7113,1788849691971991,1788849692192338,220347
load10000-burst,2,2000,7114,1788849691971991,1788849692192361,220370
load10000-burst,2,2000,7115,1788849691971991,1788849692192383,220392
load10000-burst,2,2000,7116,1788849691971991,1788849692192409,220418
load10000-burst,2,2000,7117,1788849691971991,1788849692192434,220443
load10000-burst,2,2000,7118,1788849691971991,1788849692192457,220466
load10000-burst,2,2000,7119,1788849691971991,1788849692192479,220488
load10000-burst,2,2000,7120,1788849691971991,1788849692192503,220512
load10000-burst,2,2000,7121,1788849691971991,1788849692192524,220533
load10000-burst,2,2000,7122,1788849691971991,1788849692192544,220553
load10000-burst,2,2000,7123,1788849691971991,1788849692192580,220589
load10000-burst,2,2000,7124,1788849691971991,1788849692192631,220640
load10000-burst,2,2000,7125,1788849691971991,1788849692192658,220667
load10000-burst,2,2000,7126,1788849691971991,1788849692192683,220692
load10000-burst,2,2000,7127,1788849691971991,1788849692192706,220715
load10000-burst,2,2000,7128,1788849691971991,1788849692192730,220739
load10000-burst,2,2000,7129,1788849691971991,1788849692192754,220763
load10000-burst,2,2000,7130,1788849691971991,1788849692192777,220786
load10000-burst,2,2000,7131,1788849691971991,1788849692192800,220809
load10000-burst,2,2000,7132,1788849691971991,1788849692192824,220833
load10000-burst,2,2000,7133,1788849691971991,1788849692192865,220874
load10000-burst,2,2000,7134,1788849691971991,1788849692192901,220910
load10000-burst,2,2000,7135,1788849691971991,1788849692192953,220962
load10000-burst,2,2000,7136,1788849691971991,1788849692192993,221002
load10000-burst,2,2000,7137,1788849691971991,1788849692193043,221052
load10000-burst,2,2000,7138,1788849691971991,1788849692193088,221097
load10000-burst,2,2000,7139,1788849691971991,1788849692193117,221126
load10000-burst,2,2000,7140,1788849691971991,1788849692193150,221159
load10000-burst,2,2000,7141,1788849691971991,1788849692193178,221187
load10000-burst,2,2000,7142,1788849691971991,1788849692193200,221209
load10000-burst,2,2000,7143,1788849691971991,1788849692193229,221238
load10000-burst,2,2000,7144,1788849691971991,1788849692193273,221282
load10000-burst,2,2000,7145,1788849691971991,1788849692193332,221341
load10000-burst,2,2000,7146,1788849691971991,1788849692193368,221377
load10000-burst,2,2000,7147,1788849691971991,1788849692193394,221403
load10000-burst,2,2000,7148,1788849691971991,1788849692193417,221426
load10000-burst,2,2000,7149,1788849691971991,1788849692193439,221448
load10000-burst,2,2000,7150,1788849691971991,1788849692193461,221470
load10000-burst,2,2000,7151,1788849691971991,1788849692193483,221492
load10000-burst,2,2000,7152,1788849691971991,1788849692193505,221514
load10000-burst,2,2000,7153,1788849691971991,1788849692193527,221536
load10000-burst,2,2000,7154,1788849691971991,1788849692193553,221562
load10000-burst,2,2000,7155,1788849691971991,1788849692193576,221585
load10000-burst,2,2000,7156,1788849691971991,1788849692193608,221617
load10000-burst,2,2000,7157,1788849691971991,1788849692193644,221653
load10000-burst,2,2000,7158,1788849691971991,1788849692193668,221677
load10000-burst,2,2000,7159,1788849691971991,1788849692193706,221715
load10000-burst,2,2000,7160,1788849691971991,1788849692193734,221743
load10000-burst,2,2000,7161,1788849691971991,1788849692193757,221766
load10000-burst,2,2000,7162,1788849691971991,1788849692193779,221788
load10000-burst,2,2000,7163,1788849691971991,1788849692193806,221815
load10000-burst,2,2000,7164,1788849691971991,1788849692193850,221859
load10000-burst,2,2000,7165,1788849691971991,1788849692193903,221912
load10000-burst,2,2000,7166,1788849691971991,1788849692193932,221941
load10000-burst,2,2000,7167,1788849691971991,1788849692193966,221975
load10000-burst,2,2000,7168,1788849691971991,1788849692194006,222015
load10000-burst,2,2000,7169,1788849691971991,1788849692194031,222040
load10000-burst,2,2000,7170,1788849691971991,1788849692194056,222065
load10000-burst,2,2000,7171,1788849691971991,1788849692194080,222089
load10000-burst,2,2000,7172,1788849691971991,1788849692194112,222121
load10000-burst,2,2000,7173,1788849691971991,1788849692194140,222149
load10000-burst,2,2000,7174,1788849691971991,1788849692194162,222171
load10000-burst,2,2000,7175,1788849691971991,1788849692194184,222193
load10000-burst,2,2000,7176,1788849691971991,1788849692194205,222214
load10000-burst,2,2000,7177,1788849691971991,1788849692194227,222236
load10000-burst,2,2000,7178,1788849691971991,1788849692194250,222259
load10000-burst,2,2000,7179,1788849691971991,1788849692194272,222281
load10000-burst,2,2000,7180,1788849691971991,1788849692194294,222303
load10000-burst,2,2000,7181,1788849691971991,1788849692194325,222334
load10000-burst,2,2000,7182,1788849691971991,1788849692194350,222359
load10000-burst,2,2000,7183,1788849691971991,1788849692194381,222390
load10000-burst,2,2000,7184,1788849691971991,1788849692194415,222424
load10000-burst,2,2000,7185,1788849691971991,1788849692194443,222452
load10000-burst,2,2000,7186,1788849691971991,1788849692194472,222481
load10000-burst,2,2000,7187,1788849691971991,1788849692194497,222506
load10000-burst,2,2000,7188,1788849691971991,1788849692194520,222529
load10000-burst,2,2000,7189,1788849691971991,1788849692194543,222552
load10000-burst,2,2000,7190,1788849691971991,1788849692194565,222574
load10000-burst,2,2000,7191,1788849691971991,1788849692194587,222596
load10000-burst,2,2000,7192,1788849691971991,1788849692194609,222618
load10000-burst,2,2000,7193,1788849691971991,1788849692194631,222640
load10000-burst,2,2000,7194,1788849691971991,1788849692194653,222662
load10000-burst,2,2000,7195,1788849691971991,1788849692194676,222685
load10000-burst,2,2000,7196,1788849691971991,1788849692194705,222714
load10000-burst,2,2000,7197,1788849691971991,1788849692194736,222745
load10000-burst,2,2000,7198,1788849691971991,1788849692194769,222778
load10000-burst,2,2000,7199,1788849691971991,1788849692194794,222803
load10000-burst,2,2000,7200,1788849691971991,1788849692194826,222835
load10000-burst,2,2000,7201,1788849691971991,1788849692194852,222861
load10000-burst,2,2000,7202,1788849691971991,1788849692194875,222884
load10000-burst,2,2000,7203,1788849691971991,1788849692194897,222906
load10000-burst,2,2000,7204,1788849691971991,1788849692194919,222928
load10000-burst,2,2000,7205,1788849691971991,1788849692194944,222953
load10000-burst,2,2000,7206,1788849691971991,1788849692194966,222975
load10000-burst,2,2000,7207,1788849691971991,1788849692194987,222996
load10000-burst,2,2000,7208,1788849691971991,1788849692195009,223018
load10000-burst,2,2000,7209,1788849691971991,1788849692195032,223041
load10000-burst,2,2000,7210,1788849691971991,1788849692195055,223064
load10000-burst,2,2000,7211,1788849691971991,1788849692195073,223082
load10000-burst,2,2000,7212,1788849691971991,1788849692195094,223103
load10000-burst,2,2000,7213,1788849691971991,1788849692195116,223125
load10000-burst,2,2000,7214,1788849691971991,1788849692195138,223147
load10000-burst,2,2000,7215,1788849691971991,1788849692195166,223175
load10000-burst,2,2000,7216,1788849691971991,1788849692195193,223202
load10000-burst,2,2000,7217,1788849691971991,1788849692195216,223225
load10000-burst,2,2000,7218,1788849691971991,1788849692195238,223247
load10000-burst,2,2000,7219,1788849691971991,1788849692195266,223275
load10000-burst,2,2000,7220,1788849691971991,1788849692195292,223301
load10000-burst,2,2000,7221,1788849691971991,1788849692195326,223335
load10000-burst,2,2000,7222,1788849691971991,1788849692195377,223386
load10000-burst,2,2000,7223,1788849691971991,1788849692195415,223424
load10000-burst,2,2000,7224,1788849691971991,1788849692195459,223468
load10000-burst,2,2000,7225,1788849691971991,1788849692195492,223501
load10000-burst,2,2000,7226,1788849691971991,1788849692195524,223533
load10000-burst,2,2000,7227,1788849691971991,1788849692195555,223564
load10000-burst,2,2000,7228,1788849691971991,1788849692195594,223603
load10000-burst,2,2000,7229,1788849691971991,1788849692195625,223634
load10000-burst,2,2000,7230,1788849691971991,1788849692195655,223664
load10000-burst,2,2000,7231,1788849691971991,1788849692195679,223688
load10000-burst,2,2000,7232,1788849691971991,1788849692195726,223735
load10000-burst,2,2000,7233,1788849691971991,1788849692195777,223786
load10000-burst,2,2000,7234,1788849691971991,1788849692195809,223818
load10000-burst,2,2000,7235,1788849691971991,1788849692195834,223843
load10000-burst,2,2000,7236,1788849691971991,1788849692195865,223874
load10000-burst,2,2000,7237,1788849691971991,1788849692195908,223917
load10000-burst,2,2000,7238,1788849691971991,1788849692195941,223950
load10000-burst,2,2000,7239,1788849691971991,1788849692195968,223977
load10000-burst,2,2000,7240,1788849691971991,1788849692196002,224011
load10000-burst,2,2000,7241,1788849691971991,1788849692196054,224063
load10000-burst,2,2000,7242,1788849691971991,1788849692196090,224099
load10000-burst,2,2000,7243,1788849691971991,1788849692196116,224125
load10000-burst,2,2000,7244,1788849691971991,1788849692196147,224156
load10000-burst,2,2000,7245,1788849691971991,1788849692196173,224182
load10000-burst,2,2000,7246,1788849691971991,1788849692196207,224216
load10000-burst,2,2000,7247,1788849691971991,1788849692196251,224260
load10000-burst,2,2000,7248,1788849691971991,1788849692196290,224299
load10000-burst,2,2000,7249,1788849691971991,1788849692196324,224333
load10000-burst,2,2000,7250,1788849691971991,1788849692196357,224366
load10000-burst,2,2000,7251,1788849691971991,1788849692196388,224397
load10000-burst,2,2000,7252,1788849691971991,1788849692196419,224428
load10000-burst,2,2000,7253,1788849691971991,1788849692196445,224454
load10000-burst,2,2000,7254,1788849691971991,1788849692196473,224482
load10000-burst,2,2000,7255,1788849691971991,1788849692196503,224512
load10000-burst,2,2000,7256,1788849691971991,1788849692196553,224562
load10000-burst,2,2000,7257,1788849691971991,1788849692196611,224620
load10000-burst,2,2000,7258,1788849691971991,1788849692196645,224654
load10000-burst,2,2000,7259,1788849691971991,1788849692196679,224688
load10000-burst,2,2000,7260,1788849691971991,1788849692196717,224726
load10000-burst,2,2000,7261,1788849691971991,1788849692196754,224763
load10000-burst,2,2000,7262,1788849691971991,1788849692196807,224816
load10000-burst,2,2000,7263,1788849691971991,1788849692196840,224849
load10000-burst,2,2000,7264,1788849691971991,1788849692196868,224877
load10000-burst,2,2000,7265,1788849691971991,1788849692196901,224910
load10000-burst,2,2000,7266,1788849691971991,1788849692196935,224944
load10000-burst,2,2000,7267,1788849691971991,1788849692196966,224975
load10000-burst,2,2000,7268,1788849691971991,1788849692196999,225008
load10000-burst,2,2000,7269,1788849691971991,1788849692197030,225039
load10000-burst,2,2000,7270,1788849691971991,1788849692197067,225076
load10000-burst,2,2000,7271,1788849691971991,1788849692197092,225101
load10000-burst,2,2000,7272,1788849691971991,1788849692197119,225128
load10000-burst,2,2000,7273,1788849691971991,1788849692197145,225154
load10000-burst,2,2000,7274,1788849691971991,1788849692197168,225177
load10000-burst,2,2000,7275,1788849691971991,1788849692197192,225201
load10000-burst,2,2000,7276,1788849691971991,1788849692197216,225225
load10000-burst,2,2000,7277,1788849691971991,1788849692197238,225247
load10000-burst,2,2000,7278,1788849691971991,1788849692197266,225275
load10000-burst,2,2000,7279,1788849691971991,1788849692197296,225305
load10000-burst,2,2000,7280,1788849691971991,1788849692197332,225341
load10000-burst,2,2000,7281,1788849691971991,1788849692197375,225384
load10000-burst,2,2000,7282,1788849691971991,1788849692197424,225433
load10000-burst,2,2000,7283,1788849691971991,1788849692197452,225461
load10000-burst,2,2000,7284,1788849691971991,1788849692197476,225485
load10000-burst,2,2000,7285,1788849691971991,1788849692197511,225520
load10000-burst,2,2000,7286,1788849691971991,1788849692197559,225568
load10000-burst,2,2000,7287,1788849691971991,1788849692197593,225602
load10000-burst,2,2000,7288,1788849691971991,1788849692197619,225628
load10000-burst,2,2000,7289,1788849691971991,1788849692197643,225652
load10000-burst,2,2000,7290,1788849691971991,1788849692197670,225679
load10000-burst,2,2000,7291,1788849691971991,1788849692197695,225704
load10000-burst,2,2000,7292,1788849691971991,1788849692197730,225739
load10000-burst,2,2000,7293,1788849691971991,1788849692197763,225772
load10000-burst,2,2000,7294,1788849691971991,1788849692197784,225793
load10000-burst,2,2000,7295,1788849691971991,1788849692197815,225824
load10000-burst,2,2000,7296,1788849691971991,1788849692197854,225863
load10000-burst,2,2000,7297,1788849691971991,1788849692197889,225898
load10000-burst,2,2000,7298,1788849691971991,1788849692197917,225926
load10000-burst,2,2000,7299,1788849691971991,1788849692197948,225957
load10000-burst,2,2000,7300,1788849691971991,1788849692197973,225982
load10000-burst,2,2000,7301,1788849691971991,1788849692197998,226007
load10000-burst,2,2000,7302,1788849691971991,1788849692198022,226031
load10000-burst,2,2000,7303,1788849691971991,1788849692198044,226053
load10000-burst,2,2000,7304,1788849691971991,1788849692198069,226078
load10000-burst,2,2000,7305,1788849691971991,1788849692198092,226101
load10000-burst,2,2000,7306,1788849691971991,1788849692198109,226118
load10000-burst,2,2000,7307,1788849691971991,1788849692198125,226134
load10000-burst,2,2000,7308,1788849691971991,1788849692198148,226157
load10000-burst,2,2000,7309,1788849691971991,1788849692198174,226183
load10000-burst,2,2000,7310,1788849691971991,1788849692198197,226206
load10000-burst,2,2000,7311,1788849691971991,1788849692198219,226228
load10000-burst,2,2000,7312,1788849691971991,1788849692198242,226251
load10000-burst,2,2000,7313,1788849691971991,1788849692198265,226274
load10000-burst,2,2000,7314,1788849691971991,1788849692198286,226295
load10000-burst,2,2000,7315,1788849691971991,1788849692198308,226317
load10000-burst,2,2000,7316,1788849691971991,1788849692198331,226340
load10000-burst,2,2000,7317,1788849691971991,1788849692198352,226361
load10000-burst,2,2000,7318,1788849691971991,1788849692198374,226383
load10000-burst,2,2000,7319,1788849691971991,1788849692198396,226405
load10000-burst,2,2000,7320,1788849691971991,1788849692198419,226428
load10000-burst,2,2000,7321,1788849691971991,1788849692198442,226451
load10000-burst,2,2000,7322,1788849691971991,1788849692198481,226490
load10000-burst,2,2000,7323,1788849691971991,1788849692198514,226523
load10000-burst,2,2000,7324,1788849691971991,1788849692198538,226547
load10000-burst,2,2000,7325,1788849691971991,1788849692198578,226587
load10000-burst,2,2000,7326,1788849691971991,1788849692198612,226621
load10000-burst,2,2000,7327,1788849691971991,1788849692198640,226649
load10000-burst,2,2000,7328,1788849691971991,1788849692198665,226674
load10000-burst,2,2000,7329,1788849691971991,1788849692198688,226697
load10000-burst,2,2000,7330,1788849691971991,1788849692198710,226719
load10000-burst,2,2000,7331,1788849691971991,1788849692198732,226741
load10000-burst,2,2000,7332,1788849691971991,1788849692198755,226764
load10000-burst,2,2000,7333,1788849691971991,1788849692198782,226791
load10000-burst,2,2000,7334,1788849691971991,1788849692198806,226815
load10000-burst,2,2000,7335,1788849691971991,1788849692198829,226838
load10000-burst,2,2000,7336,1788849691971991,1788849692198871,226880
load10000-burst,2,2000,7337,1788849691971991,1788849692198921,226930
load10000-burst,2,2000,7338,1788849691971991,1788849692198949,226958
load10000-burst,2,2000,7339,1788849691971991,1788849692198990,226999
load10000-burst,2,2000,7340,1788849691971991,1788849692199041,227050
load10000-burst,2,2000,7341,1788849691971991,1788849692199073,227082
load10000-burst,2,2000,7342,1788849691971991,1788849692199098,227107
load10000-burst,2,2000,7343,1788849691971991,1788849692199123,227132
load10000-burst,2,2000,7344,1788849691971991,1788849692199148,227157
load10000-burst,2,2000,7345,1788849691971991,1788849692199182,227191
load10000-burst,2,2000,7346,1788849691971991,1788849692199233,227242
load10000-burst,2,2000,7347,1788849691971991,1788849692199256,227265
load10000-burst,2,2000,7348,1788849691971991,1788849692199289,227298
load10000-burst,2,2000,7349,1788849691971991,1788849692199342,227351
load10000-burst,2,2000,7350,1788849691971991,1788849692199370,227379
load10000-burst,2,2000,7351,1788849691971991,1788849692199400,227409
load10000-burst,2,2000,7352,1788849691971991,1788849692199425,227434
load10000-burst,2,2000,7353,1788849691971991,1788849692199455,227464
load10000-burst,2,2000,7354,1788849691971991,1788849692199483,227492
load10000-burst,2,2000,7355,1788849691971991,1788849692199507,227516
load10000-burst,2,2000,7356,1788849691971991,1788849692199537,227546
load10000-burst,2,2000,7357,1788849691971991,1788849692199575,227584
load10000-burst,2,2000,7358,1788849691971991,1788849692199612,227621
load10000-burst,2,2000,7359,1788849691971991,1788849692199633,227642
load10000-burst,2,2000,7360,1788849691971991,1788849692199654,227663
load10000-burst,2,2000,7361,1788849691971991,1788849692199680,227689
load10000-burst,2,2000,7362,1788849691971991,1788849692199712,227721
load10000-burst,2,2000,7363,1788849691971991,1788849692199743,227752
load10000-burst,2,2000,7364,1788849691971991,1788849692199768,227777
load10000-burst,2,2000,7365,1788849691971991,1788849692199802,227811
load10000-burst,2,2000,7366,1788849691971991,1788849692199827,227836
load10000-burst,2,2000,7367,1788849691971991,1788849692199856,227865
load10000-burst,2,2000,7368,1788849691971991,1788849692199881,227890
load10000-burst,2,2000,7369,1788849691971991,1788849692199910,227919
load10000-burst,2,2000,7370,1788849691971991,1788849692199935,227944
load10000-burst,2,2000,7371,1788849691971991,1788849692199959,227968
load10000-burst,2,2000,7372,1788849691971991,1788849692199984,227993
load10000-burst,2,2000,7373,1788849691971991,1788849692200008,228017
load10000-burst,2,2000,7374,1788849691971991,1788849692200032,228041
load10000-burst,2,2000,7375,1788849691971991,1788849692200054,228063
load10000-burst,2,2000,7376,1788849691971991,1788849692200084,228093
load10000-burst,2,2000,7377,1788849691971991,1788849692200108,228117
load10000-burst,2,2000,7378,1788849691971991,1788849692200134,228143
load10000-burst,2,2000,7379,1788849691971991,1788849692200160,228169
load10000-burst,2,2000,7380,1788849691971991,1788849692200183,228192
load10000-burst,2,2000,7381,1788849691971991,1788849692200206,228215
load10000-burst,2,2000,7382,1788849691971991,1788849692200231,228240
load10000-burst,2,2000,7383,1788849691971991,1788849692200264,228273
load10000-burst,2,2000,7384,1788849691971991,1788849692200298,228307
load10000-burst,2,2000,7385,1788849691971991,1788849692200329,228338
load10000-burst,2,2000,7386,1788849691971991,1788849692200356,228365
load10000-burst,2,2000,7387,1788849691971991,1788849692200394,228403
load10000-burst,2,2000,7388,1788849691971991,1788849692200433,228442
load10000-burst,2,2000,7389,1788849691971991,1788849692200463,228472
load10000-burst,2,2000,7390,1788849691971991,1788849692200494,228503
load10000-burst,2,2000,7391,1788849691971991,1788849692200523,228532
load10000-burst,2,2000,7392,1788849691971991,1788849692200546,228555
load10000-burst,2,2000,7393,1788849691971991,1788849692200576,228585
load10000-burst,2,2000,7394,1788849691971991,1788849692200611,228620
load10000-burst,2,2000,7395,1788849691971991,1788849692200635,228644
load10000-burst,2,2000,7396,1788849691971991,1788849692200669,228678
load10000-burst,2,2000,7397,1788849691971991,1788849692200729,228738
load10000-burst,2,2000,7398,1788849691971991,1788849692200763,228772
load10000-burst,2,2000,7399,1788849691971991,1788849692200794,228803
load10000-burst,2,2000,7400,1788849691971991,1788849692200828,228837
load10000-burst,2,2000,7401,1788849691971991,1788849692200872,228881
load10000-burst,2,2000,7402,1788849691971991,1788849692200897,228906
load10000-burst,2,2000,7403,1788849691971991,1788849692200927,228936
load10000-burst,2,2000,7404,1788849691971991,1788849692200953,228962
load10000-burst,2,2000,7405,1788849691971991,1788849692200972,228981
load10000-burst,2,2000,7406,1788849691971991,1788849692201001,229010
load10000-burst,2,2000,7407,1788849691971991,1788849692201030,229039
load10000-burst,2,2000,7408,1788849691971991,1788849692201051,229060
load10000-burst,2,2000,7409,1788849691971991,1788849692201082,229091
load10000-burst,2,2000,7410,1788849691971991,1788849692201121,229130
load10000-burst,2,2000,7411,1788849691971991,1788849692201147,229156
load10000-burst,2,2000,7412,1788849691971991,1788849692201171,229180
load10000-burst,2,2000,7413,1788849691971991,1788849692201201,229210
load10000-burst,2,2000,7414,1788849691971991,1788849692201230,229239
load10000-burst,2,2000,7415,1788849691971991,1788849692201255,229264
load10000-burst,2,2000,7416,1788849691971991,1788849692201278,229287
load10000-burst,2,2000,7417,1788849691971991,1788849692201307,229316
load10000-burst,2,2000,7418,1788849691971991,1788849692201334,229343
load10000-burst,2,2000,7419,1788849691971991,1788849692201372,229381
load10000-burst,2,2000,7420,1788849691971991,1788849692201415,229424
load10000-burst,2,2000,7421,1788849691971991,1788849692201483,229492
load10000-burst,2,2000,7422,1788849691971991,1788849692201551,229560
load10000-burst,2,2000,7423,1788849691971991,1788849692201601,229610
load10000-burst,2,2000,7424,1788849691971991,1788849692201628,229637
load10000-burst,2,2000,7425,1788849691971991,1788849692201660,229669
load10000-burst,2,2000,7426,1788849691971991,1788849692201687,229696
load10000-burst,2,2000,7427,1788849691971991,1788849692201719,229728
load10000-burst,2,2000,7428,1788849691971991,1788849692201752,229761
load10000-burst,2,2000,7429,1788849691971991,1788849692201788,229797
load10000-burst,2,2000,7430,1788849691971991,1788849692201836,229845
load10000-burst,2,2000,7431,1788849691971991,1788849692201920,229929
load10000-burst,2,2000,7432,1788849691971991,1788849692201947,229956
load10000-burst,2,2000,7433,1788849691971991,1788849692201970,229979
load10000-burst,2,2000,7434,1788849691971991,1788849692201992,230001
load10000-burst,2,2000,7435,1788849691971991,1788849692202013,230022
load10000-burst,2,2000,7436,1788849691971991,1788849692202032,230041
load10000-burst,2,2000,7437,1788849691971991,1788849692202060,230069
load10000-burst,2,2000,7438,1788849691971991,1788849692202086,230095
load10000-burst,2,2000,7439,1788849691971991,1788849692202108,230117
load10000-burst,2,2000,7440,1788849691971991,1788849692202130,230139
load10000-burst,2,2000,7441,1788849691971991,1788849692202154,230163
load10000-burst,2,2000,7442,1788849691971991,1788849692202176,230185
load10000-burst,2,2000,7443,1788849691971991,1788849692202198,230207
load10000-burst,2,2000,7444,1788849691971991,1788849692202220,230229
load10000-burst,2,2000,7445,1788849691971991,1788849692202241,230250
load10000-burst,2,2000,7446,1788849691971991,1788849692202262,230271
load10000-burst,2,2000,7447,1788849691971991,1788849692202284,230293
load10000-burst,2,2000,7448,1788849691971991,1788849692202307,230316
load10000-burst,2,2000,7449,1788849691971991,1788849692202329,230338
load10000-burst,2,2000,7450,1788849691971991,1788849692202351,230360
load10000-burst,2,2000,7451,1788849691971991,1788849692202405,230414
load10000-burst,2,2000,7452,1788849691971991,1788849692202439,230448
load10000-burst,2,2000,7453,1788849691971991,1788849692202482,230491
load10000-burst,2,2000,7454,1788849691971991,1788849692202539,230548
load10000-burst,2,2000,7455,1788849691971991,1788849692202625,230634
load10000-burst,2,2000,7456,1788849691971991,1788849692202717,230726
load10000-burst,2,2000,7457,1788849691971991,1788849692202815,230824
load10000-burst,2,2000,7458,1788849691971991,1788849692202912,230921
load10000-burst,2,2000,7459,1788849691971991,1788849692202981,230990
load10000-burst,2,2000,7460,1788849691971991,1788849692203069,231078
load10000-burst,2,2000,7461,1788849691971991,1788849692203135,231144
load10000-burst,2,2000,7462,1788849691971991,1788849692203213,231222
load10000-burst,2,2000,7463,1788849691971991,1788849692203278,231287
load10000-burst,2,2000,7464,1788849691971991,1788849692203307,231316
load10000-burst,2,2000,7465,1788849691971991,1788849692203347,231356
load10000-burst,2,2000,7466,1788849691971991,1788849692203377,231386
load10000-burst,2,2000,7467,1788849691971991,1788849692203402,231411
load10000-burst,2,2000,7468,1788849691971991,1788849692203437,231446
load10000-burst,2,2000,7469,1788849691971991,1788849692203490,231499
load10000-burst,2,2000,7470,1788849691971991,1788849692203526,231535
load10000-burst,2,2000,7471,1788849691971991,1788849692203575,231584
load10000-burst,2,2000,7472,1788849691971991,1788849692203612,231621
load10000-burst,2,2000,7473,1788849691971991,1788849692203639,231648
load10000-burst,2,2000,7474,1788849691971991,1788849692203663,231672
load10000-burst,2,2000,7475,1788849691971991,1788849692203686,231695
load10000-burst,2,2000,7476,1788849691971991,1788849692203711,231720
load10000-burst,2,2000,7477,1788849691971991,1788849692203735,231744
load10000-burst,2,2000,7478,1788849691971991,1788849692203768,231777
load10000-burst,2,2000,7479,1788849691971991,1788849692203830,231839
load10000-burst,2,2000,7480,1788849691971991,1788849692203859,231868
load10000-burst,2,2000,7481,1788849691971991,1788849692203895,231904
load10000-burst,2,2000,7482,1788849691971991,1788849692203956,231965
load10000-burst,2,2000,7483,1788849691971991,1788849692204007,232016
load10000-burst,2,2000,7484,1788849691971991,1788849692204043,232052
load10000-burst,2,2000,7485,1788849691971991,1788849692204079,232088
load10000-burst,2,2000,7486,1788849691971991,1788849692204127,232136
load10000-burst,2,2000,7487,1788849691971991,1788849692204152,232161
load10000-burst,2,2000,7488,1788849691971991,1788849692204176,232185
load10000-burst,2,2000,7489,1788849691971991,1788849692204205,232214
load10000-burst,2,2000,7490,1788849691971991,1788849692204250,232259
load10000-burst,2,2000,7491,1788849691971991,1788849692204365,232374
load10000-burst,2,2000,7492,1788849691971991,1788849692204425,232434
load10000-burst,2,2000,7493,1788849691971991,1788849692204480,232489
load10000-burst,2,2000,7494,1788849691971991,1788849692204524,232533
load10000-burst,2,2000,7495,1788849691971991,1788849692204569,232578
load10000-burst,2,2000,7496,1788849691971991,1788849692204606,232615
load10000-burst,2,2000,7497,1788849691971991,1788849692204651,232660
load10000-burst,2,2000,7498,1788849691971991,1788849692204715,232724
load10000-burst,2,2000,7499,1788849691971991,1788849692204770,232779
load10000-burst,2,2000,7500,1788849691971991,1788849692204854,232863
load10000-burst,2,2000,7501,1788849691971991,1788849692204887,232896
load10000-burst,2,2000,7502,1788849691971991,1788849692204910,232919
load10000-burst,2,2000,7503,1788849691971991,1788849692204932,232941
load10000-burst,2,2000,7504,1788849691971991,1788849692204955,232964
load10000-burst,2,2000,7505,1788849691971991,1788849692204977,232986
load10000-burst,2,2000,7506,1788849691971991,1788849692204998,233007
load10000-burst,2,2000,7507,1788849691971991,1788849692205020,233029
load10000-burst,2,2000,7508,1788849691971991,1788849692205041,233050
load10000-burst,2,2000,7509,1788849691971991,1788849692205063,233072
load10000-burst,2,2000,7510,1788849691971991,1788849692205096,233105
load10000-burst,2,2000,7511,1788849691971991,1788849692205145,233154
load10000-burst,2,2000,7512,1788849691971991,1788849692205179,233188
load10000-burst,2,2000,7513,1788849691971991,1788849692205219,233228
load10000-burst,2,2000,7514,1788849691971991,1788849692205246,233255
load10000-burst,2,2000,7515,1788849691971991,1788849692205270,233279
load10000-burst,2,2000,7516,1788849691971991,1788849692205292,233301
load10000-burst,2,2000,7517,1788849691971991,1788849692205314,233323
load10000-burst,2,2000,7518,1788849691971991,1788849692205337,233346
load10000-burst,2,2000,7519,1788849691971991,1788849692205360,233369
load10000-burst,2,2000,7520,1788849691971991,1788849692205381,233390
load10000-burst,2,2000,7521,1788849691971991,1788849692205403,233412
load10000-burst,2,2000,7522,1788849691971991,1788849692205441,233450
load10000-burst,2,2000,7523,1788849691971991,1788849692205483,233492
load10000-burst,2,2000,7524,1788849691971991,1788849692205505,233514
load10000-burst,2,2000,7525,1788849691971991,1788849692205532,233541
load10000-burst,2,2000,7526,1788849691971991,1788849692205554,233563
load10000-burst,2,2000,7527,1788849691971991,1788849692205577,233586
load10000-burst,2,2000,7528,1788849691971991,1788849692205627,233636
load10000-burst,2,2000,7529,1788849691971991,1788849692205651,233660
load10000-burst,2,2000,7530,1788849691971991,1788849692205674,233683
load10000-burst,2,2000,7531,1788849691971991,1788849692205696,233705
load10000-burst,2,2000,7532,1788849691971991,1788849692205718,233727
load10000-burst,2,2000,7533,1788849691971991,1788849692205739,233748
load10000-burst,2,2000,7534,1788849691971991,1788849692205760,233769
load10000-burst,2,2000,7535,1788849691971991,1788849692205783,233792
load10000-burst,2,2000,7536,1788849691971991,1788849692205812,233821
load10000-burst,2,2000,7537,1788849691971991,1788849692205848,233857
load10000-burst,2,2000,7538,1788849691971991,1788849692205884,233893
load10000-burst,2,2000,7539,1788849691971991,1788849692205913,233922
load10000-burst,2,2000,7540,1788849691971991,1788849692205944,233953
load10000-burst,2,2000,7541,1788849691971991,1788849692205976,233985
load10000-burst,2,2000,7542,1788849691971991,1788849692206004,234013
load10000-burst,2,2000,7543,1788849691971991,1788849692206029,234038
load10000-burst,2,2000,7544,1788849691971991,1788849692206052,234061
load10000-burst,2,2000,7545,1788849691971991,1788849692206107,234116
load10000-burst,2,2000,7546,1788849691971991,1788849692206153,234162
load10000-burst,2,2000,7547,1788849691971991,1788849692206188,234197
load10000-burst,2,2000,7548,1788849691971991,1788849692206239,234248
load10000-burst,2,2000,7549,1788849691971991,1788849692206282,234291
load10000-burst,2,2000,7550,1788849691971991,1788849692206310,234319
load10000-burst,2,2000,7551,1788849691971991,1788849692206334,234343
load10000-burst,2,2000,7552,1788849691971991,1788849692206358,234367
load10000-burst,2,2000,7553,1788849691971991,1788849692206380,234389
load10000-burst,2,2000,7554,1788849691971991,1788849692206402,234411
load10000-burst,2,2000,7555,1788849691971991,1788849692206424,234433
load10000-burst,2,2000,7556,1788849691971991,1788849692206445,234454
load10000-burst,2,2000,7557,1788849691971991,1788849692206466,234475
load10000-burst,2,2000,7558,1788849691971991,1788849692206489,234498
load10000-burst,2,2000,7559,1788849691971991,1788849692206510,234519
load10000-burst,2,2000,7560,1788849691971991,1788849692206528,234537
load10000-burst,2,2000,7561,1788849691971991,1788849692206557,234566
load10000-burst,2,2000,7562,1788849691971991,1788849692206599,234608
load10000-burst,2,2000,7563,1788849691971991,1788849692206644,234653
load10000-burst,2,2000,7564,1788849691971991,1788849692206675,234684
load10000-burst,2,2000,7565,1788849691971991,1788849692206700,234709
load10000-burst,2,2000,7566,1788849691971991,1788849692206723,234732
load10000-burst,2,2000,7567,1788849691971991,1788849692206751,234760
load10000-burst,2,2000,7568,1788849691971991,1788849692206776,234785
load10000-burst,2,2000,7569,1788849691971991,1788849692206800,234809
load10000-burst,2,2000,7570,1788849691971991,1788849692206834,234843
load10000-burst,2,2000,7571,1788849691971991,1788849692206869,234878
load10000-burst,2,2000,7572,1788849691971991,1788849692206895,234904
load10000-burst,2,2000,7573,1788849691971991,1788849692206927,234936
load10000-burst,2,2000,7574,1788849691971991,1788849692206960,234969
load10000-burst,2,2000,7575,1788849691971991,1788849692206983,234992
load10000-burst,2,2000,7576,1788849691971991,1788849692207012,235021
load10000-burst,2,2000,7577,1788849691971991,1788849692207039,235048
load10000-burst,2,2000,7578,1788849691971991,1788849692207062,235071
load10000-burst,2,2000,7579,1788849691971991,1788849692207085,235094
load10000-burst,2,2000,7580,1788849691971991,1788849692207130,235139
load10000-burst,2,2000,7581,1788849691971991,1788849692207154,235163
load10000-burst,2,2000,7582,1788849691971991,1788849692207176,235185
load10000-burst,2,2000,7583,1788849691971991,1788849692207209,235218
load10000-burst,2,2000,7584,1788849691971991,1788849692207228,235237
load10000-burst,2,2000,7585,1788849691971991,1788849692207253,235262
load10000-burst,2,2000,7586,1788849691971991,1788849692207280,235289
load10000-burst,2,2000,7587,1788849691971991,1788849692207304,235313
load10000-burst,2,2000,7588,1788849691971991,1788849692207327,235336
load10000-burst,2,2000,7589,1788849691971991,1788849692207349,235358
load10000-burst,2,2000,7590,1788849691971991,1788849692207371,235380
load10000-burst,2,2000,7591,1788849691971991,1788849692207394,235403
load10000-burst,2,2000,7592,1788849691971991,1788849692207417,235426
load10000-burst,2,2000,7593,1788849691971991,1788849692207439,235448
load10000-burst,2,2000,7594,1788849691971991,1788849692207461,235470
load10000-burst,2,2000,7595,1788849691971991,1788849692207483,235492
load10000-burst,2,2000,7596,1788849691971991,1788849692207506,235515
load10000-burst,2,2000,7597,1788849691971991,1788849692207554,235563
load10000-burst,2,2000,7598,1788849691971991,1788849692207576,235585
load10000-burst,2,2000,7599,1788849691971991,1788849692207599,235608
load10000-burst,2,2000,7600,1788849691971991,1788849692207623,235632
load10000-burst,2,2000,7601,1788849691971991,1788849692207647,235656
load10000-burst,2,2000,7602,1788849691971991,1788849692207669,235678
load10000-burst,2,2000,7603,1788849691971991,1788849692207691,235700
load10000-burst,2,2000,7604,1788849691971991,1788849692207714,235723
load10000-burst,2,2000,7605,1788849691971991,1788849692207737,235746
load10000-burst,2,2000,7606,1788849691971991,1788849692207758,235767
load10000-burst,2,2000,7607,1788849691971991,1788849692207780,235789
load10000-burst,2,2000,7608,1788849691971991,1788849692207803,235812
load10000-burst,2,2000,7609,1788849691971991,1788849692207826,235835
load10000-burst,2,2000,7610,1788849691971991,1788849692207849,235858
load10000-burst,2,2000,7611,1788849691971991,1788849692207880,235889
load10000-burst,2,2000,7612,1788849691971991,1788849692207920,235929
load10000-burst,2,2000,7613,1788849691971991,1788849692207950,235959
load10000-burst,2,2000,7614,1788849691971991,1788849692207977,235986
load10000-burst,2,2000,7615,1788849691971991,1788849692208019,236028
load10000-burst,2,2000,7616,1788849691971991,1788849692208045,236054
load10000-burst,2,2000,7617,1788849691971991,1788849692208068,236077
load10000-burst,2,2000,7618,1788849691971991,1788849692208090,236099
load10000-burst,2,2000,7619,1788849691971991,1788849692208117,236126
load10000-burst,2,2000,7620,1788849691971991,1788849692208141,236150
load10000-burst,2,2000,7621,1788849691971991,1788849692208163,236172
load10000-burst,2,2000,7622,1788849691971991,1788849692208194,236203
load10000-burst,2,2000,7623,1788849691971991,1788849692208224,236233
load10000-burst,2,2000,7624,1788849691971991,1788849692208247,236256
load10000-burst,2,2000,7625,1788849691971991,1788849692208277,236286
load10000-burst,2,2000,7626,1788849691971991,1788849692208310,236319
load10000-burst,2,2000,7627,1788849691971991,1788849692208344,236353
load10000-burst,2,2000,7628,1788849691971991,1788849692208393,236402
load10000-burst,2,2000,7629,1788849691971991,1788849692208419,236428
load10000-burst,2,2000,7630,1788849691971991,1788849692208452,236461
load10000-burst,2,2000,7631,1788849691971991,1788849692208485,236494
load10000-burst,2,2000,7632,1788849691971991,1788849692208535,236544
load10000-burst,2,2000,7633,1788849691971991,1788849692208570,236579
load10000-burst,2,2000,7634,1788849691971991,1788849692208599,236608
load10000-burst,2,2000,7635,1788849691971991,1788849692208621,236630
load10000-burst,2,2000,7636,1788849691971991,1788849692208647,236656
load10000-burst,2,2000,7637,1788849691971991,1788849692208669,236678
load10000-burst,2,2000,7638,1788849691971991,1788849692208692,236701
load10000-burst,2,2000,7639,1788849691971991,1788849692208716,236725
load10000-burst,2,2000,7640,1788849691971991,1788849692208740,236749
load10000-burst,2,2000,7641,1788849691971991,1788849692208762,236771
load10000-burst,2,2000,7642,1788849691971991,1788849692208786,236795
load10000-burst,2,2000,7643,1788849691971991,1788849692208815,236824
load10000-burst,2,2000,7644,1788849691971991,1788849692208853,236862
load10000-burst,2,2000,7645,1788849691971991,1788849692208902,236911
load10000-burst,2,2000,7646,1788849691971991,1788849692208934,236943
load10000-burst,2,2000,7647,1788849691971991,1788849692208970,236979
load10000-burst,2,2000,7648,1788849691971991,1788849692208995,237004
load10000-burst,2,2000,7649,1788849691971991,1788849692209032,237041
load10000-burst,2,2000,7650,1788849691971991,1788849692209057,237066
load10000-burst,2,2000,7651,1788849691971991,1788849692209092,237101
load10000-burst,2,2000,7652,1788849691971991,1788849692209147,237156
load10000-burst,2,2000,7653,1788849691971991,1788849692209186,237195
load10000-burst,2,2000,7654,1788849691971991,1788849692209235,237244
load10000-burst,2,2000,7655,1788849691971991,1788849692209283,237292
load10000-burst,2,2000,7656,1788849691971991,1788849692209310,237319
load10000-burst,2,2000,7657,1788849691971991,1788849692209337,237346
load10000-burst,2,2000,7658,1788849691971991,1788849692209374,237383
load10000-burst,2,2000,7659,1788849691971991,1788849692209423,237432
load10000-burst,2,2000,7660,1788849691971991,1788849692209475,237484
load10000-burst,2,2000,7661,1788849691971991,1788849692209514,237523
load10000-burst,2,2000,7662,1788849691971991,1788849692209563,237572
load10000-burst,2,2000,7663,1788849691971991,1788849692209590,237599
load10000-burst,2,2000,7664,1788849691971991,1788849692209614,237623
load10000-burst,2,2000,7665,1788849691971991,1788849692209638,237647
load10000-burst,2,2000,7666,1788849691971991,1788849692209667,237676
load10000-burst,2,2000,7667,1788849691971991,1788849692209720,237729
load10000-burst,2,2000,7668,1788849691971991,1788849692209747,237756
load10000-burst,2,2000,7669,1788849691971991,1788849692209769,237778
load10000-burst,2,2000,7670,1788849691971991,1788849692209793,237802
load10000-burst,2,2000,7671,1788849691971991,1788849692209816,237825
load10000-burst,2,2000,7672,1788849691971991,1788849692209839,237848
load10000-burst,2,2000,7673,1788849691971991,1788849692209862,237871
load10000-burst,2,2000,7674,1788849691971991,1788849692209886,237895
load10000-burst,2,2000,7675,1788849691971991,1788849692209910,237919
load10000-burst,2,2000,7676,1788849691971991,1788849692209933,237942
load10000-burst,2,2000,7677,1788849691971991,1788849692209951,237960
load10000-burst,2,2000,7678,1788849691971991,1788849692209980,237989
load10000-burst,2,2000,7679,1788849691971991,1788849692210028,238037
load10000-burst,2,2000,7680,1788849691971991,1788849692210066,238075
load10000-burst,2,2000,7681,1788849691971991,1788849692210119,238128
load10000-burst,2,2000,7682,1788849691971991,1788849692210155,238164
load10000-burst,2,2000,7683,1788849691971991,1788849692210181,238190
load10000-burst,2,2000,7684,1788849691971991,1788849692210219,238228
load10000-burst,2,2000,7685,1788849691971991,1788849692210279,238288
load10000-burst,2,2000,7686,1788849691971991,1788849692210318,238327
load10000-burst,2,2000,7687,1788849691971991,1788849692210353,238362
load10000-burst,2,2000,7688,1788849691971991,1788849692210388,238397
load10000-burst,2,2000,7689,1788849691971991,1788849692210419,238428
load10000-burst,2,2000,7690,1788849691971991,1788849692210453,238462
load10000-burst,2,2000,7691,1788849691971991,1788849692210494,238503
load10000-burst,2,2000,7692,1788849691971991,1788849692210522,238531
load10000-burst,2,2000,7693,1788849691971991,1788849692210546,238555
load10000-burst,2,2000,7694,1788849691971991,1788849692210569,238578
load10000-burst,2,2000,7695,1788849691971991,1788849692210592,238601
load10000-burst,2,2000,7696,1788849691971991,1788849692210615,238624
load10000-burst,2,2000,7697,1788849691971991,1788849692210647,238656
load10000-burst,2,2000,7698,1788849691971991,1788849692210671,238680
load10000-burst,2,2000,7699,1788849691971991,1788849692210703,238712
load10000-burst,2,2000,7700,1788849691971991,1788849692210729,238738
load10000-burst,2,2000,7701,1788849691971991,1788849692210761,238770
load10000-burst,2,2000,7702,1788849691971991,1788849692210793,238802
load10000-burst,2,2000,7703,1788849691971991,1788849692210818,238827
load10000-burst,2,2000,7704,1788849691971991,1788849692210848,238857
load10000-burst,2,2000,7705,1788849691971991,1788849692210873,238882
load10000-burst,2,2000,7706,1788849691971991,1788849692210896,238905
load10000-burst,2,2000,7707,1788849691971991,1788849692210929,238938
load10000-burst,2,2000,7708,1788849691971991,1788849692210974,238983
load10000-burst,2,2000,7709,1788849691971991,1788849692211004,239013
load10000-burst,2,2000,7710,1788849691971991,1788849692211035,239044
load10000-burst,2,2000,7711,1788849691971991,1788849692211079,239088
load10000-burst,2,2000,7712,1788849691971991,1788849692211130,239139
load10000-burst,2,2000,7713,1788849691971991,1788849692211156,239165
load10000-burst,2,2000,7714,1788849691971991,1788849692211189,239198
load10000-burst,2,2000,7715,1788849691971991,1788849692211230,239239
load10000-burst,2,2000,7716,1788849691971991,1788849692211256,239265
load10000-burst,2,2000,7717,1788849691971991,1788849692211287,239296
load10000-burst,2,2000,7718,1788849691971991,1788849692211312,239321
load10000-burst,2,2000,7719,1788849691971991,1788849692211344,239353
load10000-burst,2,2000,7720,1788849691971991,1788849692211364,239373
load10000-burst,2,2000,7721,1788849691971991,1788849692211384,239393
load10000-burst,2,2000,7722,1788849691971991,1788849692211408,239417
load10000-burst,2,2000,7723,1788849691971991,1788849692211440,239449
load10000-burst,2,2000,7724,1788849691971991,1788849692211466,239475
load10000-burst,2,2000,7725,1788849691971991,1788849692211489,239498
load10000-burst,2,2000,7726,1788849691971991,1788849692211521,239530
load10000-burst,2,2000,7727,1788849691971991,1788849692211566,239575
load10000-burst,2,2000,7728,1788849691971991,1788849692211593,239602
load10000-burst,2,2000,7729,1788849691971991,1788849692211624,239633
load10000-burst,2,2000,7730,1788849691971991,1788849692211649,239658
load10000-burst,2,2000,7731,1788849691971991,1788849692211681,239690
load10000-burst,2,2000,7732,1788849691971991,1788849692211707,239716
load10000-burst,2,2000,7733,1788849691971991,1788849692211729,239738
load10000-burst,2,2000,7734,1788849691971991,1788849692211757,239766
load10000-burst,2,2000,7735,1788849691971991,1788849692211780,239789
load10000-burst,2,2000,7736,1788849691971991,1788849692211810,239819
load10000-burst,2,2000,7737,1788849691971991,1788849692211837,239846
load10000-burst,2,2000,7738,1788849691971991,1788849692211859,239868
load10000-burst,2,2000,7739,1788849691971991,1788849692211881,239890
load10000-burst,2,2000,7740,1788849691971991,1788849692211904,239913
load10000-burst,2,2000,7741,1788849691971991,1788849692211929,239938
load10000-burst,2,2000,7742,1788849691971991,1788849692211952,239961
load10000-burst,2,2000,7743,1788849691971991,1788849692211978,239987
load10000-burst,2,2000,7744,1788849691971991,1788849692212001,240010
load10000-burst,2,2000,7745,1788849691971991,1788849692212024,240033
load10000-burst,2,2000,7746,1788849691971991,1788849692212046,240055
load10000-burst,2,2000,7747,1788849691971991,1788849692212066,240075
load10000-burst,2,2000,7748,1788849691971991,1788849692212100,240109
load10000-burst,2,2000,7749,1788849691971991,1788849692212151,240160
load10000-burst,2,2000,7750,1788849691971991,1788849692212178,240187
load10000-burst,2,2000,7751,1788849691971991,1788849692212215,240224
load10000-burst,2,2000,7752,1788849691971991,1788849692212252,240261
load10000-burst,2,2000,7753,1788849691971991,1788849692212279,240288
load10000-burst,2,2000,7754,1788849691971991,1788849692212305,240314
load10000-burst,2,2000,7755,1788849691971991,1788849692212336,240345
load10000-burst,2,2000,7756,1788849691971991,1788849692212378,240387
load10000-burst,2,2000,7757,1788849691971991,1788849692212404,240413
load10000-burst,2,2000,7758,1788849691971991,1788849692212434,240443
load10000-burst,2,2000,7759,1788849691971991,1788849692212475,240484
load10000-burst,2,2000,7760,1788849691971991,1788849692212521,240530
load10000-burst,2,2000,7761,1788849691971991,1788849692212556,240565
load10000-burst,2,2000,7762,1788849691971991,1788849692212594,240603
load10000-burst,2,2000,7763,1788849691971991,1788849692212624,240633
load10000-burst,2,2000,7764,1788849691971991,1788849692212648,240657
load10000-burst,2,2000,7765,1788849691971991,1788849692212670,240679
load10000-burst,2,2000,7766,1788849691971991,1788849692212693,240702
load10000-burst,2,2000,7767,1788849691971991,1788849692212715,240724
load10000-burst,2,2000,7768,1788849691971991,1788849692212737,240746
load10000-burst,2,2000,7769,1788849691971991,1788849692212781,240790
load10000-burst,2,2000,7770,1788849691971991,1788849692212803,240812
load10000-burst,2,2000,7771,1788849691971991,1788849692212835,240844
load10000-burst,2,2000,7772,1788849691971991,1788849692212865,240874
load10000-burst,2,2000,7773,1788849691971991,1788849692212887,240896
load10000-burst,2,2000,7774,1788849691971991,1788849692212911,240920
load10000-burst,2,2000,7775,1788849691971991,1788849692212942,240951
load10000-burst,2,2000,7776,1788849691971991,1788849692212971,240980
load10000-burst,2,2000,7777,1788849691971991,1788849692212993,241002
load10000-burst,2,2000,7778,1788849691971991,1788849692213060,241069
load10000-burst,2,2000,7779,1788849691971991,1788849692213083,241092
load10000-burst,2,2000,7780,1788849691971991,1788849692213115,241124
load10000-burst,2,2000,7781,1788849691971991,1788849692213143,241152
load10000-burst,2,2000,7782,1788849691971991,1788849692213166,241175
load10000-burst,2,2000,7783,1788849691971991,1788849692213188,241197
load10000-burst,2,2000,7784,1788849691971991,1788849692213210,241219
load10000-burst,2,2000,7785,1788849691971991,1788849692213239,241248
load10000-burst,2,2000,7786,1788849691971991,1788849692213265,241274
load10000-burst,2,2000,7787,1788849691971991,1788849692213289,241298
load10000-burst,2,2000,7788,1788849691971991,1788849692213326,241335
load10000-burst,2,2000,7789,1788849691971991,1788849692213384,241393
load10000-burst,2,2000,7790,1788849691971991,1788849692213435,241444
load10000-burst,2,2000,7791,1788849691971991,1788849692213469,241478
load10000-burst,2,2000,7792,1788849691971991,1788849692213502,241511
load10000-burst,2,2000,7793,1788849691971991,1788849692213535,241544
load10000-burst,2,2000,7794,1788849691971991,1788849692213562,241571
load10000-burst,2,2000,7795,1788849691971991,1788849692213610,241619
load10000-burst,2,2000,7796,1788849691971991,1788849692213633,241642
load10000-burst,2,2000,7797,1788849691971991,1788849692213656,241665
load10000-burst,2,2000,7798,1788849691971991,1788849692213679,241688
load10000-burst,2,2000,7799,1788849691971991,1788849692213703,241712
load10000-burst,2,2000,7800,1788849691971991,1788849692213725,241734
load10000-burst,2,2000,7801,1788849691971991,1788849692213756,241765
load10000-burst,2,2000,7802,1788849691971991,1788849692213788,241797
load10000-burst,2,2000,7803,1788849691971991,1788849692213823,241832
load10000-burst,2,2000,7804,1788849691971991,1788849692213865,241874
load10000-burst,2,2000,7805,1788849691971991,1788849692213925,241934
load10000-burst,2,2000,7806,1788849691971991,1788849692213981,241990
load10000-burst,2,2000,7807,1788849691971991,1788849692214007,242016
load10000-burst,2,2000,7808,1788849691971991,1788849692214031,242040
load10000-burst,2,2000,7809,1788849691971991,1788849692214054,242063
load10000-burst,2,2000,7810,1788849691971991,1788849692214076,242085
load10000-burst,2,2000,7811,1788849691971991,1788849692214099,242108
load10000-burst,2,2000,7812,1788849691971991,1788849692214121,242130
load10000-burst,2,2000,7813,1788849691971991,1788849692214167,242176
load10000-burst,2,2000,7814,1788849691971991,1788849692214198,242207
load10000-burst,2,2000,7815,1788849691971991,1788849692214240,242249
load10000-burst,2,2000,7816,1788849691971991,1788849692214265,242274
load10000-burst,2,2000,7817,1788849691971991,1788849692214290,242299
load10000-burst,2,2000,7818,1788849691971991,1788849692214315,242324
load10000-burst,2,2000,7819,1788849691971991,1788849692214338,242347
load10000-burst,2,2000,7820,1788849691971991,1788849692214369,242378
load10000-burst,2,2000,7821,1788849691971991,1788849692214394,242403
load10000-burst,2,2000,7822,1788849691971991,1788849692214417,242426
load10000-burst,2,2000,7823,1788849691971991,1788849692214441,242450
load10000-burst,2,2000,7824,1788849691971991,1788849692214464,242473
load10000-burst,2,2000,7825,1788849691971991,1788849692214486,242495
load10000-burst,2,2000,7826,1788849691971991,1788849692214524,242533
load10000-burst,2,2000,7827,1788849691971991,1788849692214566,242575
load10000-burst,2,2000,7828,1788849691971991,1788849692214592,242601
load10000-burst,2,2000,7829,1788849691971991,1788849692214614,242623
load10000-burst,2,2000,7830,1788849691971991,1788849692214662,242671
load10000-burst,2,2000,7831,1788849691971991,1788849692214685,242694
load10000-burst,2,2000,7832,1788849691971991,1788849692214707,242716
load10000-burst,2,2000,7833,1788849691971991,1788849692214734,242743
load10000-burst,2,2000,7834,1788849691971991,1788849692214757,242766
load10000-burst,2,2000,7835,1788849691971991,1788849692214779,242788
load10000-burst,2,2000,7836,1788849691971991,1788849692214800,242809
load10000-burst,2,2000,7837,1788849691971991,1788849692214822,242831
load10000-burst,2,2000,7838,1788849691971991,1788849692214855,242864
load10000-burst,2,2000,7839,1788849691971991,1788849692214902,242911
load10000-burst,2,2000,7840,1788849691971991,1788849692214949,242958
load10000-burst,2,2000,7841,1788849691971991,1788849692214981,242990
load10000-burst,2,2000,7842,1788849691971991,1788849692215008,243017
load10000-burst,2,2000,7843,1788849691971991,1788849692215032,243041
load10000-burst,2,2000,7844,1788849691971991,1788849692215054,243063
load10000-burst,2,2000,7845,1788849691971991,1788849692215077,243086
load10000-burst,2,2000,7846,1788849691971991,1788849692215099,243108
load10000-burst,2,2000,7847,1788849691971991,1788849692215146,243155
load10000-burst,2,2000,7848,1788849691971991,1788849692215168,243177
load10000-burst,2,2000,7849,1788849691971991,1788849692215199,243208
load10000-burst,2,2000,7850,1788849691971991,1788849692215233,243242
load10000-burst,2,2000,7851,1788849691971991,1788849692215265,243274
load10000-burst,2,2000,7852,1788849691971991,1788849692215289,243298
load10000-burst,2,2000,7853,1788849691971991,1788849692215319,243328
load10000-burst,2,2000,7854,1788849691971991,1788849692215347,243356
load10000-burst,2,2000,7855,1788849691971991,1788849692215376,243385
load10000-burst,2,2000,7856,1788849691971991,1788849692215401,243410
load10000-burst,2,2000,7857,1788849691971991,1788849692215436,243445
load10000-burst,2,2000,7858,1788849691971991,1788849692215489,243498
load10000-burst,2,2000,7859,1788849691971991,1788849692215517,243526
load10000-burst,2,2000,7860,1788849691971991,1788849692215549,243558
load10000-burst,2,2000,7861,1788849691971991,1788849692215578,243587
load10000-burst,2,2000,7862,1788849691971991,1788849692215609,243618
load10000-burst,2,2000,7863,1788849691971991,1788849692215636,243645
load10000-burst,2,2000,7864,1788849691971991,1788849692215659,243668
load10000-burst,2,2000,7865,1788849691971991,1788849692215706,243715
load10000-burst,2,2000,7866,1788849691971991,1788849692215729,243738
load10000-burst,2,2000,7867,1788849691971991,1788849692215758,243767
load10000-burst,2,2000,7868,1788849691971991,1788849692215783,243792
load10000-burst,2,2000,7869,1788849691971991,1788849692215806,243815
load10000-burst,2,2000,7870,1788849691971991,1788849692215838,243847
load10000-burst,2,2000,7871,1788849691971991,1788849692215871,243880
load10000-burst,2,2000,7872,1788849691971991,1788849692215895,243904
load10000-burst,2,2000,7873,1788849691971991,1788849692215928,243937
load10000-burst,2,2000,7874,1788849691971991,1788849692215954,243963
load10000-burst,2,2000,7875,1788849691971991,1788849692215991,244000
load10000-burst,2,2000,7876,1788849691971991,1788849692216027,244036
load10000-burst,2,2000,7877,1788849691971991,1788849692216057,244066
load10000-burst,2,2000,7878,1788849691971991,1788849692216083,244092
load10000-burst,2,2000,7879,1788849691971991,1788849692216106,244115
load10000-burst,2,2000,7880,1788849691971991,1788849692216129,244138
load10000-burst,2,2000,7881,1788849691971991,1788849692216152,244161
load10000-burst,2,2000,7882,1788849691971991,1788849692216194,244203
load10000-burst,2,2000,7883,1788849691971991,1788849692216215,244224
load10000-burst,2,2000,7884,1788849691971991,1788849692216237,244246
load10000-burst,2,2000,7885,1788849691971991,1788849692216255,244264
load10000-burst,2,2000,7886,1788849691971991,1788849692216271,244280
load10000-burst,2,2000,7887,1788849691971991,1788849692216294,244303
load10000-burst,2,2000,7888,1788849691971991,1788849692216317,244326
load10000-burst,2,2000,7889,1788849691971991,1788849692216346,244355
load10000-burst,2,2000,7890,1788849691971991,1788849692216375,244384
load10000-burst,2,2000,7891,1788849691971991,1788849692216398,244407
load10000-burst,2,2000,7892,1788849691971991,1788849692216422,244431
load10000-burst,2,2000,7893,1788849691971991,1788849692216444,244453
load10000-burst,2,2000,7894,1788849691971991,1788849692216467,244476
load10000-burst,2,2000,7895,1788849691971991,1788849692216489,244498
load10000-burst,2,2000,7896,1788849691971991,1788849692216512,244521
load10000-burst,2,2000,7897,1788849691971991,1788849692216535,244544
load10000-burst,2,2000,7898,1788849691971991,1788849692216558,244567
load10000-burst,2,2000,7899,1788849691971991,1788849692216610,244619
load10000-burst,2,2000,7900,1788849691971991,1788849692216639,244648
load10000-burst,2,2000,7901,1788849691971991,1788849692216669,244678
load10000-burst,2,2000,7902,1788849691971991,1788849692216695,244704
load10000-burst,2,2000,7903,1788849691971991,1788849692216722,244731
load10000-burst,2,2000,7904,1788849691971991,1788849692216745,244754
load10000-burst,2,2000,7905,1788849691971991,1788849692216767,244776
load10000-burst,2,2000,7906,1788849691971991,1788849692216790,244799
load10000-burst,2,2000,7907,1788849691971991,1788849692216812,244821
load10000-burst,2,2000,7908,1788849691971991,1788849692216834,244843
load10000-burst,2,2000,7909,1788849691971991,1788849692216857,244866
load10000-burst,2,2000,7910,1788849691971991,1788849692216880,244889
load10000-burst,2,2000,7911,1788849691971991,1788849692216903,244912
load10000-burst,2,2000,7912,1788849691971991,1788849692216934,244943
load10000-burst,2,2000,7913,1788849691971991,1788849692216973,244982
load10000-burst,2,2000,7914,1788849691971991,1788849692217001,245010
load10000-burst,2,2000,7915,1788849691971991,1788849692217024,245033
load10000-burst,2,2000,7916,1788849691971991,1788849692217055,245064
load10000-burst,2,2000,7917,1788849691971991,1788849692217111,245120
load10000-burst,2,2000,7918,1788849691971991,1788849692217140,245149
load10000-burst,2,2000,7919,1788849691971991,1788849692217164,245173
load10000-burst,2,2000,7920,1788849691971991,1788849692217186,245195
load10000-burst,2,2000,7921,1788849691971991,1788849692217208,245217
load10000-burst,2,2000,7922,1788849691971991,1788849692217231,245240
load10000-burst,2,2000,7923,1788849691971991,1788849692217253,245262
load10000-burst,2,2000,7924,1788849691971991,1788849692217285,245294
load10000-burst,2,2000,7925,1788849691971991,1788849692217325,245334
load10000-burst,2,2000,7926,1788849691971991,1788849692217372,245381
load10000-burst,2,2000,7927,1788849691971991,1788849692217400,245409
load10000-burst,2,2000,7928,1788849691971991,1788849692217423,245432
load10000-burst,2,2000,7929,1788849691971991,1788849692217446,245455
load10000-burst,2,2000,7930,1788849691971991,1788849692217483,245492
load10000-burst,2,2000,7931,1788849691971991,1788849692217518,245527
load10000-burst,2,2000,7932,1788849691971991,1788849692217543,245552
load10000-burst,2,2000,7933,1788849691971991,1788849692217576,245585
load10000-burst,2,2000,7934,1788849691971991,1788849692217635,245644
load10000-burst,2,2000,7935,1788849691971991,1788849692217669,245678
load10000-burst,2,2000,7936,1788849691971991,1788849692217695,245704
load10000-burst,2,2000,7937,1788849691971991,1788849692217725,245734
load10000-burst,2,2000,7938,1788849691971991,1788849692217757,245766
load10000-burst,2,2000,7939,1788849691971991,1788849692217781,245790
load10000-burst,2,2000,7940,1788849691971991,1788849692217810,245819
load10000-burst,2,2000,7941,1788849691971991,1788849692217835,245844
load10000-burst,2,2000,7942,1788849691971991,1788849692217857,245866
load10000-burst,2,2000,7943,1788849691971991,1788849692217879,245888
load10000-burst,2,2000,7944,1788849691971991,1788849692217913,245922
load10000-burst,2,2000,7945,1788849691971991,1788849692217949,245958
load10000-burst,2,2000,7946,1788849691971991,1788849692217980,245989
load10000-burst,2,2000,7947,1788849691971991,1788849692218006,246015
load10000-burst,2,2000,7948,1788849691971991,1788849692218036,246045
load10000-burst,2,2000,7949,1788849691971991,1788849692218078,246087
load10000-burst,2,2000,7950,1788849691971991,1788849692218110,246119
load10000-burst,2,2000,7951,1788849691971991,1788849692218136,246145
load10000-burst,2,2000,7952,1788849691971991,1788849692218165,246174
load10000-burst,2,2000,7953,1788849691971991,1788849692218193,246202
load10000-burst,2,2000,7954,1788849691971991,1788849692218216,246225
load10000-burst,2,2000,7955,1788849691971991,1788849692218239,246248
load10000-burst,2,2000,7956,1788849691971991,1788849692218262,246271
load10000-burst,2,2000,7957,1788849691971991,1788849692218293,246302
load10000-burst,2,2000,7958,1788849691971991,1788849692218332,246341
load10000-burst,2,2000,7959,1788849691971991,1788849692218386,246395
load10000-burst,2,2000,7960,1788849691971991,1788849692218422,246431
load10000-burst,2,2000,7961,1788849691971991,1788849692218449,246458
load10000-burst,2,2000,7962,1788849691971991,1788849692218481,246490
load10000-burst,2,2000,7963,1788849691971991,1788849692218506,246515
load10000-burst,2,2000,7964,1788849691971991,1788849692218536,246545
load10000-burst,2,2000,7965,1788849691971991,1788849692218561,246570
load10000-burst,2,2000,7966,1788849691971991,1788849692218592,246601
load10000-burst,2,2000,7967,1788849691971991,1788849692218625,246634
load10000-burst,2,2000,7968,1788849691971991,1788849692218677,246686
load10000-burst,2,2000,7969,1788849691971991,1788849692218713,246722
load10000-burst,2,2000,7970,1788849691971991,1788849692218734,246743
load10000-burst,2,2000,7971,1788849691971991,1788849692218813,246822
load10000-burst,2,2000,7972,1788849691971991,1788849692218861,246870
load10000-burst,2,2000,7973,1788849691971991,1788849692218910,246919
load10000-burst,2,2000,7974,1788849691971991,1788849692218948,246957
load10000-burst,2,2000,7975,1788849691971991,1788849692218982,246991
load10000-burst,2,2000,7976,1788849691971991,1788849692219004,247013
load10000-burst,2,2000,7977,1788849691971991,1788849692219031,247040
load10000-burst,2,2000,7978,1788849691971991,1788849692219069,247078
load10000-burst,2,2000,7979,1788849691971991,1788849692219107,247116
load10000-burst,2,2000,7980,1788849691971991,1788849692219183,247192
load10000-burst,2,2000,7981,1788849691971991,1788849692219270,247279
load10000-burst,2,2000,7982,1788849691971991,1788849692219338,247347
load10000-burst,2,2000,7983,1788849691971991,1788849692219380,247389
load10000-burst,2,2000,7984,1788849691971991,1788849692219422,247431
load10000-burst,2,2000,7985,1788849691971991,1788849692219453,247462
load10000-burst,2,2000,7986,1788849691971991,1788849692219479,247488
load10000-burst,2,2000,7987,1788849691971991,1788849692219518,247527
load10000-burst,2,2000,7988,1788849691971991,1788849692219571,247580
load10000-burst,2,2000,7989,1788849691971991,1788849692219599,247608
load10000-burst,2,2000,7990,1788849691971991,1788849692219624,247633
load10000-burst,2,2000,7991,1788849691971991,1788849692219648,247657
load10000-burst,2,2000,7992,1788849691971991,1788849692219671,247680
load10000-burst,2,2000,7993,1788849691971991,1788849692219694,247703
load10000-burst,2,2000,7994,1788849691971991,1788849692219718,247727
load10000-burst,2,2000,7995,1788849691971991,1788849692219742,247751
load10000-burst,2,2000,7996,1788849691971991,1788849692219767,247776
load10000-burst,2,2000,7997,1788849691971991,1788849692219793,247802
load10000-burst,2,2000,7998,1788849691971991,1788849692219822,247831
load10000-burst,2,2000,7999,1788849691971991,1788849692219859,247868
load10000-burst,2,2000,8000,1788849691971991,1788849692219884,247893
load10000-burst,2,2000,8001,1788849691971991,1788849692219906,247915
load10000-burst,2,2000,8002,1788849691971991,1788849692219932,247941
load10000-burst,2,2000,8003,1788849691971991,1788849692219954,247963
load10000-burst,2,2000,8004,1788849691971991,1788849692219988,247997
load10000-burst,2,2000,8005,1788849691971991,1788849692220030,248039
load10000-burst,2,2000,8006,1788849691971991,1788849692220054,248063
load10000-burst,2,2000,8007,1788849691971991,1788849692220078,248087
load10000-burst,2,2000,8008,1788849691971991,1788849692220100,248109
load10000-burst,2,2000,8009,1788849691971991,1788849692220123,248132
load10000-burst,2,2000,8010,1788849691971991,1788849692220145,248154
load10000-burst,2,2000,8011,1788849691971991,1788849692220168,248177
load10000-burst,2,2000,8012,1788849691971991,1788849692220190,248199
load10000-burst,2,2000,8013,1788849691971991,1788849692220213,248222
load10000-burst,2,2000,8014,1788849691971991,1788849692220261,248270
load10000-burst,2,2000,8015,1788849691971991,1788849692220361,248370
load10000-burst,2,2000,8016,1788849691971991,1788849692220412,248421
load10000-burst,2,2000,8017,1788849691971991,1788849692220439,248448
load10000-burst,2,2000,8018,1788849691971991,1788849692220472,248481
load10000-burst,2,2000,8019,1788849691971991,1788849692220509,248518
load10000-burst,2,2000,8020,1788849691971991,1788849692220540,248549
load10000-burst,2,2000,8021,1788849691971991,1788849692220568,248577
load10000-burst,2,2000,8022,1788849691971991,1788849692220598,248607
load10000-burst,2,2000,8023,1788849691971991,1788849692220632,248641
load10000-burst,2,2000,8024,1788849691971991,1788849692220671,248680
load10000-burst,2,2000,8025,1788849691971991,1788849692220706,248715
load10000-burst,2,2000,8026,1788849691971991,1788849692220732,248741
load10000-burst,2,2000,8027,1788849691971991,1788849692220758,248767
load10000-burst,2,2000,8028,1788849691971991,1788849692220783,248792
load10000-burst,2,2000,8029,1788849691971991,1788849692220817,248826
load10000-burst,2,2000,8030,1788849691971991,1788849692220844,248853
load10000-burst,2,2000,8031,1788849691971991,1788849692220867,248876
load10000-burst,2,2000,8032,1788849691971991,1788849692220890,248899
load10000-burst,2,2000,8033,1788849691971991,1788849692220913,248922
load10000-burst,2,2000,8034,1788849691971991,1788849692220931,248940
load10000-burst,2,2000,8035,1788849691971991,1788849692220949,248958
load10000-burst,2,2000,8036,1788849691971991,1788849692220971,248980
load10000-burst,2,2000,8037,1788849691971991,1788849692220998,249007
load10000-burst,2,2000,8038,1788849691971991,1788849692221024,249033
load10000-burst,2,2000,8039,1788849691971991,1788849692221047,249056
load10000-burst,2,2000,8040,1788849691971991,1788849692221078,249087
load10000-burst,2,2000,8041,1788849691971991,1788849692221113,249122
load10000-burst,2,2000,8042,1788849691971991,1788849692221182,249191
load10000-burst,2,2000,8043,1788849691971991,1788849692221228,249237
load10000-burst,2,2000,8044,1788849691971991,1788849692221254,249263
load10000-burst,2,2000,8045,1788849691971991,1788849692221279,249288
load10000-burst,2,2000,8046,1788849691971991,1788849692221304,249313
load10000-burst,2,2000,8047,1788849691971991,1788849692221328,249337
load10000-burst,2,2000,8048,1788849691971991,1788849692221354,249363
load10000-burst,2,2000,8049,1788849691971991,1788849692221386,249395
load10000-burst,2,2000,8050,1788849691971991,1788849692221417,249426
load10000-burst,2,2000,8051,1788849691971991,1788849692221442,249451
load10000-burst,2,2000,8052,1788849691971991,1788849692221465,249474
load10000-burst,2,2000,8053,1788849691971991,1788849692221489,249498
load10000-burst,2,2000,8054,1788849691971991,1788849692221512,249521
load10000-burst,2,2000,8055,1788849691971991,1788849692221537,249546
load10000-burst,2,2000,8056,1788849691971991,1788849692221562,249571
load10000-burst,2,2000,8057,1788849691971991,1788849692221586,249595
load10000-burst,2,2000,8058,1788849691971991,1788849692221618,249627
load10000-burst,2,2000,8059,1788849691971991,1788849692221650,249659
load10000-burst,2,2000,8060,1788849691971991,1788849692221676,249685
load10000-burst,2,2000,8061,1788849691971991,1788849692221700,249709
load10000-burst,2,2000,8062,1788849691971991,1788849692221724,249733
load10000-burst,2,2000,8063,1788849691971991,1788849692221747,249756
load10000-burst,2,2000,8064,1788849691971991,1788849692221770,249779
load10000-burst,2,2000,8065,1788849691971991,1788849692221793,249802
load10000-burst,2,2000,8066,1788849691971991,1788849692221817,249826
load10000-burst,2,2000,8067,1788849691971991,1788849692221841,249850
load10000-burst,2,2000,8068,1788849691971991,1788849692221863,249872
load10000-burst,2,2000,8069,1788849691971991,1788849692221886,249895
load10000-burst,2,2000,8070,1788849691971991,1788849692221909,249918
load10000-burst,2,2000,8071,1788849691971991,1788849692221932,249941
load10000-burst,2,2000,8072,1788849691971991,1788849692221955,249964
load10000-burst,2,2000,8073,1788849691971991,1788849692221980,249989
load10000-burst,2,2000,8074,1788849691971991,1788849692222000,250009
load10000-burst,2,2000,8075,1788849691971991,1788849692222032,250041
load10000-burst,2,2000,8076,1788849691971991,1788849692222104,250113
load10000-burst,2,2000,8077,1788849691971991,1788849692222143,250152
load10000-burst,2,2000,8078,1788849691971991,1788849692222167,250176
load10000-burst,2,2000,8079,1788849691971991,1788849692222198,250207
load10000-burst,2,2000,8080,1788849691971991,1788849692222244,250253
load10000-burst,2,2000,8081,1788849691971991,1788849692222272,250281
load10000-burst,2,2000,8082,1788849691971991,1788849692222310,250319
load10000-burst,2,2000,8083,1788849691971991,1788849692222377,250386
load10000-burst,2,2000,8084,1788849691971991,1788849692222413,250422
load10000-burst,2,2000,8085,1788849691971991,1788849692222441,250450
load10000-burst,2,2000,8086,1788849691971991,1788849692222466,250475
load10000-burst,2,2000,8087,1788849691971991,1788849692222489,250498
load10000-burst,2,2000,8088,1788849691971991,1788849692222511,250520
load10000-burst,2,2000,8089,1788849691971991,1788849692222534,250543
load10000-burst,2,2000,8090,1788849691971991,1788849692222558,250567
load10000-burst,2,2000,8091,1788849691971991,1788849692222599,250608
load10000-burst,2,2000,8092,1788849691971991,1788849692222636,250645
load10000-burst,2,2000,8093,1788849691971991,1788849692222670,250679
load10000-burst,2,2000,8094,1788849691971991,1788849692222717,250726
load10000-burst,2,2000,8095,1788849691971991,1788849692222777,250786
load10000-burst,2,2000,8096,1788849691971991,1788849692222815,250824
load10000-burst,2,2000,8097,1788849691971991,1788849692222858,250867
load10000-burst,2,2000,8098,1788849691971991,1788849692222904,250913
load10000-burst,2,2000,8099,1788849691971991,1788849692222935,250944
load10000-burst,2,2000,8100,1788849691971991,1788849692222972,250981
load10000-burst,2,2000,8101,1788849691971991,1788849692223018,251027
load10000-burst,2,2000,8102,1788849691971991,1788849692223051,251060
load10000-burst,2,2000,8103,1788849691971991,1788849692223085,251094
load10000-burst,2,2000,8104,1788849691971991,1788849692223122,251131
load10000-burst,2,2000,8105,1788849691971991,1788849692223168,251177
load10000-burst,2,2000,8106,1788849691971991,1788849692223196,251205
load10000-burst,2,2000,8107,1788849691971991,1788849692223225,251234
load10000-burst,2,2000,8108,1788849691971991,1788849692223259,251268
load10000-burst,2,2000,8109,1788849691971991,1788849692223301,251310
load10000-burst,2,2000,8110,1788849691971991,1788849692223387,251396
load10000-burst,2,2000,8111,1788849691971991,1788849692223436,251445
load10000-burst,2,2000,8112,1788849691971991,1788849692223465,251474
load10000-burst,2,2000,8113,1788849691971991,1788849692223488,251497
load10000-burst,2,2000,8114,1788849691971991,1788849692223511,251520
load10000-burst,2,2000,8115,1788849691971991,1788849692223534,251543
load10000-burst,2,2000,8116,1788849691971991,1788849692223557,251566
load10000-burst,2,2000,8117,1788849691971991,1788849692223582,251591
load10000-burst,2,2000,8118,1788849691971991,1788849692223607,251616
load10000-burst,2,2000,8119,1788849691971991,1788849692223644,251653
load10000-burst,2,2000,8120,1788849691971991,1788849692223697,251706
load10000-burst,2,2000,8121,1788849691971991,1788849692223741,251750
load10000-burst,2,2000,8122,1788849691971991,1788849692223778,251787
load10000-burst,2,2000,8123,1788849691971991,1788849692223815,251824
load10000-burst,2,2000,8124,1788849691971991,1788849692223849,251858
load10000-burst,2,2000,8125,1788849691971991,1788849692223876,251885
load10000-burst,2,2000,8126,1788849691971991,1788849692223900,251909
load10000-burst,2,2000,8127,1788849691971991,1788849692223928,251937
load10000-burst,2,2000,8128,1788849691971991,1788849692223959,251968
load10000-burst,2,2000,8129,1788849691971991,1788849692223983,251992
load10000-burst,2,2000,8130,1788849691971991,1788849692224011,252020
load10000-burst,2,2000,8131,1788849691971991,1788849692224032,252041
load10000-burst,2,2000,8132,1788849691971991,1788849692224073,252082
load10000-burst,2,2000,8133,1788849691971991,1788849692224122,252131
load10000-burst,2,2000,8134,1788849691971991,1788849692224157,252166
load10000-burst,2,2000,8135,1788849691971991,1788849692224185,252194
load10000-burst,2,2000,8136,1788849691971991,1788849692224208,252217
load10000-burst,2,2000,8137,1788849691971991,1788849692224253,252262
load10000-burst,2,2000,8138,1788849691971991,1788849692224287,252296
load10000-burst,2,2000,8139,1788849691971991,1788849692224313,252322
load10000-burst,2,2000,8140,1788849691971991,1788849692224343,252352
load10000-burst,2,2000,8141,1788849691971991,1788849692224385,252394
load10000-burst,2,2000,8142,1788849691971991,1788849692224445,252454
load10000-burst,2,2000,8143,1788849691971991,1788849692224478,252487
load10000-burst,2,2000,8144,1788849691971991,1788849692224502,252511
load10000-burst,2,2000,8145,1788849691971991,1788849692224527,252536
load10000-burst,2,2000,8146,1788849691971991,1788849692224557,252566
load10000-burst,2,2000,8147,1788849691971991,1788849692224587,252596
load10000-burst,2,2000,8148,1788849691971991,1788849692224617,252626
load10000-burst,2,2000,8149,1788849691971991,1788849692224642,252651
load10000-burst,2,2000,8150,1788849691971991,1788849692224665,252674
load10000-burst,2,2000,8151,1788849691971991,1788849692224687,252696
load10000-burst,2,2000,8152,1788849691971991,1788849692224709,252718
load10000-burst,2,2000,8153,1788849691971991,1788849692224735,252744
load10000-burst,2,2000,8154,1788849691971991,1788849692224760,252769
load10000-burst,2,2000,8155,1788849691971991,1788849692224796,252805
load10000-burst,2,2000,8156,1788849691971991,1788849692224822,252831
load10000-burst,2,2000,8157,1788849691971991,1788849692224854,252863
load10000-burst,2,2000,8158,1788849691971991,1788849692224884,252893
load10000-burst,2,2000,8159,1788849691971991,1788849692224909,252918
load10000-burst,2,2000,8160,1788849691971991,1788849692224941,252950
load10000-burst,2,2000,8161,1788849691971991,1788849692224978,252987
load10000-burst,2,2000,8162,1788849691971991,1788849692225002,253011
load10000-burst,2,2000,8163,1788849691971991,1788849692225027,253036
load10000-burst,2,2000,8164,1788849691971991,1788849692225050,253059
load10000-burst,2,2000,8165,1788849691971991,1788849692225083,253092
load10000-burst,2,2000,8166,1788849691971991,1788849692225130,253139
load10000-burst,2,2000,8167,1788849691971991,1788849692225167,253176
load10000-burst,2,2000,8168,1788849691971991,1788849692225206,253215
load10000-burst,2,2000,8169,1788849691971991,1788849692225234,253243
load10000-burst,2,2000,8170,1788849691971991,1788849692225260,253269
load10000-burst,2,2000,8171,1788849691971991,1788849692225282,253291
load10000-burst,2,2000,8172,1788849691971991,1788849692225306,253315
load10000-burst,2,2000,8173,1788849691971991,1788849692225328,253337
load10000-burst,2,2000,8174,1788849691971991,1788849692225350,253359
load10000-burst,2,2000,8175,1788849691971991,1788849692225386,253395
load10000-burst,2,2000,8176,1788849691971991,1788849692225411,253420
load10000-burst,2,2000,8177,1788849691971991,1788849692225436,253445
load10000-burst,2,2000,8178,1788849691971991,1788849692225460,253469
load10000-burst,2,2000,8179,1788849691971991,1788849692225483,253492
load10000-burst,2,2000,8180,1788849691971991,1788849692225505,253514
load10000-burst,2,2000,8181,1788849691971991,1788849692225527,253536
load10000-burst,2,2000,8182,1788849691971991,1788849692225550,253559
load10000-burst,2,2000,8183,1788849691971991,1788849692225572,253581
load10000-burst,2,2000,8184,1788849691971991,1788849692225594,253603
load10000-burst,2,2000,8185,1788849691971991,1788849692225616,253625
load10000-burst,2,2000,8186,1788849691971991,1788849692225647,253656
load10000-burst,2,2000,8187,1788849691971991,1788849692225673,253682
load10000-burst,2,2000,8188,1788849691971991,1788849692225697,253706
load10000-burst,2,2000,8189,1788849691971991,1788849692225727,253736
load10000-burst,2,2000,8190,1788849691971991,1788849692225747,253756
load10000-burst,2,2000,8191,1788849691971991,1788849692225782,253791
load10000-burst,2,2000,8192,1788849691971991,1788849692225833,253842
load10000-burst,2,2000,8193,1788849691971991,1788849692225860,253869
load10000-burst,2,2000,8194,1788849691971991,1788849692225893,253902
load10000-burst,2,2000,8195,1788849691971991,1788849692225922,253931
load10000-burst,2,2000,8196,1788849691971991,1788849692225943,253952
load10000-burst,2,2000,8197,1788849691971991,1788849692225965,253974
load10000-burst,2,2000,8198,1788849691971991,1788849692225986,253995
load10000-burst,2,2000,8199,1788849691971991,1788849692226007,254016
load10000-burst,2,2000,8200,1788849691971991,1788849692226028,254037
load10000-burst,2,2000,8201,1788849691971991,1788849692226051,254060
load10000-burst,2,2000,8202,1788849691971991,1788849692226074,254083
load10000-burst,2,2000,8203,1788849691971991,1788849692226093,254102
load10000-burst,2,2000,8204,1788849691971991,1788849692226115,254124
load10000-burst,2,2000,8205,1788849691971991,1788849692226139,254148
load10000-burst,2,2000,8206,1788849691971991,1788849692226162,254171
load10000-burst,2,2000,8207,1788849691971991,1788849692226185,254194
load10000-burst,2,2000,8208,1788849691971991,1788849692226207,254216
load10000-burst,2,2000,8209,1788849691971991,1788849692226228,254237
load10000-burst,2,2000,8210,1788849691971991,1788849692226249,254258
load10000-burst,2,2000,8211,1788849691971991,1788849692226272,254281
load10000-burst,2,2000,8212,1788849691971991,1788849692226294,254303
load10000-burst,2,2000,8213,1788849691971991,1788849692226315,254324
load10000-burst,2,2000,8214,1788849691971991,1788849692226336,254345
load10000-burst,2,2000,8215,1788849691971991,1788849692226357,254366
load10000-burst,2,2000,8216,1788849691971991,1788849692226378,254387
load10000-burst,2,2000,8217,1788849691971991,1788849692226398,254407
load10000-burst,2,2000,8218,1788849691971991,1788849692226431,254440
load10000-burst,2,2000,8219,1788849691971991,1788849692226451,254460
load10000-burst,2,2000,8220,1788849691971991,1788849692226488,254497
load10000-burst,2,2000,8221,1788849691971991,1788849692226538,254547
load10000-burst,2,2000,8222,1788849691971991,1788849692226566,254575
load10000-burst,2,2000,8223,1788849691971991,1788849692226607,254616
load10000-burst,2,2000,8224,1788849691971991,1788849692226662,254671
load10000-burst,2,2000,8225,1788849691971991,1788849692226688,254697
load10000-burst,2,2000,8226,1788849691971991,1788849692226712,254721
load10000-burst,2,2000,8227,1788849691971991,1788849692226735,254744
load10000-burst,2,2000,8228,1788849691971991,1788849692226759,254768
load10000-burst,2,2000,8229,1788849691971991,1788849692226784,254793
load10000-burst,2,2000,8230,1788849691971991,1788849692226821,254830
load10000-burst,2,2000,8231,1788849691971991,1788849692226870,254879
load10000-burst,2,2000,8232,1788849691971991,1788849692226900,254909
load10000-burst,2,2000,8233,1788849691971991,1788849692226924,254933
load10000-burst,2,2000,8234,1788849691971991,1788849692226946,254955
load10000-burst,2,2000,8235,1788849691971991,1788849692226969,254978
load10000-burst,2,2000,8236,1788849691971991,1788849692226992,255001
load10000-burst,2,2000,8237,1788849691971991,1788849692227015,255024
load10000-burst,2,2000,8238,1788849691971991,1788849692227038,255047
load10000-burst,2,2000,8239,1788849691971991,1788849692227060,255069
load10000-burst,2,2000,8240,1788849691971991,1788849692227084,255093
load10000-burst,2,2000,8241,1788849691971991,1788849692227103,255112
load10000-burst,2,2000,8242,1788849691971991,1788849692227118,255127
load10000-burst,2,2000,8243,1788849691971991,1788849692227143,255152
load10000-burst,2,2000,8244,1788849691971991,1788849692227165,255174
load10000-burst,2,2000,8245,1788849691971991,1788849692227188,255197
load10000-burst,2,2000,8246,1788849691971991,1788849692227211,255220
load10000-burst,2,2000,8247,1788849691971991,1788849692227234,255243
load10000-burst,2,2000,8248,1788849691971991,1788849692227257,255266
load10000-burst,2,2000,8249,1788849691971991,1788849692227286,255295
load10000-burst,2,2000,8250,1788849691971991,1788849692227310,255319
load10000-burst,2,2000,8251,1788849691971991,1788849692227333,255342
load10000-burst,2,2000,8252,1788849691971991,1788849692227355,255364
load10000-burst,2,2000,8253,1788849691971991,1788849692227379,255388
load10000-burst,2,2000,8254,1788849691971991,1788849692227401,255410
load10000-burst,2,2000,8255,1788849691971991,1788849692227424,255433
load10000-burst,2,2000,8256,1788849691971991,1788849692227457,255466
load10000-burst,2,2000,8257,1788849691971991,1788849692227506,255515
load10000-burst,2,2000,8258,1788849691971991,1788849692227535,255544
load10000-burst,2,2000,8259,1788849691971991,1788849692227559,255568
load10000-burst,2,2000,8260,1788849691971991,1788849692227587,255596
load10000-burst,2,2000,8261,1788849691971991,1788849692227612,255621
load10000-burst,2,2000,8262,1788849691971991,1788849692227637,255646
load10000-burst,2,2000,8263,1788849691971991,1788849692227659,255668
load10000-burst,2,2000,8264,1788849691971991,1788849692227684,255693
load10000-burst,2,2000,8265,1788849691971991,1788849692227707,255716
load10000-burst,2,2000,8266,1788849691971991,1788849692227729,255738
load10000-burst,2,2000,8267,1788849691971991,1788849692227751,255760
load10000-burst,2,2000,8268,1788849691971991,1788849692227773,255782
load10000-burst,2,2000,8269,1788849691971991,1788849692227807,255816
load10000-burst,2,2000,8270,1788849691971991,1788849692227836,255845
load10000-burst,2,2000,8271,1788849691971991,1788849692227869,255878
load10000-burst,2,2000,8272,1788849691971991,1788849692227895,255904
load10000-burst,2,2000,8273,1788849691971991,1788849692227918,255927
load10000-burst,2,2000,8274,1788849691971991,1788849692227942,255951
load10000-burst,2,2000,8275,1788849691971991,1788849692227964,255973
load10000-burst,2,2000,8276,1788849691971991,1788849692227986,255995
load10000-burst,2,2000,8277,1788849691971991,1788849692228009,256018
load10000-burst,2,2000,8278,1788849691971991,1788849692228031,256040
load10000-burst,2,2000,8279,1788849691971991,1788849692228052,256061
load10000-burst,2,2000,8280,1788849691971991,1788849692228075,256084
load10000-burst,2,2000,8281,1788849691971991,1788849692228098,256107
load10000-burst,2,2000,8282,1788849691971991,1788849692228120,256129
load10000-burst,2,2000,8283,1788849691971991,1788849692228143,256152
load10000-burst,2,2000,8284,1788849691971991,1788849692228161,256170
load10000-burst,2,2000,8285,1788849691971991,1788849692228178,256187
load10000-burst,2,2000,8286,1788849691971991,1788849692228202,256211
load10000-burst,2,2000,8287,1788849691971991,1788849692228225,256234
load10000-burst,2,2000,8288,1788849691971991,1788849692228249,256258
load10000-burst,2,2000,8289,1788849691971991,1788849692228271,256280
load10000-burst,2,2000,8290,1788849691971991,1788849692228293,256302
load10000-burst,2,2000,8291,1788849691971991,1788849692228315,256324
load10000-burst,2,2000,8292,1788849691971991,1788849692228337,256346
load10000-burst,2,2000,8293,1788849691971991,1788849692228359,256368
load10000-burst,2,2000,8294,1788849691971991,1788849692228381,256390
load10000-burst,2,2000,8295,1788849691971991,1788849692228403,256412
load10000-burst,2,2000,8296,1788849691971991,1788849692228439,256448
load10000-burst,2,2000,8297,1788849691971991,1788849692228472,256481
load10000-burst,2,2000,8298,1788849691971991,1788849692228496,256505
load10000-burst,2,2000,8299,1788849691971991,1788849692228528,256537
load10000-burst,2,2000,8300,1788849691971991,1788849692228559,256568
load10000-burst,2,2000,8301,1788849691971991,1788849692228583,256592
load10000-burst,2,2000,8302,1788849691971991,1788849692228606,256615
load10000-burst,2,2000,8303,1788849691971991,1788849692228632,256641
load10000-burst,2,2000,8304,1788849691971991,1788849692228654,256663
load10000-burst,2,2000,8305,1788849691971991,1788849692228677,256686
load10000-burst,2,2000,8306,1788849691971991,1788849692228698,256707
load10000-burst,2,2000,8307,1788849691971991,1788849692228721,256730
load10000-burst,2,2000,8308,1788849691971991,1788849692228742,256751
load10000-burst,2,2000,8309,1788849691971991,1788849692228766,256775
load10000-burst,2,2000,8310,1788849691971991,1788849692228801,256810
load10000-burst,2,2000,8311,1788849691971991,1788849692228847,256856
load10000-burst,2,2000,8312,1788849691971991,1788849692228872,256881
load10000-burst,2,2000,8313,1788849691971991,1788849692228897,256906
load10000-burst,2,2000,8314,1788849691971991,1788849692228922,256931
load10000-burst,2,2000,8315,1788849691971991,1788849692228945,256954
load10000-burst,2,2000,8316,1788849691971991,1788849692228969,256978
load10000-burst,2,2000,8317,1788849691971991,1788849692228992,257001
load10000-burst,2,2000,8318,1788849691971991,1788849692229020,257029
load10000-burst,2,2000,8319,1788849691971991,1788849692229048,257057
load10000-burst,2,2000,8320,1788849691971991,1788849692229071,257080
load10000-burst,2,2000,8321,1788849691971991,1788849692229101,257110
load10000-burst,2,2000,8322,1788849691971991,1788849692229126,257135
load10000-burst,2,2000,8323,1788849691971991,1788849692229149,257158
load10000-burst,2,2000,8324,1788849691971991,1788849692229173,257182
load10000-burst,2,2000,8325,1788849691971991,1788849692229196,257205
load10000-burst,2,2000,8326,1788849691971991,1788849692229228,257237
load10000-burst,2,2000,8327,1788849691971991,1788849692229262,257271
load10000-burst,2,2000,8328,1788849691971991,1788849692229286,257295
load10000-burst,2,2000,8329,1788849691971991,1788849692229310,257319
load10000-burst,2,2000,8330,1788849691971991,1788849692229332,257341
load10000-burst,2,2000,8331,1788849691971991,1788849692229355,257364
load10000-burst,2,2000,8332,1788849691971991,1788849692229377,257386
load10000-burst,2,2000,8333,1788849691971991,1788849692229420,257429
load10000-burst,2,2000,8334,1788849691971991,1788849692229454,257463
load10000-burst,2,2000,8335,1788849691971991,1788849692229493,257502
load10000-burst,2,2000,8336,1788849691971991,1788849692229535,257544
load10000-burst,2,2000,8337,1788849691971991,1788849692229568,257577
load10000-burst,2,2000,8338,1788849691971991,1788849692229592,257601
load10000-burst,2,2000,8339,1788849691971991,1788849692229615,257624
load10000-burst,2,2000,8340,1788849691971991,1788849692229637,257646
load10000-burst,2,2000,8341,1788849691971991,1788849692229661,257670
load10000-burst,2,2000,8342,1788849691971991,1788849692229684,257693
load10000-burst,2,2000,8343,1788849691971991,1788849692229707,257716
load10000-burst,2,2000,8344,1788849691971991,1788849692229732,257741
load10000-burst,2,2000,8345,1788849691971991,1788849692229767,257776
load10000-burst,2,2000,8346,1788849691971991,1788849692229807,257816
load10000-burst,2,2000,8347,1788849691971991,1788849692229835,257844
load10000-burst,2,2000,8348,1788849691971991,1788849692229864,257873
load10000-burst,2,2000,8349,1788849691971991,1788849692229891,257900
load10000-burst,2,2000,8350,1788849691971991,1788849692229921,257930
load10000-burst,2,2000,8351,1788849691971991,1788849692229969,257978
load10000-burst,2,2000,8352,1788849691971991,1788849692229992,258001
load10000-burst,2,2000,8353,1788849691971991,1788849692230015,258024
load10000-burst,2,2000,8354,1788849691971991,1788849692230037,258046
load10000-burst,2,2000,8355,1788849691971991,1788849692230058,258067
load10000-burst,2,2000,8356,1788849691971991,1788849692230093,258102
load10000-burst,2,2000,8357,1788849691971991,1788849692230132,258141
load10000-burst,2,2000,8358,1788849691971991,1788849692230162,258171
load10000-burst,2,2000,8359,1788849691971991,1788849692230185,258194
load10000-burst,2,2000,8360,1788849691971991,1788849692230215,258224
load10000-burst,2,2000,8361,1788849691971991,1788849692230270,258279
load10000-burst,2,2000,8362,1788849691971991,1788849692230295,258304
load10000-burst,2,2000,8363,1788849691971991,1788849692230318,258327
load10000-burst,2,2000,8364,1788849691971991,1788849692230341,258350
load10000-burst,2,2000,8365,1788849691971991,1788849692230363,258372
load10000-burst,2,2000,8366,1788849691971991,1788849692230385,258394
load10000-burst,2,2000,8367,1788849691971991,1788849692230418,258427
load10000-burst,2,2000,8368,1788849691971991,1788849692230461,258470
load10000-burst,2,2000,8369,1788849691971991,1788849692230492,258501
load10000-burst,2,2000,8370,1788849691971991,1788849692230518,258527
load10000-burst,2,2000,8371,1788849691971991,1788849692230542,258551
load10000-burst,2,2000,8372,1788849691971991,1788849692230571,258580
load10000-burst,2,2000,8373,1788849691971991,1788849692230605,258614
load10000-burst,2,2000,8374,1788849691971991,1788849692230629,258638
load10000-burst,2,2000,8375,1788849691971991,1788849692230652,258661
load10000-burst,2,2000,8376,1788849691971991,1788849692230681,258690
load10000-burst,2,2000,8377,1788849691971991,1788849692230709,258718
load10000-burst,2,2000,8378,1788849691971991,1788849692230749,258758
load10000-burst,2,2000,8379,1788849691971991,1788849692230775,258784
load10000-burst,2,2000,8380,1788849691971991,1788849692230798,258807
load10000-burst,2,2000,8381,1788849691971991,1788849692230828,258837
load10000-burst,2,2000,8382,1788849691971991,1788849692230853,258862
load10000-burst,2,2000,8383,1788849691971991,1788849692230875,258884
load10000-burst,2,2000,8384,1788849691971991,1788849692230898,258907
load10000-burst,2,2000,8385,1788849691971991,1788849692230932,258941
load10000-burst,2,2000,8386,1788849691971991,1788849692230958,258967
load10000-burst,2,2000,8387,1788849691971991,1788849692230982,258991
load10000-burst,2,2000,8388,1788849691971991,1788849692231005,259014
load10000-burst,2,2000,8389,1788849691971991,1788849692231031,259040
load10000-burst,2,2000,8390,1788849691971991,1788849692231060,259069
load10000-burst,2,2000,8391,1788849691971991,1788849692231097,259106
load10000-burst,2,2000,8392,1788849691971991,1788849692231124,259133
load10000-burst,2,2000,8393,1788849691971991,1788849692231154,259163
load10000-burst,2,2000,8394,1788849691971991,1788849692231183,259192
load10000-burst,2,2000,8395,1788849691971991,1788849692231206,259215
load10000-burst,2,2000,8396,1788849691971991,1788849692231250,259259
load10000-burst,2,2000,8397,1788849691971991,1788849692231274,259283
load10000-burst,2,2000,8398,1788849691971991,1788849692231296,259305
load10000-burst,2,2000,8399,1788849691971991,1788849692231320,259329
load10000-burst,2,2000,8400,1788849691971991,1788849692231342,259351
load10000-burst,2,2000,8401,1788849691971991,1788849692231365,259374
load10000-burst,2,2000,8402,1788849691971991,1788849692231390,259399
load10000-burst,2,2000,8403,1788849691971991,1788849692231426,259435
load10000-burst,2,2000,8404,1788849691971991,1788849692231451,259460
load10000-burst,2,2000,8405,1788849691971991,1788849692231474,259483
load10000-burst,2,2000,8406,1788849691971991,1788849692231497,259506
load10000-burst,2,2000,8407,1788849691971991,1788849692231519,259528
load10000-burst,2,2000,8408,1788849691971991,1788849692231541,259550
load10000-burst,2,2000,8409,1788849691971991,1788849692231572,259581
load10000-burst,2,2000,8410,1788849691971991,1788849692231606,259615
load10000-burst,2,2000,8411,1788849691971991,1788849692231631,259640
load10000-burst,2,2000,8412,1788849691971991,1788849692231654,259663
load10000-burst,2,2000,8413,1788849691971991,1788849692231695,259704
load10000-burst,2,2000,8414,1788849691971991,1788849692231719,259728
load10000-burst,2,2000,8415,1788849691971991,1788849692231739,259748
load10000-burst,2,2000,8416,1788849691971991,1788849692231767,259776
load10000-burst,2,2000,8417,1788849691971991,1788849692231808,259817
load10000-burst,2,2000,8418,1788849691971991,1788849692231834,259843
load10000-burst,2,2000,8419,1788849691971991,1788849692231857,259866
load10000-burst,2,2000,8420,1788849691971991,1788849692231888,259897
load10000-burst,2,2000,8421,1788849691971991,1788849692231913,259922
load10000-burst,2,2000,8422,1788849691971991,1788849692231937,259946
load10000-burst,2,2000,8423,1788849691971991,1788849692231966,259975
load10000-burst,2,2000,8424,1788849691971991,1788849692231997,260006
load10000-burst,2,2000,8425,1788849691971991,1788849692232021,260030
load10000-burst,2,2000,8426,1788849691971991,1788849692232045,260054
load10000-burst,2,2000,8427,1788849691971991,1788849692232064,260073
load10000-burst,2,2000,8428,1788849691971991,1788849692232083,260092
load10000-burst,2,2000,8429,1788849691971991,1788849692232116,260125
load10000-burst,2,2000,8430,1788849691971991,1788849692232159,260168
load10000-burst,2,2000,8431,1788849691971991,1788849692232190,260199
load10000-burst,2,2000,8432,1788849691971991,1788849692232219,260228
load10000-burst,2,2000,8433,1788849691971991,1788849692232242,260251
load10000-burst,2,2000,8434,1788849691971991,1788849692232265,260274
load10000-burst,2,2000,8435,1788849691971991,1788849692232291,260300
load10000-burst,2,2000,8436,1788849691971991,1788849692232315,260324
load10000-burst,2,2000,8437,1788849691971991,1788849692232339,260348
load10000-burst,2,2000,8438,1788849691971991,1788849692232371,260380
load10000-burst,2,2000,8439,1788849691971991,1788849692232417,260426
load10000-burst,2,2000,8440,1788849691971991,1788849692232452,260461
load10000-burst,2,2000,8441,1788849691971991,1788849692232484,260493
load10000-burst,2,2000,8442,1788849691971991,1788849692232510,260519
load10000-burst,2,2000,8443,1788849691971991,1788849692232534,260543
load10000-burst,2,2000,8444,1788849691971991,1788849692232564,260573
load10000-burst,2,2000,8445,1788849691971991,1788849692232596,260605
load10000-burst,2,2000,8446,1788849691971991,1788849692232629,260638
load10000-burst,2,2000,8447,1788849691971991,1788849692232657,260666
load10000-burst,2,2000,8448,1788849691971991,1788849692232699,260708
load10000-burst,2,2000,8449,1788849691971991,1788849692232725,260734
load10000-burst,2,2000,8450,1788849691971991,1788849692232748,260757
load10000-burst,2,2000,8451,1788849691971991,1788849692232771,260780
load10000-burst,2,2000,8452,1788849691971991,1788849692232801,260810
load10000-burst,2,2000,8453,1788849691971991,1788849692232831,260840
load10000-burst,2,2000,8454,1788849691971991,1788849692232856,260865
load10000-burst,2,2000,8455,1788849691971991,1788849692232882,260891
load10000-burst,2,2000,8456,1788849691971991,1788849692232909,260918
load10000-burst,2,2000,8457,1788849691971991,1788849692232931,260940
load10000-burst,2,2000,8458,1788849691971991,1788849692232958,260967
load10000-burst,2,2000,8459,1788849691971991,1788849692232981,260990
load10000-burst,2,2000,8460,1788849691971991,1788849692233004,261013
load10000-burst,2,2000,8461,1788849691971991,1788849692233027,261036
load10000-burst,2,2000,8462,1788849691971991,1788849692233056,261065
load10000-burst,2,2000,8463,1788849691971991,1788849692233082,261091
load10000-burst,2,2000,8464,1788849691971991,1788849692233104,261113
load10000-burst,2,2000,8465,1788849691971991,1788849692233139,261148
load10000-burst,2,2000,8466,1788849691971991,1788849692233163,261172
load10000-burst,2,2000,8467,1788849691971991,1788849692233186,261195
load10000-burst,2,2000,8468,1788849691971991,1788849692233208,261217
load10000-burst,2,2000,8469,1788849691971991,1788849692233230,261239
load10000-burst,2,2000,8470,1788849691971991,1788849692233252,261261
load10000-burst,2,2000,8471,1788849691971991,1788849692233274,261283
load10000-burst,2,2000,8472,1788849691971991,1788849692233313,261322
load10000-burst,2,2000,8473,1788849691971991,1788849692233346,261355
load10000-burst,2,2000,8474,1788849691971991,1788849692233371,261380
load10000-burst,2,2000,8475,1788849691971991,1788849692233401,261410
load10000-burst,2,2000,8476,1788849691971991,1788849692233428,261437
load10000-burst,2,2000,8477,1788849691971991,1788849692233451,261460
load10000-burst,2,2000,8478,1788849691971991,1788849692233474,261483
load10000-burst,2,2000,8479,1788849691971991,1788849692233496,261505
load10000-burst,2,2000,8480,1788849691971991,1788849692233519,261528
load10000-burst,2,2000,8481,1788849691971991,1788849692233542,261551
load10000-burst,2,2000,8482,1788849691971991,1788849692233580,261589
load10000-burst,2,2000,8483,1788849691971991,1788849692233604,261613
load10000-burst,2,2000,8484,1788849691971991,1788849692233626,261635
load10000-burst,2,2000,8485,1788849691971991,1788849692233649,261658
load10000-burst,2,2000,8486,1788849691971991,1788849692233671,261680
load10000-burst,2,2000,8487,1788849691971991,1788849692233694,261703
load10000-burst,2,2000,8488,1788849691971991,1788849692233716,261725
load10000-burst,2,2000,8489,1788849691971991,1788849692233753,261762
load10000-burst,2,2000,8490,1788849691971991,1788849692233798,261807
load10000-burst,2,2000,8491,1788849691971991,1788849692233827,261836
load10000-burst,2,2000,8492,1788849691971991,1788849692233850,261859
load10000-burst,2,2000,8493,1788849691971991,1788849692233873,261882
load10000-burst,2,2000,8494,1788849691971991,1788849692233895,261904
load10000-burst,2,2000,8495,1788849691971991,1788849692233917,261926
load10000-burst,2,2000,8496,1788849691971991,1788849692233939,261948
load10000-burst,2,2000,8497,1788849691971991,1788849692233973,261982
load10000-burst,2,2000,8498,1788849691971991,1788849692234010,262019
load10000-burst,2,2000,8499,1788849691971991,1788849692234028,262037
load10000-burst,2,2000,8500,1788849691971991,1788849692234071,262080
load10000-burst,2,2000,8501,1788849691971991,1788849692234095,262104
load10000-burst,2,2000,8502,1788849691971991,1788849692234119,262128
load10000-burst,2,2000,8503,1788849691971991,1788849692234151,262160
load10000-burst,2,2000,8504,1788849691971991,1788849692234183,262192
load10000-burst,2,2000,8505,1788849691971991,1788849692234218,262227
load10000-burst,2,2000,8506,1788849691971991,1788849692234250,262259
load10000-burst,2,2000,8507,1788849691971991,1788849692234293,262302
load10000-burst,2,2000,8508,1788849691971991,1788849692234369,262378
load10000-burst,2,2000,8509,1788849691971991,1788849692234413,262422
load10000-burst,2,2000,8510,1788849691971991,1788849692234458,262467
load10000-burst,2,2000,8511,1788849691971991,1788849692234481,262490
load10000-burst,2,2000,8512,1788849691971991,1788849692234514,262523
load10000-burst,2,2000,8513,1788849691971991,1788849692234566,262575
load10000-burst,2,2000,8514,1788849691971991,1788849692234638,262647
load10000-burst,2,2000,8515,1788849691971991,1788849692234670,262679
load10000-burst,2,2000,8516,1788849691971991,1788849692234702,262711
load10000-burst,2,2000,8517,1788849691971991,1788849692234748,262757
load10000-burst,2,2000,8518,1788849691971991,1788849692234773,262782
load10000-burst,2,2000,8519,1788849691971991,1788849692234797,262806
load10000-burst,2,2000,8520,1788849691971991,1788849692234831,262840
load10000-burst,2,2000,8521,1788849691971991,1788849692234859,262868
load10000-burst,2,2000,8522,1788849691971991,1788849692234889,262898
load10000-burst,2,2000,8523,1788849691971991,1788849692234928,262937
load10000-burst,2,2000,8524,1788849691971991,1788849692234959,262968
load10000-burst,2,2000,8525,1788849691971991,1788849692234989,262998
load10000-burst,2,2000,8526,1788849691971991,1788849692235015,263024
load10000-burst,2,2000,8527,1788849691971991,1788849692235039,263048
load10000-burst,2,2000,8528,1788849691971991,1788849692235061,263070
load10000-burst,2,2000,8529,1788849691971991,1788849692235085,263094
load10000-burst,2,2000,8530,1788849691971991,1788849692235108,263117
load10000-burst,2,2000,8531,1788849691971991,1788849692235131,263140
load10000-burst,2,2000,8532,1788849691971991,1788849692235164,263173
load10000-burst,2,2000,8533,1788849691971991,1788849692235189,263198
load10000-burst,2,2000,8534,1788849691971991,1788849692235230,263239
load10000-burst,2,2000,8535,1788849691971991,1788849692235286,263295
load10000-burst,2,2000,8536,1788849691971991,1788849692235319,263328
load10000-burst,2,2000,8537,1788849691971991,1788849692235350,263359
load10000-burst,2,2000,8538,1788849691971991,1788849692235375,263384
load10000-burst,2,2000,8539,1788849691971991,1788849692235399,263408
load10000-burst,2,2000,8540,1788849691971991,1788849692235422,263431
load10000-burst,2,2000,8541,1788849691971991,1788849692235445,263454
load10000-burst,2,2000,8542,1788849691971991,1788849692235476,263485
load10000-burst,2,2000,8543,1788849691971991,1788849692235503,263512
load10000-burst,2,2000,8544,1788849691971991,1788849692235532,263541
load10000-burst,2,2000,8545,1788849691971991,1788849692235565,263574
load10000-burst,2,2000,8546,1788849691971991,1788849692235605,263614
load10000-burst,2,2000,8547,1788849691971991,1788849692235658,263667
load10000-burst,2,2000,8548,1788849691971991,1788849692235704,263713
load10000-burst,2,2000,8549,1788849691971991,1788849692235737,263746
load10000-burst,2,2000,8550,1788849691971991,1788849692235763,263772
load10000-burst,2,2000,8551,1788849691971991,1788849692235793,263802
load10000-burst,2,2000,8552,1788849691971991,1788849692235840,263849
load10000-burst,2,2000,8553,1788849691971991,1788849692235884,263893
load10000-burst,2,2000,8554,1788849691971991,1788849692235936,263945
load10000-burst,2,2000,8555,1788849691971991,1788849692235964,263973
load10000-burst,2,2000,8556,1788849691971991,1788849692235994,264003
load10000-burst,2,2000,8557,1788849691971991,1788849692236025,264034
load10000-burst,2,2000,8558,1788849691971991,1788849692236048,264057
load10000-burst,2,2000,8559,1788849691971991,1788849692236072,264081
load10000-burst,2,2000,8560,1788849691971991,1788849692236095,264104
load10000-burst,2,2000,8561,1788849691971991,1788849692236118,264127
load10000-burst,2,2000,8562,1788849691971991,1788849692236140,264149
load10000-burst,2,2000,8563,1788849691971991,1788849692236162,264171
load10000-burst,2,2000,8564,1788849691971991,1788849692236184,264193
load10000-burst,2,2000,8565,1788849691971991,1788849692236208,264217
load10000-burst,2,2000,8566,1788849691971991,1788849692236227,264236
load10000-burst,2,2000,8567,1788849691971991,1788849692236255,264264
load10000-burst,2,2000,8568,1788849691971991,1788849692236290,264299
load10000-burst,2,2000,8569,1788849691971991,1788849692236346,264355
load10000-burst,2,2000,8570,1788849691971991,1788849692236373,264382
load10000-burst,2,2000,8571,1788849691971991,1788849692236397,264406
load10000-burst,2,2000,8572,1788849691971991,1788849692236420,264429
load10000-burst,2,2000,8573,1788849691971991,1788849692236443,264452
load10000-burst,2,2000,8574,1788849691971991,1788849692236467,264476
load10000-burst,2,2000,8575,1788849691971991,1788849692236489,264498
load10000-burst,2,2000,8576,1788849691971991,1788849692236521,264530
load10000-burst,2,2000,8577,1788849691971991,1788849692236549,264558
load10000-burst,2,2000,8578,1788849691971991,1788849692236588,264597
load10000-burst,2,2000,8579,1788849691971991,1788849692236630,264639
load10000-burst,2,2000,8580,1788849691971991,1788849692236660,264669
load10000-burst,2,2000,8581,1788849691971991,1788849692236690,264699
load10000-burst,2,2000,8582,1788849691971991,1788849692236718,264727
load10000-burst,2,2000,8583,1788849691971991,1788849692236748,264757
load10000-burst,2,2000,8584,1788849691971991,1788849692236775,264784
load10000-burst,2,2000,8585,1788849691971991,1788849692236804,264813
load10000-burst,2,2000,8586,1788849691971991,1788849692236844,264853
load10000-burst,2,2000,8587,1788849691971991,1788849692236898,264907
load10000-burst,2,2000,8588,1788849691971991,1788849692236968,264977
load10000-burst,2,2000,8589,1788849691971991,1788849692237003,265012
load10000-burst,2,2000,8590,1788849691971991,1788849692237030,265039
load10000-burst,2,2000,8591,1788849691971991,1788849692237060,265069
load10000-burst,2,2000,8592,1788849691971991,1788849692237085,265094
load10000-burst,2,2000,8593,1788849691971991,1788849692237107,265116
load10000-burst,2,2000,8594,1788849691971991,1788849692237132,265141
load10000-burst,2,2000,8595,1788849691971991,1788849692237162,265171
load10000-burst,2,2000,8596,1788849691971991,1788849692237196,265205
load10000-burst,2,2000,8597,1788849691971991,1788849692237231,265240
load10000-burst,2,2000,8598,1788849691971991,1788849692237262,265271
load10000-burst,2,2000,8599,1788849691971991,1788849692237293,265302
load10000-burst,2,2000,8600,1788849691971991,1788849692237329,265338
load10000-burst,2,2000,8601,1788849691971991,1788849692237358,265367
load10000-burst,2,2000,8602,1788849691971991,1788849692237388,265397
load10000-burst,2,2000,8603,1788849691971991,1788849692237412,265421
load10000-burst,2,2000,8604,1788849691971991,1788849692237468,265477
load10000-burst,2,2000,8605,1788849691971991,1788849692237502,265511
load10000-burst,2,2000,8606,1788849691971991,1788849692237540,265549
load10000-burst,2,2000,8607,1788849691971991,1788849692237584,265593
load10000-burst,2,2000,8608,1788849691971991,1788849692237614,265623
load10000-burst,2,2000,8609,1788849691971991,1788849692237637,265646
load10000-burst,2,2000,8610,1788849691971991,1788849692237660,265669
load10000-burst,2,2000,8611,1788849691971991,1788849692237684,265693
load10000-burst,2,2000,8612,1788849691971991,1788849692237707,265716
load10000-burst,2,2000,8613,1788849691971991,1788849692237729,265738
load10000-burst,2,2000,8614,1788849691971991,1788849692237751,265760
load10000-burst,2,2000,8615,1788849691971991,1788849692237773,265782
load10000-burst,2,2000,8616,1788849691971991,1788849692237795,265804
load10000-burst,2,2000,8617,1788849691971991,1788849692237818,265827
load10000-burst,2,2000,8618,1788849691971991,1788849692237838,265847
load10000-burst,2,2000,8619,1788849691971991,1788849692237868,265877
load10000-burst,2,2000,8620,1788849691971991,1788849692237896,265905
load10000-burst,2,2000,8621,1788849691971991,1788849692237920,265929
load10000-burst,2,2000,8622,1788849691971991,1788849692237943,265952
load10000-burst,2,2000,8623,1788849691971991,1788849692237966,265975
load10000-burst,2,2000,8624,1788849691971991,1788849692237988,265997
load10000-burst,2,2000,8625,1788849691971991,1788849692238011,266020
load10000-burst,2,2000,8626,1788849691971991,1788849692238033,266042
load10000-burst,2,2000,8627,1788849691971991,1788849692238056,266065
load10000-burst,2,2000,8628,1788849691971991,1788849692238079,266088
load10000-burst,2,2000,8629,1788849691971991,1788849692238102,266111
load10000-burst,2,2000,8630,1788849691971991,1788849692238133,266142
load10000-burst,2,2000,8631,1788849691971991,1788849692238169,266178
load10000-burst,2,2000,8632,1788849691971991,1788849692238206,266215
load10000-burst,2,2000,8633,1788849691971991,1788849692238239,266248
load10000-burst,2,2000,8634,1788849691971991,1788849692238265,266274
load10000-burst,2,2000,8635,1788849691971991,1788849692238289,266298
load10000-burst,2,2000,8636,1788849691971991,1788849692238311,266320
load10000-burst,2,2000,8637,1788849691971991,1788849692238333,266342
load10000-burst,2,2000,8638,1788849691971991,1788849692238356,266365
load10000-burst,2,2000,8639,1788849691971991,1788849692238380,266389
load10000-burst,2,2000,8640,1788849691971991,1788849692238403,266412
load10000-burst,2,2000,8641,1788849691971991,1788849692238425,266434
load10000-burst,2,2000,8642,1788849691971991,1788849692238447,266456
load10000-burst,2,2000,8643,1788849691971991,1788849692238470,266479
load10000-burst,2,2000,8644,1788849691971991,1788849692238500,266509
load10000-burst,2,2000,8645,1788849691971991,1788849692238534,266543
load10000-burst,2,2000,8646,1788849691971991,1788849692238561,266570
load10000-burst,2,2000,8647,1788849691971991,1788849692238599,266608
load10000-burst,2,2000,8648,1788849691971991,1788849692238640,266649
load10000-burst,2,2000,8649,1788849691971991,1788849692238664,266673
load10000-burst,2,2000,8650,1788849691971991,1788849692238687,266696
load10000-burst,2,2000,8651,1788849691971991,1788849692238718,266727
load10000-burst,2,2000,8652,1788849691971991,1788849692238741,266750
load10000-burst,2,2000,8653,1788849691971991,1788849692238763,266772
load10000-burst,2,2000,8654,1788849691971991,1788849692238786,266795
load10000-burst,2,2000,8655,1788849691971991,1788849692238815,266824
load10000-burst,2,2000,8656,1788849691971991,1788849692238857,266866
load10000-burst,2,2000,8657,1788849691971991,1788849692238888,266897
load10000-burst,2,2000,8658,1788849691971991,1788849692238919,266928
load10000-burst,2,2000,8659,1788849691971991,1788849692238951,266960
load10000-burst,2,2000,8660,1788849691971991,1788849692238979,266988
load10000-burst,2,2000,8661,1788849691971991,1788849692239009,267018
load10000-burst,2,2000,8662,1788849691971991,1788849692239037,267046
load10000-burst,2,2000,8663,1788849691971991,1788849692239067,267076
load10000-burst,2,2000,8664,1788849691971991,1788849692239093,267102
load10000-burst,2,2000,8665,1788849691971991,1788849692239124,267133
load10000-burst,2,2000,8666,1788849691971991,1788849692239147,267156
load10000-burst,2,2000,8667,1788849691971991,1788849692239170,267179
load10000-burst,2,2000,8668,1788849691971991,1788849692239205,267214
load10000-burst,2,2000,8669,1788849691971991,1788849692239241,267250
load10000-burst,2,2000,8670,1788849691971991,1788849692239272,267281
load10000-burst,2,2000,8671,1788849691971991,1788849692239298,267307
load10000-burst,2,2000,8672,1788849691971991,1788849692239320,267329
load10000-burst,2,2000,8673,1788849691971991,1788849692239344,267353
load10000-burst,2,2000,8674,1788849691971991,1788849692239367,267376
load10000-burst,2,2000,8675,1788849691971991,1788849692239390,267399
load10000-burst,2,2000,8676,1788849691971991,1788849692239413,267422
load10000-burst,2,2000,8677,1788849691971991,1788849692239437,267446
load10000-burst,2,2000,8678,1788849691971991,1788849692239470,267479
load10000-burst,2,2000,8679,1788849691971991,1788849692239493,267502
load10000-burst,2,2000,8680,1788849691971991,1788849692239526,267535
load10000-burst,2,2000,8681,1788849691971991,1788849692239559,267568
load10000-burst,2,2000,8682,1788849691971991,1788849692239589,267598
load10000-burst,2,2000,8683,1788849691971991,1788849692239615,267624
load10000-burst,2,2000,8684,1788849691971991,1788849692239644,267653
load10000-burst,2,2000,8685,1788849691971991,1788849692239673,267682
load10000-burst,2,2000,8686,1788849691971991,1788849692239696,267705
load10000-burst,2,2000,8687,1788849691971991,1788849692239718,267727
load10000-burst,2,2000,8688,1788849691971991,1788849692239740,267749
load10000-burst,2,2000,8689,1788849691971991,1788849692239773,267782
load10000-burst,2,2000,8690,1788849691971991,1788849692239810,267819
load10000-burst,2,2000,8691,1788849691971991,1788849692239851,267860
load10000-burst,2,2000,8692,1788849691971991,1788849692239879,267888
load10000-burst,2,2000,8693,1788849691971991,1788849692239902,267911
load10000-burst,2,2000,8694,1788849691971991,1788849692239924,267933
load10000-burst,2,2000,8695,1788849691971991,1788849692239948,267957
load10000-burst,2,2000,8696,1788849691971991,1788849692239970,267979
load10000-burst,2,2000,8697,1788849691971991,1788849692239994,268003
load10000-burst,2,2000,8698,1788849691971991,1788849692240017,268026
load10000-burst,2,2000,8699,1788849691971991,1788849692240040,268049
load10000-burst,2,2000,8700,1788849691971991,1788849692240062,268071
load10000-burst,2,2000,8701,1788849691971991,1788849692240084,268093
load10000-burst,2,2000,8702,1788849691971991,1788849692240116,268125
load10000-burst,2,2000,8703,1788849691971991,1788849692240144,268153
load10000-burst,2,2000,8704,1788849691971991,1788849692240168,268177
load10000-burst,2,2000,8705,1788849691971991,1788849692240203,268212
load10000-burst,2,2000,8706,1788849691971991,1788849692240237,268246
load10000-burst,2,2000,8707,1788849691971991,1788849692240268,268277
load10000-burst,2,2000,8708,1788849691971991,1788849692240297,268306
load10000-burst,2,2000,8709,1788849691971991,1788849692240327,268336
load10000-burst,2,2000,8710,1788849691971991,1788849692240353,268362
load10000-burst,2,2000,8711,1788849691971991,1788849692240382,268391
load10000-burst,2,2000,8712,1788849691971991,1788849692240406,268415
load10000-burst,2,2000,8713,1788849691971991,1788849692240437,268446
load10000-burst,2,2000,8714,1788849691971991,1788849692240457,268466
load10000-burst,2,2000,8715,1788849691971991,1788849692240476,268485
load10000-burst,2,2000,8716,1788849691971991,1788849692240513,268522
load10000-burst,2,2000,8717,1788849691971991,1788849692240539,268548
load10000-burst,2,2000,8718,1788849691971991,1788849692240559,268568
load10000-burst,2,2000,8719,1788849691971991,1788849692240582,268591
load10000-burst,2,2000,8720,1788849691971991,1788849692240613,268622
load10000-burst,2,2000,8721,1788849691971991,1788849692240649,268658
load10000-burst,2,2000,8722,1788849691971991,1788849692240674,268683
load10000-burst,2,2000,8723,1788849691971991,1788849692240698,268707
load10000-burst,2,2000,8724,1788849691971991,1788849692240726,268735
load10000-burst,2,2000,8725,1788849691971991,1788849692240752,268761
load10000-burst,2,2000,8726,1788849691971991,1788849692240776,268785
load10000-burst,2,2000,8727,1788849691971991,1788849692240811,268820
load10000-burst,2,2000,8728,1788849691971991,1788849692240871,268880
load10000-burst,2,2000,8729,1788849691971991,1788849692240903,268912
load10000-burst,2,2000,8730,1788849691971991,1788849692240926,268935
load10000-burst,2,2000,8731,1788849691971991,1788849692240956,268965
load10000-burst,2,2000,8732,1788849691971991,1788849692240985,268994
load10000-burst,2,2000,8733,1788849691971991,1788849692241009,269018
load10000-burst,2,2000,8734,1788849691971991,1788849692241031,269040
load10000-burst,2,2000,8735,1788849691971991,1788849692241060,269069
load10000-burst,2,2000,8736,1788849691971991,1788849692241085,269094
load10000-burst,2,2000,8737,1788849691971991,1788849692241107,269116
load10000-burst,2,2000,8738,1788849691971991,1788849692241130,269139
load10000-burst,2,2000,8739,1788849691971991,1788849692241152,269161
load10000-burst,2,2000,8740,1788849691971991,1788849692241176,269185
load10000-burst,2,2000,8741,1788849691971991,1788849692241205,269214
load10000-burst,2,2000,8742,1788849691971991,1788849692241237,269246
load10000-burst,2,2000,8743,1788849691971991,1788849692241272,269281
load10000-burst,2,2000,8744,1788849691971991,1788849692241303,269312
load10000-burst,2,2000,8745,1788849691971991,1788849692241330,269339
load10000-burst,2,2000,8746,1788849691971991,1788849692241353,269362
load10000-burst,2,2000,8747,1788849691971991,1788849692241374,269383
load10000-burst,2,2000,8748,1788849691971991,1788849692241397,269406
load10000-burst,2,2000,8749,1788849691971991,1788849692241414,269423
load10000-burst,2,2000,8750,1788849691971991,1788849692241434,269443
load10000-burst,2,2000,8751,1788849691971991,1788849692241457,269466
load10000-burst,2,2000,8752,1788849691971991,1788849692241488,269497
load10000-burst,2,2000,8753,1788849691971991,1788849692241517,269526
load10000-burst,2,2000,8754,1788849691971991,1788849692241546,269555
load10000-burst,2,2000,8755,1788849691971991,1788849692241572,269581
load10000-burst,2,2000,8756,1788849691971991,1788849692241595,269604
load10000-burst,2,2000,8757,1788849691971991,1788849692241616,269625
load10000-burst,2,2000,8758,1788849691971991,1788849692241641,269650
load10000-burst,2,2000,8759,1788849691971991,1788849692241665,269674
load10000-burst,2,2000,8760,1788849691971991,1788849692241695,269704
load10000-burst,2,2000,8761,1788849691971991,1788849692241731,269740
load10000-burst,2,2000,8762,1788849691971991,1788849692241758,269767
load10000-burst,2,2000,8763,1788849691971991,1788849692241782,269791
load10000-burst,2,2000,8764,1788849691971991,1788849692241813,269822
load10000-burst,2,2000,8765,1788849691971991,1788849692241858,269867
load10000-burst,2,2000,8766,1788849691971991,1788849692241894,269903
load10000-burst,2,2000,8767,1788849691971991,1788849692241931,269940
load10000-burst,2,2000,8768,1788849691971991,1788849692241963,269972
load10000-burst,2,2000,8769,1788849691971991,1788849692241988,269997
load10000-burst,2,2000,8770,1788849691971991,1788849692242018,270027
load10000-burst,2,2000,8771,1788849691971991,1788849692242057,270066
load10000-burst,2,2000,8772,1788849691971991,1788849692242102,270111
load10000-burst,2,2000,8773,1788849691971991,1788849692242136,270145
load10000-burst,2,2000,8774,1788849691971991,1788849692242175,270184
load10000-burst,2,2000,8775,1788849691971991,1788849692242203,270212
load10000-burst,2,2000,8776,1788849691971991,1788849692242226,270235
load10000-burst,2,2000,8777,1788849691971991,1788849692242248,270257
load10000-burst,2,2000,8778,1788849691971991,1788849692242272,270281
load10000-burst,2,2000,8779,1788849691971991,1788849692242294,270303
load10000-burst,2,2000,8780,1788849691971991,1788849692242317,270326
load10000-burst,2,2000,8781,1788849691971991,1788849692242338,270347
load10000-burst,2,2000,8782,1788849691971991,1788849692242368,270377
load10000-burst,2,2000,8783,1788849691971991,1788849692242403,270412
load10000-burst,2,2000,8784,1788849691971991,1788849692242453,270462
load10000-burst,2,2000,8785,1788849691971991,1788849692242491,270500
load10000-burst,2,2000,8786,1788849691971991,1788849692242520,270529
load10000-burst,2,2000,8787,1788849691971991,1788849692242549,270558
load10000-burst,2,2000,8788,1788849691971991,1788849692242574,270583
load10000-burst,2,2000,8789,1788849691971991,1788849692242598,270607
load10000-burst,2,2000,8790,1788849691971991,1788849692242627,270636
load10000-burst,2,2000,8791,1788849691971991,1788849692242667,270676
load10000-burst,2,2000,8792,1788849691971991,1788849692242718,270727
load10000-burst,2,2000,8793,1788849691971991,1788849692242746,270755
load10000-burst,2,2000,8794,1788849691971991,1788849692242778,270787
load10000-burst,2,2000,8795,1788849691971991,1788849692242806,270815
load10000-burst,2,2000,8796,1788849691971991,1788849692242829,270838
load10000-burst,2,2000,8797,1788849691971991,1788849692242859,270868
load10000-burst,2,2000,8798,1788849691971991,1788849692242897,270906
load10000-burst,2,2000,8799,1788849691971991,1788849692242925,270934
load10000-burst,2,2000,8800,1788849691971991,1788849692242955,270964
load10000-burst,2,2000,8801,1788849691971991,1788849692242986,270995
load10000-burst,2,2000,8802,1788849691971991,1788849692243007,271016
load10000-burst,2,2000,8803,1788849691971991,1788849692243025,271034
load10000-burst,2,2000,8804,1788849691971991,1788849692243062,271071
load10000-burst,2,2000,8805,1788849691971991,1788849692243091,271100
load10000-burst,2,2000,8806,1788849691971991,1788849692243115,271124
load10000-burst,2,2000,8807,1788849691971991,1788849692243137,271146
load10000-burst,2,2000,8808,1788849691971991,1788849692243160,271169
load10000-burst,2,2000,8809,1788849691971991,1788849692243182,271191
load10000-burst,2,2000,8810,1788849691971991,1788849692243204,271213
load10000-burst,2,2000,8811,1788849691971991,1788849692243226,271235
load10000-burst,2,2000,8812,1788849691971991,1788849692243250,271259
load10000-burst,2,2000,8813,1788849691971991,1788849692243273,271282
load10000-burst,2,2000,8814,1788849691971991,1788849692243295,271304
load10000-burst,2,2000,8815,1788849691971991,1788849692243317,271326
load10000-burst,2,2000,8816,1788849691971991,1788849692243339,271348
load10000-burst,2,2000,8817,1788849691971991,1788849692243362,271371
load10000-burst,2,2000,8818,1788849691971991,1788849692243391,271400
load10000-burst,2,2000,8819,1788849691971991,1788849692243425,271434
load10000-burst,2,2000,8820,1788849691971991,1788849692243454,271463
load10000-burst,2,2000,8821,1788849691971991,1788849692243477,271486
load10000-burst,2,2000,8822,1788849691971991,1788849692243500,271509
load10000-burst,2,2000,8823,1788849691971991,1788849692243522,271531
load10000-burst,2,2000,8824,1788849691971991,1788849692243545,271554
load10000-burst,2,2000,8825,1788849691971991,1788849692243567,271576
load10000-burst,2,2000,8826,1788849691971991,1788849692243590,271599
load10000-burst,2,2000,8827,1788849691971991,1788849692243623,271632
load10000-burst,2,2000,8828,1788849691971991,1788849692243663,271672
load10000-burst,2,2000,8829,1788849691971991,1788849692243707,271716
load10000-burst,2,2000,8830,1788849691971991,1788849692243738,271747
load10000-burst,2,2000,8831,1788849691971991,1788849692243766,271775
load10000-burst,2,2000,8832,1788849691971991,1788849692243789,271798
load10000-burst,2,2000,8833,1788849691971991,1788849692243813,271822
load10000-burst,2,2000,8834,1788849691971991,1788849692243835,271844
load10000-burst,2,2000,8835,1788849691971991,1788849692243860,271869
load10000-burst,2,2000,8836,1788849691971991,1788849692243881,271890
load10000-burst,2,2000,8837,1788849691971991,1788849692243905,271914
load10000-burst,2,2000,8838,1788849691971991,1788849692243928,271937
load10000-burst,2,2000,8839,1788849691971991,1788849692243949,271958
load10000-burst,2,2000,8840,1788849691971991,1788849692243972,271981
load10000-burst,2,2000,8841,1788849691971991,1788849692244001,272010
load10000-burst,2,2000,8842,1788849691971991,1788849692244035,272044
load10000-burst,2,2000,8843,1788849691971991,1788849692244066,272075
load10000-burst,2,2000,8844,1788849691971991,1788849692244087,272096
load10000-burst,2,2000,8845,1788849691971991,1788849692244118,272127
load10000-burst,2,2000,8846,1788849691971991,1788849692244161,272170
load10000-burst,2,2000,8847,1788849691971991,1788849692244195,272204
load10000-burst,2,2000,8848,1788849691971991,1788849692244224,272233
load10000-burst,2,2000,8849,1788849691971991,1788849692244249,272258
load10000-burst,2,2000,8850,1788849691971991,1788849692244274,272283
load10000-burst,2,2000,8851,1788849691971991,1788849692244298,272307
load10000-burst,2,2000,8852,1788849691971991,1788849692244327,272336
load10000-burst,2,2000,8853,1788849691971991,1788849692244353,272362
load10000-burst,2,2000,8854,1788849691971991,1788849692244377,272386
load10000-burst,2,2000,8855,1788849691971991,1788849692244400,272409
load10000-burst,2,2000,8856,1788849691971991,1788849692244422,272431
load10000-burst,2,2000,8857,1788849691971991,1788849692244451,272460
load10000-burst,2,2000,8858,1788849691971991,1788849692244491,272500
load10000-burst,2,2000,8859,1788849691971991,1788849692244537,272546
load10000-burst,2,2000,8860,1788849691971991,1788849692244566,272575
load10000-burst,2,2000,8861,1788849691971991,1788849692244592,272601
load10000-burst,2,2000,8862,1788849691971991,1788849692244622,272631
load10000-burst,2,2000,8863,1788849691971991,1788849692244651,272660
load10000-burst,2,2000,8864,1788849691971991,1788849692244682,272691
load10000-burst,2,2000,8865,1788849691971991,1788849692244714,272723
load10000-burst,2,2000,8866,1788849691971991,1788849692244745,272754
load10000-burst,2,2000,8867,1788849691971991,1788849692244767,272776
load10000-burst,2,2000,8868,1788849691971991,1788849692244785,272794
load10000-burst,2,2000,8869,1788849691971991,1788849692244815,272824
load10000-burst,2,2000,8870,1788849691971991,1788849692244840,272849
load10000-burst,2,2000,8871,1788849691971991,1788849692244871,272880
load10000-burst,2,2000,8872,1788849691971991,1788849692244896,272905
load10000-burst,2,2000,8873,1788849691971991,1788849692244918,272927
load10000-burst,2,2000,8874,1788849691971991,1788849692244940,272949
load10000-burst,2,2000,8875,1788849691971991,1788849692244963,272972
load10000-burst,2,2000,8876,1788849691971991,1788849692244985,272994
load10000-burst,2,2000,8877,1788849691971991,1788849692245007,273016
load10000-burst,2,2000,8878,1788849691971991,1788849692245029,273038
load10000-burst,2,2000,8879,1788849691971991,1788849692245052,273061
load10000-burst,2,2000,8880,1788849691971991,1788849692245069,273078
load10000-burst,2,2000,8881,1788849691971991,1788849692245098,273107
load10000-burst,2,2000,8882,1788849691971991,1788849692245135,273144
load10000-burst,2,2000,8883,1788849691971991,1788849692245168,273177
load10000-burst,2,2000,8884,1788849691971991,1788849692245197,273206
load10000-burst,2,2000,8885,1788849691971991,1788849692245222,273231
load10000-burst,2,2000,8886,1788849691971991,1788849692245246,273255
load10000-burst,2,2000,8887,1788849691971991,1788849692245275,273284
load10000-burst,2,2000,8888,1788849691971991,1788849692245302,273311
load10000-burst,2,2000,8889,1788849691971991,1788849692245380,273389
load10000-burst,2,2000,8890,1788849691971991,1788849692245413,273422
load10000-burst,2,2000,8891,1788849691971991,1788849692245455,273464
load10000-burst,2,2000,8892,1788849691971991,1788849692245497,273506
load10000-burst,2,2000,8893,1788849691971991,1788849692245525,273534
load10000-burst,2,2000,8894,1788849691971991,1788849692245554,273563
load10000-burst,2,2000,8895,1788849691971991,1788849692245579,273588
load10000-burst,2,2000,8896,1788849691971991,1788849692245602,273611
load10000-burst,2,2000,8897,1788849691971991,1788849692245624,273633
load10000-burst,2,2000,8898,1788849691971991,1788849692245646,273655
load10000-burst,2,2000,8899,1788849691971991,1788849692245678,273687
load10000-burst,2,2000,8900,1788849691971991,1788849692245708,273717
load10000-burst,2,2000,8901,1788849691971991,1788849692245731,273740
load10000-burst,2,2000,8902,1788849691971991,1788849692245762,273771
load10000-burst,2,2000,8903,1788849691971991,1788849692245796,273805
load10000-burst,2,2000,8904,1788849691971991,1788849692245828,273837
load10000-burst,2,2000,8905,1788849691971991,1788849692245853,273862
load10000-burst,2,2000,8906,1788849691971991,1788849692245883,273892
load10000-burst,2,2000,8907,1788849691971991,1788849692245907,273916
load10000-burst,2,2000,8908,1788849691971991,1788849692245929,273938
load10000-burst,2,2000,8909,1788849691971991,1788849692245958,273967
load10000-burst,2,2000,8910,1788849691971991,1788849692245982,273991
load10000-burst,2,2000,8911,1788849691971991,1788849692246005,274014
load10000-burst,2,2000,8912,1788849691971991,1788849692246028,274037
load10000-burst,2,2000,8913,1788849691971991,1788849692246058,274067
load10000-burst,2,2000,8914,1788849691971991,1788849692246082,274091
load10000-burst,2,2000,8915,1788849691971991,1788849692246105,274114
load10000-burst,2,2000,8916,1788849691971991,1788849692246177,274186
load10000-burst,2,2000,8917,1788849691971991,1788849692246203,274212
load10000-burst,2,2000,8918,1788849691971991,1788849692246233,274242
load10000-burst,2,2000,8919,1788849691971991,1788849692246267,274276
load10000-burst,2,2000,8920,1788849691971991,1788849692246291,274300
load10000-burst,2,2000,8921,1788849691971991,1788849692246315,274324
load10000-burst,2,2000,8922,1788849691971991,1788849692246337,274346
load10000-burst,2,2000,8923,1788849691971991,1788849692246361,274370
load10000-burst,2,2000,8924,1788849691971991,1788849692246389,274398
load10000-burst,2,2000,8925,1788849691971991,1788849692246421,274430
load10000-burst,2,2000,8926,1788849691971991,1788849692246453,274462
load10000-burst,2,2000,8927,1788849691971991,1788849692246483,274492
load10000-burst,2,2000,8928,1788849691971991,1788849692246514,274523
load10000-burst,2,2000,8929,1788849691971991,1788849692246541,274550
load10000-burst,2,2000,8930,1788849691971991,1788849692246570,274579
load10000-burst,2,2000,8931,1788849691971991,1788849692246599,274608
load10000-burst,2,2000,8932,1788849691971991,1788849692246628,274637
load10000-burst,2,2000,8933,1788849691971991,1788849692246655,274664
load10000-burst,2,2000,8934,1788849691971991,1788849692246700,274709
load10000-burst,2,2000,8935,1788849691971991,1788849692246727,274736
load10000-burst,2,2000,8936,1788849691971991,1788849692246747,274756
load10000-burst,2,2000,8937,1788849691971991,1788849692246768,274777
load10000-burst,2,2000,8938,1788849691971991,1788849692246790,274799
load10000-burst,2,2000,8939,1788849691971991,1788849692246820,274829
load10000-burst,2,2000,8940,1788849691971991,1788849692246851,274860
load10000-burst,2,2000,8941,1788849691971991,1788849692246876,274885
load10000-burst,2,2000,8942,1788849691971991,1788849692246899,274908
load10000-burst,2,2000,8943,1788849691971991,1788849692246922,274931
load10000-burst,2,2000,8944,1788849691971991,1788849692246944,274953
load10000-burst,2,2000,8945,1788849691971991,1788849692246967,274976
load10000-burst,2,2000,8946,1788849691971991,1788849692246989,274998
load10000-burst,2,2000,8947,1788849691971991,1788849692247012,275021
load10000-burst,2,2000,8948,1788849691971991,1788849692247034,275043
load10000-burst,2,2000,8949,1788849691971991,1788849692247056,275065
load10000-burst,2,2000,8950,1788849691971991,1788849692247078,275087
load10000-burst,2,2000,8951,1788849691971991,1788849692247126,275135
load10000-burst,2,2000,8952,1788849691971991,1788849692247172,275181
load10000-burst,2,2000,8953,1788849691971991,1788849692247198,275207
load10000-burst,2,2000,8954,1788849691971991,1788849692247229,275238
load10000-burst,2,2000,8955,1788849691971991,1788849692247267,275276
load10000-burst,2,2000,8956,1788849691971991,1788849692247296,275305
load10000-burst,2,2000,8957,1788849691971991,1788849692247325,275334
load10000-burst,2,2000,8958,1788849691971991,1788849692247351,275360
load10000-burst,2,2000,8959,1788849691971991,1788849692247374,275383
load10000-burst,2,2000,8960,1788849691971991,1788849692247397,275406
load10000-burst,2,2000,8961,1788849691971991,1788849692247419,275428
load10000-burst,2,2000,8962,1788849691971991,1788849692247448,275457
load10000-burst,2,2000,8963,1788849691971991,1788849692247475,275484
load10000-burst,2,2000,8964,1788849691971991,1788849692247493,275502
load10000-burst,2,2000,8965,1788849691971991,1788849692247524,275533
load10000-burst,2,2000,8966,1788849691971991,1788849692247556,275565
load10000-burst,2,2000,8967,1788849691971991,1788849692247587,275596
load10000-burst,2,2000,8968,1788849691971991,1788849692247631,275640
load10000-burst,2,2000,8969,1788849691971991,1788849692247662,275671
load10000-burst,2,2000,8970,1788849691971991,1788849692247689,275698
load10000-burst,2,2000,8971,1788849691971991,1788849692247719,275728
load10000-burst,2,2000,8972,1788849691971991,1788849692247746,275755
load10000-burst,2,2000,8973,1788849691971991,1788849692247773,275782
load10000-burst,2,2000,8974,1788849691971991,1788849692247799,275808
load10000-burst,2,2000,8975,1788849691971991,1788849692247824,275833
load10000-burst,2,2000,8976,1788849691971991,1788849692247847,275856
load10000-burst,2,2000,8977,1788849691971991,1788849692247871,275880
load10000-burst,2,2000,8978,1788849691971991,1788849692247900,275909
load10000-burst,2,2000,8979,1788849691971991,1788849692247925,275934
load10000-burst,2,2000,8980,1788849691971991,1788849692247948,275957
load10000-burst,2,2000,8981,1788849691971991,1788849692247976,275985
load10000-burst,2,2000,8982,1788849691971991,1788849692248000,276009
load10000-burst,2,2000,8983,1788849691971991,1788849692248025,276034
load10000-burst,2,2000,8984,1788849691971991,1788849692248047,276056
load10000-burst,2,2000,8985,1788849691971991,1788849692248069,276078
load10000-burst,2,2000,8986,1788849691971991,1788849692248105,276114
load10000-burst,2,2000,8987,1788849691971991,1788849692248127,276136
load10000-burst,2,2000,8988,1788849691971991,1788849692248151,276160
load10000-burst,2,2000,8989,1788849691971991,1788849692248173,276182
load10000-burst,2,2000,8990,1788849691971991,1788849692248196,276205
load10000-burst,2,2000,8991,1788849691971991,1788849692248224,276233
load10000-burst,2,2000,8992,1788849691971991,1788849692248249,276258
load10000-burst,2,2000,8993,1788849691971991,1788849692248279,276288
load10000-burst,2,2000,8994,1788849691971991,1788849692248303,276312
load10000-burst,2,2000,8995,1788849691971991,1788849692248331,276340
load10000-burst,2,2000,8996,1788849691971991,1788849692248355,276364
load10000-burst,2,2000,8997,1788849691971991,1788849692248381,276390
load10000-burst,2,2000,8998,1788849691971991,1788849692248403,276412
load10000-burst,2,2000,8999,1788849691971991,1788849692248426,276435
load10000-burst,2,2000,9000,1788849691971991,1788849692248455,276464
load10000-burst,2,2000,9001,1788849691971991,1788849692248481,276490
load10000-burst,2,2000,9002,1788849691971991,1788849692248512,276521
load10000-burst,2,2000,9003,1788849691971991,1788849692248578,276587
load10000-burst,2,2000,9004,1788849691971991,1788849692248623,276632
load10000-burst,2,2000,9005,1788849691971991,1788849692248659,276668
load10000-burst,2,2000,9006,1788849691971991,1788849692248683,276692
load10000-burst,2,2000,9007,1788849691971991,1788849692248706,276715
load10000-burst,2,2000,9008,1788849691971991,1788849692248729,276738
load10000-burst,2,2000,9009,1788849691971991,1788849692248758,276767
load10000-burst,2,2000,9010,1788849691971991,1788849692248788,276797
load10000-burst,2,2000,9011,1788849691971991,1788849692248812,276821
load10000-burst,2,2000,9012,1788849691971991,1788849692248841,276850
load10000-burst,2,2000,9013,1788849691971991,1788849692248870,276879
load10000-burst,2,2000,9014,1788849691971991,1788849692248893,276902
load10000-burst,2,2000,9015,1788849691971991,1788849692248916,276925
load10000-burst,2,2000,9016,1788849691971991,1788849692248940,276949
load10000-burst,2,2000,9017,1788849691971991,1788849692248975,276984
load10000-burst,2,2000,9018,1788849691971991,1788849692249011,277020
load10000-burst,2,2000,9019,1788849691971991,1788849692249036,277045
load10000-burst,2,2000,9020,1788849691971991,1788849692249059,277068
load10000-burst,2,2000,9021,1788849691971991,1788849692249102,277111
load10000-burst,2,2000,9022,1788849691971991,1788849692249127,277136
load10000-burst,2,2000,9023,1788849691971991,1788849692249150,277159
load10000-burst,2,2000,9024,1788849691971991,1788849692249178,277187
load10000-burst,2,2000,9025,1788849691971991,1788849692249200,277209
load10000-burst,2,2000,9026,1788849691971991,1788849692249229,277238
load10000-burst,2,2000,9027,1788849691971991,1788849692249278,277287
load10000-burst,2,2000,9028,1788849691971991,1788849692249312,277321
load10000-burst,2,2000,9029,1788849691971991,1788849692249340,277349
load10000-burst,2,2000,9030,1788849691971991,1788849692249365,277374
load10000-burst,2,2000,9031,1788849691971991,1788849692249390,277399
load10000-burst,2,2000,9032,1788849691971991,1788849692249415,277424
load10000-burst,2,2000,9033,1788849691971991,1788849692249440,277449
load10000-burst,2,2000,9034,1788849691971991,1788849692249463,277472
load10000-burst,2,2000,9035,1788849691971991,1788849692249486,277495
load10000-burst,2,2000,9036,1788849691971991,1788849692249517,277526
load10000-burst,2,2000,9037,1788849691971991,1788849692249536,277545
load10000-burst,2,2000,9038,1788849691971991,1788849692249580,277589
load10000-burst,2,2000,9039,1788849691971991,1788849692249612,277621
load10000-burst,2,2000,9040,1788849691971991,1788849692249636,277645
load10000-burst,2,2000,9041,1788849691971991,1788849692249659,277668
load10000-burst,2,2000,9042,1788849691971991,1788849692249680,277689
load10000-burst,2,2000,9043,1788849691971991,1788849692249710,277719
load10000-burst,2,2000,9044,1788849691971991,1788849692249774,277783
load10000-burst,2,2000,9045,1788849691971991,1788849692249829,277838
load10000-burst,2,2000,9046,1788849691971991,1788849692249858,277867
load10000-burst,2,2000,9047,1788849691971991,1788849692249910,277919
load10000-burst,2,2000,9048,1788849691971991,1788849692249978,277987
load10000-burst,2,2000,9049,1788849691971991,1788849692250026,278035
load10000-burst,2,2000,9050,1788849691971991,1788849692250087,278096
load10000-burst,2,2000,9051,1788849691971991,1788849692250129,278138
load10000-burst,2,2000,9052,1788849691971991,1788849692250157,278166
load10000-burst,2,2000,9053,1788849691971991,1788849692250189,278198
load10000-burst,2,2000,9054,1788849691971991,1788849692250217,278226
load10000-burst,2,2000,9055,1788849691971991,1788849692250276,278285
load10000-burst,2,2000,9056,1788849691971991,1788849692250300,278309
load10000-burst,2,2000,9057,1788849691971991,1788849692250320,278329
load10000-burst,2,2000,9058,1788849691971991,1788849692250357,278366
load10000-burst,2,2000,9059,1788849691971991,1788849692250403,278412
load10000-burst,2,2000,9060,1788849691971991,1788849692250436,278445
load10000-burst,2,2000,9061,1788849691971991,1788849692250463,278472
load10000-burst,2,2000,9062,1788849691971991,1788849692250489,278498
load10000-burst,2,2000,9063,1788849691971991,1788849692250513,278522
load10000-burst,2,2000,9064,1788849691971991,1788849692250536,278545
load10000-burst,2,2000,9065,1788849691971991,1788849692250560,278569
load10000-burst,2,2000,9066,1788849691971991,1788849692250584,278593
load10000-burst,2,2000,9067,1788849691971991,1788849692250618,278627
load10000-burst,2,2000,9068,1788849691971991,1788849692250669,278678
load10000-burst,2,2000,9069,1788849691971991,1788849692250698,278707
load10000-burst,2,2000,9070,1788849691971991,1788849692250723,278732
load10000-burst,2,2000,9071,1788849691971991,1788849692250746,278755
load10000-burst,2,2000,9072,1788849691971991,1788849692250777,278786
load10000-burst,2,2000,9073,1788849691971991,1788849692250813,278822
load10000-burst,2,2000,9074,1788849691971991,1788849692250847,278856
load10000-burst,2,2000,9075,1788849691971991,1788849692250899,278908
load10000-burst,2,2000,9076,1788849691971991,1788849692250926,278935
load10000-burst,2,2000,9077,1788849691971991,1788849692250957,278966
load10000-burst,2,2000,9078,1788849691971991,1788849692250994,279003
load10000-burst,2,2000,9079,1788849691971991,1788849692251020,279029
load10000-burst,2,2000,9080,1788849691971991,1788849692251054,279063
load10000-burst,2,2000,9081,1788849691971991,1788849692251081,279090
load10000-burst,2,2000,9082,1788849691971991,1788849692251105,279114
load10000-burst,2,2000,9083,1788849691971991,1788849692251125,279134
load10000-burst,2,2000,9084,1788849691971991,1788849692251152,279161
load10000-burst,2,2000,9085,1788849691971991,1788849692251177,279186
load10000-burst,2,2000,9086,1788849691971991,1788849692251200,279209
load10000-burst,2,2000,9087,1788849691971991,1788849692251224,279233
load10000-burst,2,2000,9088,1788849691971991,1788849692251246,279255
load10000-burst,2,2000,9089,1788849691971991,1788849692251268,279277
load10000-burst,2,2000,9090,1788849691971991,1788849692251291,279300
load10000-burst,2,2000,9091,1788849691971991,1788849692251313,279322
load10000-burst,2,2000,9092,1788849691971991,1788849692251330,279339
load10000-burst,2,2000,9093,1788849691971991,1788849692251355,279364
load10000-burst,2,2000,9094,1788849691971991,1788849692251387,279396
load10000-burst,2,2000,9095,1788849691971991,1788849692251413,279422
load10000-burst,2,2000,9096,1788849691971991,1788849692251443,279452
load10000-burst,2,2000,9097,1788849691971991,1788849692251479,279488
load10000-burst,2,2000,9098,1788849691971991,1788849692251503,279512
load10000-burst,2,2000,9099,1788849691971991,1788849692251526,279535
load10000-burst,2,2000,9100,1788849691971991,1788849692251550,279559
load10000-burst,2,2000,9101,1788849691971991,1788849692251572,279581
load10000-burst,2,2000,9102,1788849691971991,1788849692251595,279604
load10000-burst,2,2000,9103,1788849691971991,1788849692251617,279626
load10000-burst,2,2000,9104,1788849691971991,1788849692251639,279648
load10000-burst,2,2000,9105,1788849691971991,1788849692251671,279680
load10000-burst,2,2000,9106,1788849691971991,1788849692251712,279721
load10000-burst,2,2000,9107,1788849691971991,1788849692251747,279756
load10000-burst,2,2000,9108,1788849691971991,1788849692251773,279782
load10000-burst,2,2000,9109,1788849691971991,1788849692251796,279805
load10000-burst,2,2000,9110,1788849691971991,1788849692251819,279828
load10000-burst,2,2000,9111,1788849691971991,1788849692251841,279850
load10000-burst,2,2000,9112,1788849691971991,1788849692251863,279872
load10000-burst,2,2000,9113,1788849691971991,1788849692251885,279894
load10000-burst,2,2000,9114,1788849691971991,1788849692251917,279926
load10000-burst,2,2000,9115,1788849691971991,1788849692251961,279970
load10000-burst,2,2000,9116,1788849691971991,1788849692251997,280006
load10000-burst,2,2000,9117,1788849691971991,1788849692252040,280049
load10000-burst,2,2000,9118,1788849691971991,1788849692252072,280081
load10000-burst,2,2000,9119,1788849691971991,1788849692252105,280114
load10000-burst,2,2000,9120,1788849691971991,1788849692252131,280140
load10000-burst,2,2000,9121,1788849691971991,1788849692252154,280163
load10000-burst,2,2000,9122,1788849691971991,1788849692252183,280192
load10000-burst,2,2000,9123,1788849691971991,1788849692252212,280221
load10000-burst,2,2000,9124,1788849691971991,1788849692252241,280250
load10000-burst,2,2000,9125,1788849691971991,1788849692252270,280279
load10000-burst,2,2000,9126,1788849691971991,1788849692252301,280310
load10000-burst,2,2000,9127,1788849691971991,1788849692252329,280338
load10000-burst,2,2000,9128,1788849691971991,1788849692252347,280356
load10000-burst,2,2000,9129,1788849691971991,1788849692252365,280374
load10000-burst,2,2000,9130,1788849691971991,1788849692252389,280398
load10000-burst,2,2000,9131,1788849691971991,1788849692252411,280420
load10000-burst,2,2000,9132,1788849691971991,1788849692252435,280444
load10000-burst,2,2000,9133,1788849691971991,1788849692252457,280466
load10000-burst,2,2000,9134,1788849691971991,1788849692252480,280489
load10000-burst,2,2000,9135,1788849691971991,1788849692252508,280517
load10000-burst,2,2000,9136,1788849691971991,1788849692252532,280541
load10000-burst,2,2000,9137,1788849691971991,1788849692252562,280571
load10000-burst,2,2000,9138,1788849691971991,1788849692252593,280602
load10000-burst,2,2000,9139,1788849691971991,1788849692252623,280632
load10000-burst,2,2000,9140,1788849691971991,1788849692252656,280665
load10000-burst,2,2000,9141,1788849691971991,1788849692252683,280692
load10000-burst,2,2000,9142,1788849691971991,1788849692252715,280724
load10000-burst,2,2000,9143,1788849691971991,1788849692252750,280759
load10000-burst,2,2000,9144,1788849691971991,1788849692252782,280791
load10000-burst,2,2000,9145,1788849691971991,1788849692252810,280819
load10000-burst,2,2000,9146,1788849691971991,1788849692252841,280850
load10000-burst,2,2000,9147,1788849691971991,1788849692252878,280887
load10000-burst,2,2000,9148,1788849691971991,1788849692252903,280912
load10000-burst,2,2000,9149,1788849691971991,1788849692252928,280937
load10000-burst,2,2000,9150,1788849691971991,1788849692252951,280960
load10000-burst,2,2000,9151,1788849691971991,1788849692252983,280992
load10000-burst,2,2000,9152,1788849691971991,1788849692253001,281010
load10000-burst,2,2000,9153,1788849691971991,1788849692253030,281039
load10000-burst,2,2000,9154,1788849691971991,1788849692253070,281079
load10000-burst,2,2000,9155,1788849691971991,1788849692253099,281108
load10000-burst,2,2000,9156,1788849691971991,1788849692253128,281137
load10000-burst,2,2000,9157,1788849691971991,1788849692253153,281162
load10000-burst,2,2000,9158,1788849691971991,1788849692253181,281190
load10000-burst,2,2000,9159,1788849691971991,1788849692253206,281215
load10000-burst,2,2000,9160,1788849691971991,1788849692253229,281238
load10000-burst,2,2000,9161,1788849691971991,1788849692253254,281263
load10000-burst,2,2000,9162,1788849691971991,1788849692253279,281288
load10000-burst,2,2000,9163,1788849691971991,1788849692253296,281305
load10000-burst,2,2000,9164,1788849691971991,1788849692253322,281331
load10000-burst,2,2000,9165,1788849691971991,1788849692253355,281364
load10000-burst,2,2000,9166,1788849691971991,1788849692253410,281419
load10000-burst,2,2000,9167,1788849691971991,1788849692253435,281444
load10000-burst,2,2000,9168,1788849691971991,1788849692253466,281475
load10000-burst,2,2000,9169,1788849691971991,1788849692253494,281503
load10000-burst,2,2000,9170,1788849691971991,1788849692253517,281526
load10000-burst,2,2000,9171,1788849691971991,1788849692253546,281555
load10000-burst,2,2000,9172,1788849691971991,1788849692253573,281582
load10000-burst,2,2000,9173,1788849691971991,1788849692253596,281605
load10000-burst,2,2000,9174,1788849691971991,1788849692253620,281629
load10000-burst,2,2000,9175,1788849691971991,1788849692253640,281649
load10000-burst,2,2000,9176,1788849691971991,1788849692253669,281678
load10000-burst,2,2000,9177,1788849691971991,1788849692253698,281707
load10000-burst,2,2000,9178,1788849691971991,1788849692253720,281729
load10000-burst,2,2000,9179,1788849691971991,1788849692253743,281752
load10000-burst,2,2000,9180,1788849691971991,1788849692253765,281774
load10000-burst,2,2000,9181,1788849691971991,1788849692253788,281797
load10000-burst,2,2000,9182,1788849691971991,1788849692253810,281819
load10000-burst,2,2000,9183,1788849691971991,1788849692253832,281841
load10000-burst,2,2000,9184,1788849691971991,1788849692253873,281882
load10000-burst,2,2000,9185,1788849691971991,1788849692253896,281905
load10000-burst,2,2000,9186,1788849691971991,1788849692253918,281927
load10000-burst,2,2000,9187,1788849691971991,1788849692253940,281949
load10000-burst,2,2000,9188,1788849691971991,1788849692253970,281979
load10000-burst,2,2000,9189,1788849691971991,1788849692254002,282011
load10000-burst,2,2000,9190,1788849691971991,1788849692254021,282030
load10000-burst,2,2000,9191,1788849691971991,1788849692254054,282063
load10000-burst,2,2000,9192,1788849691971991,1788849692254088,282097
load10000-burst,2,2000,9193,1788849691971991,1788849692254112,282121
load10000-burst,2,2000,9194,1788849691971991,1788849692254143,282152
load10000-burst,2,2000,9195,1788849691971991,1788849692254168,282177
load10000-burst,2,2000,9196,1788849691971991,1788849692254193,282202
load10000-burst,2,2000,9197,1788849691971991,1788849692254222,282231
load10000-burst,2,2000,9198,1788849691971991,1788849692254249,282258
load10000-burst,2,2000,9199,1788849691971991,1788849692254272,282281
load10000-burst,2,2000,9200,1788849691971991,1788849692254301,282310
load10000-burst,2,2000,9201,1788849691971991,1788849692254351,282360
load10000-burst,2,2000,9202,1788849691971991,1788849692254376,282385
load10000-burst,2,2000,9203,1788849691971991,1788849692254399,282408
load10000-burst,2,2000,9204,1788849691971991,1788849692254423,282432
load10000-burst,2,2000,9205,1788849691971991,1788849692254446,282455
load10000-burst,2,2000,9206,1788849691971991,1788849692254473,282482
load10000-burst,2,2000,9207,1788849691971991,1788849692254497,282506
load10000-burst,2,2000,9208,1788849691971991,1788849692254520,282529
load10000-burst,2,2000,9209,1788849691971991,1788849692254550,282559
load10000-burst,2,2000,9210,1788849691971991,1788849692254575,282584
load10000-burst,2,2000,9211,1788849691971991,1788849692254599,282608
load10000-burst,2,2000,9212,1788849691971991,1788849692254622,282631
load10000-burst,2,2000,9213,1788849691971991,1788849692254644,282653
load10000-burst,2,2000,9214,1788849691971991,1788849692254667,282676
load10000-burst,2,2000,9215,1788849691971991,1788849692254691,282700
load10000-burst,2,2000,9216,1788849691971991,1788849692254722,282731
load10000-burst,2,2000,9217,1788849691971991,1788849692254757,282766
load10000-burst,2,2000,9218,1788849691971991,1788849692254803,282812
load10000-burst,2,2000,9219,1788849691971991,1788849692254836,282845
load10000-burst,2,2000,9220,1788849691971991,1788849692254869,282878
load10000-burst,2,2000,9221,1788849691971991,1788849692254893,282902
load10000-burst,2,2000,9222,1788849691971991,1788849692254915,282924
load10000-burst,2,2000,9223,1788849691971991,1788849692254940,282949
load10000-burst,2,2000,9224,1788849691971991,1788849692254967,282976
load10000-burst,2,2000,9225,1788849691971991,1788849692254997,283006
load10000-burst,2,2000,9226,1788849691971991,1788849692255035,283044
load10000-burst,2,2000,9227,1788849691971991,1788849692255067,283076
load10000-burst,2,2000,9228,1788849691971991,1788849692255093,283102
load10000-burst,2,2000,9229,1788849691971991,1788849692255124,283133
load10000-burst,2,2000,9230,1788849691971991,1788849692255159,283168
load10000-burst,2,2000,9231,1788849691971991,1788849692255189,283198
load10000-burst,2,2000,9232,1788849691971991,1788849692255214,283223
load10000-burst,2,2000,9233,1788849691971991,1788849692255244,283253
load10000-burst,2,2000,9234,1788849691971991,1788849692255269,283278
load10000-burst,2,2000,9235,1788849691971991,1788849692255292,283301
load10000-burst,2,2000,9236,1788849691971991,1788849692255326,283335
load10000-burst,2,2000,9237,1788849691971991,1788849692255351,283360
load10000-burst,2,2000,9238,1788849691971991,1788849692255382,283391
load10000-burst,2,2000,9239,1788849691971991,1788849692255407,283416
load10000-burst,2,2000,9240,1788849691971991,1788849692255430,283439
load10000-burst,2,2000,9241,1788849691971991,1788849692255461,283470
load10000-burst,2,2000,9242,1788849691971991,1788849692255491,283500
load10000-burst,2,2000,9243,1788849691971991,1788849692255514,283523
load10000-burst,2,2000,9244,1788849691971991,1788849692255538,283547
load10000-burst,2,2000,9245,1788849691971991,1788849692255560,283569
load10000-burst,2,2000,9246,1788849691971991,1788849692255585,283594
load10000-burst,2,2000,9247,1788849691971991,1788849692255612,283621
load10000-burst,2,2000,9248,1788849691971991,1788849692255635,283644
load10000-burst,2,2000,9249,1788849691971991,1788849692255657,283666
load10000-burst,2,2000,9250,1788849691971991,1788849692255688,283697
load10000-burst,2,2000,9251,1788849691971991,1788849692255714,283723
load10000-burst,2,2000,9252,1788849691971991,1788849692255736,283745
load10000-burst,2,2000,9253,1788849691971991,1788849692255782,283791
load10000-burst,2,2000,9254,1788849691971991,1788849692255817,283826
load10000-burst,2,2000,9255,1788849691971991,1788849692255842,283851
load10000-burst,2,2000,9256,1788849691971991,1788849692255865,283874
load10000-burst,2,2000,9257,1788849691971991,1788849692255890,283899
load10000-burst,2,2000,9258,1788849691971991,1788849692255914,283923
load10000-burst,2,2000,9259,1788849691971991,1788849692255948,283957
load10000-burst,2,2000,9260,1788849691971991,1788849692255966,283975
load10000-burst,2,2000,9261,1788849691971991,1788849692255994,284003
load10000-burst,2,2000,9262,1788849691971991,1788849692256023,284032
load10000-burst,2,2000,9263,1788849691971991,1788849692256053,284062
load10000-burst,2,2000,9264,1788849691971991,1788849692256086,284095
load10000-burst,2,2000,9265,1788849691971991,1788849692256110,284119
load10000-burst,2,2000,9266,1788849691971991,1788849692256133,284142
load10000-burst,2,2000,9267,1788849691971991,1788849692256156,284165
load10000-burst,2,2000,9268,1788849691971991,1788849692256178,284187
load10000-burst,2,2000,9269,1788849691971991,1788849692256201,284210
load10000-burst,2,2000,9270,1788849691971991,1788849692256223,284232
load10000-burst,2,2000,9271,1788849691971991,1788849692256272,284281
load10000-burst,2,2000,9272,1788849691971991,1788849692256295,284304
load10000-burst,2,2000,9273,1788849691971991,1788849692256319,284328
load10000-burst,2,2000,9274,1788849691971991,1788849692256342,284351
load10000-burst,2,2000,9275,1788849691971991,1788849692256365,284374
load10000-burst,2,2000,9276,1788849691971991,1788849692256395,284404
load10000-burst,2,2000,9277,1788849691971991,1788849692256438,284447
load10000-burst,2,2000,9278,1788849691971991,1788849692256469,284478
load10000-burst,2,2000,9279,1788849691971991,1788849692256492,284501
load10000-burst,2,2000,9280,1788849691971991,1788849692256521,284530
load10000-burst,2,2000,9281,1788849691971991,1788849692256551,284560
load10000-burst,2,2000,9282,1788849691971991,1788849692256585,284594
load10000-burst,2,2000,9283,1788849691971991,1788849692256620,284629
load10000-burst,2,2000,9284,1788849691971991,1788849692256645,284654
load10000-burst,2,2000,9285,1788849691971991,1788849692256675,284684
load10000-burst,2,2000,9286,1788849691971991,1788849692256706,284715
load10000-burst,2,2000,9287,1788849691971991,1788849692256736,284745
load10000-burst,2,2000,9288,1788849691971991,1788849692256793,284802
load10000-burst,2,2000,9289,1788849691971991,1788849692256818,284827
load10000-burst,2,2000,9290,1788849691971991,1788849692256841,284850
load10000-burst,2,2000,9291,1788849691971991,1788849692256870,284879
load10000-burst,2,2000,9292,1788849691971991,1788849692256895,284904
load10000-burst,2,2000,9293,1788849691971991,1788849692256918,284927
load10000-burst,2,2000,9294,1788849691971991,1788849692256941,284950
load10000-burst,2,2000,9295,1788849691971991,1788849692256965,284974
load10000-burst,2,2000,9296,1788849691971991,1788849692256988,284997
load10000-burst,2,2000,9297,1788849691971991,1788849692257017,285026
load10000-burst,2,2000,9298,1788849691971991,1788849692257043,285052
load10000-burst,2,2000,9299,1788849691971991,1788849692257073,285082
load10000-burst,2,2000,9300,1788849691971991,1788849692257097,285106
load10000-burst,2,2000,9301,1788849691971991,1788849692257120,285129
load10000-burst,2,2000,9302,1788849691971991,1788849692257148,285157
load10000-burst,2,2000,9303,1788849691971991,1788849692257177,285186
load10000-burst,2,2000,9304,1788849691971991,1788849692257199,285208
load10000-burst,2,2000,9305,1788849691971991,1788849692257255,285264
load10000-burst,2,2000,9306,1788849691971991,1788849692257286,285295
load10000-burst,2,2000,9307,1788849691971991,1788849692257313,285322
load10000-burst,2,2000,9308,1788849691971991,1788849692257343,285352
load10000-burst,2,2000,9309,1788849691971991,1788849692257368,285377
load10000-burst,2,2000,9310,1788849691971991,1788849692257391,285400
load10000-burst,2,2000,9311,1788849691971991,1788849692257413,285422
load10000-burst,2,2000,9312,1788849691971991,1788849692257436,285445
load10000-burst,2,2000,9313,1788849691971991,1788849692257459,285468
load10000-burst,2,2000,9314,1788849691971991,1788849692257481,285490
load10000-burst,2,2000,9315,1788849691971991,1788849692257504,285513
load10000-burst,2,2000,9316,1788849691971991,1788849692257527,285536
load10000-burst,2,2000,9317,1788849691971991,1788849692257550,285559
load10000-burst,2,2000,9318,1788849691971991,1788849692257572,285581
load10000-burst,2,2000,9319,1788849691971991,1788849692257593,285602
load10000-burst,2,2000,9320,1788849691971991,1788849692257623,285632
load10000-burst,2,2000,9321,1788849691971991,1788849692257653,285662
load10000-burst,2,2000,9322,1788849691971991,1788849692257678,285687
load10000-burst,2,2000,9323,1788849691971991,1788849692257729,285738
load10000-burst,2,2000,9324,1788849691971991,1788849692257761,285770
load10000-burst,2,2000,9325,1788849691971991,1788849692257800,285809
load10000-burst,2,2000,9326,1788849691971991,1788849692257834,285843
load10000-burst,2,2000,9327,1788849691971991,1788849692257880,285889
load10000-burst,2,2000,9328,1788849691971991,1788849692257914,285923
load10000-burst,2,2000,9329,1788849691971991,1788849692257949,285958
load10000-burst,2,2000,9330,1788849691971991,1788849692257997,286006
load10000-burst,2,2000,9331,1788849691971991,1788849692258032,286041
load10000-burst,2,2000,9332,1788849691971991,1788849692258061,286070
load10000-burst,2,2000,9333,1788849691971991,1788849692258093,286102
load10000-burst,2,2000,9334,1788849691971991,1788849692258122,286131
load10000-burst,2,2000,9335,1788849691971991,1788849692258146,286155
load10000-burst,2,2000,9336,1788849691971991,1788849692258168,286177
load10000-burst,2,2000,9337,1788849691971991,1788849692258190,286199
load10000-burst,2,2000,9338,1788849691971991,1788849692258213,286222
load10000-burst,2,2000,9339,1788849691971991,1788849692258235,286244
load10000-burst,2,2000,9340,1788849691971991,1788849692258258,286267
load10000-burst,2,2000,9341,1788849691971991,1788849692258295,286304
load10000-burst,2,2000,9342,1788849691971991,1788849692258337,286346
load10000-burst,2,2000,9343,1788849691971991,1788849692258364,286373
load10000-burst,2,2000,9344,1788849691971991,1788849692258395,286404
load10000-burst,2,2000,9345,1788849691971991,1788849692258432,286441
load10000-burst,2,2000,9346,1788849691971991,1788849692258457,286466
load10000-burst,2,2000,9347,1788849691971991,1788849692258486,286495
load10000-burst,2,2000,9348,1788849691971991,1788849692258510,286519
load10000-burst,2,2000,9349,1788849691971991,1788849692258533,286542
load10000-burst,2,2000,9350,1788849691971991,1788849692258557,286566
load10000-burst,2,2000,9351,1788849691971991,1788849692258590,286599
load10000-burst,2,2000,9352,1788849691971991,1788849692258621,286630
load10000-burst,2,2000,9353,1788849691971991,1788849692258645,286654
load10000-burst,2,2000,9354,1788849691971991,1788849692258668,286677
load10000-burst,2,2000,9355,1788849691971991,1788849692258691,286700
load10000-burst,2,2000,9356,1788849691971991,1788849692258713,286722
load10000-burst,2,2000,9357,1788849691971991,1788849692258744,286753
load10000-burst,2,2000,9358,1788849691971991,1788849692258772,286781
load10000-burst,2,2000,9359,1788849691971991,1788849692258794,286803
load10000-burst,2,2000,9360,1788849691971991,1788849692258816,286825
load10000-burst,2,2000,9361,1788849691971991,1788849692258838,286847
load10000-burst,2,2000,9362,1788849691971991,1788849692258860,286869
load10000-burst,2,2000,9363,1788849691971991,1788849692258882,286891
load10000-burst,2,2000,9364,1788849691971991,1788849692258904,286913
load10000-burst,2,2000,9365,1788849691971991,1788849692258926,286935
load10000-burst,2,2000,9366,1788849691971991,1788849692258949,286958
load10000-burst,2,2000,9367,1788849691971991,1788849692258972,286981
load10000-burst,2,2000,9368,1788849691971991,1788849692258996,287005
load10000-burst,2,2000,9369,1788849691971991,1788849692259026,287035
load10000-burst,2,2000,9370,1788849691971991,1788849692259054,287063
load10000-burst,2,2000,9371,1788849691971991,1788849692259076,287085
load10000-burst,2,2000,9372,1788849691971991,1788849692259099,287108
load10000-burst,2,2000,9373,1788849691971991,1788849692259121,287130
load10000-burst,2,2000,9374,1788849691971991,1788849692259143,287152
load10000-burst,2,2000,9375,1788849691971991,1788849692259166,287175
load10000-burst,2,2000,9376,1788849691971991,1788849692259189,287198
load10000-burst,2,2000,9377,1788849691971991,1788849692259220,287229
load10000-burst,2,2000,9378,1788849691971991,1788849692259245,287254
load10000-burst,2,2000,9379,1788849691971991,1788849692259277,287286
load10000-burst,2,2000,9380,1788849691971991,1788849692259309,287318
load10000-burst,2,2000,9381,1788849691971991,1788849692259333,287342
load10000-burst,2,2000,9382,1788849691971991,1788849692259356,287365
load10000-burst,2,2000,9383,1788849691971991,1788849692259385,287394
load10000-burst,2,2000,9384,1788849691971991,1788849692259409,287418
load10000-burst,2,2000,9385,1788849691971991,1788849692259437,287446
load10000-burst,2,2000,9386,1788849691971991,1788849692259461,287470
load10000-burst,2,2000,9387,1788849691971991,1788849692259483,287492
load10000-burst,2,2000,9388,1788849691971991,1788849692259505,287514
load10000-burst,2,2000,9389,1788849691971991,1788849692259527,287536
load10000-burst,2,2000,9390,1788849691971991,1788849692259550,287559
load10000-burst,2,2000,9391,1788849691971991,1788849692259575,287584
load10000-burst,2,2000,9392,1788849691971991,1788849692259594,287603
load10000-burst,2,2000,9393,1788849691971991,1788849692259613,287622
load10000-burst,2,2000,9394,1788849691971991,1788849692259636,287645
load10000-burst,2,2000,9395,1788849691971991,1788849692259659,287668
load10000-burst,2,2000,9396,1788849691971991,1788849692259681,287690
load10000-burst,2,2000,9397,1788849691971991,1788849692259713,287722
load10000-burst,2,2000,9398,1788849691971991,1788849692259761,287770
load10000-burst,2,2000,9399,1788849691971991,1788849692259788,287797
load10000-burst,2,2000,9400,1788849691971991,1788849692259812,287821
load10000-burst,2,2000,9401,1788849691971991,1788849692259842,287851
load10000-burst,2,2000,9402,1788849691971991,1788849692259867,287876
load10000-burst,2,2000,9403,1788849691971991,1788849692259890,287899
load10000-burst,2,2000,9404,1788849691971991,1788849692259920,287929
load10000-burst,2,2000,9405,1788849691971991,1788849692259945,287954
load10000-burst,2,2000,9406,1788849691971991,1788849692259976,287985
load10000-burst,2,2000,9407,1788849691971991,1788849692260002,288011
load10000-burst,2,2000,9408,1788849691971991,1788849692260025,288034
load10000-burst,2,2000,9409,1788849691971991,1788849692260056,288065
load10000-burst,2,2000,9410,1788849691971991,1788849692260085,288094
load10000-burst,2,2000,9411,1788849691971991,1788849692260108,288117
load10000-burst,2,2000,9412,1788849691971991,1788849692260137,288146
load10000-burst,2,2000,9413,1788849691971991,1788849692260161,288170
load10000-burst,2,2000,9414,1788849691971991,1788849692260183,288192
load10000-burst,2,2000,9415,1788849691971991,1788849692260212,288221
load10000-burst,2,2000,9416,1788849691971991,1788849692260247,288256
load10000-burst,2,2000,9417,1788849691971991,1788849692260286,288295
load10000-burst,2,2000,9418,1788849691971991,1788849692260326,288335
load10000-burst,2,2000,9419,1788849691971991,1788849692260360,288369
load10000-burst,2,2000,9420,1788849691971991,1788849692260386,288395
load10000-burst,2,2000,9421,1788849691971991,1788849692260416,288425
load10000-burst,2,2000,9422,1788849691971991,1788849692260442,288451
load10000-burst,2,2000,9423,1788849691971991,1788849692260465,288474
load10000-burst,2,2000,9424,1788849691971991,1788849692260487,288496
load10000-burst,2,2000,9425,1788849691971991,1788849692260509,288518
load10000-burst,2,2000,9426,1788849691971991,1788849692260533,288542
load10000-burst,2,2000,9427,1788849691971991,1788849692260553,288562
load10000-burst,2,2000,9428,1788849691971991,1788849692260570,288579
load10000-burst,2,2000,9429,1788849691971991,1788849692260593,288602
load10000-burst,2,2000,9430,1788849691971991,1788849692260616,288625
load10000-burst,2,2000,9431,1788849691971991,1788849692260638,288647
load10000-burst,2,2000,9432,1788849691971991,1788849692260661,288670
load10000-burst,2,2000,9433,1788849691971991,1788849692260683,288692
load10000-burst,2,2000,9434,1788849691971991,1788849692260705,288714
load10000-burst,2,2000,9435,1788849691971991,1788849692260727,288736
load10000-burst,2,2000,9436,1788849691971991,1788849692260750,288759
load10000-burst,2,2000,9437,1788849691971991,1788849692260776,288785
load10000-burst,2,2000,9438,1788849691971991,1788849692260799,288808
load10000-burst,2,2000,9439,1788849691971991,1788849692260821,288830
load10000-burst,2,2000,9440,1788849691971991,1788849692260851,288860
load10000-burst,2,2000,9441,1788849691971991,1788849692260874,288883
load10000-burst,2,2000,9442,1788849691971991,1788849692260893,288902
load10000-burst,2,2000,9443,1788849691971991,1788849692260917,288926
load10000-burst,2,2000,9444,1788849691971991,1788849692260941,288950
load10000-burst,2,2000,9445,1788849691971991,1788849692260967,288976
load10000-burst,2,2000,9446,1788849691971991,1788849692260990,288999
load10000-burst,2,2000,9447,1788849691971991,1788849692261019,289028
load10000-burst,2,2000,9448,1788849691971991,1788849692261048,289057
load10000-burst,2,2000,9449,1788849691971991,1788849692261071,289080
load10000-burst,2,2000,9450,1788849691971991,1788849692261094,289103
load10000-burst,2,2000,9451,1788849691971991,1788849692261115,289124
load10000-burst,2,2000,9452,1788849691971991,1788849692261138,289147
load10000-burst,2,2000,9453,1788849691971991,1788849692261160,289169
load10000-burst,2,2000,9454,1788849691971991,1788849692261184,289193
load10000-burst,2,2000,9455,1788849691971991,1788849692261203,289212
load10000-burst,2,2000,9456,1788849691971991,1788849692261220,289229
load10000-burst,2,2000,9457,1788849691971991,1788849692261245,289254
load10000-burst,2,2000,9458,1788849691971991,1788849692261268,289277
load10000-burst,2,2000,9459,1788849691971991,1788849692261298,289307
load10000-burst,2,2000,9460,1788849691971991,1788849692261333,289342
load10000-burst,2,2000,9461,1788849691971991,1788849692261365,289374
load10000-burst,2,2000,9462,1788849691971991,1788849692261390,289399
load10000-burst,2,2000,9463,1788849691971991,1788849692261413,289422
load10000-burst,2,2000,9464,1788849691971991,1788849692261443,289452
load10000-burst,2,2000,9465,1788849691971991,1788849692261468,289477
load10000-burst,2,2000,9466,1788849691971991,1788849692261491,289500
load10000-burst,2,2000,9467,1788849691971991,1788849692261527,289536
load10000-burst,2,2000,9468,1788849691971991,1788849692261554,289563
load10000-burst,2,2000,9469,1788849691971991,1788849692261585,289594
load10000-burst,2,2000,9470,1788849691971991,1788849692261623,289632
load10000-burst,2,2000,9471,1788849691971991,1788849692261659,289668
load10000-burst,2,2000,9472,1788849691971991,1788849692261712,289721
load10000-burst,2,2000,9473,1788849691971991,1788849692261736,289745
load10000-burst,2,2000,9474,1788849691971991,1788849692261759,289768
load10000-burst,2,2000,9475,1788849691971991,1788849692261781,289790
load10000-burst,2,2000,9476,1788849691971991,1788849692261803,289812
load10000-burst,2,2000,9477,1788849691971991,1788849692261838,289847
load10000-burst,2,2000,9478,1788849691971991,1788849692261863,289872
load10000-burst,2,2000,9479,1788849691971991,1788849692261888,289897
load10000-burst,2,2000,9480,1788849691971991,1788849692261912,289921
load10000-burst,2,2000,9481,1788849691971991,1788849692261935,289944
load10000-burst,2,2000,9482,1788849691971991,1788849692261965,289974
load10000-burst,2,2000,9483,1788849691971991,1788849692261990,289999
load10000-burst,2,2000,9484,1788849691971991,1788849692262012,290021
load10000-burst,2,2000,9485,1788849691971991,1788849692262034,290043
load10000-burst,2,2000,9486,1788849691971991,1788849692262056,290065
load10000-burst,2,2000,9487,1788849691971991,1788849692262078,290087
load10000-burst,2,2000,9488,1788849691971991,1788849692262100,290109
load10000-burst,2,2000,9489,1788849691971991,1788849692262123,290132
load10000-burst,2,2000,9490,1788849691971991,1788849692262146,290155
load10000-burst,2,2000,9491,1788849691971991,1788849692262164,290173
load10000-burst,2,2000,9492,1788849691971991,1788849692262182,290191
load10000-burst,2,2000,9493,1788849691971991,1788849692262214,290223
load10000-burst,2,2000,9494,1788849691971991,1788849692262257,290266
load10000-burst,2,2000,9495,1788849691971991,1788849692262282,290291
load10000-burst,2,2000,9496,1788849691971991,1788849692262306,290315
load10000-burst,2,2000,9497,1788849691971991,1788849692262330,290339
load10000-burst,2,2000,9498,1788849691971991,1788849692262353,290362
load10000-burst,2,2000,9499,1788849691971991,1788849692262375,290384
load10000-burst,2,2000,9500,1788849691971991,1788849692262404,290413
load10000-burst,2,2000,9501,1788849691971991,1788849692262433,290442
load10000-burst,2,2000,9502,1788849691971991,1788849692262463,290472
load10000-burst,2,2000,9503,1788849691971991,1788849692262492,290501
load10000-burst,2,2000,9504,1788849691971991,1788849692262512,290521
load10000-burst,2,2000,9505,1788849691971991,1788849692262544,290553
load10000-burst,2,2000,9506,1788849691971991,1788849692262574,290583
load10000-burst,2,2000,9507,1788849691971991,1788849692262606,290615
load10000-burst,2,2000,9508,1788849691971991,1788849692262638,290647
load10000-burst,2,2000,9509,1788849691971991,1788849692262669,290678
load10000-burst,2,2000,9510,1788849691971991,1788849692262692,290701
load10000-burst,2,2000,9511,1788849691971991,1788849692262715,290724
load10000-burst,2,2000,9512,1788849691971991,1788849692262740,290749
load10000-burst,2,2000,9513,1788849691971991,1788849692262762,290771
load10000-burst,2,2000,9514,1788849691971991,1788849692262786,290795
load10000-burst,2,2000,9515,1788849691971991,1788849692262808,290817
load10000-burst,2,2000,9516,1788849691971991,1788849692262831,290840
load10000-burst,2,2000,9517,1788849691971991,1788849692262854,290863
load10000-burst,2,2000,9518,1788849691971991,1788849692262872,290881
load10000-burst,2,2000,9519,1788849691971991,1788849692262890,290899
load10000-burst,2,2000,9520,1788849691971991,1788849692262912,290921
load10000-burst,2,2000,9521,1788849691971991,1788849692262936,290945
load10000-burst,2,2000,9522,1788849691971991,1788849692262966,290975
load10000-burst,2,2000,9523,1788849691971991,1788849692262990,290999
load10000-burst,2,2000,9524,1788849691971991,1788849692263014,291023
load10000-burst,2,2000,9525,1788849691971991,1788849692263037,291046
load10000-burst,2,2000,9526,1788849691971991,1788849692263058,291067
load10000-burst,2,2000,9527,1788849691971991,1788849692263080,291089
load10000-burst,2,2000,9528,1788849691971991,1788849692263102,291111
load10000-burst,2,2000,9529,1788849691971991,1788849692263127,291136
load10000-burst,2,2000,9530,1788849691971991,1788849692263156,291165
load10000-burst,2,2000,9531,1788849691971991,1788849692263181,291190
load10000-burst,2,2000,9532,1788849691971991,1788849692263199,291208
load10000-burst,2,2000,9533,1788849691971991,1788849692263222,291231
load10000-burst,2,2000,9534,1788849691971991,1788849692263244,291253
load10000-burst,2,2000,9535,1788849691971991,1788849692263281,291290
load10000-burst,2,2000,9536,1788849691971991,1788849692263328,291337
load10000-burst,2,2000,9537,1788849691971991,1788849692263358,291367
load10000-burst,2,2000,9538,1788849691971991,1788849692263381,291390
load10000-burst,2,2000,9539,1788849691971991,1788849692263411,291420
load10000-burst,2,2000,9540,1788849691971991,1788849692263449,291458
load10000-burst,2,2000,9541,1788849691971991,1788849692263476,291485
load10000-burst,2,2000,9542,1788849691971991,1788849692263499,291508
load10000-burst,2,2000,9543,1788849691971991,1788849692263528,291537
load10000-burst,2,2000,9544,1788849691971991,1788849692263553,291562
load10000-burst,2,2000,9545,1788849691971991,1788849692263579,291588
load10000-burst,2,2000,9546,1788849691971991,1788849692263612,291621
load10000-burst,2,2000,9547,1788849691971991,1788849692263650,291659
load10000-burst,2,2000,9548,1788849691971991,1788849692263679,291688
load10000-burst,2,2000,9549,1788849691971991,1788849692263705,291714
load10000-burst,2,2000,9550,1788849691971991,1788849692263735,291744
load10000-burst,2,2000,9551,1788849691971991,1788849692263770,291779
load10000-burst,2,2000,9552,1788849691971991,1788849692263793,291802
load10000-burst,2,2000,9553,1788849691971991,1788849692263816,291825
load10000-burst,2,2000,9554,1788849691971991,1788849692263839,291848
load10000-burst,2,2000,9555,1788849691971991,1788849692263861,291870
load10000-burst,2,2000,9556,1788849691971991,1788849692263884,291893
load10000-burst,2,2000,9557,1788849691971991,1788849692263906,291915
load10000-burst,2,2000,9558,1788849691971991,1788849692263928,291937
load10000-burst,2,2000,9559,1788849691971991,1788849692263961,291970
load10000-burst,2,2000,9560,1788849691971991,1788849692263984,291993
load10000-burst,2,2000,9561,1788849691971991,1788849692264014,292023
load10000-burst,2,2000,9562,1788849691971991,1788849692264056,292065
load10000-burst,2,2000,9563,1788849691971991,1788849692264101,292110
load10000-burst,2,2000,9564,1788849691971991,1788849692264134,292143
load10000-burst,2,2000,9565,1788849691971991,1788849692264159,292168
load10000-burst,2,2000,9566,1788849691971991,1788849692264189,292198
load10000-burst,2,2000,9567,1788849691971991,1788849692264214,292223
load10000-burst,2,2000,9568,1788849691971991,1788849692264237,292246
load10000-burst,2,2000,9569,1788849691971991,1788849692264259,292268
load10000-burst,2,2000,9570,1788849691971991,1788849692264281,292290
load10000-burst,2,2000,9571,1788849691971991,1788849692264305,292314
load10000-burst,2,2000,9572,1788849691971991,1788849692264334,292343
load10000-burst,2,2000,9573,1788849691971991,1788849692264363,292372
load10000-burst,2,2000,9574,1788849691971991,1788849692264394,292403
load10000-burst,2,2000,9575,1788849691971991,1788849692264425,292434
load10000-burst,2,2000,9576,1788849691971991,1788849692264458,292467
load10000-burst,2,2000,9577,1788849691971991,1788849692264490,292499
load10000-burst,2,2000,9578,1788849691971991,1788849692264514,292523
load10000-burst,2,2000,9579,1788849691971991,1788849692264537,292546
load10000-burst,2,2000,9580,1788849691971991,1788849692264560,292569
load10000-burst,2,2000,9581,1788849691971991,1788849692264583,292592
load10000-burst,2,2000,9582,1788849691971991,1788849692264606,292615
load10000-burst,2,2000,9583,1788849691971991,1788849692264640,292649
load10000-burst,2,2000,9584,1788849691971991,1788849692264681,292690
load10000-burst,2,2000,9585,1788849691971991,1788849692264713,292722
load10000-burst,2,2000,9586,1788849691971991,1788849692264746,292755
load10000-burst,2,2000,9587,1788849691971991,1788849692264781,292790
load10000-burst,2,2000,9588,1788849691971991,1788849692264806,292815
load10000-burst,2,2000,9589,1788849691971991,1788849692264830,292839
load10000-burst,2,2000,9590,1788849691971991,1788849692264858,292867
load10000-burst,2,2000,9591,1788849691971991,1788849692264882,292891
load10000-burst,2,2000,9592,1788849691971991,1788849692264905,292914
load10000-burst,2,2000,9593,1788849691971991,1788849692264935,292944
load10000-burst,2,2000,9594,1788849691971991,1788849692264980,292989
load10000-burst,2,2000,9595,1788849691971991,1788849692265011,293020
load10000-burst,2,2000,9596,1788849691971991,1788849692265036,293045
load10000-burst,2,2000,9597,1788849691971991,1788849692265062,293071
load10000-burst,2,2000,9598,1788849691971991,1788849692265085,293094
load10000-burst,2,2000,9599,1788849691971991,1788849692265107,293116
load10000-burst,2,2000,9600,1788849691971991,1788849692265137,293146
load10000-burst,2,2000,9601,1788849691971991,1788849692265162,293171
load10000-burst,2,2000,9602,1788849691971991,1788849692265184,293193
load10000-burst,2,2000,9603,1788849691971991,1788849692265207,293216
load10000-burst,2,2000,9604,1788849691971991,1788849692265229,293238
load10000-burst,2,2000,9605,1788849691971991,1788849692265251,293260
load10000-burst,2,2000,9606,1788849691971991,1788849692265273,293282
load10000-burst,2,2000,9607,1788849691971991,1788849692265296,293305
load10000-burst,2,2000,9608,1788849691971991,1788849692265318,293327
load10000-burst,2,2000,9609,1788849691971991,1788849692265342,293351
load10000-burst,2,2000,9610,1788849691971991,1788849692265373,293382
load10000-burst,2,2000,9611,1788849691971991,1788849692265399,293408
load10000-burst,2,2000,9612,1788849691971991,1788849692265423,293432
load10000-burst,2,2000,9613,1788849691971991,1788849692265448,293457
load10000-burst,2,2000,9614,1788849691971991,1788849692265471,293480
load10000-burst,2,2000,9615,1788849691971991,1788849692265493,293502
load10000-burst,2,2000,9616,1788849691971991,1788849692265516,293525
load10000-burst,2,2000,9617,1788849691971991,1788849692265539,293548
load10000-burst,2,2000,9618,1788849691971991,1788849692265563,293572
load10000-burst,2,2000,9619,1788849691971991,1788849692265585,293594
load10000-burst,2,2000,9620,1788849691971991,1788849692265608,293617
load10000-burst,2,2000,9621,1788849691971991,1788849692265631,293640
load10000-burst,2,2000,9622,1788849691971991,1788849692265657,293666
load10000-burst,2,2000,9623,1788849691971991,1788849692265680,293689
load10000-burst,2,2000,9624,1788849691971991,1788849692265704,293713
load10000-burst,2,2000,9625,1788849691971991,1788849692265728,293737
load10000-burst,2,2000,9626,1788849691971991,1788849692265811,293820
load10000-burst,2,2000,9627,1788849691971991,1788849692265923,293932
load10000-burst,2,2000,9628,1788849691971991,1788849692265994,294003
load10000-burst,2,2000,9629,1788849691971991,1788849692266095,294104
load10000-burst,2,2000,9630,1788849691971991,1788849692266139,294148
load10000-burst,2,2000,9631,1788849691971991,1788849692266174,294183
load10000-burst,2,2000,9632,1788849691971991,1788849692266201,294210
load10000-burst,2,2000,9633,1788849691971991,1788849692266236,294245
load10000-burst,2,2000,9634,1788849691971991,1788849692266285,294294
load10000-burst,2,2000,9635,1788849691971991,1788849692266340,294349
load10000-burst,2,2000,9636,1788849691971991,1788849692266389,294398
load10000-burst,2,2000,9637,1788849691971991,1788849692266426,294435
load10000-burst,2,2000,9638,1788849691971991,1788849692266481,294490
load10000-burst,2,2000,9639,1788849691971991,1788849692266511,294520
load10000-burst,2,2000,9640,1788849691971991,1788849692266535,294544
load10000-burst,2,2000,9641,1788849691971991,1788849692266557,294566
load10000-burst,2,2000,9642,1788849691971991,1788849692266580,294589
load10000-burst,2,2000,9643,1788849691971991,1788849692266602,294611
load10000-burst,2,2000,9644,1788849691971991,1788849692266632,294641
load10000-burst,2,2000,9645,1788849691971991,1788849692266668,294677
load10000-burst,2,2000,9646,1788849691971991,1788849692266696,294705
load10000-burst,2,2000,9647,1788849691971991,1788849692266719,294728
load10000-burst,2,2000,9648,1788849691971991,1788849692266741,294750
load10000-burst,2,2000,9649,1788849691971991,1788849692266763,294772
load10000-burst,2,2000,9650,1788849691971991,1788849692266786,294795
load10000-burst,2,2000,9651,1788849691971991,1788849692266809,294818
load10000-burst,2,2000,9652,1788849691971991,1788849692266833,294842
load10000-burst,2,2000,9653,1788849691971991,1788849692266856,294865
load10000-burst,2,2000,9654,1788849691971991,1788849692266886,294895
load10000-burst,2,2000,9655,1788849691971991,1788849692266919,294928
load10000-burst,2,2000,9656,1788849691971991,1788849692266953,294962
load10000-burst,2,2000,9657,1788849691971991,1788849692266977,294986
load10000-burst,2,2000,9658,1788849691971991,1788849692267009,295018
load10000-burst,2,2000,9659,1788849691971991,1788849692267036,295045
load10000-burst,2,2000,9660,1788849691971991,1788849692267060,295069
load10000-burst,2,2000,9661,1788849691971991,1788849692267083,295092
load10000-burst,2,2000,9662,1788849691971991,1788849692267116,295125
load10000-burst,2,2000,9663,1788849691971991,1788849692267146,295155
load10000-burst,2,2000,9664,1788849691971991,1788849692267169,295178
load10000-burst,2,2000,9665,1788849691971991,1788849692267199,295208
load10000-burst,2,2000,9666,1788849691971991,1788849692267224,295233
load10000-burst,2,2000,9667,1788849691971991,1788849692267254,295263
load10000-burst,2,2000,9668,1788849691971991,1788849692267281,295290
load10000-burst,2,2000,9669,1788849691971991,1788849692267304,295313
load10000-burst,2,2000,9670,1788849691971991,1788849692267328,295337
load10000-burst,2,2000,9671,1788849691971991,1788849692267351,295360
load10000-burst,2,2000,9672,1788849691971991,1788849692267374,295383
load10000-burst,2,2000,9673,1788849691971991,1788849692267396,295405
load10000-burst,2,2000,9674,1788849691971991,1788849692267418,295427
load10000-burst,2,2000,9675,1788849691971991,1788849692267440,295449
load10000-burst,2,2000,9676,1788849691971991,1788849692267471,295480
load10000-burst,2,2000,9677,1788849691971991,1788849692267498,295507
load10000-burst,2,2000,9678,1788849691971991,1788849692267520,295529
load10000-burst,2,2000,9679,1788849691971991,1788849692267542,295551
load10000-burst,2,2000,9680,1788849691971991,1788849692267574,295583
load10000-burst,2,2000,9681,1788849691971991,1788849692267600,295609
load10000-burst,2,2000,9682,1788849691971991,1788849692267622,295631
load10000-burst,2,2000,9683,1788849691971991,1788849692267645,295654
load10000-burst,2,2000,9684,1788849691971991,1788849692267666,295675
load10000-burst,2,2000,9685,1788849691971991,1788849692267688,295697
load10000-burst,2,2000,9686,1788849691971991,1788849692267710,295719
load10000-burst,2,2000,9687,1788849691971991,1788849692267732,295741
load10000-burst,2,2000,9688,1788849691971991,1788849692267755,295764
load10000-burst,2,2000,9689,1788849691971991,1788849692267777,295786
load10000-burst,2,2000,9690,1788849691971991,1788849692267798,295807
load10000-burst,2,2000,9691,1788849691971991,1788849692267828,295837
load10000-burst,2,2000,9692,1788849691971991,1788849692267861,295870
load10000-burst,2,2000,9693,1788849691971991,1788849692267903,295912
load10000-burst,2,2000,9694,1788849691971991,1788849692267929,295938
load10000-burst,2,2000,9695,1788849691971991,1788849692267953,295962
load10000-burst,2,2000,9696,1788849691971991,1788849692267975,295984
load10000-burst,2,2000,9697,1788849691971991,1788849692267999,296008
load10000-burst,2,2000,9698,1788849691971991,1788849692268021,296030
load10000-burst,2,2000,9699,1788849691971991,1788849692268043,296052
load10000-burst,2,2000,9700,1788849691971991,1788849692268065,296074
load10000-burst,2,2000,9701,1788849691971991,1788849692268087,296096
load10000-burst,2,2000,9702,1788849691971991,1788849692268109,296118
load10000-burst,2,2000,9703,1788849691971991,1788849692268130,296139
load10000-burst,2,2000,9704,1788849691971991,1788849692268162,296171
load10000-burst,2,2000,9705,1788849691971991,1788849692268187,296196
load10000-burst,2,2000,9706,1788849691971991,1788849692268209,296218
load10000-burst,2,2000,9707,1788849691971991,1788849692268231,296240
load10000-burst,2,2000,9708,1788849691971991,1788849692268261,296270
load10000-burst,2,2000,9709,1788849691971991,1788849692268295,296304
load10000-burst,2,2000,9710,1788849691971991,1788849692268317,296326
load10000-burst,2,2000,9711,1788849691971991,1788849692268338,296347
load10000-burst,2,2000,9712,1788849691971991,1788849692268360,296369
load10000-burst,2,2000,9713,1788849691971991,1788849692268381,296390
load10000-burst,2,2000,9714,1788849691971991,1788849692268402,296411
load10000-burst,2,2000,9715,1788849691971991,1788849692268425,296434
load10000-burst,2,2000,9716,1788849691971991,1788849692268447,296456
load10000-burst,2,2000,9717,1788849691971991,1788849692268471,296480
load10000-burst,2,2000,9718,1788849691971991,1788849692268492,296501
load10000-burst,2,2000,9719,1788849691971991,1788849692268514,296523
load10000-burst,2,2000,9720,1788849691971991,1788849692268537,296546
load10000-burst,2,2000,9721,1788849691971991,1788849692268557,296566
load10000-burst,2,2000,9722,1788849691971991,1788849692268599,296608
load10000-burst,2,2000,9723,1788849691971991,1788849692268625,296634
load10000-burst,2,2000,9724,1788849691971991,1788849692268657,296666
load10000-burst,2,2000,9725,1788849691971991,1788849692268682,296691
load10000-burst,2,2000,9726,1788849691971991,1788849692268704,296713
load10000-burst,2,2000,9727,1788849691971991,1788849692268725,296734
load10000-burst,2,2000,9728,1788849691971991,1788849692268746,296755
load10000-burst,2,2000,9729,1788849691971991,1788849692268767,296776
load10000-burst,2,2000,9730,1788849691971991,1788849692268788,296797
load10000-burst,2,2000,9731,1788849691971991,1788849692268810,296819
load10000-burst,2,2000,9732,1788849691971991,1788849692268832,296841
load10000-burst,2,2000,9733,1788849691971991,1788849692268853,296862
load10000-burst,2,2000,9734,1788849691971991,1788849692268874,296883
load10000-burst,2,2000,9735,1788849691971991,1788849692268895,296904
load10000-burst,2,2000,9736,1788849691971991,1788849692268917,296926
load10000-burst,2,2000,9737,1788849691971991,1788849692268945,296954
load10000-burst,2,2000,9738,1788849691971991,1788849692268966,296975
load10000-burst,2,2000,9739,1788849691971991,1788849692269002,297011
load10000-burst,2,2000,9740,1788849691971991,1788849692269041,297050
load10000-burst,2,2000,9741,1788849691971991,1788849692269089,297098
load10000-burst,2,2000,9742,1788849691971991,1788849692269114,297123
load10000-burst,2,2000,9743,1788849691971991,1788849692269136,297145
load10000-burst,2,2000,9744,1788849691971991,1788849692269158,297167
load10000-burst,2,2000,9745,1788849691971991,1788849692269179,297188
load10000-burst,2,2000,9746,1788849691971991,1788849692269202,297211
load10000-burst,2,2000,9747,1788849691971991,1788849692269223,297232
load10000-burst,2,2000,9748,1788849691971991,1788849692269246,297255
load10000-burst,2,2000,9749,1788849691971991,1788849692269302,297311
load10000-burst,2,2000,9750,1788849691971991,1788849692269327,297336
load10000-burst,2,2000,9751,1788849691971991,1788849692269350,297359
load10000-burst,2,2000,9752,1788849691971991,1788849692269372,297381
load10000-burst,2,2000,9753,1788849691971991,1788849692269404,297413
load10000-burst,2,2000,9754,1788849691971991,1788849692269442,297451
load10000-burst,2,2000,9755,1788849691971991,1788849692269466,297475
load10000-burst,2,2000,9756,1788849691971991,1788849692269512,297521
load10000-burst,2,2000,9757,1788849691971991,1788849692269536,297545
load10000-burst,2,2000,9758,1788849691971991,1788849692269559,297568
load10000-burst,2,2000,9759,1788849691971991,1788849692269581,297590
load10000-burst,2,2000,9760,1788849691971991,1788849692269603,297612
load10000-burst,2,2000,9761,1788849691971991,1788849692269622,297631
load10000-burst,2,2000,9762,1788849691971991,1788849692269653,297662
load10000-burst,2,2000,9763,1788849691971991,1788849692269689,297698
load10000-burst,2,2000,9764,1788849691971991,1788849692269716,297725
load10000-burst,2,2000,9765,1788849691971991,1788849692269739,297748
load10000-burst,2,2000,9766,1788849691971991,1788849692269761,297770
load10000-burst,2,2000,9767,1788849691971991,1788849692269799,297808
load10000-burst,2,2000,9768,1788849691971991,1788849692269822,297831
load10000-burst,2,2000,9769,1788849691971991,1788849692269845,297854
load10000-burst,2,2000,9770,1788849691971991,1788849692269867,297876
load10000-burst,2,2000,9771,1788849691971991,1788849692269890,297899
load10000-burst,2,2000,9772,1788849691971991,1788849692269926,297935
load10000-burst,2,2000,9773,1788849691971991,1788849692269968,297977
load10000-burst,2,2000,9774,1788849691971991,1788849692270034,298043
load10000-burst,2,2000,9775,1788849691971991,1788849692270063,298072
load10000-burst,2,2000,9776,1788849691971991,1788849692270086,298095
load10000-burst,2,2000,9777,1788849691971991,1788849692270107,298116
load10000-burst,2,2000,9778,1788849691971991,1788849692270129,298138
load10000-burst,2,2000,9779,1788849691971991,1788849692270151,298160
load10000-burst,2,2000,9780,1788849691971991,1788849692270173,298182
load10000-burst,2,2000,9781,1788849691971991,1788849692270196,298205
load10000-burst,2,2000,9782,1788849691971991,1788849692270218,298227
load10000-burst,2,2000,9783,1788849691971991,1788849692270240,298249
load10000-burst,2,2000,9784,1788849691971991,1788849692270270,298279
load10000-burst,2,2000,9785,1788849691971991,1788849692270304,298313
load10000-burst,2,2000,9786,1788849691971991,1788849692270356,298365
load10000-burst,2,2000,9787,1788849691971991,1788849692270392,298401
load10000-burst,2,2000,9788,1788849691971991,1788849692270435,298444
load10000-burst,2,2000,9789,1788849691971991,1788849692270461,298470
load10000-burst,2,2000,9790,1788849691971991,1788849692270484,298493
load10000-burst,2,2000,9791,1788849691971991,1788849692270537,298546
load10000-burst,2,2000,9792,1788849691971991,1788849692270563,298572
load10000-burst,2,2000,9793,1788849691971991,1788849692270595,298604
load10000-burst,2,2000,9794,1788849691971991,1788849692270627,298636
load10000-burst,2,2000,9795,1788849691971991,1788849692270648,298657
load10000-burst,2,2000,9796,1788849691971991,1788849692270682,298691
load10000-burst,2,2000,9797,1788849691971991,1788849692270712,298721
load10000-burst,2,2000,9798,1788849691971991,1788849692270742,298751
load10000-burst,2,2000,9799,1788849691971991,1788849692270767,298776
load10000-burst,2,2000,9800,1788849691971991,1788849692270790,298799
load10000-burst,2,2000,9801,1788849691971991,1788849692270813,298822
load10000-burst,2,2000,9802,1788849691971991,1788849692270859,298868
load10000-burst,2,2000,9803,1788849691971991,1788849692270884,298893
load10000-burst,2,2000,9804,1788849691971991,1788849692270913,298922
load10000-burst,2,2000,9805,1788849691971991,1788849692270938,298947
load10000-burst,2,2000,9806,1788849691971991,1788849692270963,298972
load10000-burst,2,2000,9807,1788849691971991,1788849692270986,298995
load10000-burst,2,2000,9808,1788849691971991,1788849692271015,299024
load10000-burst,2,2000,9809,1788849691971991,1788849692271043,299052
load10000-burst,2,2000,9810,1788849691971991,1788849692271067,299076
load10000-burst,2,2000,9811,1788849691971991,1788849692271090,299099
load10000-burst,2,2000,9812,1788849691971991,1788849692271112,299121
load10000-burst,2,2000,9813,1788849691971991,1788849692271134,299143
load10000-burst,2,2000,9814,1788849691971991,1788849692271156,299165
load10000-burst,2,2000,9815,1788849691971991,1788849692271179,299188
load10000-burst,2,2000,9816,1788849691971991,1788849692271201,299210
load10000-burst,2,2000,9817,1788849691971991,1788849692271223,299232
load10000-burst,2,2000,9818,1788849691971991,1788849692271253,299262
load10000-burst,2,2000,9819,1788849691971991,1788849692271299,299308
load10000-burst,2,2000,9820,1788849691971991,1788849692271327,299336
load10000-burst,2,2000,9821,1788849691971991,1788849692271353,299362
load10000-burst,2,2000,9822,1788849691971991,1788849692271385,299394
load10000-burst,2,2000,9823,1788849691971991,1788849692271413,299422
load10000-burst,2,2000,9824,1788849691971991,1788849692271437,299446
load10000-burst,2,2000,9825,1788849691971991,1788849692271459,299468
load10000-burst,2,2000,9826,1788849691971991,1788849692271483,299492
load10000-burst,2,2000,9827,1788849691971991,1788849692271506,299515
load10000-burst,2,2000,9828,1788849691971991,1788849692271528,299537
load10000-burst,2,2000,9829,1788849691971991,1788849692271550,299559
load10000-burst,2,2000,9830,1788849691971991,1788849692271585,299594
load10000-burst,2,2000,9831,1788849691971991,1788849692271624,299633
load10000-burst,2,2000,9832,1788849691971991,1788849692271648,299657
load10000-burst,2,2000,9833,1788849691971991,1788849692271674,299683
load10000-burst,2,2000,9834,1788849691971991,1788849692271697,299706
load10000-burst,2,2000,9835,1788849691971991,1788849692271720,299729
load10000-burst,2,2000,9836,1788849691971991,1788849692271758,299767
load10000-burst,2,2000,9837,1788849691971991,1788849692271780,299789
load10000-burst,2,2000,9838,1788849691971991,1788849692271803,299812
load10000-burst,2,2000,9839,1788849691971991,1788849692271825,299834
load10000-burst,2,2000,9840,1788849691971991,1788849692271847,299856
load10000-burst,2,2000,9841,1788849691971991,1788849692271869,299878
load10000-burst,2,2000,9842,1788849691971991,1788849692271891,299900
load10000-burst,2,2000,9843,1788849691971991,1788849692271923,299932
load10000-burst,2,2000,9844,1788849691971991,1788849692271945,299954
load10000-burst,2,2000,9845,1788849691971991,1788849692271964,299973
load10000-burst,2,2000,9846,1788849691971991,1788849692271997,300006
load10000-burst,2,2000,9847,1788849691971991,1788849692272023,300032
load10000-burst,2,2000,9848,1788849691971991,1788849692272046,300055
load10000-burst,2,2000,9849,1788849691971991,1788849692272069,300078
load10000-burst,2,2000,9850,1788849691971991,1788849692272091,300100
load10000-burst,2,2000,9851,1788849691971991,1788849692272113,300122
load10000-burst,2,2000,9852,1788849691971991,1788849692272135,300144
load10000-burst,2,2000,9853,1788849691971991,1788849692272157,300166
load10000-burst,2,2000,9854,1788849691971991,1788849692272191,300200
load10000-burst,2,2000,9855,1788849691971991,1788849692272214,300223
load10000-burst,2,2000,9856,1788849691971991,1788849692272232,300241
load10000-burst,2,2000,9857,1788849691971991,1788849692272251,300260
load10000-burst,2,2000,9858,1788849691971991,1788849692272281,300290
load10000-burst,2,2000,9859,1788849691971991,1788849692272305,300314
load10000-burst,2,2000,9860,1788849691971991,1788849692272335,300344
load10000-burst,2,2000,9861,1788849691971991,1788849692272368,300377
load10000-burst,2,2000,9862,1788849691971991,1788849692272392,300401
load10000-burst,2,2000,9863,1788849691971991,1788849692272415,300424
load10000-burst,2,2000,9864,1788849691971991,1788849692272438,300447
load10000-burst,2,2000,9865,1788849691971991,1788849692272461,300470
load10000-burst,2,2000,9866,1788849691971991,1788849692272484,300493
load10000-burst,2,2000,9867,1788849691971991,1788849692272519,300528
load10000-burst,2,2000,9868,1788849691971991,1788849692272578,300587
load10000-burst,2,2000,9869,1788849691971991,1788849692272620,300629
load10000-burst,2,2000,9870,1788849691971991,1788849692272646,300655
load10000-burst,2,2000,9871,1788849691971991,1788849692272689,300698
load10000-burst,2,2000,9872,1788849691971991,1788849692272714,300723
load10000-burst,2,2000,9873,1788849691971991,1788849692272736,300745
load10000-burst,2,2000,9874,1788849691971991,1788849692272759,300768
load10000-burst,2,2000,9875,1788849691971991,1788849692272782,300791
load10000-burst,2,2000,9876,1788849691971991,1788849692272805,300814
load10000-burst,2,2000,9877,1788849691971991,1788849692272827,300836
load10000-burst,2,2000,9878,1788849691971991,1788849692272859,300868
load10000-burst,2,2000,9879,1788849691971991,1788849692272884,300893
load10000-burst,2,2000,9880,1788849691971991,1788849692272907,300916
load10000-burst,2,2000,9881,1788849691971991,1788849692272931,300940
load10000-burst,2,2000,9882,1788849691971991,1788849692272961,300970
load10000-burst,2,2000,9883,1788849691971991,1788849692272991,301000
load10000-burst,2,2000,9884,1788849691971991,1788849692273014,301023
load10000-burst,2,2000,9885,1788849691971991,1788849692273037,301046
load10000-burst,2,2000,9886,1788849691971991,1788849692273059,301068
load10000-burst,2,2000,9887,1788849691971991,1788849692273081,301090
load10000-burst,2,2000,9888,1788849691971991,1788849692273121,301130
load10000-burst,2,2000,9889,1788849691971991,1788849692273144,301153
load10000-burst,2,2000,9890,1788849691971991,1788849692273168,301177
load10000-burst,2,2000,9891,1788849691971991,1788849692273200,301209
load10000-burst,2,2000,9892,1788849691971991,1788849692273247,301256
load10000-burst,2,2000,9893,1788849691971991,1788849692273281,301290
load10000-burst,2,2000,9894,1788849691971991,1788849692273307,301316
load10000-burst,2,2000,9895,1788849691971991,1788849692273332,301341
load10000-burst,2,2000,9896,1788849691971991,1788849692273362,301371
load10000-burst,2,2000,9897,1788849691971991,1788849692273398,301407
load10000-burst,2,2000,9898,1788849691971991,1788849692273427,301436
load10000-burst,2,2000,9899,1788849691971991,1788849692273457,301466
load10000-burst,2,2000,9900,1788849691971991,1788849692273483,301492
load10000-burst,2,2000,9901,1788849691971991,1788849692273507,301516
load10000-burst,2,2000,9902,1788849691971991,1788849692273532,301541
load10000-burst,2,2000,9903,1788849691971991,1788849692273555,301564
load10000-burst,2,2000,9904,1788849691971991,1788849692273579,301588
load10000-burst,2,2000,9905,1788849691971991,1788849692273608,301617
load10000-burst,2,2000,9906,1788849691971991,1788849692273652,301661
load10000-burst,2,2000,9907,1788849691971991,1788849692273683,301692
load10000-burst,2,2000,9908,1788849691971991,1788849692273712,301721
load10000-burst,2,2000,9909,1788849691971991,1788849692273734,301743
load10000-burst,2,2000,9910,1788849691971991,1788849692273757,301766
load10000-burst,2,2000,9911,1788849691971991,1788849692273790,301799
load10000-burst,2,2000,9912,1788849691971991,1788849692273814,301823
load10000-burst,2,2000,9913,1788849691971991,1788849692273841,301850
load10000-burst,2,2000,9914,1788849691971991,1788849692273864,301873
load10000-burst,2,2000,9915,1788849691971991,1788849692273887,301896
load10000-burst,2,2000,9916,1788849691971991,1788849692273909,301918
load10000-burst,2,2000,9917,1788849691971991,1788849692273930,301939
load10000-burst,2,2000,9918,1788849691971991,1788849692273953,301962
load10000-burst,2,2000,9919,1788849691971991,1788849692273975,301984
load10000-burst,2,2000,9920,1788849691971991,1788849692273997,302006
load10000-burst,2,2000,9921,1788849691971991,1788849692274019,302028
load10000-burst,2,2000,9922,1788849691971991,1788849692274041,302050
load10000-burst,2,2000,9923,1788849691971991,1788849692274064,302073
load10000-burst,2,2000,9924,1788849691971991,1788849692274088,302097
load10000-burst,2,2000,9925,1788849691971991,1788849692274111,302120
load10000-burst,2,2000,9926,1788849691971991,1788849692274128,302137
load10000-burst,2,2000,9927,1788849691971991,1788849692274157,302166
load10000-burst,2,2000,9928,1788849691971991,1788849692274183,302192
load10000-burst,2,2000,9929,1788849691971991,1788849692274214,302223
load10000-burst,2,2000,9930,1788849691971991,1788849692274243,302252
load10000-burst,2,2000,9931,1788849691971991,1788849692274267,302276
load10000-burst,2,2000,9932,1788849691971991,1788849692274298,302307
load10000-burst,2,2000,9933,1788849691971991,1788849692274344,302353
load10000-burst,2,2000,9934,1788849691971991,1788849692274371,302380
load10000-burst,2,2000,9935,1788849691971991,1788849692274395,302404
load10000-burst,2,2000,9936,1788849691971991,1788849692274419,302428
load10000-burst,2,2000,9937,1788849691971991,1788849692274441,302450
load10000-burst,2,2000,9938,1788849691971991,1788849692274465,302474
load10000-burst,2,2000,9939,1788849691971991,1788849692274495,302504
load10000-burst,2,2000,9940,1788849691971991,1788849692274527,302536
load10000-burst,2,2000,9941,1788849691971991,1788849692274555,302564
load10000-burst,2,2000,9942,1788849691971991,1788849692274578,302587
load10000-burst,2,2000,9943,1788849691971991,1788849692274601,302610
load10000-burst,2,2000,9944,1788849691971991,1788849692274624,302633
load10000-burst,2,2000,9945,1788849691971991,1788849692274646,302655
load10000-burst,2,2000,9946,1788849691971991,1788849692274668,302677
load10000-burst,2,2000,9947,1788849691971991,1788849692274692,302701
load10000-burst,2,2000,9948,1788849691971991,1788849692274714,302723
load10000-burst,2,2000,9949,1788849691971991,1788849692274736,302745
load10000-burst,2,2000,9950,1788849691971991,1788849692274758,302767
load10000-burst,2,2000,9951,1788849691971991,1788849692274780,302789
load10000-burst,2,2000,9952,1788849691971991,1788849692274803,302812
load10000-burst,2,2000,9953,1788849691971991,1788849692274828,302837
load10000-burst,2,2000,9954,1788849691971991,1788849692274852,302861
load10000-burst,2,2000,9955,1788849691971991,1788849692274875,302884
load10000-burst,2,2000,9956,1788849691971991,1788849692274897,302906
load10000-burst,2,2000,9957,1788849691971991,1788849692274921,302930
load10000-burst,2,2000,9958,1788849691971991,1788849692274945,302954
load10000-burst,2,2000,9959,1788849691971991,1788849692274971,302980
load10000-burst,2,2000,9960,1788849691971991,1788849692275002,303011
load10000-burst,2,2000,9961,1788849691971991,1788849692275027,303036
load10000-burst,2,2000,9962,1788849691971991,1788849692275052,303061
load10000-burst,2,2000,9963,1788849691971991,1788849692275074,303083
load10000-burst,2,2000,9964,1788849691971991,1788849692275096,303105
load10000-burst,2,2000,9965,1788849691971991,1788849692275118,303127
load10000-burst,2,2000,9966,1788849691971991,1788849692275142,303151
load10000-burst,2,2000,9967,1788849691971991,1788849692275164,303173
load10000-burst,2,2000,9968,1788849691971991,1788849692275194,303203
load10000-burst,2,2000,9969,1788849691971991,1788849692275231,303240
load10000-burst,2,2000,9970,1788849691971991,1788849692275272,303281
load10000-burst,2,2000,9971,1788849691971991,1788849692275298,303307
load10000-burst,2,2000,9972,1788849691971991,1788849692275320,303329
load10000-burst,2,2000,9973,1788849691971991,1788849692275355,303364
load10000-burst,2,2000,9974,1788849691971991,1788849692275402,303411
load10000-burst,2,2000,9975,1788849691971991,1788849692275430,303439
load10000-burst,2,2000,9976,1788849691971991,1788849692275454,303463
load10000-burst,2,2000,9977,1788849691971991,1788849692275476,303485
load10000-burst,2,2000,9978,1788849691971991,1788849692275499,303508
load10000-burst,2,2000,9979,1788849691971991,1788849692275521,303530
load10000-burst,2,2000,9980,1788849691971991,1788849692275544,303553
load10000-burst,2,2000,9981,1788849691971991,1788849692275567,303576
load10000-burst,2,2000,9982,1788849691971991,1788849692275601,303610
load10000-burst,2,2000,9983,1788849691971991,1788849692275625,303634
load10000-burst,2,2000,9984,1788849691971991,1788849692275649,303658
load10000-burst,2,2000,9985,1788849691971991,1788849692275672,303681
load10000-burst,2,2000,9986,1788849691971991,1788849692275694,303703
load10000-burst,2,2000,9987,1788849691971991,1788849692275715,303724
load10000-burst,2,2000,9988,1788849691971991,1788849692275738,303747
load10000-burst,2,2000,9989,1788849691971991,1788849692275760,303769
load10000-burst,2,2000,9990,1788849691971991,1788849692275782,303791
load10000-burst,2,2000,9991,1788849691971991,1788849692275804,303813
load10000-burst,2,2000,9992,1788849691971991,1788849692275827,303836
load10000-burst,2,2000,9993,1788849691971991,1788849692275849,303858
load10000-burst,2,2000,9994,1788849691971991,1788849692275871,303880
load10000-burst,2,2000,9995,1788849691971991,1788849692275893,303902
load10000-burst,2,2000,9996,1788849691971991,1788849692275915,303924
load10000-burst,2,2000,9997,1788849691971991,1788849692275939,303948
load10000-burst,2,2000,9998,1788849691971991,1788849692275971,303980
load10000-burst,2,2000,9999,1788849691971991,1788849692276049,304058
load10000-oneshot-100,0,100,22,1788849691986812,1788849692276080,289268
load10000-interval-100,1,100,22,1788849691833013,1788849692276127,443114
load10000-oneshot-500,0,500,4,1788849692325591,1788849692327708,2117
load10000-interval-500,1,500,4,1788849692343946,1788849692374154,30208
load10000-oneshot-100,0,100,23,1788849692376080,1788849692390164,14084
load10000-interval-100,1,100,23,1788849691933013,1788849692390283,457270
load10000-oneshot-100,0,100,24,1788849692490164,1788849692498605,8441
load10000-interval-100,1,100,24,1788849692033013,1788849692498744,465731
load10000-oneshot-100,0,100,25,1788849692598605,1788849692607654,9049
load10000-interval-100,1,100,25,1788849692133013,1788849692607733,474720
load10000-oneshot-100,0,100,26,1788849692707654,1788849692717482,9828
load10000-interval-100,1,100,26,1788849692233013,1788849692717645,484632
load10000-oneshot-100,0,100,27,1788849692817482,1788849692825767,8285
load10000-interval-100,1,100,27,1788849692333013,1788849692825863,492850
load10000-oneshot-500,0,500,5,1788849692827708,1788849692841315,13607
load10000-interval-500,1,500,5,1788849692843946,1788849692888459,44513
load10000-oneshot-1000,0,1000,2,1788849692902907,1788849692904436,1529
load10000-oneshot-100,0,100,28,1788849692925767,1788849692934944,9177
load10000-interval-100,1,100,28,1788849692433013,1788849692935034,502021
load10000-interval-1000,1,1000,2,1788849692929335,1788849692967026,37691
load10000-oneshot-100,0,100,29,1788849693034944,1788849693046875,11931
load10000-interval-100,1,100,29,1788849692533013,1788849693046972,513959
load10000-oneshot-100,0,100,30,1788849693146875,1788849693155338,8463
load10000-interval-100,1,100,30,1788849692633013,1788849693155484,522471
load10000-oneshot-100,0,100,31,1788849693255338,1788849693264982,9644
load10000-interval-100,1,100,31,1788849692733013,1788849693265083,532070
load10000-oneshot-500,0,500,6,1788849693341315,1788849693343920,2605
load10000-oneshot-100,0,100,32,1788849693364982,1788849693375482,10500
load10000-interval-100,1,100,32,1788849692833013,1788849693375642,542629
load10000-interval-500,1,500,6,1788849693343946,1788849693390981,47035
load10000-oneshot-100,0,100,33,1788849693475482,1788849693483645,8163
load10000-interval-100,1,100,33,1788849692933013,1788849693483758,550745
load10000-interval-100,1,100,34,1788849693033013,1788849693592748,559735
load10000-oneshot-100,0,100,34,1788849693583645,1788849693592851,9206
load10000-interval-100,1,100,35,1788849693133013,1788849693702357,569344
load10000-oneshot-100,0,100,35,1788849693692851,1788849693702509,9658
load10000-interval-100,1,100,36,1788849693233013,1788849693811969,578956
load10000-oneshot-100,0,100,36,1788849693802509,1788849693812085,9576
load10000-oneshot-500,0,500,7,1788849693843920,1788849693858720,14800
load10000-interval-500,1,500,7,1788849693843946,1788849693906001,62055
load10000-oneshot-1000,0,1000,3,1788849693904436,1788849693906108,1672
load10000-interval-100,1,100,37,1788849693333013,1788849693921662,588649
load10000-oneshot-100,0,100,37,1788849693912085,1788849693921786,9701
load10000-interval-1000,1,1000,3,1788849693929335,1788849693982922,53587
load10000-interval-100,1,100,38,1788849693433013,1788849694030611,597598
load10000-oneshot-100,0,100,38,1788849694021786,1788849694030721,8935
load10000-interval-100,1,100,39,1788849693533013,1788849694137832,604819
load10000-oneshot-100,0,100,39,1788849694130721,1788849694137917,7196
load10000-interval-100,1,100,40,1788849693633013,1788849694247013,614000
load10000-oneshot-100,0,100,40,1788849694237917,1788849694247121,9204
load10000-interval-100,1,100,41,1788849693733013,1788849694356988,623975
load10000-oneshot-100,0,100,41,1788849694347121,1788849694357120,9999
load10000-oneshot-500,0,500,8,1788849694358720,1788849694372973,14253
load10000-interval-500,1,500,8,1788849694343946,1788849694419908,75962
load10000-interval-100,1,100,42,1788849693833013,1788849694467114,634101
load10000-oneshot-100,0,100,42,1788849694457120,1788849694467204,10084
load10000-interval-100,1,100,43,1788849693933013,1788849694575809,642796
load10000-oneshot-100,0,100,43,1788849694567204,1788849694575912,8708
load10000-interval-100,1,100,44,1788849694033013,1788849694685848,652835
load10000-oneshot-100,0,100,44,1788849694675912,1788849694685957,10045
load10000-interval-100,1,100,45,1788849694133013,1788849694795141,662128
load10000-oneshot-100,0,100,45,1788849694785957,1788849694795252,9295
load10000-oneshot-500,0,500,9,1788849694872973,1788849694888925,15952
load10000-interval-100,1,100,46,1788849694233013,1788849694904986,671973
load10000-oneshot-100,0,100,46,1788849694895252,1788849694905062,9810
load10000-oneshot-1000,0,1000,4,1788849694906108,1788849694921619,15511
load10000-interval-500,1,500,9,1788849694843946,1788849694921710,77764
load10000-interval-1000,1,1000,4,1788849694929335,1788849694999834,70499
load10000-interval-100,1,100,47,1788849694333013,1788849695015295,682282
load10000-oneshot-100,0,100,47,1788849695005062,1788849695015376,10314
load10000-interval-100,1,100,48,1788849694433013,1788849695123228,690215
load10000-oneshot-100,0,100,48,1788849695115376,1788849695123316,7940
load10000-interval-100,1,100,49,1788849694533013,1788849695234611,701598
load10000-oneshot-100,0,100,49,1788849695223316,1788849695234722,11406
load10000-interval-100,1,100,50,1788849694633013,1788849695343924,710911
load10000-oneshot-100,0,100,50,1788849695334722,1788849695344078,9356
load10000-oneshot-500,0,500,10,1788849695388925,1788849695390458,1533
load10000-interval-500,1,500,10,1788849695343946,1788849695437247,93301
load10000-interval-100,1,100,51,1788849694733013,1788849695452494,719481
load10000-oneshot-100,0,100,51,1788849695444078,1788849695452592,8514
load10000-interval-100,1,100,52,1788849694833013,1788849695562816,729803
load10000-oneshot-100,0,100,52,1788849695552592,1788849695562913,10321
load10000-interval-100,1,100,53,1788849694933013,1788849695672138,739125
load10000-oneshot-100,0,100,53,1788849695662913,1788849695672211,9298
load10000-interval-100,1,100,54,1788849695033013,1788849695782995,749982
load10000-oneshot-100,0,100,54,1788849695772211,1788849695783092,10881
load10000-interval-100,1,100,55,1788849695133013,1788849695891869,758856
load10000-oneshot-100,0,100,55,1788849695883092,1788849695891979,8887
load10000-oneshot-500,0,500,11,1788849695890458,1788849695892055,1597
load10000-oneshot-1000,0,1000,5,1788849695921619,1788849695922475,856
load10000-interval-500,1,500,11,1788849695843946,1788849695938711,94765
load10000-interval-100,1,100,56,1788849695233013,1788849696001960,768947
load10000-oneshot-100,0,100,56,1788849695991979,1788849696002073,10094
load10000-interval-1000,1,1000,5,1788849695929335,1788849696002141,72806
load10000-interval-100,1,100,57,1788849695333013,1788849696110764,777751
load10000-oneshot-100,0,100,57,1788849696102073,1788849696110912,8839
load10000-interval-100,1,100,58,1788849695433013,1788849696220657,787644
load10000-oneshot-100,0,100,58,1788849696210912,1788849696220809,9897
load10000-interval-100,1,100,59,1788849695533013,1788849696331469,798456
load10000-oneshot-100,0,100,59,1788849696320809,1788849696331584,10775
load10000-oneshot-500,0,500,12,1788849696392055,1788849696394349,2294
load10000-interval-100,1,100,60,1788849695633013,1788849696441404,808391
load10000-oneshot-100,0,100,60,1788849696431584,1788849696441540,9956
load10000-interval-500,1,500,12,1788849696343946,1788849696441602,97656
load10000-interval-100,1,100,61,1788849695733013,1788849696551097,818084
load10000-oneshot-100,0,100,61,1788849696541540,1788849696551212,9672
load10000-interval-100,1,100,62,1788849695833013,1788849696659907,826894
load10000-oneshot-100,0,100,62,1788849696651212,1788849696660026,8814
load10000-interval-100,1,100,63,1788849695933013,1788849696769771,836758
load10000-oneshot-100,0,100,63,1788849696760026,1788849696769870,9844
load10000-interval-100,1,100,64,1788849696033013,1788849696877699,844686
load10000-oneshot-100,0,100,64,1788849696869870,1788849696877814,7944
load10000-oneshot-500,0,500,13,1788849696894349,1788849696909082,14733
load10000-oneshot-1000,0,1000,6,1788849696922475,1788849696924103,1628
load10000-interval-500,1,500,13,1788849696843946,1788849696955745,111799
load10000-interval-100,1,100,65,1788849696133013,1788849696986530,853517
load10000-oneshot-100,0,100,65,1788849696977814,1788849696986674,8860
load10000-interval-1000,1,1000,6,1788849696929335,1788849697017655,88320
load10000-interval-100,1,100,66,1788849696233013,1788849697095971,862958
load10000-oneshot-100,0,100,66,1788849697086674,1788849697096028,9354
load10000-interval-100,1,100,67,1788849696333013,1788849697203741,870728
load10000-oneshot-100,0,100,67,1788849697196028,1788849697203824,7796
load10000-interval-100,1,100,68,1788849696433013,1788849697314219,881206
load10000-oneshot-100,0,100,68,1788849697303824,1788849697314325,10501
load10000-oneshot-500,0,500,14,1788849697409082,1788849697425146,16064
load10000-interval-100,1,100,69,1788849696533013,1788849697425228,892215
load10000-oneshot-100,0,100,69,1788849697414325,1788849697425291,10966
load10000-interval-500,1,500,14,1788849697343946,1788849697456628,112682
load10000-interval-100,1,100,70,1788849696633013,1788849697534397,901384
load10000-oneshot-100,0,100,70,1788849697525291,1788849697534601,9310
load10000-interval-100,1,100,71,1788849696733013,1788849697644720,911707
load10000-oneshot-100,0,100,71,1788849697634601,1788849697644810,10209
load10000-interval-100,1,100,72,1788849696833013,1788849697753533,920520
load10000-oneshot-100,0,100,72,1788849697744810,1788849697753645,8835
load10000-interval-100,1,100,73,1788849696933013,1788849697864485,931472
load10000-oneshot-100,0,100,73,1788849697853645,1788849697864629,10984
load10000-oneshot-1000,0,1000,7,1788849697924103,1788849697926794,2691
load10000-oneshot-500,0,500,15,1788849697925146,1788849697926898,1752
load10000-interval-500,1,500,15,1788849697843946,1788849697957695,113749
load10000-interval-100,1,100,74,1788849697033013,1788849697973785,940772
load10000-oneshot-100,0,100,74,1788849697964629,1788849697973924,9295
load10000-interval-1000,1,1000,7,1788849697929335,1788849698019993,90658
load10000-interval-100,1,100,75,1788849697133013,1788849698082523,949510
load10000-oneshot-100,0,100,75,1788849698073924,1788849698082679,8755
load10000-interval-100,1,100,76,1788849697233013,1788849698191952,958939
load10000-oneshot-100,0,100,76,1788849698182679,1788849698192074,9395
load10000-interval-100,1,100,77,1788849697333013,1788849698301710,968697
load10000-oneshot-100,0,100,77,1788849698292074,1788849698301849,9775
load10000-interval-100,1,100,78,1788849697433013,1788849698412235,979222
load10000-oneshot-100,0,100,78,1788849698401849,1788849698412344,10495
load10000-oneshot-500,0,500,16,1788849698426898,1788849698428720,1822
load10000-interval-500,1,500,16,1788849698343946,1788849698459136,115190
load10000-interval-100,1,100,79,1788849697533013,1788849698521175,988162
load10000-oneshot-100,0,100,79,1788849698512344,1788849698521270,8926
load10000-interval-100,1,100,80,1788849697633013,1788849698631182,998169
load10000-oneshot-100,0,100,80,1788849698621270,1788849698631344,10074
load10000-interval-100,1,100,81,1788849697733013,1788849698741345,1008332
load10000-oneshot-100,0,100,81,1788849698731344,1788849698741581,10237
load10000-interval-100,1,100,82,1788849697833013,1788849698850476,1017463
load10000-oneshot-100,0,100,82,1788849698841581,1788849698850619,9038
load10000-oneshot-1000,0,1000,8,1788849698926794,1788849698928471,1677
load10000-oneshot-500,0,500,17,1788849698928720,1788849698944649,15929
load10000-interval-100,1,100,83,1788849697933013,1788849698960338,1027325
load10000-oneshot-100,0,100,83,1788849698950619,1788849698960450,9831
load10000-interval-500,1,500,17,1788849698843946,1788849698960552,116606
load10000-interval-1000,1,1000,8,1788849698929335,1788849699022391,93056
load10000-interval-100,1,100,84,1788849698033013,1788849699068989,1035976
load10000-oneshot-100,0,100,84,1788849699060450,1788849699069094,8644
load10000-interval-100,1,100,85,1788849698133013,1788849699178217,1045204
load10000-oneshot-100,0,100,85,1788849699169094,1788849699178352,9258
load10000-interval-100,1,100,86,1788849698233013,1788849699289046,1056033
load10000-oneshot-100,0,100,86,1788849699278352,1788849699289241,10889
load10000-interval-100,1,100,87,1788849698333013,1788849699399140,1066127
load10000-oneshot-100,0,100,87,1788849699389241,1788849699399290,10049
load10000-oneshot-500,0,500,18,1788849699444649,1788849699447116,2467
load10000-interval-500,1,500,18,1788849699343946,1788849699462598,118652
load10000-interval-100,1,100,88,1788849698433013,1788849699509175,1076162
load10000-oneshot-100,0,100,88,1788849699499290,1788849699509303,10013
load10000-interval-100,1,100,89,1788849698533013,1788849699618241,1085228
load10000-oneshot-100,0,100,89,1788849699609303,1788849699618329,9026
load10000-interval-100,1,100,90,1788849698633013,1788849699728311,1095298
load10000-oneshot-100,0,100,90,1788849699718329,1788849699728455,10126
load10000-interval-100,1,100,91,1788849698733013,1788849699836604,1103591
load10000-oneshot-100,0,100,91,1788849699828455,1788849699836690,8235
load10000-oneshot-1000,0,1000,9,1788849699928471,1788849699931248,2777
load10000-interval-100,1,100,92,1788849698833013,1788849699947235,1114222
load10000-oneshot-100,0,100,92,1788849699936690,1788849699947344,10654
load10000-oneshot-500,0,500,19,1788849699947116,1788849699962534,15418
load10000-interval-500,1,500,19,1788849699843946,1788849699978595,134649
load10000-interval-1000,1,1000,9,1788849699929335,1788849700024637,95302
load10000-interval-100,1,100,93,1788849698933013,1788849700055886,1122873
load10000-oneshot-100,0,100,93,1788849700047344,1788849700055991,8647
load10000-interval-100,1,100,94,1788849699033013,1788849700164308,1131295
load10000-oneshot-100,0,100,94,1788849700155991,1788849700164403,8412
load10000-interval-100,1,100,95,1788849699133013,1788849700274624,1141611
load10000-oneshot-100,0,100,95,1788849700264403,1788849700274680,10277
load10000-interval-100,1,100,96,1788849699233013,1788849700383114,1150101
load10000-oneshot-100,0,100,96,1788849700374680,1788849700383248,8568
load10000-oneshot-500,0,500,20,1788849700462534,1788849700476289,13755
load10000-interval-500,1,500,20,1788849700343946,1788849700491804,147858
load10000-interval-100,1,100,97,1788849699333013,1788849700491958,1158945
load10000-oneshot-100,0,100,97,1788849700483248,1788849700492064,8816
load10000-interval-100,1,100,98,1788849699433013,1788849700601136,1168123
load10000-oneshot-100,0,100,98,1788849700592064,1788849700601259,9195
load10000-interval-100,1,100,99,1788849699533013,1788849700711664,1178651
load10000-oneshot-100,0,100,99,1788849700701259,1788849700711753,10494
load10000-interval-100,1,100,100,1788849699633013,1788849700820240,1187227
load10000-oneshot-100,0,100,100,1788849700811753,1788849700820397,8644
load10000-interval-100,1,100,101,1788849699733013,1788849700931642,1198629
load10000-oneshot-100,0,100,101,1788849700920397,1788849700931765,11368
load10000-oneshot-1000,0,1000,10,1788849700931248,1788849700946895,15647
load10000-oneshot-500,0,500,21,1788849700976289,1788849700977876,1587
load10000-interval-500,1,500,21,1788849700843946,1788849701008961,165015
load10000-interval-1000,1,1000,10,1788849700929335,1788849701025562,96227
load10000-interval-100,1,100,102,1788849699833013,1788849701039660,1206647
load10000-oneshot-100,0,100,102,1788849701031765,1788849701039706,7941
load10000-interval-100,1,100,103,1788849699933013,1788849701151118,1218105
load10000-oneshot-100,0,100,103,1788849701139706,1788849701151210,11504
load10000-interval-100,1,100,104,1788849700033013,1788849701259906,1226893
load10000-oneshot-100,0,100,104,1788849701251210,1788849701259991,8781
load10000-interval-100,1,100,105,1788849700133013,1788849701370385,1237372
load10000-oneshot-100,0,100,105,1788849701359991,1788849701370476,10485
load10000-interval-100,1,100,106,1788849700233013,1788849701481488,1248475
load10000-oneshot-100,0,100,106,1788849701470476,1788849701481637,11161
load10000-oneshot-500,0,500,22,1788849701477876,1788849701481713,3837
load10000-interval-500,1,500,22,1788849701343946,1788849701512155,168209
load10000-interval-100,1,100,107,1788849700333013,1788849701589516,1256503
load10000-oneshot-100,0,100,107,1788849701581637,1788849701589605,7968
load10000-interval-100,1,100,108,1788849700433013,1788849701698280,1265267
load10000-oneshot-100,0,100,108,1788849701689605,1788849701698397,8792
load10000-oneshot-100,0,100,109,1788849701798397,1788849701807428,9031
load10000-interval-100,1,100,109,1788849700533013,1788849701807523,1274510
load10000-oneshot-100,0,100,110,1788849701907428,1788849701916702,9274
load10000-interval-100,1,100,110,1788849700633013,1788849701916818,1283805
load10000-oneshot-1000,0,1000,11,1788849701946895,1788849701948592,1697
load10000-oneshot-500,0,500,23,1788849701981713,1788849701995304,13591
load10000-interval-500,1,500,23,1788849701843946,1788849702026385,182439
load10000-oneshot-100,0,100,111,1788849702016702,1788849702026530,9828
load10000-interval-100,1,100,111,1788849700733013,1788849702026617,1293604
load10000-interval-1000,1,1000,11,1788849701929335,1788849702026703,97368
load10000-oneshot-100,0,100,112,1788849702126530,1788849702136369,9839
load10000-interval-100,1,100,112,1788849700833013,1788849702136559,1303546
load10000-oneshot-100,0,100,113,1788849702236369,1788849702245453,9084
load10000-interval-100,1,100,113,1788849700933013,1788849702245575,1312562
load10000-oneshot-100,0,100,114,1788849702345453,1788849702355934,10481
load10000-interval-100,1,100,114,1788849701033013,1788849702356025,1323012
load10000-oneshot-100,0,100,115,1788849702455934,1788849702463812,7878
load10000-interval-100,1,100,115,1788849701133013,1788849702463905,1330892
load10000-oneshot-500,0,500,24,1788849702495304,1788849702510136,14832
load10000-interval-500,1,500,24,1788849702343946,1788849702542222,198276
load10000-oneshot-100,0,100,116,1788849702563812,1788849702572588,8776
load10000-interval-100,1,100,116,1788849701233013,1788849702572739,1339726
load10000-oneshot-100,0,100,117,1788849702672588,1788849702681479,8891
load10000-interval-100,1,100,117,1788849701333013,1788849702681593,1348580
load10000-oneshot-100,0,100,118,1788849702781479,1788849702790883,9404
load10000-interval-100,1,100,118,1788849701433013,1788849702790977,1357964
load10000-oneshot-100,0,100,119,1788849702890883,1788849702899329,8446
load10000-interval-100,1,100,119,1788849701533013,1788849702899427,1366414
load10000-oneshot-1000,0,1000,12,1788849702948592,1788849702961305,12713
load10000-oneshot-100,0,100,120,1788849702999329,1788849703007250,7921
load10000-interval-100,1,100,120,1788849701633013,1788849703007338,1374325
load10000-oneshot-500,0,500,25,1788849703010136,1788849703022571,12435
load10000-interval-1000,1,1000,12,1788849702929335,1788849703037788,108453
load10000-interval-500,1,500,25,1788849702843946,1788849703053511,209565
load10000-oneshot-100,0,100,121,1788849703107250,1788849703116244,8994
load10000-interval-100,1,100,121,1788849701733013,1788849703116323,1383310
load10000-oneshot-100,0,100,122,1788849703216244,1788849703225646,9402
load10000-interval-100,1,100,122,1788849701833013,1788849703225764,1392751
load10000-oneshot-100,0,100,123,1788849703325646,1788849703333908,8262
load10000-interval-100,1,100,123,1788849701933013,1788849703334066,1401053
load10000-oneshot-100,0,100,124,1788849703433908,1788849703442449,8541
load10000-interval-100,1,100,124,1788849702033013,1788849703442545,1409532
load10000-oneshot-500,0,500,26,1788849703522571,1788849703536396,13825
load10000-oneshot-100,0,100,125,1788849703542449,1788849703552477,10028
load10000-interval-100,1,100,125,1788849702133013,1788849703552571,1419558
load10000-interval-500,1,500,26,1788849703343946,1788849703567673,223727
load10000-oneshot-100,0,100,126,1788849703652477,1788849703661499,9022
load10000-interval-100,1,100,126,1788849702233013,1788849703661649,1428636
load10000-oneshot-100,0,100,127,1788849703761499,1788849703771452,9953
load10000-interval-100,1,100,127,1788849702333013,1788849703771565,1438552
load10000-oneshot-100,0,100,128,1788849703871452,1788849703881376,9924
load10000-interval-100,1,100,128,1788849702433013,1788849703881525,1448512
load10000-oneshot-1000,0,1000,13,1788849703961305,1788849703974161,12856
load10000-oneshot-100,0,100,129,1788849703981376,1788849703989696,8320
load10000-interval-100,1,100,129,1788849702533013,1788849703989810,1456797
load10000-oneshot-500,0,500,27,1788849704036396,1788849704051937,15541
load10000-interval-1000,1,1000,13,1788849703929335,1788849704052060,122725
load10000-interval-500,1,500,27,1788849703843946,1788849704082747,238801
load10000-oneshot-100,0,100,130,1788849704089696,1788849704098565,8869
load10000-interval-100,1,100,130,1788849702633013,1788849704098681,1465668
load10000-oneshot-100,0,100,131,1788849704198565,1788849704207787,9222
load10000-interval-100,1,100,131,1788849702733013,1788849704207901,1474888
load10000-oneshot-100,0,100,132,1788849704307787,1788849704315039,7252
load10000-interval-100,1,100,132,1788849702833013,1788849704315150,1482137
load10000-oneshot-100,0,100,133,1788849704415039,1788849704424955,9916
load10000-interval-100,1,100,133,1788849702933013,1788849704425033,1492020
load10000-oneshot-100,0,100,134,1788849704524955,1788849704535274,10319
load10000-interval-100,1,100,134,1788849703033013,1788849704535423,1502410
load10000-oneshot-500,0,500,28,1788849704551937,1788849704566510,14573
load10000-interval-500,1,500,28,1788849704343946,1788849704598102,254156
load10000-oneshot-100,0,100,135,1788849704635274,1788849704644258,8984
load10000-interval-100,1,100,135,1788849703133013,1788849704644390,1511377
load10000-oneshot-100,0,100,136,1788849704744258,1788849704753853,9595
load10000-interval-100,1,100,136,1788849703233013,1788849704753920,1520907
load10000-oneshot-100,0,100,137,1788849704853853,1788849704864023,10170
load10000-interval-100,1,100,137,1788849703333013,1788849704864125,1531112
load10000-oneshot-100,0,100,138,1788849704964023,1788849704974359,10336
load10000-interval-100,1,100,138,1788849703433013,1788849704974479,1541466
load10000-oneshot-1000,0,1000,14,1788849704974161,1788849704990469,16308
load10000-interval-1000,1,1000,14,1788849704929335,1788849705068225,138890
load10000-oneshot-500,0,500,29,1788849705066510,1788849705068377,1867
load10000-oneshot-100,0,100,139,1788849705074359,1788849705084273,9914
load10000-interval-100,1,100,139,1788849703533013,1788849705084395,1551382
load10000-interval-500,1,500,29,1788849704843946,1788849705100376,256430
load10000-oneshot-100,0,100,140,1788849705184273,1788849705192805,8532
load10000-interval-100,1,100,140,1788849703633013,1788849705192959,1559946
load10000-oneshot-100,0,100,141,1788849705292805,1788849705303078,10273
load10000-interval-100,1,100,141,1788849703733013,1788849705303204,1570191
load10000-oneshot-100,0,100,142,1788849705403078,1788849705412941,9863
load10000-interval-100,1,100,142,1788849703833013,1788849705413034,1580021
load10000-oneshot-100,0,100,143,1788849705512941,1788849705522871,9930
load10000-interval-100,1,100,143,1788849703933013,1788849705522927,1589914
load10000-oneshot-500,0,500,30,1788849705568377,1788849705569906,1529
load10000-interval-500,1,500,30,1788849705343946,1788849705616871,272925
load10000-oneshot-100,0,100,144,1788849705622871,1788849705632899,10028
load10000-interval-100,1,100,144,1788849704033013,1788849705632994,1599981
load10000-oneshot-100,0,100,145,1788849705732899,1788849705742216,9317
load10000-interval-100,1,100,145,1788849704133013,1788849705742325,1609312
load10000-interval-100,1,100,146,1788849704233013,1788849705851291,1618278
load10000-oneshot-100,0,100,146,1788849705842216,1788849705851415,9199
load10000-interval-100,1,100,147,1788849704333013,1788849705959887,1626874
load10000-oneshot-100,0,100,147,1788849705951415,1788849705959974,8559
load10000-oneshot-1000,0,1000,15,1788849705990469,1788849706006478,16009
load10000-interval-100,1,100,148,1788849704433013,1788849706069572,1636559
load10000-oneshot-100,0,100,148,1788849706059974,1788849706069657,9683
load10000-interval-1000,1,1000,15,1788849705929335,1788849706069765,140430
load10000-oneshot-500,0,500,31,1788849706069906,1788849706085110,15204
load10000-interval-500,1,500,31,1788849705843946,1788849706132788,288842
load10000-interval-100,1,100,149,1788849704533013,1788849706179221,1646208
load10000-oneshot-100,0,100,149,1788849706169657,1788849706179326,9669
load10000-interval-100,1,100,150,1788849704633013,1788849706287509,1654496
load10000-oneshot-100,0,100,150,1788849706279326,1788849706287560,8234
load10000-interval-100,1,100,151,1788849704733013,1788849706395964,1662951
load10000-oneshot-100,0,100,151,1788849706387560,1788849706396068,8508
load10000-interval-100,1,100,152,1788849704833013,1788849706506064,1673051
load10000-oneshot-100,0,100,152,1788849706496068,1788849706506169,10101
load10000-oneshot-500,0,500,32,1788849706585110,1788849706600809,15699
load10000-interval-100,1,100,153,1788849704933013,1788849706616942,1683929
load10000-oneshot-100,0,100,153,1788849706606169,1788849706617061,10892
load10000-interval-500,1,500,32,1788849706343946,1788849706647691,303745
load10000-interval-100,1,100,154,1788849705033013,1788849706725960,1692947
load10000-oneshot-100,0,100,154,1788849706717061,1788849706726104,9043
load10000-interval-100,1,100,155,1788849705133013,1788849706836577,1703564
load10000-oneshot-100,0,100,155,1788849706826104,1788849706836692,10588
load10000-interval-100,1,100,156,1788849705233013,1788849706946510,1713497
load10000-oneshot-100,0,100,156,1788849706936692,1788849706946596,9904
load10000-oneshot-1000,0,1000,16,1788849707006478,1788849707009249,2771
load10000-interval-100,1,100,157,1788849705333013,1788849707055065,1722052
load10000-oneshot-100,0,100,157,1788849707046596,1788849707055219,8623
load10000-interval-1000,1,1000,16,1788849706929335,1788849707070605,141270
load10000-oneshot-500,0,500,33,1788849707100809,1788849707103260,2451
load10000-interval-500,1,500,33,1788849706843946,1788849707149459,305513
load10000-interval-100,1,100,158,1788849705433013,1788849707164925,1731912
load10000-oneshot-100,0,100,158,1788849707155219,1788849707165018,9799
load10000-interval-100,1,100,159,1788849705533013,1788849707273366,1740353
load10000-oneshot-100,0,100,159,1788849707265018,1788849707273458,8440
load10000-interval-100,1,100,160,1788849705633013,1788849707382497,1749484
load10000-oneshot-100,0,100,160,1788849707373458,1788849707382613,9155
load10000-interval-100,1,100,161,1788849705733013,1788849707492867,1759854
load10000-oneshot-100,0,100,161,1788849707482613,1788849707493017,10404
load10000-interval-100,1,100,162,1788849705833013,1788849707601551,1768538
load10000-oneshot-100,0,100,162,1788849707593017,1788849707601672,8655
load10000-oneshot-500,0,500,34,1788849707603260,1788849707616873,13613
load10000-interval-500,1,500,34,1788849707343946,1788849707662946,319000
load10000-interval-100,1,100,163,1788849705933013,1788849707707943,1774930
load10000-oneshot-100,0,100,163,1788849707701672,1788849707707998,6326
load10000-interval-100,1,100,164,1788849706033013,1788849707816415,1783402
load10000-oneshot-100,0,100,164,1788849707807998,1788849707816533,8535
load10000-interval-100,1,100,165,1788849706133013,1788849707926594,1793581
load10000-oneshot-100,0,100,165,1788849707916533,1788849707926723,10190
load10000-oneshot-1000,0,1000,17,1788849708009249,1788849708020842,11593
load10000-interval-100,1,100,166,1788849706233013,1788849708036882,1803869
load10000-oneshot-100,0,100,166,1788849708026723,1788849708036977,10254
load10000-interval-1000,1,1000,17,1788849707929335,1788849708083201,153866
load10000-oneshot-500,0,500,35,1788849708116873,1788849708131216,14343
load10000-interval-100,1,100,167,1788849706333013,1788849708146353,1813340
load10000-oneshot-100,0,100,167,1788849708136977,1788849708146457,9480
load10000-interval-500,1,500,35,1788849707843946,1788849708177955,334009
load10000-interval-100,1,100,168,1788849706433013,1788849708257072,1824059
load10000-oneshot-100,0,100,168,1788849708246457,1788849708257158,10701
load10000-interval-100,1,100,169,1788849706533013,1788849708367151,1834138
load10000-oneshot-100,0,100,169,1788849708357158,1788849708367271,10113
load10000-interval-100,1,100,170,1788849706633013,1788849708475340,1842327
load10000-oneshot-100,0,100,170,1788849708467271,1788849708475537,8266
load10000-interval-100,1,100,171,1788849706733013,1788849708582760,1849747
load10000-oneshot-100,0,100,171,1788849708575537,1788849708582848,7311
load10000-oneshot-500,0,500,36,1788849708631216,1788849708645870,14654
load10000-interval-500,1,500,36,1788849708343946,1788849708692367,348421
load10000-interval-100,1,100,172,1788849706833013,1788849708692505,1859492
load10000-oneshot-100,0,100,172,1788849708682848,1788849708692557,9709
load10000-interval-100,1,100,173,1788849706933013,1788849708802422,1869409
load10000-oneshot-100,0,100,173,1788849708792557,1788849708802563,10006
load10000-interval-100,1,100,174,1788849707033013,1788849708912614,1879601
load10000-oneshot-100,0,100,174,1788849708902563,1788849708912776,10213
load10000-interval-100,1,100,175,1788849707133013,1788849709021058,1888045
load10000-oneshot-100,0,100,175,1788849709012776,1788849709021206,8430
load10000-oneshot-1000,0,1000,18,1788849709020842,1788849709036632,15790
load10000-interval-1000,1,1000,18,1788849708929335,1788849709084437,155102
load10000-interval-100,1,100,176,1788849707233013,1788849709130881,1897868
load10000-oneshot-100,0,100,176,1788849709121206,1788849709130950,9744
load10000-oneshot-500,0,500,37,1788849709145870,1788849709147563,1693
load10000-interval-500,1,500,37,1788849708843946,1788849709208290,364344
load10000-interval-100,1,100,177,1788849707333013,1788849709238687,1905674
load10000-oneshot-100,0,100,177,1788849709230950,1788849709238781,7831
load10000-interval-100,1,100,178,1788849707433013,1788849709347987,1914974
load10000-oneshot-100,0,100,178,1788849709338781,1788849709348136,9355
load10000-interval-100,1,100,179,1788849707533013,1788849709456304,1923291
load10000-oneshot-100,0,100,179,1788849709448136,1788849709456418,8282
load10000-interval-100,1,100,180,1788849707633013,1788849709567057,1934044
load10000-oneshot-100,0,100,180,1788849709556418,1788849709567183,10765
load10000-oneshot-500,0,500,38,1788849709647563,1788849709660762,13199
load10000-interval-100,1,100,181,1788849707733013,1788849709676674,1943661
load10000-oneshot-100,0,100,181,1788849709667183,1788849709676747,9564
load10000-interval-500,1,500,38,1788849709343946,1788849709723652,379706
load10000-interval-100,1,100,182,1788849707833013,1788849709785825,1952812
load10000-oneshot-100,0,100,182,1788849709776747,1788849709785896,9149
load10000-interval-100,1,100,183,1788849707933013,1788849709895297,1962284
load10000-oneshot-100,0,100,183,1788849709885896,1788849709895407,9511
load10000-oneshot-100,0,100,184,1788849709995407,1788849710004546,9139
load10000-interval-100,1,100,184,1788849708033013,1788849710004633,1971620
load10000-oneshot-1000,0,1000,19,1788849710036632,1788849710050629,13997
load10000-interval-1000,1,1000,19,1788849709929335,1788849710098105,168770
load10000-oneshot-100,0,100,185,1788849710104546,1788849710113354,8808
load10000-interval-100,1,100,185,1788849708133013,1788849710113492,1980479
load10000-oneshot-500,0,500,39,1788849710160762,1788849710176535,15773
load10000-oneshot-100,0,100,186,1788849710213354,1788849710222821,9467
load10000-interval-100,1,100,186,1788849708233013,1788849710222927,1989914
load10000-interval-500,1,500,39,1788849709843946,1788849710237877,393931
load10000-oneshot-100,0,100,187,1788849710322821,1788849710332296,9475
load10000-interval-100,1,100,187,1788849708333013,1788849710332375,1999362
load10000-oneshot-100,0,100,188,1788849710432296,1788849710440371,8075
load10000-interval-100,1,100,188,1788849708433013,1788849710440550,2007537
load10000-oneshot-100,0,100,189,1788849710540371,1788849710549789,9418
load10000-interval-100,1,100,189,1788849708533013,1788849710549908,2016895
load10000-oneshot-100,0,100,190,1788849710649789,1788849710657495,7706
load10000-interval-100,1,100,190,1788849708633013,1788849710657610,2024597
load10000-oneshot-500,0,500,40,1788849710676535,1788849710688994,12459
load10000-interval-500,1,500,40,1788849710343946,1788849710752417,408471
load10000-oneshot-100,0,100,191,1788849710757495,1788849710768073,10578
load10000-interval-100,1,100,191,1788849708733013,1788849710768261,2035248
load10000-oneshot-100,0,100,192,1788849710868073,1788849710877411,9338
load10000-interval-100,1,100,192,1788849708833013,1788849710877539,2044526
load10000-oneshot-100,0,100,193,1788849710977411,1788849710986902,9491
load10000-interval-100,1,100,193,1788849708933013,1788849710987010,2053997
load10000-oneshot-1000,0,1000,20,1788849711050629,1788849711064267,13638
load10000-oneshot-100,0,100,194,1788849711086902,1788849711095144,8242
load10000-interval-100,1,100,194,1788849709033013,1788849711095230,2062217
load10000-interval-1000,1,1000,20,1788849710929335,1788849711110232,180897
load10000-oneshot-500,0,500,41,1788849711188994,1788849711204364,15370
load10000-oneshot-100,0,100,195,1788849711195144,1788849711204518,9374
load10000-interval-100,1,100,195,1788849709133013,1788849711204599,2071586
load10000-interval-500,1,500,41,1788849710843946,1788849711267728,423782
load10000-oneshot-100,0,100,196,1788849711304518,1788849711314649,10131
load10000-interval-100,1,100,196,1788849709233013,1788849711314760,2081747
load10000-oneshot-100,0,100,197,1788849711414649,1788849711423599,8950
load10000-interval-100,1,100,197,1788849709333013,1788849711423713,2090700
load10000-oneshot-100,0,100,198,1788849711523599,1788849711532885,9286
load10000-interval-100,1,100,198,1788849709433013,1788849711532981,2099968
load10000-oneshot-100,0,100,199,1788849711632885,1788849711642307,9422
load10000-interval-100,1,100,199,1788849709533013,1788849711642411,2109398
load10000-oneshot-500,0,500,42,1788849711704364,1788849711719619,15255
load10000-oneshot-100,0,100,200,1788849711742307,1788849711750717,8410
load10000-interval-100,1,100,200,1788849709633013,1788849711750848,2117835
load10000-interval-500,1,500,42,1788849711343946,1788849711781547,437601
load10000-oneshot-100,0,100,201,1788849711850717,1788849711860659,9942
load10000-interval-100,1,100,201,1788849709733013,1788849711860758,2127745
load10000-oneshot-100,0,100,202,1788849711960659,1788849711969887,9228
load10000-interval-100,1,100,202,1788849709833013,1788849711969951,2136938
load10000-oneshot-1000,0,1000,21,1788849712064267,1788849712078280,14013
load10000-oneshot-100,0,100,203,1788849712069887,1788849712078377,8490
load10000-interval-100,1,100,203,1788849709933013,1788849712078452,2145439
load10000-interval-1000,1,1000,21,1788849711929335,1788849712125382,196047
load10000-oneshot-100,0,100,204,1788849712178377,1788849712188703,10326
load10000-interval-100,1,100,204,1788849710033013,1788849712188813,2155800
load10000-oneshot-500,0,500,43,1788849712219619,1788849712235099,15480
load10000-interval-500,1,500,43,1788849711843946,1788849712282436,438490
load10000-oneshot-100,0,100,205,1788849712288703,1788849712297365,8662
load10000-interval-100,1,100,205,1788849710133013,1788849712297475,2164462
load10000-oneshot-100,0,100,206,1788849712397365,1788849712407493,10128
load10000-interval-100,1,100,206,1788849710233013,1788849712407651,2174638
load10000-oneshot-100,0,100,207,1788849712507493,1788849712516756,9263
load10000-interval-100,1,100,207,1788849710333013,1788849712516870,2183857
load10000-oneshot-100,0,100,208,1788849712616756,1788849712626341,9585
load10000-interval-100,1,100,208,1788849710433013,1788849712626452,2193439
load10000-oneshot-100,0,100,209,1788849712726341,1788849712735471,9130
load10000-interval-100,1,100,209,1788849710533013,1788849712735571,2202558
load10000-oneshot-500,0,500,44,1788849712735099,1788849712750478,15379
load10000-interval-500,1,500,44,1788849712343946,1788849712797476,453530
load10000-oneshot-100,0,100,210,1788849712835471,1788849712843455,7984
load10000-interval-100,1,100,210,1788849710633013,1788849712843560,2210547
load10000-oneshot-100,0,100,211,1788849712943455,1788849712953525,10070
load10000-interval-100,1,100,211,1788849710733013,1788849712953631,2220618
load10000-oneshot-100,0,100,212,1788849713053525,1788849713062308,8783
load10000-interval-100,1,100,212,1788849710833013,1788849713062395,2229382
load10000-oneshot-1000,0,1000,22,1788849713078280,1788849713087537,9257
load10000-interval-1000,1,1000,22,1788849712929335,1788849713139537,210202
load10000-oneshot-100,0,100,213,1788849713162308,1788849713170187,7879
load10000-interval-100,1,100,213,1788849710933013,1788849713170295,2237282
load10000-oneshot-500,0,500,45,1788849713250478,1788849713264593,14115
load10000-oneshot-100,0,100,214,1788849713270187,1788849713279559,9372
load10000-interval-100,1,100,214,1788849711033013,1788849713279638,2246625
load10000-interval-500,1,500,45,1788849712843946,1788849713310203,466257
load10000-oneshot-100,0,100,215,1788849713379559,1788849713388570,9011
load10000-interval-100,1,100,215,1788849711133013,1788849713388664,2255651
load10000-oneshot-100,0,100,216,1788849713488570,1788849713497822,9252
load10000-interval-100,1,100,216,1788849711233013,1788849713497935,2264922
load10000-oneshot-100,0,100,217,1788849713597822,1788849713607921,10099
load10000-interval-100,1,100,217,1788849711333013,1788849713608036,2275023
load10000-oneshot-100,0,100,218,1788849713707921,1788849713717662,9741
load10000-interval-100,1,100,218,1788849711433013,1788849713717790,2284777
load10000-oneshot-500,0,500,46,1788849713764593,1788849713779270,14677
load10000-interval-500,1,500,46,1788849713343946,1788849713825655,481709
load10000-oneshot-100,0,100,219,1788849713817662,1788849713825768,8106
load10000-interval-100,1,100,219,1788849711533013,1788849713825830,2292817
load10000-oneshot-100,0,100,220,1788849713925768,1788849713933872,8104
load10000-interval-100,1,100,220,1788849711633013,1788849713933983,2300970
load10000-interval-100,1,100,221,1788849711733013,1788849714043854,2310841
load10000-oneshot-100,0,100,221,1788849714033872,1788849714043995,10123
load10000-oneshot-1000,0,1000,23,1788849714087537,1788849714089782,2245
load10000-interval-1000,1,1000,23,1788849713929335,1788849714152957,223622
load10000-interval-100,1,100,222,1788849711833013,1788849714153101,2320088
load10000-oneshot-100,0,100,222,1788849714143995,1788849714153183,9188
load10000-interval-100,1,100,223,1788849711933013,1788849714262280,2329267
load10000-oneshot-100,0,100,223,1788849714253183,1788849714262411,9228
load10000-oneshot-500,0,500,47,1788849714279270,1788849714292949,13679
load10000-interval-500,1,500,47,1788849713843946,1788849714340300,496354
load10000-interval-100,1,100,224,1788849712033013,1788849714371316,2338303
load10000-oneshot-100,0,100,224,1788849714362411,1788849714371424,9013
load10000-interval-100,1,100,225,1788849712133013,1788849714480927,2347914
load10000-oneshot-100,0,100,225,1788849714471424,1788849714481080,9656
load10000-interval-100,1,100,226,1788849712233013,1788849714590712,2357699
load10000-oneshot-100,0,100,226,1788849714581080,1788849714590813,9733
load10000-interval-100,1,100,227,1788849712333013,1788849714698833,2365820
load10000-oneshot-100,0,100,227,1788849714690813,1788849714698915,8102
load10000-oneshot-500,0,500,48,1788849714792949,1788849714807805,14856
load10000-interval-100,1,100,228,1788849712433013,1788849714807935,2374922
load10000-oneshot-100,0,100,228,1788849714798915,1788849714808019,9104
load10000-interval-500,1,500,48,1788849714343946,1788849714854554,510608
load10000-interval-100,1,100,229,1788849712533013,1788849714916527,2383514
load10000-oneshot-100,0,100,229,1788849714908019,1788849714916620,8601
load10000-interval-100,1,100,230,1788849712633013,1788849715025976,2392963
load10000-oneshot-100,0,100,230,1788849715016620,1788849715026081,9461
load10000-oneshot-1000,0,1000,24,1788849715089782,1788849715104185,14403
load10000-interval-100,1,100,231,1788849712733013,1788849715134967,2401954
load10000-oneshot-100,0,100,231,1788849715126081,1788849715135072,8991
load10000-interval-1000,1,1000,24,1788849714929335,1788849715166069,236734
load10000-interval-100,1,100,232,1788849712833013,1788849715244265,2411252
load10000-oneshot-100,0,100,232,1788849715235072,1788849715244356,9284
load10000-oneshot-500,0,500,49,1788849715307805,1788849715321732,13927
load10000-interval-100,1,100,233,1788849712933013,1788849715353225,2420212
load10000-oneshot-100,0,100,233,1788849715344356,1788849715353300,8944
load10000-interval-500,1,500,49,1788849714843946,1788849715368810,524864
load10000-interval-100,1,100,234,1788849713033013,1788849715464161,2431148
load10000-oneshot-100,0,100,234,1788849715453300,1788849715464248,10948
load10000-interval-100,1,100,235,1788849713133013,1788849715574074,2441061
load10000-oneshot-100,0,100,235,1788849715564248,1788849715574170,9922
load10000-interval-100,1,100,236,1788849713233013,1788849715682941,2449928
load10000-oneshot-100,0,100,236,1788849715674170,1788849715683048,8878
load10000-interval-100,1,100,237,1788849713333013,1788849715792319,2459306
load10000-oneshot-100,0,100,237,1788849715783048,1788849715792433,9385
load10000-oneshot-500,0,500,50,1788849715821732,1788849715823263,1531
load10000-interval-500,1,500,50,1788849715343946,1788849715869787,525841
load10000-interval-100,1,100,238,1788849713433013,1788849715900808,2467795
load10000-oneshot-100,0,100,238,1788849715892433,1788849715900907,8474
load10000-interval-100,1,100,239,1788849713533013,1788849716011342,2478329
load10000-oneshot-100,0,100,239,1788849716000907,1788849716011497,10590
load10000-oneshot-1000,0,1000,25,1788849716104185,1788849716120044,15859
load10000-interval-100,1,100,240,1788849713633013,1788849716120158,2487145
load10000-oneshot-100,0,100,240,1788849716111497,1788849716120211,8714
load10000-interval-1000,1,1000,25,1788849715929335,1788849716181715,252380
load10000-interval-100,1,100,241,1788849713733013,1788849716228688,2495675
load10000-oneshot-100,0,100,241,1788849716220211,1788849716228792,8581
load10000-oneshot-500,0,500,51,1788849716323263,1788849716336188,12925
load10000-interval-100,1,100,242,1788849713833013,1788849716336302,2503289
load10000-oneshot-100,0,100,242,1788849716328792,1788849716336378,7586
load10000-interval-500,1,500,51,1788849715843946,1788849716382888,538942
load10000-interval-100,1,100,243,1788849713933013,1788849716445789,2512776
load10000-oneshot-100,0,100,243,1788849716436378,1788849716445877,9499
load10000-interval-100,1,100,244,1788849714033013,1788849716555917,2522904
load10000-oneshot-100,0,100,244,1788849716545877,1788849716556019,10142
load10000-interval-100,1,100,245,1788849714133013,1788849716664904,2531891
load10000-oneshot-100,0,100,245,1788849716656019,1788849716665047,9028
load10000-interval-100,1,100,246,1788849714233013,1788849716774110,2541097
load10000-oneshot-100,0,100,246,1788849716765047,1788849716774203,9156
load10000-oneshot-500,0,500,52,1788849716836188,1788849716852197,16009
load10000-interval-100,1,100,247,1788849714333013,1788849716882972,2549959
load10000-oneshot-100,0,100,247,1788849716874203,1788849716883066,8863
load10000-interval-500,1,500,52,1788849716343946,1788849716898936,554990
load10000-interval-100,1,100,248,1788849714433013,1788849716992796,2559783
load10000-oneshot-100,0,100,248,1788849716983066,1788849716992903,9837
load10000-interval-100,1,100,249,1788849714533013,1788849717101466,2568453
load10000-oneshot-100,0,100,249,1788849717092903,1788849717101542,8639
load10000-oneshot-1000,0,1000,26,1788849717120044,1788849717132690,12646
load10000-interval-1000,1,1000,26,1788849716929335,1788849717193940,264605
load10000-interval-100,1,100,250,1788849714633013,1788849717209999,2576986
load10000-oneshot-100,0,100,250,1788849717201542,1788849717210125,8583
load10000-interval-100,1,100,251,1788849714733013,1788849717317658,2584645
load10000-oneshot-100,0,100,251,1788849717310125,1788849717317770,7645
load10000-oneshot-500,0,500,53,1788849717352197,1788849717364702,12505
load10000-interval-500,1,500,53,1788849716843946,1788849717412352,568406
load10000-interval-100,1,100,252,1788849714833013,1788849717428874,2595861
load10000-oneshot-100,0,100,252,1788849717417770,1788849717429055,11285
load10000-interval-100,1,100,253,1788849714933013,1788849717537179,2604166
load10000-oneshot-100,0,100,253,1788849717529055,1788849717537292,8237
load10000-interval-100,1,100,254,1788849715033013,1788849717647814,2614801
load10000-oneshot-100,0,100,254,1788849717637292,1788849717647933,10641
load10000-interval-100,1,100,255,1788849715133013,1788849717759160,2626147
load10000-oneshot-100,0,100,255,1788849717747933,1788849717759375,11442
load10000-interval-100,1,100,256,1788849715233013,1788849717868730,2635717
load10000-oneshot-100,0,100,256,1788849717859375,1788849717868837,9462
load10000-oneshot-500,0,500,54,1788849717864702,1788849717868898,4196
load10000-interval-500,1,500,54,1788849717343946,1788849717916226,572280
load10000-interval-100,1,100,257,1788849715333013,1788849717979725,2646712
load10000-oneshot-100,0,100,257,1788849717968837,1788849717979809,10972
load10000-interval-100,1,100,258,1788849715433013,1788849718090060,2657047
load10000-oneshot-100,0,100,258,1788849718079809,1788849718090179,10370
load10000-oneshot-1000,0,1000,27,1788849718132690,1788849718137382,4692
load10000-oneshot-100,0,100,259,1788849718190179,1788849718200011,9832
load10000-interval-100,1,100,259,1788849715533013,1788849718200111,2667098
load10000-interval-1000,1,1000,27,1788849717929335,1788849718200173,270838
load10000-oneshot-100,0,100,260,1788849718300011,1788849718309705,9694
load10000-interval-100,1,100,260,1788849715633013,1788849718309791,2676778
load10000-oneshot-500,0,500,55,1788849718368898,1788849718372347,3449
load10000-oneshot-100,0,100,261,1788849718409705,1788849718417748,8043
load10000-interval-100,1,100,261,1788849715733013,1788849718417861,2684848
load10000-interval-500,1,500,55,1788849717843946,1788849718417913,573967
load10000-oneshot-100,0,100,262,1788849718517748,1788849718526852,9104
load10000-interval-100,1,100,262,1788849715833013,1788849718526987,2693974
load10000-oneshot-100,0,100,263,1788849718626852,1788849718637069,10217
load10000-interval-100,1,100,263,1788849715933013,1788849718637211,2704198
load10000-oneshot-100,0,100,264,1788849718737069,1788849718745223,8154
load10000-interval-100,1,100,264,1788849716033013,1788849718745329,2712316
load10000-oneshot-100,0,100,265,1788849718845223,1788849718855969,10746
load10000-interval-100,1,100,265,1788849716133013,1788849718856079,2723066
load10000-oneshot-500,0,500,56,1788849718872347,1788849718886670,14323
load10000-interval-500,1,500,56,1788849718343946,1788849718932870,588924
load10000-oneshot-100,0,100,266,1788849718955969,1788849718964897,8928
load10000-interval-100,1,100,266,1788849716233013,1788849718965014,2732001
load10000-oneshot-100,0,100,267,1788849719064897,1788849719074283,9386
load10000-interval-100,1,100,267,1788849716333013,1788849719074487,2741474
load10000-oneshot-1000,0,1000,28,1788849719137382,1788849719151480,14098
load10000-oneshot-100,0,100,268,1788849719174283,1788849719183482,9199
load10000-interval-100,1,100,268,1788849716433013,1788849719183672,2750659
load10000-interval-1000,1,1000,28,1788849718929335,1788849719214152,284817
load10000-oneshot-100,0,100,269,1788849719283482,1788849719293003,9521
load10000-interval-100,1,100,269,1788849716533013,1788849719293093,2760080
load10000-oneshot-500,0,500,57,1788849719386670,1788849719387575,905
load10000-oneshot-100,0,100,270,1788849719393003,1788849719402095,9092
load10000-interval-100,1,100,270,1788849716633013,1788849719402189,2769176
load10000-interval-500,1,500,57,1788849718843946,1788849719449179,605233
load10000-oneshot-100,0,100,271,1788849719502095,1788849719511980,9885
load10000-interval-100,1,100,271,1788849716733013,1788849719512084,2779071
load10000-oneshot-100,0,100,272,1788849719611980,1788849719622019,10039
load10000-interval-100,1,100,272,1788849716833013,1788849719622150,2789137
load10000-oneshot-100,0,100,273,1788849719722019,1788849719730954,8935
load10000-interval-100,1,100,273,1788849716933013,1788849719731045,2798032
load10000-oneshot-100,0,100,274,1788849719830954,1788849719842023,11069
load10000-interval-100,1,100,274,1788849717033013,1788849719842182,2809169
load10000-oneshot-500,0,500,58,1788849719887575,1788849719890241,2666
load10000-oneshot-100,0,100,275,1788849719942023,1788849719952174,10151
load10000-interval-100,1,100,275,1788849717133013,1788849719952278,2819265
load10000-interval-500,1,500,58,1788849719343946,1788849719952427,608481
load10000-oneshot-100,0,100,276,1788849720052174,1788849720062335,10161
load10000-interval-100,1,100,276,1788849717233013,1788849720062499,2829486
load10000-oneshot-1000,0,1000,29,1788849720151480,1788849720156506,5026
load10000-oneshot-100,0,100,277,1788849720162335,1788849720172521,10186
load10000-interval-100,1,100,277,1788849717333013,1788849720172618,2839605
load10000-interval-1000,1,1000,29,1788849719929335,1788849720220688,291353
load10000-oneshot-100,0,100,278,1788849720272521,1788849720283051,10530
load10000-interval-100,1,100,278,1788849717433013,1788849720283145,2850132
load10000-oneshot-100,0,100,279,1788849720383051,1788849720390690,7639
load10000-interval-100,1,100,279,1788849717533013,1788849720390799,2857786
load10000-oneshot-500,0,500,59,1788849720390241,1788849720391659,1418
load10000-interval-500,1,500,59,1788849719843946,1788849720468640,624694
load10000-oneshot-100,0,100,280,1788849720490690,1788849720499330,8640
load10000-interval-100,1,100,280,1788849717633013,1788849720499460,2866447
load10000-oneshot-100,0,100,281,1788849720599330,1788849720607965,8635
load10000-interval-100,1,100,281,1788849717733013,1788849720608087,2875074
load10000-oneshot-100,0,100,282,1788849720707965,1788849720717804,9839
load10000-interval-100,1,100,282,1788849717833013,1788849720717913,2884900
load10000-oneshot-100,0,100,283,1788849720817804,1788849720826972,9168
load10000-interval-100,1,100,283,1788849717933013,1788849720827043,2894030
load10000-oneshot-500,0,500,60,1788849720891659,1788849720906369,14710
load10000-oneshot-100,0,100,284,1788849720926972,1788849720937185,10213
load10000-interval-100,1,100,284,1788849718033013,1788849720937302,2904289
load10000-interval-500,1,500,60,1788849720343946,1788849720983886,639940
load10000-oneshot-100,0,100,285,1788849721037185,1788849721047215,10030
load10000-interval-100,1,100,285,1788849718133013,1788849721047308,2914295
load10000-oneshot-100,0,100,286,1788849721147215,1788849721156598,9383
load10000-interval-100,1,100,286,1788849718233013,1788849721156710,2923697
load10000-oneshot-1000,0,1000,30,1788849721156506,1788849721172109,15603
load10000-interval-1000,1,1000,30,1788849720929335,1788849721233887,304552
load10000-oneshot-100,0,100,287,1788849721256598,1788849721266543,9945
load10000-interval-100,1,100,287,1788849718333013,1788849721266646,2933633
load10000-oneshot-100,0,100,288,1788849721366543,1788849721378902,12359
load10000-interval-100,1,100,288,1788849718433013,1788849721378999,2945986
load10000-oneshot-500,0,500,61,1788849721406369,1788849721409139,2770
load10000-oneshot-100,0,100,289,1788849721478902,1788849721487273,8371
load10000-interval-100,1,100,289,1788849718533013,1788849721487384,2954371
load10000-interval-500,1,500,61,1788849720843946,1788849721487447,643501
load10000-oneshot-100,0,100,290,1788849721587273,1788849721597627,10354
load10000-interval-100,1,100,290,1788849718633013,1788849721597737,2964724
load10000-oneshot-100,0,100,291,1788849721697627,1788849721707043,9416
load10000-interval-100,1,100,291,1788849718733013,1788849721707152,2974139
load10000-oneshot-100,0,100,292,1788849721807043,1788849721814294,7251
load10000-interval-100,1,100,292,1788849718833013,1788849721814402,2981389
load10000-oneshot-500,0,500,62,1788849721909139,1788849721922733,13594
load10000-oneshot-100,0,100,293,1788849721914294,1788849721922861,8567
load10000-interval-100,1,100,293,1788849718933013,1788849721922960,2989947
load10000-interval-500,1,500,62,1788849721343946,1788849722000581,656635
load10000-oneshot-100,0,100,294,1788849722022861,1788849722032810,9949
load10000-interval-100,1,100,294,1788849719033013,1788849722032905,2999892
load10000-oneshot-100,0,100,295,1788849722132810,1788849722141583,8773
load10000-interval-100,1,100,295,1788849719133013,1788849722141718,3008705
load10000-oneshot-1000,0,1000,31,1788849722172109,1788849722187828,15719
load10000-interval-1000,1,1000,31,1788849721929335,1788849722235460,306125
load10000-interval-100,1,100,296,1788849719233013,1788849722250907,3017894
load10000-oneshot-100,0,100,296,1788849722241583,1788849722251043,9460
load10000-interval-100,1,100,297,1788849719333013,1788849722359845,3026832
load10000-oneshot-100,0,100,297,1788849722351043,1788849722359967,8924
load10000-oneshot-500,0,500,63,1788849722422733,1788849722437826,15093
load10000-interval-100,1,100,298,1788849719433013,1788849722469117,3036104
load10000-oneshot-100,0,100,298,1788849722459967,1788849722469203,9236
load10000-interval-500,1,500,63,1788849721843946,1788849722516114,672168
load10000-interval-100,1,100,299,1788849719533013,1788849722579081,3046068
load10000-oneshot-100,0,100,299,1788849722569203,1788849722579153,9950
load10000-interval-100,1,100,300,1788849719633013,1788849722689357,3056344
load10000-oneshot-100,0,100,300,1788849722679153,1788849722689482,10329
load10000-interval-100,1,100,301,1788849719733013,1788849722799448,3066435
load10000-oneshot-100,0,100,301,1788849722789482,1788849722799555,10073
load10000-interval-100,1,100,302,1788849719833013,1788849722909113,3076100
load10000-oneshot-100,0,100,302,1788849722899555,1788849722909253,9698
load10000-oneshot-500,0,500,64,1788849722937826,1788849722940423,2597
load10000-interval-100,1,100,303,1788849719933013,1788849723019305,3086292
load10000-oneshot-100,0,100,303,1788849723009253,1788849723019411,10158
load10000-interval-500,1,500,64,1788849722343946,1788849723019476,675530
load10000-interval-100,1,100,304,1788849720033013,1788849723129464,3096451
load10000-oneshot-100,0,100,304,1788849723119411,1788849723129535,10124
load10000-oneshot-1000,0,1000,32,1788849723187828,1788849723191299,3471
load10000-interval-100,1,100,305,1788849720133013,1788849723237561,3104548
load10000-oneshot-100,0,100,305,1788849723229535,1788849723237657,8122
load10000-interval-1000,1,1000,32,1788849722929335,1788849723237719,308384
load10000-interval-100,1,100,306,1788849720233013,1788849723346910,3113897
load10000-oneshot-100,0,100,306,1788849723337657,1788849723347032,9375
load10000-oneshot-500,0,500,65,1788849723440423,1788849723456369,15946
load10000-interval-100,1,100,307,1788849720333013,1788849723456471,3123458
load10000-oneshot-100,0,100,307,1788849723447032,1788849723456511,9479
load10000-interval-500,1,500,65,1788849722843946,1788849723535807,691861
load10000-interval-100,1,100,308,1788849720433013,1788849723566966,3133953
load10000-oneshot-100,0,100,308,1788849723556511,1788849723567091,10580
load10000-interval-100,1,100,309,1788849720533013,1788849723676839,3143826
load10000-oneshot-100,0,100,309,1788849723667091,1788849723676929,9838
load10000-interval-100,1,100,310,1788849720633013,1788849723785387,3152374
load10000-oneshot-100,0,100,310,1788849723776929,1788849723785499,8570
load10000-interval-100,1,100,311,1788849720733013,1788849723892923,3159910
load10000-oneshot-100,0,100,311,1788849723885499,1788849723892987,7488
load10000-oneshot-500,0,500,66,1788849723956369,1788849723970767,14398
load10000-interval-100,1,100,312,1788849720833013,1788849724001871,3168858
load10000-oneshot-100,0,100,312,1788849723992987,1788849724001970,8983
load10000-interval-500,1,500,66,1788849723343946,1788849724048856,704910
load10000-interval-100,1,100,313,1788849720933013,1788849724110790,3177777
load10000-oneshot-100,0,100,313,1788849724101970,1788849724110924,8954
load10000-oneshot-1000,0,1000,33,1788849724191299,1788849724204654,13355
load10000-interval-100,1,100,314,1788849721033013,1788849724221323,3188310
load10000-oneshot-100,0,100,314,1788849724210924,1788849724221457,10533
load10000-interval-1000,1,1000,33,1788849723929335,1788849724252147,322812
load10000-interval-100,1,100,315,1788849721133013,1788849724330442,3197429
load10000-oneshot-100,0,100,315,1788849724321457,1788849724330553,9096
load10000-interval-100,1,100,316,1788849721233013,1788849724440175,3207162
load10000-oneshot-100,0,100,316,1788849724430553,1788849724440295,9742
load10000-oneshot-500,0,500,67,1788849724470767,1788849724486502,15735
load10000-interval-100,1,100,317,1788849721333013,1788849724549398,3216385
load10000-oneshot-100,0,100,317,1788849724540295,1788849724549487,9192
load10000-interval-500,1,500,67,1788849723843946,1788849724564597,720651
load10000-interval-100,1,100,318,1788849721433013,1788849724659958,3226945
load10000-oneshot-100,0,100,318,1788849724649487,1788849724660069,10582
load10000-interval-100,1,100,319,1788849721533013,1788849724768916,3235903
load10000-oneshot-100,0,100,319,1788849724760069,1788849724769026,8957
load10000-interval-100,1,100,320,1788849721633013,1788849724878764,3245751
load10000-oneshot-100,0,100,320,1788849724869026,1788849724878907,9881
load10000-interval-100,1,100,321,1788849721733013,1788849724987505,3254492
load10000-oneshot-100,0,100,321,1788849724978907,1788849724987614,8707
load10000-oneshot-500,0,500,68,1788849724986502,1788849724987694,1192
load10000-interval-500,1,500,68,1788849724343946,1788849725079910,735964
load10000-interval-100,1,100,322,1788849721833013,1788849725095718,3262705
load10000-oneshot-100,0,100,322,1788849725087614,1788849725095791,8177
load10000-interval-100,1,100,323,1788849721933013,1788849725205156,3272143
load10000-oneshot-100,0,100,323,1788849725195791,1788849725205259,9468
load10000-oneshot-1000,0,1000,34,1788849725204654,1788849725220003,15349
load10000-interval-1000,1,1000,34,1788849724929335,1788849725266690,337355
load10000-interval-100,1,100,324,1788849722033013,1788849725313488,3280475
load10000-oneshot-100,0,100,324,1788849725305259,1788849725313571,8312
load10000-interval-100,1,100,325,1788849722133013,1788849725422440,3289427
load10000-oneshot-100,0,100,325,1788849725413571,1788849725422577,9006
load10000-oneshot-500,0,500,69,1788849725487694,1788849725500367,12673
load10000-interval-100,1,100,326,1788849722233013,1788849725531295,3298282
load10000-oneshot-100,0,100,326,1788849725522577,1788849725531393,8816
load10000-interval-500,1,500,69,1788849724843946,1788849725594403,750457
load10000-interval-100,1,100,327,1788849722333013,1788849725641022,3308009
load10000-oneshot-100,0,100,327,1788849725631393,1788849725641164,9771
load10000-interval-100,1,100,328,1788849722433013,1788849725750809,3317796
load10000-oneshot-100,0,100,328,1788849725741164,1788849725750932,9768
load10000-interval-100,1,100,329,1788849722533013,1788849725860830,3327817
load10000-oneshot-100,0,100,329,1788849725850932,1788849725860993,10061
load10000-interval-100,1,100,330,1788849722633013,1788849725971857,3338844
load10000-oneshot-100,0,100,330,1788849725960993,1788849725971966,10973
load10000-oneshot-500,0,500,70,1788849726000367,1788849726003091,2724
load10000-interval-100,1,100,331,1788849722733013,1788849726080686,3347673
load10000-oneshot-100,0,100,331,1788849726071966,1788849726080783,8817
load10000-interval-500,1,500,70,1788849725343946,1788849726096534,752588
load10000-interval-100,1,100,332,1788849722833013,1788849726190891,3357878
load10000-oneshot-100,0,100,332,1788849726180783,1788849726190992,10209
load10000-oneshot-1000,0,1000,35,1788849726220003,1788849726222107,2104
load10000-interval-1000,1,1000,35,1788849725929335,1788849726268383,339048
load10000-interval-100,1,100,333,1788849722933013,1788849726300064,3367051
load10000-oneshot-100,0,100,333,1788849726290992,1788849726300150,9158
load10000-oneshot-100,0,100,334,1788849726400150,1788849726409349,9199
load10000-interval-100,1,100,334,1788849723033013,1788849726409429,3376416
load10000-oneshot-500,0,500,71,1788849726503091,1788849726517835,14744
load10000-oneshot-100,0,100,335,1788849726509349,1788849726517938,8589
load10000-interval-100,1,100,335,1788849723133013,1788849726518002,3384989
load10000-interval-500,1,500,71,1788849725843946,1788849726612317,768371
load10000-oneshot-100,0,100,336,1788849726617938,1788849726627803,9865
load10000-interval-100,1,100,336,1788849723233013,1788849726627929,3394916
load10000-oneshot-100,0,100,337,1788849726727803,1788849726737656,9853
load10000-interval-100,1,100,337,1788849723333013,1788849726737777,3404764
load10000-oneshot-100,0,100,338,1788849726837656,1788849726846788,9132
load10000-interval-100,1,100,338,1788849723433013,1788849726846978,3413965
load10000-oneshot-100,0,100,339,1788849726946788,1788849726954626,7838
load10000-interval-100,1,100,339,1788849723533013,1788849726954782,3421769
load10000-oneshot-500,0,500,72,1788849727017835,1788849727032388,14553
load10000-oneshot-100,0,100,340,1788849727054626,1788849727063905,9279
load10000-interval-100,1,100,340,1788849723633013,1788849727063987,3430974
load10000-interval-500,1,500,72,1788849726343946,1788849727126322,782376
load10000-oneshot-100,0,100,341,1788849727163905,1788849727173559,9654
load10000-interval-100,1,100,341,1788849723733013,1788849727173633,3440620
load10000-oneshot-1000,0,1000,36,1788849727222107,1788849727234787,12680
load10000-interval-1000,1,1000,36,1788849726929335,1788849727282080,352745
load10000-oneshot-100,0,100,342,1788849727273559,1788849727282210,8651
load10000-interval-100,1,100,342,1788849723833013,1788849727282365,3449352
load10000-oneshot-100,0,100,343,1788849727382210,1788849727390955,8745
load10000-interval-100,1,100,343,1788849723933013,1788849727391075,3458062
load10000-oneshot-100,0,100,344,1788849727490955,1788849727501390,10435
load10000-interval-100,1,100,344,1788849724033013,1788849727501492,3468479
load10000-oneshot-500,0,500,73,1788849727532388,1788849727547169,14781
load10000-oneshot-100,0,100,345,1788849727601390,1788849727608770,7380
load10000-interval-100,1,100,345,1788849724133013,1788849727608875,3475862
load10000-interval-500,1,500,73,1788849726843946,1788849727640374,796428
load10000-oneshot-100,0,100,346,1788849727708770,1788849727718619,9849
load10000-interval-100,1,100,346,1788849724233013,1788849727718689,3485676
load10000-oneshot-100,0,100,347,1788849727818619,1788849727827680,9061
load10000-interval-100,1,100,347,1788849724333013,1788849727827780,3494767
load10000-oneshot-100,0,100,348,1788849727927680,1788849727938480,10800
load10000-interval-100,1,100,348,1788849724433013,1788849727938590,3505577
load10000-oneshot-100,0,100,349,1788849728038480,1788849728047988,9508
load10000-interval-100,1,100,349,1788849724533013,1788849728048107,3515094
load10000-oneshot-500,0,500,74,1788849728047169,1788849728064705,17536
load10000-interval-500,1,500,74,1788849727343946,1788849728143616,799670
load10000-oneshot-100,0,100,350,1788849728147988,1788849728159724,11736
load10000-interval-100,1,100,350,1788849724633013,1788849728159857,3526844
load10000-oneshot-1000,0,1000,37,1788849728234787,1788849728237106,2319
load10000-oneshot-100,0,100,351,1788849728259724,1788849728268285,8561
load10000-interval-100,1,100,351,1788849724733013,1788849728268389,3535376
load10000-interval-1000,1,1000,37,1788849727929335,1788849728283951,354616
load10000-oneshot-100,0,100,352,1788849728368285,1788849728377394,9109
load10000-interval-100,1,100,352,1788849724833013,1788849728377525,3544512
load10000-oneshot-100,0,100,353,1788849728477394,1788849728487042,9648
load10000-interval-100,1,100,353,1788849724933013,1788849728487104,3554091
load10000-oneshot-500,0,500,75,1788849728564705,1788849728578653,13948
load10000-oneshot-100,0,100,354,1788849728587042,1788849728594226,7184
load10000-interval-100,1,100,354,1788849725033013,1788849728594278,3561265
load10000-interval-500,1,500,75,1788849727843946,1788849728656680,812734
load10000-oneshot-100,0,100,355,1788849728694226,1788849728704350,10124
load10000-interval-100,1,100,355,1788849725133013,1788849728704450,3571437
load10000-oneshot-100,0,100,356,1788849728804350,1788849728814381,10031
load10000-interval-100,1,100,356,1788849725233013,1788849728814550,3581537
load10000-oneshot-100,0,100,357,1788849728914381,1788849728922548,8167
load10000-interval-100,1,100,357,1788849725333013,1788849728922623,3589610
load10000-oneshot-100,0,100,358,1788849729022548,1788849729031996,9448
load10000-interval-100,1,100,358,1788849725433013,1788849729032126,3599113
load10000-oneshot-500,0,500,76,1788849729078653,1788849729093809,15156
load10000-oneshot-100,0,100,359,1788849729131996,1788849729141507,9511
load10000-interval-100,1,100,359,1788849725533013,1788849729141604,3608591
load10000-interval-500,1,500,76,1788849728343946,1788849729157601,813655
load10000-oneshot-1000,0,1000,38,1788849729237106,1788849729250641,13535
load10000-oneshot-100,0,100,360,1788849729241507,1788849729250811,9304
load10000-interval-100,1,100,360,1788849725633013,1788849729250883,3617870
load10000-interval-1000,1,1000,38,1788849728929335,1788849729296576,367241
load10000-oneshot-100,0,100,361,1788849729350811,1788849729358592,7781
load10000-interval-100,1,100,361,1788849725733013,1788849729358709,3625696
load10000-oneshot-100,0,100,362,1788849729458592,1788849729467349,8757
load10000-interval-100,1,100,362,1788849725833013,1788849729467462,3634449
load10000-oneshot-100,0,100,363,1788849729567349,1788849729577012,9663
load10000-interval-100,1,100,363,1788849725933013,1788849729577134,3644121
load10000-oneshot-500,0,500,77,1788849729593809,1788849729607751,13942
load10000-interval-500,1,500,77,1788849728843946,1788849729671571,827625
load10000-oneshot-100,0,100,364,1788849729677012,1788849729687782,10770
load10000-interval-100,1,100,364,1788849726033013,1788849729687891,3654878
load10000-oneshot-100,0,100,365,1788849729787782,1788849729796226,8444
load10000-interval-100,1,100,365,1788849726133013,1788849729796330,3663317
load10000-oneshot-100,0,100,366,1788849729896226,1788849729905775,9549
load10000-interval-100,1,100,366,1788849726233013,1788849729905895,3672882
load10000-oneshot-100,0,100,367,1788849730005775,1788849730014025,8250
load10000-interval-100,1,100,367,1788849726333013,1788849730014126,3681113
load10000-oneshot-500,0,500,78,1788849730107751,1788849730108973,1222
load10000-oneshot-100,0,100,368,1788849730114025,1788849730124922,10897
load10000-interval-100,1,100,368,1788849726433013,1788849730124973,3691960
load10000-interval-500,1,500,78,1788849729343946,1788849730186631,842685
load10000-oneshot-100,0,100,369,1788849730224922,1788849730233437,8515
load10000-interval-100,1,100,369,1788849726533013,1788849730233585,3700572
load10000-oneshot-1000,0,1000,39,1788849730250641,1788849730264154,13513
load10000-interval-1000,1,1000,39,1788849729929335,1788849730312163,382828
load10000-oneshot-100,0,100,370,1788849730333437,1788849730342630,9193
load10000-interval-100,1,100,370,1788849726633013,1788849730342748,3709735
load10000-interval-100,1,100,371,1788849726733013,1788849730452839,3719826
load10000-oneshot-100,0,100,371,1788849730442630,1788849730452948,10318
load10000-interval-100,1,100,372,1788849726833013,1788849730560866,3727853
load10000-oneshot-100,0,100,372,1788849730552948,1788849730560987,8039
load10000-oneshot-500,0,500,79,1788849730608973,1788849730622409,13436
load10000-interval-100,1,100,373,1788849726933013,1788849730669495,3736482
load10000-oneshot-100,0,100,373,1788849730660987,1788849730669644,8657
load10000-interval-500,1,500,79,1788849729843946,1788849730700585,856639
load10000-interval-100,1,100,374,1788849727033013,1788849730778589,3745576
load10000-oneshot-100,0,100,374,1788849730769644,1788849730778705,9061
load10000-interval-100,1,100,375,1788849727133013,1788849730888627,3755614
load10000-oneshot-100,0,100,375,1788849730878705,1788849730888710,10005
load10000-interval-100,1,100,376,1788849727233013,1788849730998155,3765142
load10000-oneshot-100,0,100,376,1788849730988710,1788849730998263,9553
load10000-interval-100,1,100,377,1788849727333013,1788849731106483,3773470
load10000-oneshot-100,0,100,377,1788849731098263,1788849731106589,8326
load10000-oneshot-500,0,500,80,1788849731122409,1788849731138552,16143
load10000-interval-500,1,500,80,1788849730343946,1788849731216026,872080
load10000-interval-100,1,100,378,1788849727433013,1788849731216160,3783147
load10000-oneshot-100,0,100,378,1788849731206589,1788849731216226,9637
load10000-oneshot-1000,0,1000,40,1788849731264154,1788849731278340,14186
load10000-interval-1000,1,1000,40,1788849730929335,1788849731325952,396617
load10000-interval-100,1,100,379,1788849727533013,1788849731326044,3793031
load10000-oneshot-100,0,100,379,1788849731316226,1788849731326113,9887
load10000-interval-100,1,100,380,1788849727633013,1788849731433715,3800702
load10000-oneshot-100,0,100,380,1788849731426113,1788849731433785,7672
load10000-interval-100,1,100,381,1788849727733013,1788849731545816,3812803
load10000-oneshot-100,0,100,381,1788849731533785,1788849731545937,12152
load10000-oneshot-500,0,500,81,1788849731638552,1788849731640425,1873
load10000-interval-100,1,100,382,1788849727833013,1788849731656053,3823040
load10000-oneshot-100,0,100,382,1788849731645937,1788849731656164,10227
load10000-interval-500,1,500,81,1788849730843946,1788849731719609,875663
load10000-interval-100,1,100,383,1788849727933013,1788849731765863,3832850
load10000-oneshot-100,0,100,383,1788849731756164,1788849731765995,9831
load10000-interval-100,1,100,384,1788849728033013,1788849731876451,3843438
load10000-oneshot-100,0,100,384,1788849731865995,1788849731876609,10614
load10000-interval-100,1,100,385,1788849728133013,1788849731986325,3853312
load10000-oneshot-100,0,100,385,1788849731976609,1788849731986424,9815
load10000-interval-100,1,100,386,1788849728233013,1788849732095900,3862887
load10000-oneshot-100,0,100,386,1788849732086424,1788849732095991,9567
load10000-oneshot-500,0,500,82,1788849732140425,1788849732142903,2478
load10000-interval-100,1,100,387,1788849728333013,1788849732206061,3873048
load10000-oneshot-100,0,100,387,1788849732195991,1788849732206188,10197
load10000-interval-500,1,500,82,1788849731343946,1788849732221604,877658
load10000-oneshot-1000,0,1000,41,1788849732278340,1788849732284626,6286
load10000-interval-100,1,100,388,1788849728433013,1788849732315962,3882949
load10000-oneshot-100,0,100,388,1788849732306188,1788849732316098,9910
load10000-interval-1000,1,1000,41,1788849731929335,1788849732331542,402207
load10000-interval-100,1,100,389,1788849728533013,1788849732425517,3892504
load10000-oneshot-100,0,100,389,1788849732416098,1788849732425633,9535
load10000-interval-100,1,100,390,1788849728633013,1788849732533113,3900100
load10000-oneshot-100,0,100,390,1788849732525633,1788849732533227,7594
load10000-interval-100,1,100,391,1788849728733013,1788849732642988,3909975
load10000-oneshot-100,0,100,391,1788849732633227,1788849732643134,9907
load10000-oneshot-500,0,500,83,1788849732642903,1788849732658708,15805
load10000-interval-500,1,500,83,1788849731843946,1788849732736205,892259
load10000-interval-100,1,100,392,1788849728833013,1788849732751141,3918128
load10000-oneshot-100,0,100,392,1788849732743134,1788849732751269,8135
load10000-interval-100,1,100,393,1788849728933013,1788849732860220,3927207
load10000-oneshot-100,0,100,393,1788849732851269,1788849732860319,9050
load10000-interval-100,1,100,394,1788849729033013,1788849732970733,3937720
load10000-oneshot-100,0,100,394,1788849732960319,1788849732970846,10527
load10000-interval-100,1,100,395,1788849729133013,1788849733078659,3945646
load10000-oneshot-100,0,100,395,1788849733070846,1788849733078756,7910
load10000-oneshot-500,0,500,84,1788849733158708,1788849733172302,13594
load10000-interval-100,1,100,396,1788849729233013,1788849733188295,3955282
load10000-oneshot-100,0,100,396,1788849733178756,1788849733188377,9621
load10000-interval-500,1,500,84,1788849732343946,1788849733250846,906900
load10000-oneshot-1000,0,1000,42,1788849733284626,1788849733297489,12863
load10000-interval-100,1,100,397,1788849729333013,1788849733297560,3964547
load10000-oneshot-100,0,100,397,1788849733288377,1788849733297667,9290
load10000-interval-1000,1,1000,42,1788849732929335,1788849733343148,413813
load10000-interval-100,1,100,398,1788849729433013,1788849733406466,3973453
load10000-oneshot-100,0,100,398,1788849733397667,1788849733406571,8904
load10000-interval-100,1,100,399,1788849729533013,1788849733516889,3983876
load10000-oneshot-100,0,100,399,1788849733506571,1788849733517007,10436
load10000-interval-100,1,100,400,1788849729633013,1788849733626798,3993785
load10000-oneshot-100,0,100,400,1788849733617007,1788849733626895,9888
load10000-oneshot-500,0,500,85,1788849733672302,1788849733673878,1576
load10000-interval-100,1,100,401,1788849729733013,1788849733737223,4004210
load10000-oneshot-100,0,100,401,1788849733726895,1788849733737300,10405
load10000-interval-500,1,500,85,1788849732843946,1788849733753999,910053
load10000-interval-100,1,100,402,1788849729833013,1788849733849137,4016124
load10000-oneshot-100,0,100,402,1788849733837300,1788849733849244,11944
load10000-interval-100,1,100,403,1788849729933013,1788849733958960,4025947
load10000-oneshot-100,0,100,403,1788849733949244,1788849733959080,9836
load10000-interval-100,1,100,404,1788849730033013,1788849734069786,4036773
load10000-oneshot-100,0,100,404,1788849734059080,1788849734069940,10860
load10000-interval-100,1,100,405,1788849730133013,1788849734178190,4045177
load10000-oneshot-100,0,100,405,1788849734169940,1788849734178276,8336
load10000-oneshot-500,0,500,86,1788849734173878,1788849734178337,4459
load10000-interval-500,1,500,86,1788849733343946,1788849734255578,911632
load10000-interval-100,1,100,406,1788849730233013,1788849734286391,4053378
load10000-oneshot-100,0,100,406,1788849734278276,1788849734286483,8207
load10000-oneshot-1000,0,1000,43,1788849734297489,1788849734302664,5175
load10000-interval-1000,1,1000,43,1788849733929335,1788849734349062,419727
load10000-interval-100,1,100,407,1788849730333013,1788849734396173,4063160
load10000-oneshot-100,0,100,407,1788849734386483,1788849734396274,9791
load10000-interval-100,1,100,408,1788849730433013,1788849734506266,4073253
load10000-oneshot-100,0,100,408,1788849734496274,1788849734506381,10107
load10000-interval-100,1,100,409,1788849730533013,1788849734615800,4082787
load10000-oneshot-100,0,100,409,1788849734606381,1788849734615872,9491
load10000-oneshot-500,0,500,87,1788849734678337,1788849734679987,1650
load10000-interval-100,1,100,410,1788849730633013,1788849734726755,4093742
load10000-oneshot-100,0,100,410,1788849734715872,1788849734726898,11026
load10000-interval-500,1,500,87,1788849733843946,1788849734758065,914119
load10000-interval-100,1,100,411,1788849730733013,1788849734836181,4103168
load10000-oneshot-100,0,100,411,1788849734826898,1788849734836313,9415
load10000-interval-100,1,100,412,1788849730833013,1788849734946133,4113120
load10000-oneshot-100,0,100,412,1788849734936313,1788849734946238,9925
load10000-interval-100,1,100,413,1788849730933013,1788849735056252,4123239
load10000-oneshot-100,0,100,413,1788849735046238,1788849735056355,10117
load10000-interval-100,1,100,414,1788849731033013,1788849735165042,4132029
load10000-oneshot-100,0,100,414,1788849735156355,1788849735165131,8776
load10000-oneshot-500,0,500,88,1788849735179987,1788849735196125,16138
load10000-interval-500,1,500,88,1788849734343946,1788849735274085,930139
load10000-interval-100,1,100,415,1788849731133013,1788849735274193,4141180
load10000-oneshot-100,0,100,415,1788849735265131,1788849735274250,9119
load10000-oneshot-1000,0,1000,44,1788849735302664,1788849735304793,2129
load10000-interval-1000,1,1000,44,1788849734929335,1788849735352020,422685
load10000-interval-100,1,100,416,1788849731233013,1788849735384106,4151093
load10000-oneshot-100,0,100,416,1788849735374250,1788849735384238,9988
load10000-interval-100,1,100,417,1788849731333013,1788849735493785,4160772
load10000-oneshot-100,0,100,417,1788849735484238,1788849735493911,9673
load10000-interval-100,1,100,418,1788849731433013,1788849735602479,4169466
load10000-oneshot-100,0,100,418,1788849735593911,1788849735602635,8724
load10000-oneshot-500,0,500,89,1788849735696125,1788849735710874,14749
load10000-interval-100,1,100,419,1788849731533013,1788849735710965,4177952
load10000-oneshot-100,0,100,419,1788849735702635,1788849735711036,8401
load10000-interval-500,1,500,89,1788849734843946,1788849735787935,943989
load10000-interval-100,1,100,420,1788849731633013,1788849735819196,4186183
load10000-oneshot-100,0,100,420,1788849735811036,1788849735819330,8294
load10000-interval-100,1,100,421,1788849731733013,1788849735929810,4196797
load10000-oneshot-100,0,100,421,1788849735919330,1788849735929933,10603
load10000-interval-100,1,100,422,1788849731833013,1788849736039539,4206526
load10000-oneshot-100,0,100,422,1788849736029933,1788849736039647,9714
load10000-interval-100,1,100,423,1788849731933013,1788849736149185,4216172
load10000-oneshot-100,0,100,423,1788849736139647,1788849736149293,9646
load10000-oneshot-500,0,500,90,1788849736210874,1788849736227040,16166
load10000-interval-100,1,100,424,1788849732033013,1788849736258306,4225293
load10000-oneshot-100,0,100,424,1788849736249293,1788849736258410,9117
load10000-interval-500,1,500,90,1788849735343946,1788849736289964,946018
load10000-oneshot-1000,0,1000,45,1788849736304793,1788849736306006,1213
load10000-interval-1000,1,1000,45,1788849735929335,1788849736353582,424247
load10000-interval-100,1,100,425,1788849732133013,1788849736367998,4234985
load10000-oneshot-100,0,100,425,1788849736358410,1788849736368126,9716
load10000-interval-100,1,100,426,1788849732233013,1788849736478361,4245348
load10000-oneshot-100,0,100,426,1788849736468126,1788849736478432,10306
load10000-interval-100,1,100,427,1788849732333013,1788849736588167,4255154
load10000-oneshot-100,0,100,427,1788849736578432,1788849736588278,9846
load10000-interval-100,1,100,428,1788849732433013,1788849736698995,4265982
load10000-oneshot-100,0,100,428,1788849736688278,1788849736699115,10837
load10000-oneshot-500,0,500,91,1788849736727040,1788849736730280,3240
load10000-interval-500,1,500,91,1788849735843946,1788849736793450,949504
load10000-interval-100,1,100,429,1788849732533013,1788849736809495,4276482
load10000-oneshot-100,0,100,429,1788849736799115,1788849736809621,10506
load10000-interval-100,1,100,430,1788849732633013,1788849736920169,4287156
load10000-oneshot-100,0,100,430,1788849736909621,1788849736920276,10655
load10000-interval-100,1,100,431,1788849732733013,1788849737027901,4294888
load10000-oneshot-100,0,100,431,1788849737020276,1788849737028006,7730
load10000-interval-100,1,100,432,1788849732833013,1788849737137502,4304489
load10000-oneshot-100,0,100,432,1788849737128006,1788849737137565,9559
load10000-oneshot-500,0,500,92,1788849737230280,1788849737231524,1244
load10000-interval-100,1,100,433,1788849732933013,1788849737246596,4313583
load10000-oneshot-100,0,100,433,1788849737237565,1788849737246691,9126
load10000-interval-500,1,500,92,1788849736343946,1788849737309148,965202
load10000-oneshot-1000,0,1000,46,1788849737306006,1788849737309266,3260
load10000-interval-100,1,100,434,1788849733033013,1788849737354799,4321786
load10000-oneshot-100,0,100,434,1788849737346691,1788849737354913,8222
load10000-interval-1000,1,1000,46,1788849736929335,1788849737355002,425667
load10000-interval-100,1,100,435,1788849733133013,1788849737462735,4329722
load10000-oneshot-100,0,100,435,1788849737454913,1788849737462825,7912
load10000-interval-100,1,100,436,1788849733233013,1788849737573092,4340079
load10000-oneshot-100,0,100,436,1788849737562825,1788849737573181,10356
load10000-interval-100,1,100,437,1788849733333013,1788849737681891,4348878
load10000-oneshot-100,0,100,437,1788849737673181,1788849737681993,8812
load10000-oneshot-500,0,500,93,1788849737731524,1788849737745645,14121
load10000-interval-100,1,100,438,1788849733433013,1788849737792133,4359120
load10000-oneshot-100,0,100,438,1788849737781993,1788849737792213,10220
load10000-interval-500,1,500,93,1788849736843946,1788849737823943,979997
load10000-interval-100,1,100,439,1788849733533013,1788849737902961,4369948
load10000-oneshot-100,0,100,439,1788849737892213,1788849737903094,10881
load10000-interval-100,1,100,440,1788849733633013,1788849738011506,4378493
load10000-oneshot-100,0,100,440,1788849738003094,1788849738011604,8510
load10000-interval-100,1,100,441,1788849733733013,1788849738119990,4386977
load10000-oneshot-100,0,100,441,1788849738111604,1788849738120110,8506
load10000-interval-100,1,100,442,1788849733833013,1788849738231715,4398702
load10000-oneshot-100,0,100,442,1788849738220110,1788849738231803,11693
load10000-oneshot-500,0,500,94,1788849738245645,1788849738247790,2145
load10000-oneshot-1000,0,1000,47,1788849738309266,1788849738311511,2245
load10000-interval-500,1,500,94,1788849737343946,1788849738326748,982802
load10000-interval-100,1,100,443,1788849733933013,1788849738342771,4409758
load10000-oneshot-100,0,100,443,1788849738331803,1788849738342891,11088
load10000-interval-1000,1,1000,47,1788849737929335,1788849738358367,429032
load10000-interval-100,1,100,444,1788849734033013,1788849738451523,4418510
load10000-oneshot-100,0,100,444,1788849738442891,1788849738451590,8699
load10000-interval-100,1,100,445,1788849734133013,1788849738561168,4428155
load10000-oneshot-100,0,100,445,1788849738551590,1788849738561272,9682
load10000-oneshot-100,0,100,446,1788849738661272,1788849738670941,9669
load10000-interval-100,1,100,446,1788849734233013,1788849738671038,4438025
load10000-oneshot-500,0,500,95,1788849738747790,1788849738749168,1378
load10000-oneshot-100,0,100,447,1788849738770941,1788849738780302,9361
load10000-interval-100,1,100,447,1788849734333013,1788849738780424,4447411
load10000-interval-500,1,500,95,1788849737843946,1788849738827585,983639
load10000-oneshot-100,0,100,448,1788849738880302,1788849738890340,10038
load10000-interval-100,1,100,448,1788849734433013,1788849738890525,4457512
load10000-oneshot-100,0,100,449,1788849738990340,1788849738999589,9249
load10000-interval-100,1,100,449,1788849734533013,1788849738999664,4466651
load10000-oneshot-100,0,100,450,1788849739099589,1788849739107873,8284
load10000-interval-100,1,100,450,1788849734633013,1788849739108023,4475010
load10000-oneshot-100,0,100,451,1788849739207873,1788849739218120,10247
load10000-interval-100,1,100,451,1788849734733013,1788849739218257,4485244
load10000-oneshot-500,0,500,96,1788849739249168,1788849739265112,15944
load10000-oneshot-1000,0,1000,48,1788849739311511,1788849739312683,1172
load10000-oneshot-100,0,100,452,1788849739318120,1788849739328178,10058
load10000-interval-100,1,100,452,1788849734833013,1788849739328296,4495283
load10000-interval-500,1,500,96,1788849738343946,1788849739328378,984432
load10000-interval-1000,1,1000,48,1788849738929335,1788849739374496,445161
load10000-oneshot-100,0,100,453,1788849739428178,1788849739436746,8568
load10000-interval-100,1,100,453,1788849734933013,1788849739436854,4503841
load10000-oneshot-100,0,100,454,1788849739536746,1788849739546411,9665
load10000-interval-100,1,100,454,1788849735033013,1788849739546520,4513507
load10000-oneshot-100,0,100,455,1788849739646411,1788849739655299,8888
load10000-interval-100,1,100,455,1788849735133013,1788849739655386,4522373
load10000-oneshot-100,0,100,456,1788849739755299,1788849739764005,8706
load10000-interval-100,1,100,456,1788849735233013,1788849739764147,4531134
load10000-oneshot-500,0,500,97,1788849739765112,1788849739779566,14454
load10000-interval-500,1,500,97,1788849738843946,1788849739842938,998992
load10000-oneshot-100,0,100,457,1788849739864005,1788849739874459,10454
load10000-interval-100,1,100,457,1788849735333013,1788849739874586,4541573
load10000-oneshot-100,0,100,458,1788849739974459,1788849739983822,9363
load10000-interval-100,1,100,458,1788849735433013,1788849739983966,4550953
load10000-oneshot-100,0,100,459,1788849740083822,1788849740094215,10393
load10000-interval-100,1,100,459,1788849735533013,1788849740094331,4561318
load10000-oneshot-100,0,100,460,1788849740194215,1788849740204851,10636
load10000-interval-100,1,100,460,1788849735633013,1788849740204952,4571939
load10000-oneshot-500,0,500,98,1788849740279566,1788849740284982,5416
load10000-oneshot-100,0,100,461,1788849740304851,1788849740316456,11605
load10000-interval-100,1,100,461,1788849735733013,1788849740316561,4583548
load10000-oneshot-1000,0,1000,49,1788849740312683,1788849740316622,3939
load10000-interval-500,1,500,98,1788849739343946,1788849740347595,1003649
load10000-interval-1000,1,1000,49,1788849739929335,1788849740378809,449474
load10000-oneshot-100,0,100,462,1788849740416456,1788849740426711,10255
load10000-interval-100,1,100,462,1788849735833013,1788849740426815,4593802
load10000-oneshot-100,0,100,463,1788849740526711,1788849740536851,10140
load10000-interval-100,1,100,463,1788849735933013,1788849740536975,4603962
load10000-oneshot-100,0,100,464,1788849740636851,1788849740644718,7867
load10000-interval-100,1,100,464,1788849736033013,1788849740644811,4611798
load10000-oneshot-100,0,100,465,1788849740744718,1788849740754060,9342
load10000-interval-100,1,100,465,1788849736133013,1788849740754241,4621228
load10000-oneshot-500,0,500,99,1788849740784982,1788849740801418,16436
load10000-interval-500,1,500,99,1788849739843946,1788849740849189,1005243
load10000-oneshot-100,0,100,466,1788849740854060,1788849740864524,10464
load10000-interval-100,1,100,466,1788849736233013,1788849740864570,4631557
load10000-oneshot-100,0,100,467,1788849740964524,1788849740973367,8843
load10000-interval-100,1,100,467,1788849736333013,1788849740973472,4640459
load10000-oneshot-100,0,100,468,1788849741073367,1788849741083531,10164
load10000-interval-100,1,100,468,1788849736433013,1788849741083707,4650694
load10000-oneshot-100,0,100,469,1788849741183531,1788849741192798,9267
load10000-interval-100,1,100,469,1788849736533013,1788849741192887,4659874
load10000-oneshot-100,0,100,470,1788849741292798,1788849741302506,9708
load10000-interval-100,1,100,470,1788849736633013,1788849741302611,4669598
load10000-oneshot-500,0,500,100,1788849741301418,1788849741302682,1264
load10000-oneshot-1000,0,1000,50,1788849741316622,1788849741319056,2434
load10000-interval-500,1,500,100,1788849740343946,1788849741365121,1021175
load10000-interval-1000,1,1000,50,1788849740929335,1788849741380735,451400
load10000-oneshot-100,0,100,471,1788849741402506,1788849741412114,9608
load10000-interval-100,1,100,471,1788849736733013,1788849741412196,4679183
load10000-oneshot-100,0,100,472,1788849741512114,1788849741519993,7879
load10000-interval-100,1,100,472,1788849736833013,1788849741520109,4687096
load10000-oneshot-100,0,100,473,1788849741619993,1788849741630367,10374
load10000-interval-100,1,100,473,1788849736933013,1788849741630469,4697456
load10000-oneshot-100,0,100,474,1788849741730367,1788849741738433,8066
load10000-interval-100,1,100,474,1788849737033013,1788849741738521,4705508
load10000-oneshot-500,0,500,101,1788849741802682,1788849741816405,13723
load10000-oneshot-100,0,100,475,1788849741838433,1788849741847647,9214
load10000-interval-100,1,100,475,1788849737133013,1788849741847722,4714709
load10000-interval-500,1,500,101,1788849740843946,1788849741879156,1035210
load10000-oneshot-100,0,100,476,1788849741947647,1788849741957337,9690
load10000-interval-100,1,100,476,1788849737233013,1788849741957467,4724454
load10000-oneshot-100,0,100,477,1788849742057337,1788849742066939,9602
load10000-interval-100,1,100,477,1788849737333013,1788849742067046,4734033
load10000-oneshot-100,0,100,478,1788849742166939,1788849742176163,9224
load10000-interval-100,1,100,478,1788849737433013,1788849742176253,4743240
load10000-oneshot-100,0,100,479,1788849742276163,1788849742283236,7073
load10000-interval-100,1,100,479,1788849737533013,1788849742283319,4750306
load10000-oneshot-500,0,500,102,1788849742316405,1788849742330522,14117
load10000-oneshot-1000,0,1000,51,1788849742319056,1788849742330673,11617
load10000-interval-500,1,500,102,1788849741343946,1788849742392135,1048189
load10000-interval-1000,1,1000,51,1788849741929335,1788849742392242,462907
load10000-oneshot-100,0,100,480,1788849742383236,1788849742392288,9052
load10000-interval-100,1,100,480,1788849737633013,1788849742392366,4759353
load10000-oneshot-100,0,100,481,1788849742492288,1788849742501466,9178
load10000-interval-100,1,100,481,1788849737733013,1788849742501594,4768581
load10000-oneshot-100,0,100,482,1788849742601466,1788849742611232,9766
load10000-interval-100,1,100,482,1788849737833013,1788849742611379,4778366
load10000-interval-100,1,100,483,1788849737933013,1788849742719813,4786800
load10000-oneshot-100,0,100,483,1788849742711232,1788849742719916,8684
load10000-interval-100,1,100,484,1788849738033013,1788849742829443,4796430
load10000-oneshot-100,0,100,484,1788849742819916,1788849742829543,9627
load10000-oneshot-500,0,500,103,1788849742830522,1788849742844458,13936
load10000-interval-500,1,500,103,1788849741843946,1788849742907699,1063753
load10000-interval-100,1,100,485,1788849738133013,1788849742938763,4805750
load10000-oneshot-100,0,100,485,1788849742929543,1788849742938827,9284
load10000-interval-100,1,100,486,1788849738233013,1788849743048942,4815929
load10000-oneshot-100,0,100,486,1788849743038827,1788849743049058,10231
load10000-interval-100,1,100,487,1788849738333013,1788849743158796,4825783
load10000-oneshot-100,0,100,487,1788849743149058,1788849743158908,9850
load10000-interval-100,1,100,488,1788849738433013,1788849743267660,4834647
load10000-oneshot-100,0,100,488,1788849743258908,1788849743267749,8841
load10000-oneshot-1000,0,1000,52,1788849743330673,1788849743345996,15323
load10000-oneshot-500,0,500,104,1788849743344458,1788849743346100,1642
load10000-interval-100,1,100,489,1788849738533013,1788849743377179,4844166
load10000-oneshot-100,0,100,489,1788849743367749,1788849743377305,9556
load10000-interval-1000,1,1000,52,1788849742929335,1788849743407829,478494
load10000-interval-500,1,500,104,1788849742343946,1788849743408391,1064445
load10000-interval-100,1,100,490,1788849738633013,1788849743485227,4852214
load10000-oneshot-100,0,100,490,1788849743477305,1788849743485332,8027
load10000-interval-100,1,100,491,1788849738733013,1788849743594247,4861234
load10000-oneshot-100,0,100,491,1788849743585332,1788849743594315,8983
load10000-interval-100,1,100,492,1788849738833013,1788849743704499,4871486
load10000-oneshot-100,0,100,492,1788849743694315,1788849743704604,10289
load10000-interval-100,1,100,493,1788849738933013,1788849743815259,4882246
load10000-oneshot-100,0,100,493,1788849743804604,1788849743815352,10748
load10000-oneshot-500,0,500,105,1788849743846100,1788849743861792,15692
load10000-interval-500,1,500,105,1788849742843946,1788849743924077,1080131
load10000-interval-100,1,100,494,1788849739033013,1788849743924199,4891186
load10000-oneshot-100,0,100,494,1788849743915352,1788849743924270,8918
load10000-interval-100,1,100,495,1788849739133013,1788849744032942,4899929
load10000-oneshot-100,0,100,495,1788849744024270,1788849744033036,8766
load10000-interval-100,1,100,496,1788849739233013,1788849744142175,4909162
load10000-oneshot-100,0,100,496,1788849744133036,1788849744142271,9235
load10000-interval-100,1,100,497,1788849739333013,1788849744251957,4918944
load10000-oneshot-100,0,100,497,1788849744242271,1788849744252100,9829
load10000-oneshot-1000,0,1000,53,1788849744345996,1788849744347664,1668
load10000-interval-100,1,100,498,1788849739433013,1788849744362825,4929812
load10000-oneshot-100,0,100,498,1788849744352100,1788849744362895,10795
load10000-oneshot-500,0,500,106,1788849744361792,1788849744362949,1157
load10000-interval-1000,1,1000,53,1788849743929335,1788849744424229,494894
load10000-interval-500,1,500,106,1788849743343946,1788849744440856,1096910
load10000-interval-100,1,100,499,1788849739533013,1788849744472024,4939011
load10000-oneshot-100,0,100,499,1788849744462895,1788849744472140,9245
load10000-interval-100,1,100,500,1788849739633013,1788849744580262,4947249
load10000-oneshot-100,0,100,500,1788849744572140,1788849744580408,8268
load10000-interval-100,1,100,501,1788849739733013,1788849744690628,4957615
load10000-oneshot-100,0,100,501,1788849744680408,1788849744690748,10340
load10000-interval-100,1,100,502,1788849739833013,1788849744800866,4967853
load10000-oneshot-100,0,100,502,1788849744790748,1788849744800971,10223
load10000-oneshot-500,0,500,107,1788849744862949,1788849744879852,16903
load10000-interval-100,1,100,503,1788849739933013,1788849744911072,4978059
load10000-oneshot-100,0,100,503,1788849744900971,1788849744911137,10166
load10000-interval-500,1,500,107,1788849743843946,1788849744942578,1098632
load10000-interval-100,1,100,504,1788849740033013,1788849745019401,4986388
load10000-oneshot-100,0,100,504,1788849745011137,1788849745019530,8393
load10000-interval-100,1,100,505,1788849740133013,1788849745129029,4996016
load10000-oneshot-100,0,100,505,1788849745119530,1788849745129100,9570
load10000-interval-100,1,100,506,1788849740233013,1788849745239429,5006416
load10000-oneshot-100,0,100,506,1788849745229100,1788849745239549,10449
load10000-interval-100,1,100,507,1788849740333013,1788849745348006,5014993
load10000-oneshot-100,0,100,507,1788849745339549,1788849745348131,8582
load10000-oneshot-1000,0,1000,54,1788849745347664,1788849745363509,15845
load10000-oneshot-500,0,500,108,1788849745379852,1788849745394754,14902
load10000-interval-1000,1,1000,54,1788849744929335,1788849745439977,510642
load10000-interval-500,1,500,108,1788849744343946,1788849745455223,1111277
load10000-interval-100,1,100,508,1788849740433013,1788849745455353,5022340
load10000-oneshot-100,0,100,508,1788849745448131,1788849745455403,7272
load10000-interval-100,1,100,509,1788849740533013,1788849745563607,5030594
load10000-oneshot-100,0,100,509,1788849745555403,1788849745563714,8311
load10000-interval-100,1,100,510,1788849740633013,1788849745673522,5040509
load10000-oneshot-100,0,100,510,1788849745663714,1788849745673643,9929
load10000-interval-100,1,100,511,1788849740733013,1788849745784738,5051725
load10000-oneshot-100,0,100,511,1788849745773643,1788849745784859,11216
load10000-interval-100,1,100,512,1788849740833013,1788849745893805,5060792
load10000-oneshot-100,0,100,512,1788849745884859,1788849745893930,9071
load10000-oneshot-500,0,500,109,1788849745894754,1788849745909065,14311
load10000-interval-500,1,500,109,1788849744843946,1788849745971059,1127113
load10000-interval-100,1,100,513,1788849740933013,1788849746002446,5069433
load10000-oneshot-100,0,100,513,1788849745993930,1788849746002552,8622
load10000-interval-100,1,100,514,1788849741033013,1788849746111476,5078463
load10000-oneshot-100,0,100,514,1788849746102552,1788849746111612,9060
load10000-interval-100,1,100,515,1788849741133013,1788849746220379,5087366
load10000-oneshot-100,0,100,515,1788849746211612,1788849746220470,8858
load10000-interval-100,1,100,516,1788849741233013,1788849746332272,5099259
load10000-oneshot-100,0,100,516,1788849746320470,1788849746332348,11878
load10000-oneshot-1000,0,1000,55,1788849746363509,1788849746378656,15147
load10000-oneshot-500,0,500,110,1788849746409065,1788849746424895,15830
load10000-interval-100,1,100,517,1788849741333013,1788849746440537,5107524
load10000-oneshot-100,0,100,517,1788849746432348,1788849746440669,8321
load10000-interval-1000,1,1000,55,1788849745929335,1788849746455669,526334
load10000-interval-500,1,500,110,1788849745343946,1788849746486667,1142721
load10000-interval-100,1,100,518,1788849741433013,1788849746549223,5116210
load10000-oneshot-100,0,100,518,1788849746540669,1788849746549350,8681
load10000-interval-100,1,100,519,1788849741533013,1788849746658611,5125598
load10000-oneshot-100,0,100,519,1788849746649350,1788849746658695,9345
load10000-interval-100,1,100,520,1788849741633013,1788849746766822,5133809
load10000-oneshot-100,0,100,520,1788849746758695,1788849746766911,8216
load10000-oneshot-100,0,100,521,1788849746866911,1788849746875691,8780
load10000-interval-100,1,100,521,1788849741733013,1788849746875795,5142782
load10000-oneshot-500,0,500,111,1788849746924895,1788849746937536,12641
load10000-oneshot-100,0,100,522,1788849746975691,1788849746985460,9769
load10000-interval-100,1,100,522,1788849741833013,1788849746985563,5152550
load10000-interval-500,1,500,111,1788849745843946,1788849747000542,1156596
load10000-oneshot-100,0,100,523,1788849747085460,1788849747095163,9703
load10000-interval-100,1,100,523,1788849741933013,1788849747095258,5162245
load10000-oneshot-100,0,100,524,1788849747195163,1788849747205471,10308
load10000-interval-100,1,100,524,1788849742033013,1788849747205551,5172538
load10000-oneshot-100,0,100,525,1788849747305471,1788849747314389,8918
load10000-interval-100,1,100,525,1788849742133013,1788849747314485,5181472
load10000-oneshot-1000,0,1000,56,1788849747378656,1788849747390944,12288
load10000-oneshot-100,0,100,526,1788849747414389,1788849747422980,8591
load10000-interval-100,1,100,526,1788849742233013,1788849747423133,5190120
load10000-oneshot-500,0,500,112,1788849747437536,1788849747439503,1967
load10000-interval-1000,1,1000,56,1788849746929335,1788849747470310,540975
load10000-interval-500,1,500,112,1788849746343946,1788849747502275,1158329
load10000-oneshot-100,0,100,527,1788849747522980,1788849747532464,9484
load10000-interval-100,1,100,527,1788849742333013,1788849747532561,5199548
load10000-oneshot-100,0,100,528,1788849747632464,1788849747642000,9536
load10000-interval-100,1,100,528,1788849742433013,1788849747642167,5209154
load10000-oneshot-100,0,100,529,1788849747742000,1788849747751683,9683
load10000-interval-100,1,100,529,1788849742533013,1788849747751793,5218780
load10000-oneshot-100,0,100,530,1788849747851683,1788849747859782,8099
load10000-interval-100,1,100,530,1788849742633013,1788849747859900,5226887
load10000-oneshot-500,0,500,113,1788849747939503,1788849747952726,13223
load10000-oneshot-100,0,100,531,1788849747959782,1788849747968267,8485
load10000-interval-100,1,100,531,1788849742733013,1788849747968311,5235298
load10000-interval-500,1,500,113,1788849746843946,1788849748016233,1172287
load10000-oneshot-100,0,100,532,1788849748068267,1788849748077543,9276
load10000-interval-100,1,100,532,1788849742833013,1788849748077670,5244657
load10000-oneshot-100,0,100,533,1788849748177543,1788849748187097,9554
load10000-interval-100,1,100,533,1788849742933013,1788849748187200,5254187
load10000-oneshot-100,0,100,534,1788849748287097,1788849748295493,8396
load10000-interval-100,1,100,534,1788849743033013,1788849748295608,5262595
load10000-oneshot-1000,0,1000,57,1788849748390944,1788849748406021,15077
load10000-oneshot-100,0,100,535,1788849748395493,1788849748406173,10680
load10000-interval-100,1,100,535,1788849743133013,1788849748406300,5273287
load10000-oneshot-500,0,500,114,1788849748452726,1788849748467620,14894
load10000-interval-1000,1,1000,57,1788849747929335,1788849748483357,554022
load10000-oneshot-100,0,100,536,1788849748506173,1788849748514918,8745
load10000-interval-100,1,100,536,1788849743233013,1788849748515071,5282058
load10000-interval-500,1,500,114,1788849747343946,1788849748530052,1186106
load10000-oneshot-100,0,100,537,1788849748614918,1788849748624480,9562
load10000-interval-100,1,100,537,1788849743333013,1788849748624576,5291563
load10000-oneshot-100,0,100,538,1788849748724480,1788849748734930,10450
load10000-interval-100,1,100,538,1788849743433013,1788849748735028,5302015
load10000-oneshot-100,0,100,539,1788849748834930,1788849748844378,9448
load10000-interval-100,1,100,539,1788849743533013,1788849748844466,5311453
load10000-oneshot-100,0,100,540,1788849748944378,1788849748954082,9704
load10000-interval-100,1,100,540,1788849743633013,1788849748954167,5321154
load10000-oneshot-500,0,500,115,1788849748967620,1788849748969697,2077
load10000-interval-500,1,500,115,1788849747843946,1788849749033485,1189539
load10000-oneshot-100,0,100,541,1788849749054082,1788849749064456,10374
load10000-interval-100,1,100,541,1788849743733013,1788849749064514,5331501
load10000-oneshot-100,0,100,542,1788849749164456,1788849749175161,10705
load10000-interval-100,1,100,542,1788849743833013,1788849749175370,5342357
load10000-oneshot-100,0,100,543,1788849749275161,1788849749284753,9592
load10000-interval-100,1,100,543,1788849743933013,1788849749284872,5351859
load10000-oneshot-100,0,100,544,1788849749384753,1788849749393443,8690
load10000-interval-100,1,100,544,1788849744033013,1788849749393591,5360578
load10000-oneshot-1000,0,1000,58,1788849749406021,1788849749409066,3045
load10000-oneshot-500,0,500,116,1788849749469697,1788849749471260,1563
load10000-interval-1000,1,1000,58,1788849748929335,1788849749487273,557938
load10000-oneshot-100,0,100,545,1788849749493443,1788849749502656,9213
load10000-interval-100,1,100,545,1788849744133013,1788849749502783,5369770
load10000-interval-500,1,500,116,1788849748343946,1788849749534689,1190743
load10000-oneshot-100,0,100,546,1788849749602656,1788849749612891,10235
load10000-interval-100,1,100,546,1788849744233013,1788849749612984,5379971
load10000-oneshot-100,0,100,547,1788849749712891,1788849749722615,9724
load10000-interval-100,1,100,547,1788849744333013,1788849749722772,5389759
load10000-oneshot-100,0,100,548,1788849749822615,1788849749831484,8869
load10000-interval-100,1,100,548,1788849744433013,1788849749831601,5398588
load10000-oneshot-100,0,100,549,1788849749931484,1788849749940612,9128
load10000-interval-100,1,100,549,1788849744533013,1788849749940713,5407700
load10000-oneshot-500,0,500,117,1788849749971260,1788849749986977,15717
load10000-interval-500,1,500,117,1788849748843946,1788849750049082,1205136
load10000-oneshot-100,0,100,550,1788849750040612,1788849750049246,8634
load10000-interval-100,1,100,550,1788849744633013,1788849750049338,5416325
load10000-oneshot-100,0,100,551,1788849750149246,1788849750158515,9269
load10000-interval-100,1,100,551,1788849744733013,1788849750158607,5425594
load10000-oneshot-100,0,100,552,1788849750258515,1788849750267272,8757
load10000-interval-100,1,100,552,1788849744833013,1788849750267364,5434351
load10000-oneshot-100,0,100,553,1788849750367272,1788849750377697,10425
load10000-interval-100,1,100,553,1788849744933013,1788849750377831,5444818
load10000-oneshot-1000,0,1000,59,1788849750409066,1788849750424835,15769
load10000-oneshot-100,0,100,554,1788849750477697,1788849750488489,10792
load10000-interval-100,1,100,554,1788849745033013,1788849750488589,5455576
load10000-interval-1000,1,1000,59,1788849749929335,1788849750488688,559353
load10000-oneshot-500,0,500,118,1788849750486977,1788849750488771,1794
load10000-interval-500,1,500,118,1788849749343946,1788849750550656,1206710
load10000-oneshot-100,0,100,555,1788849750588489,1788849750597138,8649
load10000-interval-100,1,100,555,1788849745133013,1788849750597297,5464284
load10000-oneshot-100,0,100,556,1788849750697138,1788849750707783,10645
load10000-interval-100,1,100,556,1788849745233013,1788849750707899,5474886
load10000-oneshot-100,0,100,557,1788849750807783,1788849750817545,9762
load10000-interval-100,1,100,557,1788849745333013,1788849750817655,5484642
load10000-interval-100,1,100,558,1788849745433013,1788849750929411,5496398
load10000-oneshot-100,0,100,558,1788849750917545,1788849750929518,11973
load10000-oneshot-500,0,500,119,1788849750988771,1788849750991918,3147
load10000-interval-100,1,100,559,1788849745533013,1788849751039211,5506198
load10000-oneshot-100,0,100,559,1788849751029518,1788849751039313,9795
load10000-interval-500,1,500,119,1788849749843946,1788849751055190,1211244
load10000-interval-100,1,100,560,1788849745633013,1788849751148296,5515283
load10000-oneshot-100,0,100,560,1788849751139313,1788849751148414,9101
load10000-interval-100,1,100,561,1788849745733013,1788849751257113,5524100
load10000-oneshot-100,0,100,561,1788849751248414,1788849751257212,8798
load10000-interval-100,1,100,562,1788849745833013,1788849751365701,5532688
load10000-oneshot-100,0,100,562,1788849751357212,1788849751365835,8623
load10000-oneshot-1000,0,1000,60,1788849751424835,1788849751428582,3747
load10000-interval-100,1,100,563,1788849745933013,1788849751475381,5542368
load10000-oneshot-100,0,100,563,1788849751465835,1788849751475493,9658
load10000-interval-1000,1,1000,60,1788849750929335,1788849751490928,561593
load10000-oneshot-500,0,500,120,1788849751491918,1788849751506994,15076
load10000-interval-500,1,500,120,1788849750343946,1788849751570204,1226258
load10000-interval-100,1,100,564,1788849746033013,1788849751585228,5552215
load10000-oneshot-100,0,100,564,1788849751575493,1788849751585350,9857
load10000-interval-100,1,100,565,1788849746133013,1788849751693446,5560433
load10000-oneshot-100,0,100,565,1788849751685350,1788849751693582,8232
load10000-interval-100,1,100,566,1788849746233013,1788849751800806,5567793
load10000-oneshot-100,0,100,566,1788849751793582,1788849751800937,7355
load10000-interval-100,1,100,567,1788849746333013,1788849751911269,5578256
load10000-oneshot-100,0,100,567,1788849751900937,1788849751911406,10469
load10000-oneshot-500,0,500,121,1788849752006994,1788849752023209,16215
load10000-interval-100,1,100,568,1788849746433013,1788849752023289,5590276
load10000-oneshot-100,0,100,568,1788849752011406,1788849752023358,11952
load10000-interval-500,1,500,121,1788849750843946,1788849752086117,1242171
load10000-interval-100,1,100,569,1788849746533013,1788849752133405,5600392
load10000-oneshot-100,0,100,569,1788849752123358,1788849752133560,10202
load10000-interval-100,1,100,570,1788849746633013,1788849752241316,5608303
load10000-oneshot-100,0,100,570,1788849752233560,1788849752241373,7813
load10000-interval-100,1,100,571,1788849746733013,1788849752351481,5618468
load10000-oneshot-100,0,100,571,1788849752341373,1788849752351590,10217
load10000-oneshot-1000,0,1000,61,1788849752428582,1788849752446080,17498
load10000-interval-100,1,100,572,1788849746833013,1788849752462180,5629167
load10000-oneshot-100,0,100,572,1788849752451590,1788849752462275,10685
load10000-interval-1000,1,1000,61,1788849751929335,1788849752493157,563822
load10000-oneshot-500,0,500,122,1788849752523209,1788849752539537,16328
load10000-interval-100,1,100,573,1788849746933013,1788849752569978,5636965
load10000-oneshot-100,0,100,573,1788849752562275,1788849752570059,7784
load10000-interval-500,1,500,122,1788849751343946,1788849752600660,1256714
load10000-interval-100,1,100,574,1788849747033013,1788849752677907,5644894
load10000-oneshot-100,0,100,574,1788849752670059,1788849752678073,8014
load10000-interval-100,1,100,575,1788849747133013,1788849752787606,5654593
load10000-oneshot-100,0,100,575,1788849752778073,1788849752787691,9618
load10000-interval-100,1,100,576,1788849747233013,1788849752897587,5664574
load10000-oneshot-100,0,100,576,1788849752887691,1788849752897738,10047
load10000-interval-100,1,100,577,1788849747333013,1788849753008298,5675285
load10000-oneshot-100,0,100,577,1788849752997738,1788849753008440,10702
load10000-oneshot-500,0,500,123,1788849753039537,1788849753055268,15731
load10000-interval-500,1,500,123,1788849751843946,1788849753101751,1257805
load10000-interval-100,1,100,578,1788849747433013,1788849753117395,5684382
load10000-oneshot-100,0,100,578,1788849753108440,1788849753117486,9046
load10000-interval-100,1,100,579,1788849747533013,1788849753225409,5692396
load10000-oneshot-100,0,100,579,1788849753217486,1788849753225559,8073
load10000-interval-100,1,100,580,1788849747633013,1788849753336048,5703035
load10000-oneshot-100,0,100,580,1788849753325559,1788849753336143,10584
load10000-interval-100,1,100,581,1788849747733013,1788849753443696,5710683
load10000-oneshot-100,0,100,581,1788849753436143,1788849753443794,7651
load10000-oneshot-1000,0,1000,62,1788849753446080,1788849753459467,13387
load10000-interval-1000,1,1000,62,1788849752929335,1788849753506898,577563
load10000-interval-100,1,100,582,1788849747833013,1788849753552812,5719799
load10000-oneshot-100,0,100,582,1788849753543794,1788849753552871,9077
load10000-oneshot-500,0,500,124,1788849753555268,1788849753568254,12986
load10000-interval-500,1,500,124,1788849752343946,1788849753614481,1270535
load10000-interval-100,1,100,583,1788849747933013,1788849753661067,5728054
load10000-oneshot-100,0,100,583,1788849753652871,1788849753661163,8292
load10000-interval-100,1,100,584,1788849748033013,1788849753771968,5738955
load10000-oneshot-100,0,100,584,1788849753761163,1788849753772085,10922
load10000-interval-100,1,100,585,1788849748133013,1788849753881124,5748111
load10000-oneshot-100,0,100,585,1788849753872085,1788849753881215,9130
load10000-interval-100,1,100,586,1788849748233013,1788849753989787,5756774
load10000-oneshot-100,0,100,586,1788849753981215,1788849753989925,8710
load10000-oneshot-500,0,500,125,1788849754068254,1788849754083612,15358
load10000-interval-100,1,100,587,1788849748333013,1788849754098680,5765667
load10000-oneshot-100,0,100,587,1788849754089925,1788849754098771,8846
load10000-interval-500,1,500,125,1788849752843946,1788849754130315,1286369
load10000-interval-100,1,100,588,1788849748433013,1788849754208768,5775755
load10000-oneshot-100,0,100,588,1788849754198771,1788849754208884,10113
load10000-interval-100,1,100,589,1788849748533013,1788849754317911,5784898
load10000-oneshot-100,0,100,589,1788849754308884,1788849754318004,9120
load10000-interval-100,1,100,590,1788849748633013,1788849754427933,5794920
load10000-oneshot-100,0,100,590,1788849754418004,1788849754428069,10065
load10000-oneshot-1000,0,1000,63,1788849754459467,1788849754475202,15735
load10000-interval-1000,1,1000,63,1788849753929335,1788849754522347,593012
load10000-interval-100,1,100,591,1788849748733013,1788849754537883,5804870
load10000-oneshot-100,0,100,591,1788849754528069,1788849754538060,9991
load10000-oneshot-500,0,500,126,1788849754583612,1788849754584476,864
load10000-interval-500,1,500,126,1788849753343946,1788849754646752,1302806
load10000-interval-100,1,100,592,1788849748833013,1788849754646846,5813833
load10000-oneshot-100,0,100,592,1788849754638060,1788849754646905,8845
load10000-interval-100,1,100,593,1788849748933013,1788849754756697,5823684
load10000-oneshot-100,0,100,593,1788849754746905,1788849754756802,9897
load10000-interval-100,1,100,594,1788849749033013,1788849754865327,5832314
load10000-oneshot-100,0,100,594,1788849754856802,1788849754865458,8656
load10000-interval-100,1,100,595,1788849749133013,1788849754974783,5841770
load10000-oneshot-100,0,100,595,1788849754965458,1788849754974909,9451
load10000-interval-100,1,100,596,1788849749233013,1788849755084179,5851166
load10000-oneshot-100,0,100,596,1788849755074909,1788849755084284,9375
load10000-oneshot-500,0,500,127,1788849755084476,1788849755099325,14849
load10000-interval-500,1,500,127,1788849753843946,1788849755161976,1318030
load10000-interval-100,1,100,597,1788849749333013,1788849755193254,5860241
load10000-oneshot-100,0,100,597,1788849755184284,1788849755193398,9114
load10000-interval-100,1,100,598,1788849749433013,1788849755301577,5868564
load10000-oneshot-100,0,100,598,1788849755293398,1788849755301702,8304
load10000-interval-100,1,100,599,1788849749533013,1788849755410746,5877733
load10000-oneshot-100,0,100,599,1788849755401702,1788849755410861,9159
load10000-oneshot-1000,0,1000,64,1788849755475202,1788849755486821,11619
load10000-interval-100,1,100,600,1788849749633013,1788849755518971,5885958
load10000-oneshot-100,0,100,600,1788849755510861,1788849755519115,8254
load10000-interval-1000,1,1000,64,1788849754929335,1788849755534435,605100
load10000-oneshot-500,0,500,128,1788849755599325,1788849755612984,13659
load10000-interval-100,1,100,601,1788849749733013,1788849755628977,5895964
load10000-oneshot-100,0,100,601,1788849755619115,1788849755629056,9941
load10000-interval-500,1,500,128,1788849754343946,1788849755675755,1331809
load10000-interval-100,1,100,602,1788849749833013,1788849755738075,5905062
load10000-oneshot-100,0,100,602,1788849755729056,1788849755738207,9151
load10000-interval-100,1,100,603,1788849749933013,1788849755847285,5914272
load10000-oneshot-100,0,100,603,1788849755838207,1788849755847383,9176
load10000-interval-100,1,100,604,1788849750033013,1788849755955720,5922707
load10000-oneshot-100,0,100,604,1788849755947383,1788849755955825,8442
load10000-interval-100,1,100,605,1788849750133013,1788849756065190,5932177
load10000-oneshot-100,0,100,605,1788849756055825,1788849756065281,9456
load10000-oneshot-500,0,500,129,1788849756112984,1788849756127245,14261
load10000-interval-100,1,100,606,1788849750233013,1788849756174152,5941139
load10000-oneshot-100,0,100,606,1788849756165281,1788849756174251,8970
load10000-interval-500,1,500,129,1788849754843946,1788849756189602,1345656
load10000-interval-100,1,100,607,1788849750333013,1788849756284405,5951392
load10000-oneshot-100,0,100,607,1788849756274251,1788849756284538,10287
load10000-interval-100,1,100,608,1788849750433013,1788849756393787,5960774
load10000-oneshot-100,0,100,608,1788849756384538,1788849756393907,9369
load10000-oneshot-1000,0,1000,65,1788849756486821,1788849756487427,606
load10000-interval-100,1,100,609,1788849750533013,1788849756502798,5969785
load10000-oneshot-100,0,100,609,1788849756493907,1788849756502893,8986
load10000-interval-1000,1,1000,65,1788849755929335,1788849756549014,619679
load10000-interval-100,1,100,610,1788849750633013,1788849756610291,5977278
load10000-oneshot-100,0,100,610,1788849756602893,1788849756610396,7503
load10000-oneshot-500,0,500,130,1788849756627245,1788849756641979,14734
load10000-interval-500,1,500,130,1788849755343946,1788849756705069,1361123
load10000-interval-100,1,100,611,1788849750733013,1788849756720118,5987105
load10000-oneshot-100,0,100,611,1788849756710396,1788849756720221,9825
load10000-interval-100,1,100,612,1788849750833013,1788849756829882,5996869
load10000-oneshot-100,0,100,612,1788849756820221,1788849756829940,9719
load10000-interval-100,1,100,613,1788849750933013,1788849756940559,6007546
load10000-oneshot-100,0,100,613,1788849756929940,1788849756940691,10751
load10000-interval-100,1,100,614,1788849751033013,1788849757049546,6016533
load10000-oneshot-100,0,100,614,1788849757040691,1788849757049644,8953
load10000-oneshot-500,0,500,131,1788849757141979,1788849757144628,2649
load10000-interval-100,1,100,615,1788849751133013,1788849757160759,6027746
load10000-oneshot-100,0,100,615,1788849757149644,1788849757160824,11180
load10000-interval-500,1,500,131,1788849755843946,1788849757207753,1363807
load10000-interval-100,1,100,616,1788849751233013,1788849757271738,6038725
load10000-oneshot-100,0,100,616,1788849757260824,1788849757271873,11049
load10000-interval-100,1,100,617,1788849751333013,1788849757380683,6047670
load10000-oneshot-100,0,100,617,1788849757371873,1788849757380790,8917
load10000-interval-100,1,100,618,1788849751433013,1788849757489994,6056981
load10000-oneshot-100,0,100,618,1788849757480790,1788849757490073,9283
load10000-oneshot-1000,0,1000,66,1788849757487427,1788849757490183,2756
load10000-interval-1000,1,1000,66,1788849756929335,1788849757552354,623019
load10000-interval-100,1,100,619,1788849751533013,1788849757598555,6065542
load10000-oneshot-100,0,100,619,1788849757590073,1788849757598649,8576
load10000-oneshot-500,0,500,132,1788849757644628,1788849757645617,989
load10000-interval-100,1,100,620,1788849751633013,1788849757708330,6075317
load10000-oneshot-100,0,100,620,1788849757698649,1788849757708471,9822
load10000-interval-500,1,500,132,1788849756343946,1788849757708529,1364583
load10000-interval-100,1,100,621,1788849751733013,1788849757819250,6086237
load10000-oneshot-100,0,100,621,1788849757808471,1788849757819381,10910
load10000-interval-100,1,100,622,1788849751833013,1788849757929151,6096138
load10000-oneshot-100,0,100,622,1788849757919381,1788849757929221,9840
load10000-interval-100,1,100,623,1788849751933013,1788849758038675,6105662
load10000-oneshot-100,0,100,623,1788849758029221,1788849758038795,9574
load10000-interval-100,1,100,624,1788849752033013,1788849758147194,6114181
load10000-oneshot-100,0,100,624,1788849758138795,1788849758147321,8526
load10000-oneshot-500,0,500,133,1788849758145617,1788849758147387,1770
load10000-interval-500,1,500,133,1788849756843946,1788849758210780,1366834
load10000-interval-100,1,100,625,1788849752133013,1788849758258459,6125446
load10000-oneshot-100,0,100,625,1788849758247321,1788849758258568,11247
load10000-interval-100,1,100,626,1788849752233013,1788849758369439,6136426
load10000-oneshot-100,0,100,626,1788849758358568,1788849758369528,10960
load10000-interval-100,1,100,627,1788849752333013,1788849758479342,6146329
load10000-oneshot-100,0,100,627,1788849758469528,1788849758479430,9902
load10000-oneshot-1000,0,1000,67,1788849758490183,1788849758494502,4319
load10000-interval-1000,1,1000,67,1788849757929335,1788849758556213,626878
load10000-interval-100,1,100,628,1788849752433013,1788849758586980,6153967
load10000-oneshot-100,0,100,628,1788849758579430,1788849758587066,7636
load10000-oneshot-500,0,500,134,1788849758647387,1788849758649514,2127
load10000-interval-100,1,100,629,1788849752533013,1788849758698060,6165047
load10000-oneshot-100,0,100,629,1788849758687066,1788849758698171,11105
load10000-interval-500,1,500,134,1788849757343946,1788849758714285,1370339
load10000-interval-100,1,100,630,1788849752633013,1788849758807225,6174212
load10000-oneshot-100,0,100,630,1788849758798171,1788849758807339,9168
load10000-interval-100,1,100,631,1788849752733013,1788849758916690,6183677
load10000-oneshot-100,0,100,631,1788849758907339,1788849758916772,9433
load10000-interval-100,1,100,632,1788849752833013,1788849759026590,6193577
load10000-oneshot-100,0,100,632,1788849759016772,1788849759026690,9918
load10000-oneshot-100,0,100,633,1788849759126690,1788849759134283,7593
load10000-interval-100,1,100,633,1788849752933013,1788849759134367,6201354
load10000-oneshot-500,0,500,135,1788849759149514,1788849759165146,15632
load10000-interval-500,1,500,135,1788849757843946,1788849759227906,1383960
load10000-oneshot-100,0,100,634,1788849759234283,1788849759243162,8879
load10000-interval-100,1,100,634,1788849753033013,1788849759243278,6210265
load10000-oneshot-100,0,100,635,1788849759343162,1788849759352723,9561
load10000-interval-100,1,100,635,1788849753133013,1788849759352817,6219804
load10000-oneshot-100,0,100,636,1788849759452723,1788849759460779,8056
load10000-interval-100,1,100,636,1788849753233013,1788849759460886,6227873
load10000-oneshot-1000,0,1000,68,1788849759494502,1788849759507349,12847
load10000-interval-1000,1,1000,68,1788849758929335,1788849759570810,641475
load10000-oneshot-100,0,100,637,1788849759560779,1788849759570957,10178
load10000-interval-100,1,100,637,1788849753333013,1788849759571047,6238034
load10000-oneshot-500,0,500,136,1788849759665146,1788849759680499,15353
load10000-oneshot-100,0,100,638,1788849759670957,1788849759680608,9651
load10000-interval-100,1,100,638,1788849753433013,1788849759680684,6247671
load10000-interval-500,1,500,136,1788849758343946,1788849759743382,1399436
load10000-oneshot-100,0,100,639,1788849759780608,1788849759790513,9905
load10000-interval-100,1,100,639,1788849753533013,1788849759790640,6257627
load10000-oneshot-100,0,100,640,1788849759890513,1788849759898588,8075
load10000-interval-100,1,100,640,1788849753633013,1788849759898716,6265703
load10000-oneshot-100,0,100,641,1788849759998588,1788849760007462,8874
load10000-interval-100,1,100,641,1788849753733013,1788849760007587,6274574
load10000-oneshot-100,0,100,642,1788849760107462,1788849760116582,9120
load10000-interval-100,1,100,642,1788849753833013,1788849760116653,6283640
load10000-oneshot-500,0,500,137,1788849760180499,1788849760194523,14024
load10000-oneshot-100,0,100,643,1788849760216582,1788849760225255,8673
load10000-interval-100,1,100,643,1788849753933013,1788849760225400,6292387
load10000-interval-500,1,500,137,1788849758843946,1788849760255863,1411917
load10000-oneshot-100,0,100,644,1788849760325255,1788849760334119,8864
load10000-interval-100,1,100,644,1788849754033013,1788849760334217,6301204
load10000-oneshot-100,0,100,645,1788849760434119,1788849760443380,9261
load10000-interval-100,1,100,645,1788849754133013,1788849760443479,6310466
load10000-oneshot-1000,0,1000,69,1788849760507349,1788849760520630,13281
load10000-oneshot-100,0,100,646,1788849760543380,1788849760552072,8692
load10000-interval-100,1,100,646,1788849754233013,1788849760552160,6319147
load10000-interval-1000,1,1000,69,1788849759929335,1788849760582892,653557
load10000-oneshot-100,0,100,647,1788849760652072,1788849760660225,8153
load10000-interval-100,1,100,647,1788849754333013,1788849760660314,6327301
load10000-oneshot-500,0,500,138,1788849760694523,1788849760706775,12252
load10000-interval-500,1,500,138,1788849759343946,1788849760770560,1426614
load10000-oneshot-100,0,100,648,1788849760760225,1788849760770632,10407
load10000-interval-100,1,100,648,1788849754433013,1788849760770722,6337709
load10000-oneshot-100,0,100,649,1788849760870632,1788849760881457,10825
load10000-interval-100,1,100,649,1788849754533013,1788849760881597,6348584
load10000-oneshot-100,0,100,650,1788849760981457,1788849760990862,9405
load10000-interval-100,1,100,650,1788849754633013,1788849760990966,6357953
load10000-oneshot-100,0,100,651,1788849761090862,1788849761099990,9128
load10000-interval-100,1,100,651,1788849754733013,1788849761100082,6367069
load10000-oneshot-100,0,100,652,1788849761199990,1788849761208857,8867
load10000-interval-100,1,100,652,1788849754833013,1788849761209042,6376029
load10000-oneshot-500,0,500,139,1788849761206775,1788849761209127,2352
load10000-interval-500,1,500,139,1788849759843946,1788849761271542,1427596
load10000-oneshot-100,0,100,653,1788849761308857,1788849761318669,9812
load10000-interval-100,1,100,653,1788849754933013,1788849761318752,6385739
load10000-oneshot-100,0,100,654,1788849761418669,1788849761427370,8701
load10000-interval-100,1,100,654,1788849755033013,1788849761427459,6394446
load10000-oneshot-1000,0,1000,70,1788849761520630,1788849761534774,14144
load10000-oneshot-100,0,100,655,1788849761527370,1788849761534859,7489
load10000-interval-100,1,100,655,1788849755133013,1788849761534913,6401900
load10000-interval-1000,1,1000,70,1788849760929335,1788849761597584,668249
load10000-oneshot-100,0,100,656,1788849761634859,1788849761643843,8984
load10000-interval-100,1,100,656,1788849755233013,1788849761643968,6410955
load10000-oneshot-500,0,500,140,1788849761709127,1788849761721039,11912
load10000-oneshot-100,0,100,657,1788849761743843,1788849761751924,8081
load10000-interval-100,1,100,657,1788849755333013,1788849761752059,6419046
load10000-interval-500,1,500,140,1788849760343946,1788849761783644,1439698
load10000-oneshot-100,0,100,658,1788849761851924,1788849761861331,9407
load10000-interval-100,1,100,658,1788849755433013,1788849761861453,6428440
load10000-oneshot-100,0,100,659,1788849761961331,1788849761971398,10067
load10000-interval-100,1,100,659,1788849755533013,1788849761971521,6438508
load10000-oneshot-100,0,100,660,1788849762071398,1788849762080976,9578
load10000-interval-100,1,100,660,1788849755633013,1788849762081056,6448043
load10000-oneshot-100,0,100,661,1788849762180976,1788849762191755,10779
load10000-interval-100,1,100,661,1788849755733013,1788849762191851,6458838
load10000-oneshot-500,0,500,141,1788849762221039,1788849762222876,1837
load10000-interval-500,1,500,141,1788849760843946,1788849762286034,1442088
load10000-oneshot-100,0,100,662,1788849762291755,1788849762301615,9860
load10000-interval-100,1,100,662,1788849755833013,1788849762301711,6468698
load10000-oneshot-100,0,100,663,1788849762401615,1788849762410238,8623
load10000-interval-100,1,100,663,1788849755933013,1788849762410326,6477313
load10000-oneshot-100,0,100,664,1788849762510238,1788849762519141,8903
load10000-interval-100,1,100,664,1788849756033013,1788849762519247,6486234
load10000-oneshot-1000,0,1000,71,1788849762534774,1788849762549472,14698
load10000-interval-1000,1,1000,71,1788849761929335,1788849762612076,682741
load10000-oneshot-100,0,100,665,1788849762619141,1788849762627685,8544
load10000-interval-100,1,100,665,1788849756133013,1788849762627794,6494781
load10000-oneshot-500,0,500,142,1788849762722876,1788849762736683,13807
load10000-oneshot-100,0,100,666,1788849762727685,1788849762736822,9137
load10000-interval-100,1,100,666,1788849756233013,1788849762736893,6503880
load10000-interval-500,1,500,142,1788849761343946,1788849762798547,1454601
load10000-oneshot-100,0,100,667,1788849762836822,1788849762844992,8170
load10000-interval-100,1,100,667,1788849756333013,1788849762845074,6512061
load10000-oneshot-100,0,100,668,1788849762944992,1788849762954068,9076
load10000-interval-100,1,100,668,1788849756433013,1788849762954188,6521175
load10000-oneshot-100,0,100,669,1788849763054068,1788849763061640,7572
load10000-interval-100,1,100,669,1788849756533013,1788849763061762,6528749
load10000-oneshot-100,0,100,670,1788849763161640,1788849763170105,8465
load10000-interval-100,1,100,670,1788849756633013,1788849763170199,6537186
load10000-oneshot-500,0,500,143,1788849763236683,1788849763248859,12176
load10000-interval-100,1,100,671,1788849756733013,1788849763280053,6547040
load10000-oneshot-100,0,100,671,1788849763270105,1788849763280170,10065
load10000-interval-500,1,500,143,1788849761843946,1788849763312015,1468069
load10000-interval-100,1,100,672,1788849756833013,1788849763391145,6558132
load10000-oneshot-100,0,100,672,1788849763380170,1788849763391262,11092
load10000-interval-100,1,100,673,1788849756933013,1788849763500656,6567643
load10000-oneshot-100,0,100,673,1788849763491262,1788849763500785,9523
load10000-oneshot-1000,0,1000,72,1788849763549472,1788849763562672,13200
load10000-interval-100,1,100,674,1788849757033013,1788849763609319,6576306
load10000-oneshot-100,0,100,674,1788849763600785,1788849763609415,8630
load10000-interval-1000,1,1000,72,1788849762929335,1788849763624882,695547
load10000-interval-100,1,100,675,1788849757133013,1788849763718192,6585179
load10000-oneshot-100,0,100,675,1788849763709415,1788849763718314,8899
load10000-oneshot-500,0,500,144,1788849763748859,1788849763766108,17249
load10000-interval-500,1,500,144,1788849762343946,1788849763813443,1469497
load10000-interval-100,1,100,676,1788849757233013,1788849763829400,6596387
load10000-oneshot-100,0,100,676,1788849763818314,1788849763829539,11225
load10000-interval-100,1,100,677,1788849757333013,1788849763937362,6604349
load10000-oneshot-100,0,100,677,1788849763929539,1788849763937431,7892
load10000-interval-100,1,100,678,1788849757433013,1788849764047393,6614380
load10000-oneshot-100,0,100,678,1788849764037431,1788849764047520,10089
load10000-interval-100,1,100,679,1788849757533013,1788849764154384,6621371
load10000-oneshot-100,0,100,679,1788849764147520,1788849764154485,6965
load10000-interval-100,1,100,680,1788849757633013,1788849764263723,6630710
load10000-oneshot-100,0,100,680,1788849764254485,1788849764263864,9379
load10000-oneshot-500,0,500,145,1788849764266108,1788849764278508,12400
load10000-interval-500,1,500,145,1788849762843946,1788849764326213,1482267
load10000-interval-100,1,100,681,1788849757733013,1788849764372836,6639823
load10000-oneshot-100,0,100,681,1788849764363864,1788849764372942,9078
load10000-interval-100,1,100,682,1788849757833013,1788849764483180,6650167
load10000-oneshot-100,0,100,682,1788849764472942,1788849764483273,10331
load10000-oneshot-1000,0,1000,73,1788849764562672,1788849764577183,14511
load10000-interval-100,1,100,683,1788849757933013,1788849764593227,6660214
load10000-oneshot-100,0,100,683,1788849764583273,1788849764593358,10085
load10000-interval-1000,1,1000,73,1788849763929335,1788849764638921,709586
load10000-interval-100,1,100,684,1788849758033013,1788849764702768,6669755
load10000-oneshot-100,0,100,684,1788849764693358,1788849764702862,9504
load10000-oneshot-500,0,500,146,1788849764778508,1788849764793443,14935
load10000-interval-100,1,100,685,1788849758133013,1788849764808500,6675487
load10000-oneshot-100,0,100,685,1788849764802862,1788849764808616,5754
load10000-interval-500,1,500,146,1788849763343946,1788849764840071,1496125
load10000-interval-100,1,100,686,1788849758233013,1788849764918781,6685768
load10000-oneshot-100,0,100,686,1788849764908616,1788849764918915,10299
load10000-interval-100,1,100,687,1788849758333013,1788849765029200,6696187
load10000-oneshot-100,0,100,687,1788849765018915,1788849765029293,10378
load10000-interval-100,1,100,688,1788849758433013,1788849765138660,6705647
load10000-oneshot-100,0,100,688,1788849765129293,1788849765138780,9487
load10000-interval-100,1,100,689,1788849758533013,1788849765248934,6715921
load10000-oneshot-100,0,100,689,1788849765238780,1788849765249062,10282
load10000-oneshot-500,0,500,147,1788849765293443,1788849765295878,2435
load10000-interval-500,1,500,147,1788849763843946,1788849765342486,1498540
load10000-interval-100,1,100,690,1788849758633013,1788849765358055,6725042
load10000-oneshot-100,0,100,690,1788849765349062,1788849765358168,9106
load10000-interval-100,1,100,691,1788849758733013,1788849765466726,6733713
load10000-oneshot-100,0,100,691,1788849765458168,1788849765466834,8666
load10000-interval-100,1,100,692,1788849758833013,1788849765574214,6741201
load10000-oneshot-100,0,100,692,1788849765566834,1788849765574334,7500
load10000-oneshot-1000,0,1000,74,1788849765577183,1788849765589760,12577
load10000-interval-1000,1,1000,74,1788849764929335,1788849765652551,723216
load10000-interval-100,1,100,693,1788849758933013,1788849765684154,6751141
load10000-oneshot-100,0,100,693,1788849765674334,1788849765684238,9904
load10000-interval-100,1,100,694,1788849759033013,1788849765793658,6760645
load10000-oneshot-100,0,100,694,1788849765784238,1788849765793741,9503
load10000-oneshot-500,0,500,148,1788849765795878,1788849765809797,13919
load10000-interval-500,1,500,148,1788849764343946,1788849765857297,1513351
load10000-interval-100,1,100,695,1788849759133013,1788849765905058,6772045
load10000-oneshot-100,0,100,695,1788849765893741,1788849765905149,11408
load10000-interval-100,1,100,696,1788849759233013,1788849766013890,6780877
load10000-oneshot-100,0,100,696,1788849766005149,1788849766013982,8833
load10000-interval-100,1,100,697,1788849759333013,1788849766123199,6790186
load10000-oneshot-100,0,100,697,1788849766113982,1788849766123282,9300
load10000-interval-100,1,100,698,1788849759433013,1788849766232820,6799807
load10000-oneshot-100,0,100,698,1788849766223282,1788849766232918,9636
load10000-oneshot-500,0,500,149,1788849766309797,1788849766310705,908
load10000-interval-100,1,100,699,1788849759533013,1788849766342097,6809084
load10000-oneshot-100,0,100,699,1788849766332918,1788849766342190,9272
load10000-interval-500,1,500,149,1788849764843946,1788849766373512,1529566
load10000-interval-100,1,100,700,1788849759633013,1788849766450886,6817873
load10000-oneshot-100,0,100,700,1788849766442190,1788849766451007,8817
load10000-interval-100,1,100,701,1788849759733013,1788849766560483,6827470
load10000-oneshot-100,0,100,701,1788849766551007,1788849766560623,9616
load10000-oneshot-1000,0,1000,75,1788849766589760,1788849766592179,2419
load10000-interval-1000,1,1000,75,1788849765929335,1788849766654393,725058
load10000-interval-100,1,100,702,1788849759833013,1788849766669867,6836854
load10000-oneshot-100,0,100,702,1788849766660623,1788849766669944,9321
load10000-interval-100,1,100,703,1788849759933013,1788849766779553,6846540
load10000-oneshot-100,0,100,703,1788849766769944,1788849766779646,9702
load10000-oneshot-500,0,500,150,1788849766810705,1788849766826419,15714
load10000-interval-500,1,500,150,1788849765343946,1788849766889574,1545628
load10000-interval-100,1,100,704,1788849760033013,1788849766889721,6856708
load10000-oneshot-100,0,100,704,1788849766879646,1788849766889763,10117
load10000-interval-100,1,100,705,1788849760133013,1788849767001130,6868117
load10000-oneshot-100,0,100,705,1788849766989763,1788849767001246,11483
load10000-interval-100,1,100,706,1788849760233013,1788849767110158,6877145
load10000-oneshot-100,0,100,706,1788849767101246,1788849767110256,9010
load10000-interval-100,1,100,707,1788849760333013,1788849767219860,6886847
load10000-oneshot-100,0,100,707,1788849767210256,1788849767219961,9705
load10000-oneshot-100,0,100,708,1788849767319961,1788849767329887,9926
load10000-interval-100,1,100,708,1788849760433013,1788849767330005,6896992
load10000-oneshot-500,0,500,151,1788849767326419,1788849767330101,3682
load10000-interval-500,1,500,151,1788849765843946,1788849767392621,1548675
load10000-oneshot-100,0,100,709,1788849767429887,1788849767438970,9083
load10000-interval-100,1,100,709,1788849760533013,1788849767439049,6906036
load10000-oneshot-100,0,100,710,1788849767538970,1788849767548288,9318
load10000-interval-100,1,100,710,1788849760633013,1788849767548397,6915384
load10000-oneshot-1000,0,1000,76,1788849767592179,1788849767594879,2700
load10000-oneshot-100,0,100,711,1788849767648288,1788849767657561,9273
load10000-interval-100,1,100,711,1788849760733013,1788849767657651,6924638
load10000-interval-1000,1,1000,76,1788849766929335,1788849767657700,728365
load10000-oneshot-100,0,100,712,1788849767757561,1788849767766020,8459
load10000-interval-100,1,100,712,1788849760833013,1788849767766126,6933113
load10000-oneshot-500,0,500,152,1788849767830101,1788849767844412,14311
load10000-oneshot-100,0,100,713,1788849767866020,1788849767875434,9414
load10000-interval-100,1,100,713,1788849760933013,1788849767875538,6942525
load10000-interval-500,1,500,152,1788849766343946,1788849767906448,1562502
load10000-oneshot-100,0,100,714,1788849767975434,1788849767985287,9853
load10000-interval-100,1,100,714,1788849761033013,1788849767985349,6952336
load10000-oneshot-100,0,100,715,1788849768085287,1788849768096982,11695
load10000-interval-100,1,100,715,1788849761133013,1788849768097112,6964099
load10000-oneshot-100,0,100,716,1788849768196982,1788849768206921,9939
load10000-interval-100,1,100,716,1788849761233013,1788849768207027,6974014
load10000-oneshot-100,0,100,717,1788849768306921,1788849768316789,9868
load10000-interval-100,1,100,717,1788849761333013,1788849768316912,6983899
load10000-oneshot-500,0,500,153,1788849768344412,1788849768348494,4082
load10000-interval-500,1,500,153,1788849766843946,1788849768410658,1566712
load10000-oneshot-100,0,100,718,1788849768416789,1788849768426073,9284
load10000-interval-100,1,100,718,1788849761433013,1788849768426159,6993146
load10000-oneshot-100,0,100,719,1788849768526073,1788849768534414,8341
load10000-interval-100,1,100,719,1788849761533013,1788849768534539,7001526
load10000-oneshot-1000,0,1000,77,1788849768594879,1788849768611934,17055
load10000-oneshot-100,0,100,720,1788849768634414,1788849768642659,8245
load10000-interval-100,1,100,720,1788849761633013,1788849768642773,7009760
load10000-interval-1000,1,1000,77,1788849767929335,1788849768658407,729072
load10000-oneshot-100,0,100,721,1788849768742659,1788849768753928,11269
load10000-interval-100,1,100,721,1788849761733013,1788849768754046,7021033
load10000-oneshot-500,0,500,154,1788849768848494,1788849768861906,13412
load10000-oneshot-100,0,100,722,1788849768853928,1788849768862016,8088
load10000-interval-100,1,100,722,1788849761833013,1788849768862082,7029069
load10000-interval-500,1,500,154,1788849767343946,1788849768925047,1581101
load10000-oneshot-100,0,100,723,1788849768962016,1788849768972682,10666
load10000-interval-100,1,100,723,1788849761933013,1788849768972776,7039763
load10000-oneshot-100,0,100,724,1788849769072682,1788849769080558,7876
load10000-interval-100,1,100,724,1788849762033013,1788849769080679,7047666
load10000-oneshot-100,0,100,725,1788849769180558,1788849769189953,9395
load10000-interval-100,1,100,725,1788849762133013,1788849769190052,7057039
load10000-oneshot-100,0,100,726,1788849769289953,1788849769299778,9825
load10000-interval-100,1,100,726,1788849762233013,1788849769299844,7066831
load10000-oneshot-500,0,500,155,1788849769361906,1788849769377314,15408
load10000-oneshot-100,0,100,727,1788849769399778,1788849769408919,9141
load10000-interval-100,1,100,727,1788849762333013,1788849769409002,7075989
load10000-interval-500,1,500,155,1788849767843946,1788849769440215,1596269
load10000-oneshot-100,0,100,728,1788849769508919,1788849769518852,9933
load10000-interval-100,1,100,728,1788849762433013,1788849769518966,7085953
load10000-oneshot-1000,0,1000,78,1788849769611934,1788849769613432,1498
load10000-oneshot-100,0,100,729,1788849769618852,1788849769629096,10244
load10000-interval-100,1,100,729,1788849762533013,1788849769629233,7096220
load10000-interval-1000,1,1000,78,1788849768929335,1788849769659636,730301
load10000-oneshot-100,0,100,730,1788849769729096,1788849769736933,7837
load10000-interval-100,1,100,730,1788849762633013,1788849769737077,7104064
load10000-oneshot-100,0,100,731,1788849769836933,1788849769845375,8442
load10000-interval-100,1,100,731,1788849762733013,1788849769845460,7112447
load10000-oneshot-500,0,500,156,1788849769877314,1788849769891773,14459
load10000-interval-500,1,500,156,1788849768343946,1788849769955213,1611267
load10000-oneshot-100,0,100,732,1788849769945375,1788849769955325,9950
load10000-interval-100,1,100,732,1788849762833013,1788849769955388,7122375
load10000-oneshot-100,0,100,733,1788849770055325,1788849770064520,9195
load10000-interval-100,1,100,733,1788849762933013,1788849770064624,7131611
load10000-oneshot-100,0,100,734,1788849770164520,1788849770174468,9948
load10000-interval-100,1,100,734,1788849763033013,1788849770174549,7141536
load10000-oneshot-100,0,100,735,1788849770274468,1788849770284222,9754
load10000-interval-100,1,100,735,1788849763133013,1788849770284347,7151334
load10000-oneshot-100,0,100,736,1788849770384222,1788849770392918,8696
load10000-interval-100,1,100,736,1788849763233013,1788849770393003,7159990
load10000-oneshot-500,0,500,157,1788849770391773,1788849770393083,1310
load10000-interval-500,1,500,157,1788849768843946,1788849770470984,1627038
load10000-oneshot-100,0,100,737,1788849770492918,1788849770502025,9107
load10000-interval-100,1,100,737,1788849763333013,1788849770502135,7169122
load10000-oneshot-100,0,100,738,1788849770602025,1788849770612604,10579
load10000-interval-100,1,100,738,1788849763433013,1788849770612712,7179699
load10000-oneshot-1000,0,1000,79,1788849770613432,1788849770628178,14746
load10000-interval-1000,1,1000,79,1788849769929335,1788849770674410,745075
load10000-oneshot-100,0,100,739,1788849770712604,1788849770721540,8936
load10000-interval-100,1,100,739,1788849763533013,1788849770721673,7188660
load10000-oneshot-100,0,100,740,1788849770821540,1788849770832189,10649
load10000-interval-100,1,100,740,1788849763633013,1788849770832300,7199287
load10000-oneshot-500,0,500,158,1788849770893083,1788849770894600,1517
load10000-oneshot-100,0,100,741,1788849770932189,1788849770940725,8536
load10000-interval-100,1,100,741,1788849763733013,1788849770940829,7207816
load10000-interval-500,1,500,158,1788849769343946,1788849770987085,1643139
load10000-oneshot-100,0,100,742,1788849771040725,1788849771049629,8904
load10000-interval-100,1,100,742,1788849763833013,1788849771049682,7216669
load10000-oneshot-100,0,100,743,1788849771149629,1788849771159915,10286
load10000-interval-100,1,100,743,1788849763933013,1788849771160020,7227007
load10000-oneshot-100,0,100,744,1788849771259915,1788849771270337,10422
load10000-interval-100,1,100,744,1788849764033013,1788849771270448,7237435
load10000-interval-100,1,100,745,1788849764133013,1788849771380003,7246990
load10000-oneshot-100,0,100,745,1788849771370337,1788849771380104,9767
load10000-oneshot-500,0,500,159,1788849771394600,1788849771395594,994
load10000-interval-100,1,100,746,1788849764233013,1788849771490795,7257782
load10000-oneshot-100,0,100,746,1788849771480104,1788849771490874,10770
load10000-interval-500,1,500,159,1788849769843946,1788849771490893,1646947
load10000-interval-100,1,100,747,1788849764333013,1788849771599819,7266806
load10000-oneshot-100,0,100,747,1788849771590874,1788849771599898,9024
load10000-oneshot-1000,0,1000,80,1788849771628178,1788849771631491,3313
load10000-interval-1000,1,1000,80,1788849770929335,1788849771677806,748471
load10000-interval-100,1,100,748,1788849764433013,1788849771708649,7275636
load10000-oneshot-100,0,100,748,1788849771699898,1788849771708764,8866
load10000-interval-100,1,100,749,1788849764533013,1788849771815505,7282492
load10000-oneshot-100,0,100,749,1788849771808764,1788849771815586,6822
load10000-oneshot-500,0,500,160,1788849771895594,1788849771908859,13265
load10000-interval-100,1,100,750,1788849764633013,1788849771924432,7291419
load10000-oneshot-100,0,100,750,1788849771915586,1788849771924528,8942
load10000-interval-500,1,500,160,1788849770343946,1788849772001339,1657393
load10000-interval-100,1,100,751,1788849764733013,1788849772032624,7299611
load10000-oneshot-100,0,100,751,1788849772024528,1788849772032710,8182
load10000-interval-100,1,100,752,1788849764833013,1788849772142582,7309569
load10000-oneshot-100,0,100,752,1788849772132710,1788849772142693,9983
load10000-interval-100,1,100,753,1788849764933013,1788849772253055,7320042
load10000-oneshot-100,0,100,753,1788849772242693,1788849772253161,10468
load10000-interval-100,1,100,754,1788849765033013,1788849772362066,7329053
load10000-oneshot-100,0,100,754,1788849772353161,1788849772362219,9058
load10000-oneshot-500,0,500,161,1788849772408859,1788849772424767,15908
load10000-interval-100,1,100,755,1788849765133013,1788849772470702,7337689
load10000-oneshot-100,0,100,755,1788849772462219,1788849772470821,8602
load10000-interval-500,1,500,161,1788849770843946,1788849772518043,1674097
load10000-interval-100,1,100,756,1788849765233013,1788849772582648,7349635
load10000-oneshot-100,0,100,756,1788849772570821,1788849772582790,11969
load10000-oneshot-1000,0,1000,81,1788849772631491,1788849772645838,14347
load10000-interval-1000,1,1000,81,1788849771929335,1788849772692473,763138
load10000-interval-100,1,100,757,1788849765333013,1788849772692577,7359564
load10000-oneshot-100,0,100,757,1788849772682790,1788849772692654,9864
load10000-interval-100,1,100,758,1788849765433013,1788849772801153,7368140
load10000-oneshot-100,0,100,758,1788849772792654,1788849772801227,8573
load10000-interval-100,1,100,759,1788849765533013,1788849772910645,7377632
load10000-oneshot-100,0,100,759,1788849772901227,1788849772910793,9566
load10000-oneshot-500,0,500,162,1788849772924767,1788849772925596,829
load10000-interval-100,1,100,760,1788849765633013,1788849773019119,7386106
load10000-oneshot-100,0,100,760,1788849773010793,1788849773019247,8454
load10000-interval-500,1,500,162,1788849771343946,1788849773034319,1690373
load10000-interval-100,1,100,761,1788849765733013,1788849773127441,7394428
load10000-oneshot-100,0,100,761,1788849773119247,1788849773127581,8334
load10000-interval-100,1,100,762,1788849765833013,1788849773238454,7405441
load10000-oneshot-100,0,100,762,1788849773227581,1788849773238517,10936
load10000-interval-100,1,100,763,1788849765933013,1788849773346978,7413965
load10000-oneshot-100,0,100,763,1788849773338517,1788849773347083,8566
load10000-oneshot-500,0,500,163,1788849773425596,1788849773441444,15848
load10000-interval-100,1,100,764,1788849766033013,1788849773456957,7423944
load10000-oneshot-100,0,100,764,1788849773447083,1788849773457086,10003
load10000-interval-500,1,500,163,1788849771843946,1788849773535648,1691702
load10000-interval-100,1,100,765,1788849766133013,1788849773567319,7434306
load10000-oneshot-100,0,100,765,1788849773557086,1788849773567494,10408
load10000-oneshot-1000,0,1000,82,1788849773645838,1788849773661692,15854
load10000-interval-100,1,100,766,1788849766233013,1788849773677155,7444142
load10000-oneshot-100,0,100,766,1788849773667494,1788849773677274,9780
load10000-interval-1000,1,1000,82,1788849772929335,1788849773693370,764035
load10000-interval-100,1,100,767,1788849766333013,1788849773785935,7452922
load10000-oneshot-100,0,100,767,1788849773777274,1788849773786038,8764
load10000-interval-100,1,100,768,1788849766433013,1788849773894555,7461542
load10000-oneshot-100,0,100,768,1788849773886038,1788849773894643,8605
load10000-oneshot-500,0,500,164,1788849773941444,1788849773956318,14874
load10000-interval-100,1,100,769,1788849766533013,1788849774002192,7469179
load10000-oneshot-100,0,100,769,1788849773994643,1788849774002386,7743
load10000-interval-500,1,500,164,1788849772343946,1788849774047939,1703993
load10000-interval-100,1,100,770,1788849766633013,1788849774110828,7477815
load10000-oneshot-100,0,100,770,1788849774102386,1788849774110943,8557
load10000-interval-100,1,100,771,1788849766733013,1788849774220584,7487571
load10000-oneshot-100,0,100,771,1788849774210943,1788849774220694,9751
load10000-interval-100,1,100,772,1788849766833013,1788849774328092,7495079
load10000-oneshot-100,0,100,772,1788849774320694,1788849774328208,7514
load10000-interval-100,1,100,773,1788849766933013,1788849774436025,7503012
load10000-oneshot-100,0,100,773,1788849774428208,1788849774436103,7895
load10000-oneshot-500,0,500,165,1788849774456318,1788849774468124,11806
load10000-interval-100,1,100,774,1788849767033013,1788849774545235,7512222
load10000-oneshot-100,0,100,774,1788849774536103,1788849774545377,9274
load10000-interval-500,1,500,165,1788849772843946,1788849774560800,1716854
load10000-interval-100,1,100,775,1788849767133013,1788849774655226,7522213
load10000-oneshot-100,0,100,775,1788849774645377,1788849774655347,9970
load10000-oneshot-1000,0,1000,83,1788849774661692,1788849774672012,10320
load10000-interval-1000,1,1000,83,1788849773929335,1788849774703278,773943
load10000-interval-100,1,100,776,1788849767233013,1788849774766065,7533052
load10000-oneshot-100,0,100,776,1788849774755347,1788849774766191,10844
load10000-interval-100,1,100,777,1788849767333013,1788849774875923,7542910
load10000-oneshot-100,0,100,777,1788849774866191,1788849774876012,9821
load10000-oneshot-500,0,500,166,1788849774968124,1788849774984274,16150
load10000-interval-100,1,100,778,1788849767433013,1788849774984345,7551332
load10000-oneshot-100,0,100,778,1788849774976012,1788849774984383,8371
load10000-interval-500,1,500,166,1788849773343946,1788849775077869,1733923
load10000-interval-100,1,100,779,1788849767533013,1788849775093331,7560318
load10000-oneshot-100,0,100,779,1788849775084383,1788849775093392,9009
load10000-interval-100,1,100,780,1788849767633013,1788849775202918,7569905
load10000-oneshot-100,0,100,780,1788849775193392,1788849775203030,9638
load10000-interval-100,1,100,781,1788849767733013,1788849775312972,7579959
load10000-oneshot-100,0,100,781,1788849775303030,1788849775313062,10032
load10000-interval-100,1,100,782,1788849767833013,1788849775421973,7588960
load10000-oneshot-100,0,100,782,1788849775413062,1788849775422068,9006
load10000-oneshot-500,0,500,167,1788849775484274,1788849775500138,15864
load10000-oneshot-100,0,100,783,1788849775522068,1788849775532231,10163
load10000-interval-100,1,100,783,1788849767933013,1788849775532324,7599311
load10000-interval-500,1,500,167,1788849773843946,1788849775579494,1735548
load10000-oneshot-100,0,100,784,1788849775632231,1788849775642355,10124
load10000-interval-100,1,100,784,1788849768033013,1788849775642428,7609415
load10000-oneshot-1000,0,1000,84,1788849775672012,1788849775673631,1619
load10000-interval-1000,1,1000,84,1788849774929335,1788849775705695,776360
load10000-oneshot-100,0,100,785,1788849775742355,1788849775753152,10797
load10000-interval-100,1,100,785,1788849768133013,1788849775753280,7620267
load10000-oneshot-100,0,100,786,1788849775853152,1788849775862954,9802
load10000-interval-100,1,100,786,1788849768233013,1788849775863063,7630050
load10000-oneshot-100,0,100,787,1788849775962954,1788849775973722,10768
load10000-interval-100,1,100,787,1788849768333013,1788849775973841,7640828
load10000-oneshot-500,0,500,168,1788849776000138,1788849776004879,4741
load10000-oneshot-100,0,100,788,1788849776073722,1788849776083033,9311
load10000-interval-100,1,100,788,1788849768433013,1788849776083158,7650145
load10000-interval-500,1,500,168,1788849774343946,1788849776083309,1739363
load10000-oneshot-100,0,100,789,1788849776183033,1788849776193239,10206
load10000-interval-100,1,100,789,1788849768533013,1788849776193394,7660381
load10000-oneshot-100,0,100,790,1788849776293239,1788849776302401,9162
load10000-interval-100,1,100,790,1788849768633013,1788849776302512,7669499
load10000-oneshot-100,0,100,791,1788849776402401,1788849776411245,8844
load10000-interval-100,1,100,791,1788849768733013,1788849776411382,7678369
load10000-oneshot-500,0,500,169,1788849776504879,1788849776521634,16755
load10000-oneshot-100,0,100,792,1788849776511245,1788849776521783,10538
load10000-interval-100,1,100,792,1788849768833013,1788849776521856,7688843
load10000-interval-500,1,500,169,1788849774843946,1788849776584495,1740549
load10000-oneshot-100,0,100,793,1788849776621783,1788849776630323,8540
load10000-interval-100,1,100,793,1788849768933013,1788849776630418,7697405
load10000-oneshot-1000,0,1000,85,1788849776673631,1788849776677829,4198
load10000-interval-1000,1,1000,85,1788849775929335,1788849776709392,780057
load10000-oneshot-100,0,100,794,1788849776730323,1788849776740956,10633
load10000-interval-100,1,100,794,1788849769033013,1788849776741017,7708004
load10000-oneshot-100,0,100,795,1788849776840956,1788849776850802,9846
load10000-interval-100,1,100,795,1788849769133013,1788849776850915,7717902
load10000-oneshot-100,0,100,796,1788849776950802,1788849776958706,7904
load10000-interval-100,1,100,796,1788849769233013,1788849776958811,7725798
load10000-oneshot-500,0,500,170,1788849777021634,1788849777037706,16072
load10000-oneshot-100,0,100,797,1788849777058706,1788849777069000,10294
load10000-interval-100,1,100,797,1788849769333013,1788849777069124,7736111
load10000-interval-500,1,500,170,1788849775343946,1788849777099669,1755723
load10000-oneshot-100,0,100,798,1788849777169000,1788849777177909,8909
load10000-interval-100,1,100,798,1788849769433013,1788849777178006,7744993
load10000-oneshot-100,0,100,799,1788849777277909,1788849777286136,8227
load10000-interval-100,1,100,799,1788849769533013,1788849777286278,7753265
load10000-oneshot-100,0,100,800,1788849777386136,1788849777396643,10507
load10000-interval-100,1,100,800,1788849769633013,1788849777396787,7763774
load10000-oneshot-100,0,100,801,1788849777496643,1788849777504389,7746
load10000-interval-100,1,100,801,1788849769733013,1788849777504538,7771525
load10000-oneshot-500,0,500,171,1788849777537706,1788849777551443,13737
load10000-interval-500,1,500,171,1788849775843946,1788849777614219,1770273
load10000-oneshot-100,0,100,802,1788849777604389,1788849777614339,9950
load10000-interval-100,1,100,802,1788849769833013,1788849777614407,7781394
load10000-oneshot-1000,0,1000,86,1788849777677829,1788849777691109,13280
load10000-interval-1000,1,1000,86,1788849776929335,1788849777722173,792838
load10000-oneshot-100,0,100,803,1788849777714339,1788849777722264,7925
load10000-interval-100,1,100,803,1788849769933013,1788849777722344,7789331
load10000-oneshot-100,0,100,804,1788849777822264,1788849777832664,10400
load10000-interval-100,1,100,804,1788849770033013,1788849777832811,7799798
load10000-oneshot-100,0,100,805,1788849777932664,1788849777942478,9814
load10000-interval-100,1,100,805,1788849770133013,1788849777942546,7809533
load10000-oneshot-100,0,100,806,1788849778042478,1788849778052396,9918
load10000-interval-100,1,100,806,1788849770233013,1788849778052472,7819459
load10000-oneshot-500,0,500,172,1788849778051443,1788849778052507,1064
load10000-interval-500,1,500,172,1788849776343946,1788849778129638,1785692
load10000-oneshot-100,0,100,807,1788849778152396,1788849778159984,7588
load10000-interval-100,1,100,807,1788849770333013,1788849778160080,7827067
load10000-oneshot-100,0,100,808,1788849778259984,1788849778269562,9578
load10000-interval-100,1,100,808,1788849770433013,1788849778269701,7836688
load10000-oneshot-100,0,100,809,1788849778369562,1788849778378005,8443
load10000-interval-100,1,100,809,1788849770533013,1788849778378111,7845098
load10000-oneshot-100,0,100,810,1788849778478005,1788849778488036,10031
load10000-interval-100,1,100,810,1788849770633013,1788849778488149,7855136
load10000-oneshot-500,0,500,173,1788849778552507,1788849778565315,12808
load10000-oneshot-100,0,100,811,1788849778588036,1788849778596323,8287
load10000-interval-100,1,100,811,1788849770733013,1788849778596389,7863376
load10000-interval-500,1,500,173,1788849776843946,1788849778643362,1799416
load10000-oneshot-1000,0,1000,87,1788849778691109,1788849778705755,14646
load10000-oneshot-100,0,100,812,1788849778696323,1788849778705869,9546
load10000-interval-100,1,100,812,1788849770833013,1788849778706034,7873021
load10000-interval-1000,1,1000,87,1788849777929335,1788849778736345,807010
load10000-oneshot-100,0,100,813,1788849778805869,1788849778813424,7555
load10000-interval-100,1,100,813,1788849770933013,1788849778813520,7880507
load10000-oneshot-100,0,100,814,1788849778913424,1788849778921136,7712
load10000-interval-100,1,100,814,1788849771033013,1788849778921212,7888199
load10000-oneshot-100,0,100,815,1788849779021136,1788849779031369,10233
load10000-interval-100,1,100,815,1788849771133013,1788849779031468,7898455
load10000-oneshot-500,0,500,174,1788849779065315,1788849779077577,12262
load10000-oneshot-100,0,100,816,1788849779131369,1788849779141153,9784
load10000-interval-100,1,100,816,1788849771233013,1788849779141272,7908259
load10000-interval-500,1,500,174,1788849777343946,1788849779156452,1812506
load10000-oneshot-100,0,100,817,1788849779241153,1788849779250720,9567
load10000-interval-100,1,100,817,1788849771333013,1788849779250792,7917779
load10000-oneshot-100,0,100,818,1788849779350720,1788849779359498,8778
load10000-interval-100,1,100,818,1788849771433013,1788849779359607,7926594
load10000-oneshot-100,0,100,819,1788849779459498,1788849779468959,9461
load10000-interval-100,1,100,819,1788849771533013,1788849779469090,7936077
load10000-interval-100,1,100,820,1788849771633013,1788849779579413,7946400
load10000-oneshot-100,0,100,820,1788849779568959,1788849779579521,10562
load10000-oneshot-500,0,500,175,1788849779577577,1788849779579579,2002
load10000-interval-500,1,500,175,1788849777843946,1788849779657845,1813899
load10000-interval-100,1,100,821,1788849771733013,1788849779689750,7956737
load10000-oneshot-100,0,100,821,1788849779679521,1788849779689850,10329
load10000-oneshot-1000,0,1000,88,1788849779705755,1788849779706462,707
load10000-interval-1000,1,1000,88,1788849778929335,1788849779751944,822609
load10000-interval-100,1,100,822,1788849771833013,1788849779798389,7965376
load10000-oneshot-100,0,100,822,1788849779789850,1788849779798510,8660
load10000-interval-100,1,100,823,1788849771933013,1788849779909087,7976074
load10000-oneshot-100,0,100,823,1788849779898510,1788849779909153,10643
load10000-interval-100,1,100,824,1788849772033013,1788849780017266,7984253
load10000-oneshot-100,0,100,824,1788849780009153,1788849780017389,8236
load10000-oneshot-500,0,500,176,1788849780079579,1788849780080457,878
load10000-interval-100,1,100,825,1788849772133013,1788849780126795,7993782
load10000-oneshot-100,0,100,825,1788849780117389,1788849780126885,9496
load10000-interval-500,1,500,176,1788849778343946,1788849780174397,1830451
