run_id,mode,bucket_ms,sequence,run_start_micros,scheduled_at_micros,fired_at_micros,drift_micros
load1000-oneshot-100,0,100,0,1788889767779145,1788889767879145,1788889767891417,12272
load1000-interval-100,1,100,0,1788889767823658,1788889767923658,1788889767938482,14824
load1000-oneshot-100,0,100,1,1788889767779145,1788889767979145,1788889768000921,21776
load1000-interval-100,1,100,1,1788889767823658,1788889768023658,1788889768047672,24014
load1000-oneshot-100,0,100,2,1788889767779145,1788889768079145,1788889768102071,22926
load1000-interval-100,1,100,2,1788889767823658,1788889768123658,1788889768157253,33595
load1000-oneshot-100,0,100,3,1788889767779145,1788889768179145,1788889768204607,25462
load1000-interval-100,1,100,3,1788889767823658,1788889768223658,1788889768267501,43843
load1000-oneshot-100,0,100,4,1788889767779145,1788889768279145,1788889768314607,35462
load1000-oneshot-500,0,500,0,1788889767866747,1788889768366747,1788889768377627,10880
load1000-interval-100,1,100,4,1788889767823658,1788889768323658,1788889768377720,54062
load1000-oneshot-100,0,100,5,1788889767779145,1788889768379145,1788889768425145,46000
load1000-interval-100,1,100,5,1788889767823658,1788889768423658,1788889768488571,64913
load1000-oneshot-100,0,100,6,1788889767779145,1788889768479145,1788889768534815,55670
load1000-interval-500,1,500,0,1788889768061277,1788889768561277,1788889768565823,4546
load1000-interval-100,1,100,6,1788889767823658,1788889768523658,1788889768597913,74255
load1000-oneshot-100,0,100,7,1788889767779145,1788889768579145,1788889768645900,66755
load1000-interval-100,1,100,7,1788889767823658,1788889768623658,1788889768708761,85103
load1000-oneshot-100,0,100,8,1788889767779145,1788889768679145,1788889768756074,76929
load1000-interval-100,1,100,8,1788889767823658,1788889768723658,1788889768818265,94607
load1000-oneshot-100,0,100,9,1788889767779145,1788889768779145,1788889768864669,85524
load1000-oneshot-500,0,500,1,1788889767866747,1788889768866747,1788889768880286,13539
load1000-interval-100,1,100,9,1788889767823658,1788889768823658,1788889768926685,103027
load1000-oneshot-100,0,100,10,1788889767779145,1788889768879145,1788889768973062,93917
load1000-interval-100,1,100,10,1788889767823658,1788889768923658,1788889769036728,113070
load1000-interval-500,1,500,1,1788889768061277,1788889769061277,1788889769068639,7362
load1000-oneshot-100,0,100,11,1788889767779145,1788889768979145,1788889769084355,105210
load1000-oneshot-1000,0,1000,0,1788889768103303,1788889769103303,1788889769115532,12229
load1000-interval-100,1,100,11,1788889767823658,1788889769023658,1788889769146862,123204
load1000-interval-1000,1,1000,0,1788889768147355,1788889769147355,1788889769163393,16038
load1000-oneshot-100,0,100,12,1788889767779145,1788889769079145,1788889769194946,115801
load1000-interval-100,1,100,12,1788889767823658,1788889769123658,1788889769257682,134024
load1000-oneshot-100,0,100,13,1788889767779145,1788889769179145,1788889769304271,125126
load1000-interval-100,1,100,13,1788889767823658,1788889769223658,1788889769367949,144291
load1000-oneshot-500,0,500,2,1788889767866747,1788889769366747,1788889769383407,16660
load1000-oneshot-100,0,100,14,1788889767779145,1788889769279145,1788889769415572,136427
load1000-interval-100,1,100,14,1788889767823658,1788889769323658,1788889769479330,155672
load1000-oneshot-100,0,100,15,1788889767779145,1788889769379145,1788889769526087,146942
load1000-interval-500,1,500,2,1788889768061277,1788889769561277,1788889769573633,12356
load1000-interval-100,1,100,15,1788889767823658,1788889769423658,1788889769589648,165990
load1000-oneshot-100,0,100,16,1788889767779145,1788889769479145,1788889769638245,159100
load1000-interval-100,1,100,16,1788889767823658,1788889769523658,1788889769701243,177585
load1000-oneshot-100,0,100,17,1788889767779145,1788889769579145,1788889769748379,169234
load1000-interval-100,1,100,17,1788889767823658,1788889769623658,1788889769811368,187710
load1000-oneshot-100,0,100,18,1788889767779145,1788889769679145,1788889769858368,179223
load1000-oneshot-500,0,500,3,1788889767866747,1788889769866747,1788889769889547,22800
load1000-interval-100,1,100,18,1788889767823658,1788889769723658,1788889769920889,197231
load1000-oneshot-100,0,100,19,1788889767779145,1788889769779145,1788889769968624,189479
load1000-interval-100,1,100,19,1788889767823658,1788889769823658,1788889770031570,207912
load1000-oneshot-100,0,100,20,1788889767779145,1788889769879145,1788889770079668,200523
load1000-interval-500,1,500,3,1788889768061277,1788889770061277,1788889770079860,18583
load1000-oneshot-1000,0,1000,1,1788889768103303,1788889770103303,1788889770127132,23829
load1000-interval-100,1,100,20,1788889767823658,1788889769923658,1788889770142124,218466
load1000-interval-1000,1,1000,1,1788889768147355,1788889770147355,1788889770173294,25939
load1000-oneshot-100,0,100,21,1788889767779145,1788889769979145,1788889770189327,210182
load1000-burst,2,2000,0,1788889768189146,1788889770189146,1788889770204797,15651
load1000-burst,2,2000,1,1788889768189146,1788889770189146,1788889770204865,15719
load1000-burst,2,2000,2,1788889768189146,1788889770189146,1788889770204951,15805
load1000-burst,2,2000,3,1788889768189146,1788889770189146,1788889770205004,15858
load1000-burst,2,2000,4,1788889768189146,1788889770189146,1788889770205036,15890
load1000-burst,2,2000,5,1788889768189146,1788889770189146,1788889770205068,15922
load1000-burst,2,2000,6,1788889768189146,1788889770189146,1788889770205099,15953
load1000-burst,2,2000,7,1788889768189146,1788889770189146,1788889770205124,15978
load1000-burst,2,2000,8,1788889768189146,1788889770189146,1788889770205154,16008
load1000-burst,2,2000,9,1788889768189146,1788889770189146,1788889770205175,16029
load1000-burst,2,2000,10,1788889768189146,1788889770189146,1788889770205188,16042
load1000-burst,2,2000,11,1788889768189146,1788889770189146,1788889770205201,16055
load1000-burst,2,2000,12,1788889768189146,1788889770189146,1788889770205210,16064
load1000-burst,2,2000,13,1788889768189146,1788889770189146,1788889770205221,16075
load1000-burst,2,2000,14,1788889768189146,1788889770189146,1788889770205251,16105
load1000-burst,2,2000,15,1788889768189146,1788889770189146,1788889770205298,16152
load1000-burst,2,2000,16,1788889768189146,1788889770189146,1788889770205335,16189
load1000-burst,2,2000,17,1788889768189146,1788889770189146,1788889770205352,16206
load1000-burst,2,2000,18,1788889768189146,1788889770189146,1788889770205366,16220
load1000-burst,2,2000,19,1788889768189146,1788889770189146,1788889770205390,16244
load1000-burst,2,2000,20,1788889768189146,1788889770189146,1788889770205409,16263
load1000-burst,2,2000,21,1788889768189146,1788889770189146,1788889770205426,16280
load1000-burst,2,2000,22,1788889768189146,1788889770189146,1788889770205442,16296
load1000-burst,2,2000,23,1788889768189146,1788889770189146,1788889770205454,16308
load1000-burst,2,2000,24,1788889768189146,1788889770189146,1788889770205468,16322
load1000-burst,2,2000,25,1788889768189146,1788889770189146,1788889770205491,16345
load1000-burst,2,2000,26,1788889768189146,1788889770189146,1788889770205519,16373
load1000-burst,2,2000,27,1788889768189146,1788889770189146,1788889770205548,16402
load1000-burst,2,2000,28,1788889768189146,1788889770189146,1788889770205583,16437
load1000-burst,2,2000,29,1788889768189146,1788889770189146,1788889770205601,16455
load1000-burst,2,2000,30,1788889768189146,1788889770189146,1788889770205620,16474
load1000-burst,2,2000,31,1788889768189146,1788889770189146,1788889770205636,16490
load1000-burst,2,2000,32,1788889768189146,1788889770189146,1788889770205653,16507
load1000-burst,2,2000,33,1788889768189146,1788889770189146,1788889770205673,16527
load1000-burst,2,2000,34,1788889768189146,1788889770189146,1788889770205690,16544
load1000-burst,2,2000,35,1788889768189146,1788889770189146,1788889770205703,16557
load1000-burst,2,2000,36,1788889768189146,1788889770189146,1788889770205715,16569
load1000-burst,2,2000,37,1788889768189146,1788889770189146,1788889770205738,16592
load1000-burst,2,2000,38,1788889768189146,1788889770189146,1788889770205774,16628
load1000-burst,2,2000,39,1788889768189146,1788889770189146,1788889770205795,16649
load1000-burst,2,2000,40,1788889768189146,1788889770189146,1788889770205817,16671
load1000-burst,2,2000,41,1788889768189146,1788889770189146,1788889770205839,16693
load1000-burst,2,2000,42,1788889768189146,1788889770189146,1788889770205881,16735
load1000-burst,2,2000,43,1788889768189146,1788889770189146,1788889770205901,16755
load1000-burst,2,2000,44,1788889768189146,1788889770189146,1788889770205919,16773
load1000-burst,2,2000,45,1788889768189146,1788889770189146,1788889770205937,16791
load1000-burst,2,2000,46,1788889768189146,1788889770189146,1788889770205956,16810
load1000-burst,2,2000,47,1788889768189146,1788889770189146,1788889770205977,16831
load1000-burst,2,2000,48,1788889768189146,1788889770189146,1788889770205996,16850
load1000-burst,2,2000,49,1788889768189146,1788889770189146,1788889770206012,16866
load1000-burst,2,2000,50,1788889768189146,1788889770189146,1788889770206035,16889
load1000-burst,2,2000,51,1788889768189146,1788889770189146,1788889770206053,16907
load1000-burst,2,2000,52,1788889768189146,1788889770189146,1788889770206073,16927
load1000-burst,2,2000,53,1788889768189146,1788889770189146,1788889770206102,16956
load1000-burst,2,2000,54,1788889768189146,1788889770189146,1788889770206120,16974
load1000-burst,2,2000,55,1788889768189146,1788889770189146,1788889770206145,16999
load1000-burst,2,2000,56,1788889768189146,1788889770189146,1788889770206162,17016
load1000-burst,2,2000,57,1788889768189146,1788889770189146,1788889770206179,17033
load1000-burst,2,2000,58,1788889768189146,1788889770189146,1788889770206195,17049
load1000-burst,2,2000,59,1788889768189146,1788889770189146,1788889770206213,17067
load1000-burst,2,2000,60,1788889768189146,1788889770189146,1788889770206229,17083
load1000-burst,2,2000,61,1788889768189146,1788889770189146,1788889770206246,17100
load1000-burst,2,2000,62,1788889768189146,1788889770189146,1788889770206258,17112
load1000-burst,2,2000,63,1788889768189146,1788889770189146,1788889770206269,17123
load1000-burst,2,2000,64,1788889768189146,1788889770189146,1788889770206283,17137
load1000-burst,2,2000,65,1788889768189146,1788889770189146,1788889770206298,17152
load1000-burst,2,2000,66,1788889768189146,1788889770189146,1788889770206323,17177
load1000-burst,2,2000,67,1788889768189146,1788889770189146,1788889770206339,17193
load1000-burst,2,2000,68,1788889768189146,1788889770189146,1788889770206362,17216
load1000-burst,2,2000,69,1788889768189146,1788889770189146,1788889770206385,17239
load1000-burst,2,2000,70,1788889768189146,1788889770189146,1788889770206412,17266
load1000-burst,2,2000,71,1788889768189146,1788889770189146,1788889770206445,17299
load1000-burst,2,2000,72,1788889768189146,1788889770189146,1788889770206463,17317
load1000-burst,2,2000,73,1788889768189146,1788889770189146,1788889770206476,17330
load1000-burst,2,2000,74,1788889768189146,1788889770189146,1788889770206505,17359
load1000-burst,2,2000,75,1788889768189146,1788889770189146,1788889770206522,17376
load1000-burst,2,2000,76,1788889768189146,1788889770189146,1788889770206548,17402
load1000-burst,2,2000,77,1788889768189146,1788889770189146,1788889770206570,17424
load1000-burst,2,2000,78,1788889768189146,1788889770189146,1788889770206592,17446
load1000-burst,2,2000,79,1788889768189146,1788889770189146,1788889770206616,17470
load1000-burst,2,2000,80,1788889768189146,1788889770189146,1788889770206635,17489
load1000-burst,2,2000,81,1788889768189146,1788889770189146,1788889770206653,17507
load1000-burst,2,2000,82,1788889768189146,1788889770189146,1788889770206669,17523
load1000-burst,2,2000,83,1788889768189146,1788889770189146,1788889770206688,17542
load1000-burst,2,2000,84,1788889768189146,1788889770189146,1788889770206705,17559
load1000-burst,2,2000,85,1788889768189146,1788889770189146,1788889770206723,17577
load1000-burst,2,2000,86,1788889768189146,1788889770189146,1788889770206739,17593
load1000-burst,2,2000,87,1788889768189146,1788889770189146,1788889770206771,17625
load1000-burst,2,2000,88,1788889768189146,1788889770189146,1788889770206793,17647
load1000-burst,2,2000,89,1788889768189146,1788889770189146,1788889770206806,17660
load1000-burst,2,2000,90,1788889768189146,1788889770189146,1788889770206829,17683
load1000-burst,2,2000,91,1788889768189146,1788889770189146,1788889770206861,17715
load1000-burst,2,2000,92,1788889768189146,1788889770189146,1788889770206889,17743
load1000-burst,2,2000,93,1788889768189146,1788889770189146,1788889770206916,17770
load1000-burst,2,2000,94,1788889768189146,1788889770189146,1788889770206938,17792
load1000-burst,2,2000,95,1788889768189146,1788889770189146,1788889770206951,17805
load1000-burst,2,2000,96,1788889768189146,1788889770189146,1788889770206967,17821
load1000-burst,2,2000,97,1788889768189146,1788889770189146,1788889770206983,17837
load1000-burst,2,2000,98,1788889768189146,1788889770189146,1788889770206997,17851
load1000-burst,2,2000,99,1788889768189146,1788889770189146,1788889770207006,17860
load1000-burst,2,2000,100,1788889768189146,1788889770189146,1788889770207017,17871
load1000-burst,2,2000,101,1788889768189146,1788889770189146,1788889770207029,17883
load1000-burst,2,2000,102,1788889768189146,1788889770189146,1788889770207045,17899
load1000-burst,2,2000,103,1788889768189146,1788889770189146,1788889770207063,17917
load1000-burst,2,2000,104,1788889768189146,1788889770189146,1788889770207081,17935
load1000-burst,2,2000,105,1788889768189146,1788889770189146,1788889770207097,17951
load1000-burst,2,2000,106,1788889768189146,1788889770189146,1788889770207115,17969
load1000-burst,2,2000,107,1788889768189146,1788889770189146,1788889770207131,17985
load1000-burst,2,2000,108,1788889768189146,1788889770189146,1788889770207147,18001
load1000-burst,2,2000,109,1788889768189146,1788889770189146,1788889770207159,18013
load1000-burst,2,2000,110,1788889768189146,1788889770189146,1788889770207169,18023
load1000-burst,2,2000,111,1788889768189146,1788889770189146,1788889770207182,18036
load1000-burst,2,2000,112,1788889768189146,1788889770189146,1788889770207192,18046
load1000-burst,2,2000,113,1788889768189146,1788889770189146,1788889770207204,18058
load1000-burst,2,2000,114,1788889768189146,1788889770189146,1788889770207221,18075
load1000-burst,2,2000,115,1788889768189146,1788889770189146,1788889770207239,18093
load1000-burst,2,2000,116,1788889768189146,1788889770189146,1788889770207255,18109
load1000-burst,2,2000,117,1788889768189146,1788889770189146,1788889770207267,18121
load1000-burst,2,2000,118,1788889768189146,1788889770189146,1788889770207278,18132
load1000-burst,2,2000,119,1788889768189146,1788889770189146,1788889770207290,18144
load1000-burst,2,2000,120,1788889768189146,1788889770189146,1788889770207301,18155
load1000-burst,2,2000,121,1788889768189146,1788889770189146,1788889770207311,18165
load1000-burst,2,2000,122,1788889768189146,1788889770189146,1788889770207328,18182
load1000-burst,2,2000,123,1788889768189146,1788889770189146,1788889770207344,18198
load1000-burst,2,2000,124,1788889768189146,1788889770189146,1788889770207361,18215
load1000-burst,2,2000,125,1788889768189146,1788889770189146,1788889770207377,18231
load1000-burst,2,2000,126,1788889768189146,1788889770189146,1788889770207388,18242
load1000-burst,2,2000,127,1788889768189146,1788889770189146,1788889770207412,18266
load1000-burst,2,2000,128,1788889768189146,1788889770189146,1788889770207446,18300
load1000-burst,2,2000,129,1788889768189146,1788889770189146,1788889770207480,18334
load1000-burst,2,2000,130,1788889768189146,1788889770189146,1788889770207508,18362
load1000-burst,2,2000,131,1788889768189146,1788889770189146,1788889770207534,18388
load1000-burst,2,2000,132,1788889768189146,1788889770189146,1788889770207552,18406
load1000-burst,2,2000,133,1788889768189146,1788889770189146,1788889770207586,18440
load1000-burst,2,2000,134,1788889768189146,1788889770189146,1788889770207607,18461
load1000-burst,2,2000,135,1788889768189146,1788889770189146,1788889770207627,18481
load1000-burst,2,2000,136,1788889768189146,1788889770189146,1788889770207644,18498
load1000-burst,2,2000,137,1788889768189146,1788889770189146,1788889770207664,18518
load1000-burst,2,2000,138,1788889768189146,1788889770189146,1788889770207680,18534
load1000-burst,2,2000,139,1788889768189146,1788889770189146,1788889770207703,18557
load1000-burst,2,2000,140,1788889768189146,1788889770189146,1788889770207719,18573
load1000-burst,2,2000,141,1788889768189146,1788889770189146,1788889770207731,18585
load1000-burst,2,2000,142,1788889768189146,1788889770189146,1788889770207742,18596
load1000-burst,2,2000,143,1788889768189146,1788889770189146,1788889770207751,18605
load1000-burst,2,2000,144,1788889768189146,1788889770189146,1788889770207766,18620
load1000-burst,2,2000,145,1788889768189146,1788889770189146,1788889770207783,18637
load1000-burst,2,2000,146,1788889768189146,1788889770189146,1788889770207800,18654
load1000-burst,2,2000,147,1788889768189146,1788889770189146,1788889770207816,18670
load1000-burst,2,2000,148,1788889768189146,1788889770189146,1788889770207832,18686
load1000-burst,2,2000,149,1788889768189146,1788889770189146,1788889770207851,18705
load1000-burst,2,2000,150,1788889768189146,1788889770189146,1788889770207868,18722
load1000-burst,2,2000,151,1788889768189146,1788889770189146,1788889770207884,18738
load1000-burst,2,2000,152,1788889768189146,1788889770189146,1788889770207910,18764
load1000-burst,2,2000,153,1788889768189146,1788889770189146,1788889770207933,18787
load1000-burst,2,2000,154,1788889768189146,1788889770189146,1788889770207973,18827
load1000-burst,2,2000,155,1788889768189146,1788889770189146,1788889770207990,18844
load1000-burst,2,2000,156,1788889768189146,1788889770189146,1788889770208007,18861
load1000-burst,2,2000,157,1788889768189146,1788889770189146,1788889770208019,18873
load1000-burst,2,2000,158,1788889768189146,1788889770189146,1788889770208030,18884
load1000-burst,2,2000,159,1788889768189146,1788889770189146,1788889770208042,18896
load1000-burst,2,2000,160,1788889768189146,1788889770189146,1788889770208053,18907
load1000-burst,2,2000,161,1788889768189146,1788889770189146,1788889770208072,18926
load1000-burst,2,2000,162,1788889768189146,1788889770189146,1788889770208090,18944
load1000-burst,2,2000,163,1788889768189146,1788889770189146,1788889770208106,18960
load1000-burst,2,2000,164,1788889768189146,1788889770189146,1788889770208124,18978
load1000-burst,2,2000,165,1788889768189146,1788889770189146,1788889770208140,18994
load1000-burst,2,2000,166,1788889768189146,1788889770189146,1788889770208156,19010
load1000-burst,2,2000,167,1788889768189146,1788889770189146,1788889770208174,19028
load1000-burst,2,2000,168,1788889768189146,1788889770189146,1788889770208186,19040
load1000-burst,2,2000,169,1788889768189146,1788889770189146,1788889770208196,19050
load1000-burst,2,2000,170,1788889768189146,1788889770189146,1788889770208216,19070
load1000-burst,2,2000,171,1788889768189146,1788889770189146,1788889770208232,19086
load1000-burst,2,2000,172,1788889768189146,1788889770189146,1788889770208244,19098
load1000-burst,2,2000,173,1788889768189146,1788889770189146,1788889770208252,19106
load1000-burst,2,2000,174,1788889768189146,1788889770189146,1788889770208262,19116
load1000-burst,2,2000,175,1788889768189146,1788889770189146,1788889770208271,19125
load1000-burst,2,2000,176,1788889768189146,1788889770189146,1788889770208288,19142
load1000-burst,2,2000,177,1788889768189146,1788889770189146,1788889770208299,19153
load1000-burst,2,2000,178,1788889768189146,1788889770189146,1788889770208309,19163
load1000-burst,2,2000,179,1788889768189146,1788889770189146,1788889770208326,19180
load1000-burst,2,2000,180,1788889768189146,1788889770189146,1788889770208339,19193
load1000-burst,2,2000,181,1788889768189146,1788889770189146,1788889770208358,19212
load1000-burst,2,2000,182,1788889768189146,1788889770189146,1788889770208371,19225
load1000-burst,2,2000,183,1788889768189146,1788889770189146,1788889770208382,19236
load1000-burst,2,2000,184,1788889768189146,1788889770189146,1788889770208393,19247
load1000-burst,2,2000,185,1788889768189146,1788889770189146,1788889770208404,19258
load1000-burst,2,2000,186,1788889768189146,1788889770189146,1788889770208414,19268
load1000-burst,2,2000,187,1788889768189146,1788889770189146,1788889770208425,19279
load1000-burst,2,2000,188,1788889768189146,1788889770189146,1788889770208437,19291
load1000-burst,2,2000,189,1788889768189146,1788889770189146,1788889770208448,19302
load1000-burst,2,2000,190,1788889768189146,1788889770189146,1788889770208460,19314
load1000-burst,2,2000,191,1788889768189146,1788889770189146,1788889770208476,19330
load1000-burst,2,2000,192,1788889768189146,1788889770189146,1788889770208499,19353
load1000-burst,2,2000,193,1788889768189146,1788889770189146,1788889770208521,19375
load1000-burst,2,2000,194,1788889768189146,1788889770189146,1788889770208537,19391
load1000-burst,2,2000,195,1788889768189146,1788889770189146,1788889770208554,19408
load1000-burst,2,2000,196,1788889768189146,1788889770189146,1788889770208570,19424
load1000-burst,2,2000,197,1788889768189146,1788889770189146,1788889770208586,19440
load1000-burst,2,2000,198,1788889768189146,1788889770189146,1788889770208602,19456
load1000-burst,2,2000,199,1788889768189146,1788889770189146,1788889770208619,19473
load1000-burst,2,2000,200,1788889768189146,1788889770189146,1788889770208635,19489
load1000-burst,2,2000,201,1788889768189146,1788889770189146,1788889770208646,19500
load1000-burst,2,2000,202,1788889768189146,1788889770189146,1788889770208669,19523
load1000-burst,2,2000,203,1788889768189146,1788889770189146,1788889770208686,19540
load1000-burst,2,2000,204,1788889768189146,1788889770189146,1788889770208703,19557
load1000-burst,2,2000,205,1788889768189146,1788889770189146,1788889770208719,19573
load1000-burst,2,2000,206,1788889768189146,1788889770189146,1788889770208736,19590
load1000-burst,2,2000,207,1788889768189146,1788889770189146,1788889770208746,19600
load1000-burst,2,2000,208,1788889768189146,1788889770189146,1788889770208758,19612
load1000-burst,2,2000,209,1788889768189146,1788889770189146,1788889770208772,19626
load1000-burst,2,2000,210,1788889768189146,1788889770189146,1788889770208789,19643
load1000-burst,2,2000,211,1788889768189146,1788889770189146,1788889770208805,19659
load1000-burst,2,2000,212,1788889768189146,1788889770189146,1788889770208821,19675
load1000-burst,2,2000,213,1788889768189146,1788889770189146,1788889770208838,19692
load1000-burst,2,2000,214,1788889768189146,1788889770189146,1788889770208854,19708
load1000-burst,2,2000,215,1788889768189146,1788889770189146,1788889770208870,19724
load1000-burst,2,2000,216,1788889768189146,1788889770189146,1788889770208886,19740
load1000-burst,2,2000,217,1788889768189146,1788889770189146,1788889770208898,19752
load1000-burst,2,2000,218,1788889768189146,1788889770189146,1788889770208911,19765
load1000-burst,2,2000,219,1788889768189146,1788889770189146,1788889770208927,19781
load1000-burst,2,2000,220,1788889768189146,1788889770189146,1788889770208950,19804
load1000-burst,2,2000,221,1788889768189146,1788889770189146,1788889770208973,19827
load1000-burst,2,2000,222,1788889768189146,1788889770189146,1788889770208990,19844
load1000-burst,2,2000,223,1788889768189146,1788889770189146,1788889770209014,19868
load1000-burst,2,2000,224,1788889768189146,1788889770189146,1788889770209037,19891
load1000-burst,2,2000,225,1788889768189146,1788889770189146,1788889770209054,19908
load1000-burst,2,2000,226,1788889768189146,1788889770189146,1788889770209070,19924
load1000-burst,2,2000,227,1788889768189146,1788889770189146,1788889770209086,19940
load1000-burst,2,2000,228,1788889768189146,1788889770189146,1788889770209102,19956
load1000-burst,2,2000,229,1788889768189146,1788889770189146,1788889770209120,19974
load1000-burst,2,2000,230,1788889768189146,1788889770189146,1788889770209135,19989
load1000-burst,2,2000,231,1788889768189146,1788889770189146,1788889770209147,20001
load1000-burst,2,2000,232,1788889768189146,1788889770189146,1788889770209166,20020
load1000-burst,2,2000,233,1788889768189146,1788889770189146,1788889770209178,20032
load1000-burst,2,2000,234,1788889768189146,1788889770189146,1788889770209192,20046
load1000-burst,2,2000,235,1788889768189146,1788889770189146,1788889770209208,20062
load1000-burst,2,2000,236,1788889768189146,1788889770189146,1788889770209230,20084
load1000-burst,2,2000,237,1788889768189146,1788889770189146,1788889770209248,20102
load1000-burst,2,2000,238,1788889768189146,1788889770189146,1788889770209265,20119
load1000-burst,2,2000,239,1788889768189146,1788889770189146,1788889770209279,20133
load1000-burst,2,2000,240,1788889768189146,1788889770189146,1788889770209289,20143
load1000-burst,2,2000,241,1788889768189146,1788889770189146,1788889770209306,20160
load1000-burst,2,2000,242,1788889768189146,1788889770189146,1788889770209321,20175
load1000-burst,2,2000,243,1788889768189146,1788889770189146,1788889770209334,20188
load1000-burst,2,2000,244,1788889768189146,1788889770189146,1788889770209346,20200
load1000-burst,2,2000,245,1788889768189146,1788889770189146,1788889770209357,20211
load1000-burst,2,2000,246,1788889768189146,1788889770189146,1788889770209368,20222
load1000-burst,2,2000,247,1788889768189146,1788889770189146,1788889770209381,20235
load1000-burst,2,2000,248,1788889768189146,1788889770189146,1788889770209397,20251
load1000-burst,2,2000,249,1788889768189146,1788889770189146,1788889770209417,20271
load1000-burst,2,2000,250,1788889768189146,1788889770189146,1788889770209434,20288
load1000-burst,2,2000,251,1788889768189146,1788889770189146,1788889770209454,20308
load1000-burst,2,2000,252,1788889768189146,1788889770189146,1788889770209466,20320
load1000-burst,2,2000,253,1788889768189146,1788889770189146,1788889770209483,20337
load1000-burst,2,2000,254,1788889768189146,1788889770189146,1788889770209509,20363
load1000-burst,2,2000,255,1788889768189146,1788889770189146,1788889770209548,20402
load1000-burst,2,2000,256,1788889768189146,1788889770189146,1788889770209566,20420
load1000-burst,2,2000,257,1788889768189146,1788889770189146,1788889770209593,20447
load1000-burst,2,2000,258,1788889768189146,1788889770189146,1788889770209616,20470
load1000-burst,2,2000,259,1788889768189146,1788889770189146,1788889770209628,20482
load1000-burst,2,2000,260,1788889768189146,1788889770189146,1788889770209649,20503
load1000-burst,2,2000,261,1788889768189146,1788889770189146,1788889770209666,20520
load1000-burst,2,2000,262,1788889768189146,1788889770189146,1788889770209677,20531
load1000-burst,2,2000,263,1788889768189146,1788889770189146,1788889770209700,20554
load1000-burst,2,2000,264,1788889768189146,1788889770189146,1788889770209719,20573
load1000-burst,2,2000,265,1788889768189146,1788889770189146,1788889770209740,20594
load1000-burst,2,2000,266,1788889768189146,1788889770189146,1788889770209758,20612
load1000-burst,2,2000,267,1788889768189146,1788889770189146,1788889770209773,20627
load1000-burst,2,2000,268,1788889768189146,1788889770189146,1788889770209787,20641
load1000-burst,2,2000,269,1788889768189146,1788889770189146,1788889770209802,20656
load1000-burst,2,2000,270,1788889768189146,1788889770189146,1788889770209819,20673
load1000-burst,2,2000,271,1788889768189146,1788889770189146,1788889770209833,20687
load1000-burst,2,2000,272,1788889768189146,1788889770189146,1788889770209850,20704
load1000-burst,2,2000,273,1788889768189146,1788889770189146,1788889770209863,20717
load1000-burst,2,2000,274,1788889768189146,1788889770189146,1788889770209873,20727
load1000-burst,2,2000,275,1788889768189146,1788889770189146,1788889770209892,20746
load1000-burst,2,2000,276,1788889768189146,1788889770189146,1788889770209908,20762
load1000-burst,2,2000,277,1788889768189146,1788889770189146,1788889770209921,20775
load1000-burst,2,2000,278,1788889768189146,1788889770189146,1788889770209931,20785
load1000-burst,2,2000,279,1788889768189146,1788889770189146,1788889770209943,20797
load1000-burst,2,2000,280,1788889768189146,1788889770189146,1788889770209954,20808
load1000-burst,2,2000,281,1788889768189146,1788889770189146,1788889770209963,20817
load1000-burst,2,2000,282,1788889768189146,1788889770189146,1788889770209973,20827
load1000-burst,2,2000,283,1788889768189146,1788889770189146,1788889770209983,20837
load1000-burst,2,2000,284,1788889768189146,1788889770189146,1788889770209999,20853
load1000-burst,2,2000,285,1788889768189146,1788889770189146,1788889770210012,20866
load1000-burst,2,2000,286,1788889768189146,1788889770189146,1788889770210028,20882
load1000-burst,2,2000,287,1788889768189146,1788889770189146,1788889770210039,20893
load1000-burst,2,2000,288,1788889768189146,1788889770189146,1788889770210049,20903
load1000-burst,2,2000,289,1788889768189146,1788889770189146,1788889770210061,20915
load1000-burst,2,2000,290,1788889768189146,1788889770189146,1788889770210071,20925
load1000-burst,2,2000,291,1788889768189146,1788889770189146,1788889770210084,20938
load1000-burst,2,2000,292,1788889768189146,1788889770189146,1788889770210107,20961
load1000-burst,2,2000,293,1788889768189146,1788889770189146,1788889770210148,21002
load1000-burst,2,2000,294,1788889768189146,1788889770189146,1788889770210185,21039
load1000-burst,2,2000,295,1788889768189146,1788889770189146,1788889770210215,21069
load1000-burst,2,2000,296,1788889768189146,1788889770189146,1788889770210237,21091
load1000-burst,2,2000,297,1788889768189146,1788889770189146,1788889770210254,21108
load1000-burst,2,2000,298,1788889768189146,1788889770189146,1788889770210270,21124
load1000-burst,2,2000,299,1788889768189146,1788889770189146,1788889770210282,21136
load1000-burst,2,2000,300,1788889768189146,1788889770189146,1788889770210295,21149
load1000-burst,2,2000,301,1788889768189146,1788889770189146,1788889770210306,21160
load1000-burst,2,2000,302,1788889768189146,1788889770189146,1788889770210318,21172
load1000-burst,2,2000,303,1788889768189146,1788889770189146,1788889770210329,21183
load1000-burst,2,2000,304,1788889768189146,1788889770189146,1788889770210349,21203
load1000-burst,2,2000,305,1788889768189146,1788889770189146,1788889770210366,21220
load1000-burst,2,2000,306,1788889768189146,1788889770189146,1788889770210382,21236
load1000-burst,2,2000,307,1788889768189146,1788889770189146,1788889770210403,21257
load1000-burst,2,2000,308,1788889768189146,1788889770189146,1788889770210430,21284
load1000-burst,2,2000,309,1788889768189146,1788889770189146,1788889770210447,21301
load1000-burst,2,2000,310,1788889768189146,1788889770189146,1788889770210465,21319
load1000-burst,2,2000,311,1788889768189146,1788889770189146,1788889770210477,21331
load1000-burst,2,2000,312,1788889768189146,1788889770189146,1788889770210488,21342
load1000-burst,2,2000,313,1788889768189146,1788889770189146,1788889770210499,21353
load1000-burst,2,2000,314,1788889768189146,1788889770189146,1788889770210510,21364
load1000-burst,2,2000,315,1788889768189146,1788889770189146,1788889770210523,21377
load1000-burst,2,2000,316,1788889768189146,1788889770189146,1788889770210537,21391
load1000-burst,2,2000,317,1788889768189146,1788889770189146,1788889770210568,21422
load1000-burst,2,2000,318,1788889768189146,1788889770189146,1788889770210595,21449
load1000-burst,2,2000,319,1788889768189146,1788889770189146,1788889770210614,21468
load1000-burst,2,2000,320,1788889768189146,1788889770189146,1788889770210646,21500
load1000-burst,2,2000,321,1788889768189146,1788889770189146,1788889770210662,21516
load1000-burst,2,2000,322,1788889768189146,1788889770189146,1788889770210679,21533
load1000-burst,2,2000,323,1788889768189146,1788889770189146,1788889770210695,21549
load1000-burst,2,2000,324,1788889768189146,1788889770189146,1788889770210711,21565
load1000-burst,2,2000,325,1788889768189146,1788889770189146,1788889770210727,21581
load1000-burst,2,2000,326,1788889768189146,1788889770189146,1788889770210741,21595
load1000-burst,2,2000,327,1788889768189146,1788889770189146,1788889770210763,21617
load1000-burst,2,2000,328,1788889768189146,1788889770189146,1788889770210782,21636
load1000-burst,2,2000,329,1788889768189146,1788889770189146,1788889770210805,21659
load1000-burst,2,2000,330,1788889768189146,1788889770189146,1788889770210834,21688
load1000-burst,2,2000,331,1788889768189146,1788889770189146,1788889770210856,21710
load1000-burst,2,2000,332,1788889768189146,1788889770189146,1788889770210870,21724
load1000-burst,2,2000,333,1788889768189146,1788889770189146,1788889770210888,21742
load1000-burst,2,2000,334,1788889768189146,1788889770189146,1788889770210910,21764
load1000-burst,2,2000,335,1788889768189146,1788889770189146,1788889770210929,21783
load1000-burst,2,2000,336,1788889768189146,1788889770189146,1788889770210940,21794
load1000-burst,2,2000,337,1788889768189146,1788889770189146,1788889770210956,21810
load1000-burst,2,2000,338,1788889768189146,1788889770189146,1788889770210973,21827
load1000-burst,2,2000,339,1788889768189146,1788889770189146,1788889770210986,21840
load1000-burst,2,2000,340,1788889768189146,1788889770189146,1788889770210999,21853
load1000-burst,2,2000,341,1788889768189146,1788889770189146,1788889770211011,21865
load1000-burst,2,2000,342,1788889768189146,1788889770189146,1788889770211027,21881
load1000-burst,2,2000,343,1788889768189146,1788889770189146,1788889770211043,21897
load1000-burst,2,2000,344,1788889768189146,1788889770189146,1788889770211060,21914
load1000-burst,2,2000,345,1788889768189146,1788889770189146,1788889770211077,21931
load1000-burst,2,2000,346,1788889768189146,1788889770189146,1788889770211092,21946
load1000-burst,2,2000,347,1788889768189146,1788889770189146,1788889770211109,21963
load1000-burst,2,2000,348,1788889768189146,1788889770189146,1788889770211121,21975
load1000-burst,2,2000,349,1788889768189146,1788889770189146,1788889770211137,21991
load1000-burst,2,2000,350,1788889768189146,1788889770189146,1788889770211150,22004
load1000-burst,2,2000,351,1788889768189146,1788889770189146,1788889770211161,22015
load1000-burst,2,2000,352,1788889768189146,1788889770189146,1788889770211172,22026
load1000-burst,2,2000,353,1788889768189146,1788889770189146,1788889770211183,22037
load1000-burst,2,2000,354,1788889768189146,1788889770189146,1788889770211193,22047
load1000-burst,2,2000,355,1788889768189146,1788889770189146,1788889770211203,22057
load1000-burst,2,2000,356,1788889768189146,1788889770189146,1788889770211220,22074
load1000-burst,2,2000,357,1788889768189146,1788889770189146,1788889770211237,22091
load1000-burst,2,2000,358,1788889768189146,1788889770189146,1788889770211249,22103
load1000-burst,2,2000,359,1788889768189146,1788889770189146,1788889770211266,22120
load1000-burst,2,2000,360,1788889768189146,1788889770189146,1788889770211284,22138
load1000-burst,2,2000,361,1788889768189146,1788889770189146,1788889770211301,22155
load1000-burst,2,2000,362,1788889768189146,1788889770189146,1788889770211318,22172
load1000-burst,2,2000,363,1788889768189146,1788889770189146,1788889770211334,22188
load1000-burst,2,2000,364,1788889768189146,1788889770189146,1788889770211346,22200
load1000-burst,2,2000,365,1788889768189146,1788889770189146,1788889770211358,22212
load1000-burst,2,2000,366,1788889768189146,1788889770189146,1788889770211370,22224
load1000-burst,2,2000,367,1788889768189146,1788889770189146,1788889770211382,22236
load1000-burst,2,2000,368,1788889768189146,1788889770189146,1788889770211398,22252
load1000-burst,2,2000,369,1788889768189146,1788889770189146,1788889770211420,22274
load1000-burst,2,2000,370,1788889768189146,1788889770189146,1788889770211433,22287
load1000-burst,2,2000,371,1788889768189146,1788889770189146,1788889770211457,22311
load1000-burst,2,2000,372,1788889768189146,1788889770189146,1788889770211485,22339
load1000-burst,2,2000,373,1788889768189146,1788889770189146,1788889770211502,22356
load1000-burst,2,2000,374,1788889768189146,1788889770189146,1788889770211519,22373
load1000-burst,2,2000,375,1788889768189146,1788889770189146,1788889770211535,22389
load1000-burst,2,2000,376,1788889768189146,1788889770189146,1788889770211552,22406
load1000-burst,2,2000,377,1788889768189146,1788889770189146,1788889770211576,22430
load1000-burst,2,2000,378,1788889768189146,1788889770189146,1788889770211595,22449
load1000-burst,2,2000,379,1788889768189146,1788889770189146,1788889770211605,22459
load1000-burst,2,2000,380,1788889768189146,1788889770189146,1788889770211622,22476
load1000-burst,2,2000,381,1788889768189146,1788889770189146,1788889770211634,22488
load1000-burst,2,2000,382,1788889768189146,1788889770189146,1788889770211647,22501
load1000-burst,2,2000,383,1788889768189146,1788889770189146,1788889770211666,22520
load1000-burst,2,2000,384,1788889768189146,1788889770189146,1788889770211684,22538
load1000-burst,2,2000,385,1788889768189146,1788889770189146,1788889770211700,22554
load1000-burst,2,2000,386,1788889768189146,1788889770189146,1788889770211712,22566
load1000-burst,2,2000,387,1788889768189146,1788889770189146,1788889770211722,22576
load1000-burst,2,2000,388,1788889768189146,1788889770189146,1788889770211732,22586
load1000-burst,2,2000,389,1788889768189146,1788889770189146,1788889770211742,22596
load1000-burst,2,2000,390,1788889768189146,1788889770189146,1788889770211752,22606
load1000-burst,2,2000,391,1788889768189146,1788889770189146,1788889770211763,22617
load1000-burst,2,2000,392,1788889768189146,1788889770189146,1788889770211774,22628
load1000-burst,2,2000,393,1788889768189146,1788889770189146,1788889770211785,22639
load1000-burst,2,2000,394,1788889768189146,1788889770189146,1788889770211796,22650
load1000-burst,2,2000,395,1788889768189146,1788889770189146,1788889770211807,22661
load1000-burst,2,2000,396,1788889768189146,1788889770189146,1788889770211816,22670
load1000-burst,2,2000,397,1788889768189146,1788889770189146,1788889770211826,22680
load1000-burst,2,2000,398,1788889768189146,1788889770189146,1788889770211841,22695
load1000-burst,2,2000,399,1788889768189146,1788889770189146,1788889770211857,22711
load1000-burst,2,2000,400,1788889768189146,1788889770189146,1788889770211873,22727
load1000-burst,2,2000,401,1788889768189146,1788889770189146,1788889770211889,22743
load1000-burst,2,2000,402,1788889768189146,1788889770189146,1788889770211900,22754
load1000-burst,2,2000,403,1788889768189146,1788889770189146,1788889770211910,22764
load1000-burst,2,2000,404,1788889768189146,1788889770189146,1788889770211922,22776
load1000-burst,2,2000,405,1788889768189146,1788889770189146,1788889770211933,22787
load1000-burst,2,2000,406,1788889768189146,1788889770189146,1788889770211960,22814
load1000-burst,2,2000,407,1788889768189146,1788889770189146,1788889770211973,22827
load1000-burst,2,2000,408,1788889768189146,1788889770189146,1788889770211987,22841
load1000-burst,2,2000,409,1788889768189146,1788889770189146,1788889770211999,22853
load1000-burst,2,2000,410,1788889768189146,1788889770189146,1788889770212024,22878
load1000-burst,2,2000,411,1788889768189146,1788889770189146,1788889770212048,22902
load1000-burst,2,2000,412,1788889768189146,1788889770189146,1788889770212074,22928
load1000-burst,2,2000,413,1788889768189146,1788889770189146,1788889770212093,22947
load1000-burst,2,2000,414,1788889768189146,1788889770189146,1788889770212109,22963
load1000-burst,2,2000,415,1788889768189146,1788889770189146,1788889770212125,22979
load1000-burst,2,2000,416,1788889768189146,1788889770189146,1788889770212137,22991
load1000-burst,2,2000,417,1788889768189146,1788889770189146,1788889770212148,23002
load1000-burst,2,2000,418,1788889768189146,1788889770189146,1788889770212158,23012
load1000-burst,2,2000,419,1788889768189146,1788889770189146,1788889770212174,23028
load1000-burst,2,2000,420,1788889768189146,1788889770189146,1788889770212191,23045
load1000-burst,2,2000,421,1788889768189146,1788889770189146,1788889770212206,23060
load1000-burst,2,2000,422,1788889768189146,1788889770189146,1788889770212218,23072
load1000-burst,2,2000,423,1788889768189146,1788889770189146,1788889770212229,23083
load1000-burst,2,2000,424,1788889768189146,1788889770189146,1788889770212240,23094
load1000-burst,2,2000,425,1788889768189146,1788889770189146,1788889770212252,23106
load1000-burst,2,2000,426,1788889768189146,1788889770189146,1788889770212268,23122
load1000-burst,2,2000,427,1788889768189146,1788889770189146,1788889770212284,23138
load1000-burst,2,2000,428,1788889768189146,1788889770189146,1788889770212297,23151
load1000-burst,2,2000,429,1788889768189146,1788889770189146,1788889770212309,23163
load1000-burst,2,2000,430,1788889768189146,1788889770189146,1788889770212319,23173
load1000-burst,2,2000,431,1788889768189146,1788889770189146,1788889770212330,23184
load1000-burst,2,2000,432,1788889768189146,1788889770189146,1788889770212346,23200
load1000-burst,2,2000,433,1788889768189146,1788889770189146,1788889770212358,23212
load1000-burst,2,2000,434,1788889768189146,1788889770189146,1788889770212370,23224
load1000-burst,2,2000,435,1788889768189146,1788889770189146,1788889770212381,23235
load1000-burst,2,2000,436,1788889768189146,1788889770189146,1788889770212394,23248
load1000-burst,2,2000,437,1788889768189146,1788889770189146,1788889770212405,23259
load1000-burst,2,2000,438,1788889768189146,1788889770189146,1788889770212415,23269
load1000-burst,2,2000,439,1788889768189146,1788889770189146,1788889770212426,23280
load1000-burst,2,2000,440,1788889768189146,1788889770189146,1788889770212437,23291
load1000-burst,2,2000,441,1788889768189146,1788889770189146,1788889770212447,23301
load1000-burst,2,2000,442,1788889768189146,1788889770189146,1788889770212458,23312
load1000-burst,2,2000,443,1788889768189146,1788889770189146,1788889770212474,23328
load1000-burst,2,2000,444,1788889768189146,1788889770189146,1788889770212491,23345
load1000-burst,2,2000,445,1788889768189146,1788889770189146,1788889770212507,23361
load1000-burst,2,2000,446,1788889768189146,1788889770189146,1788889770212529,23383
load1000-burst,2,2000,447,1788889768189146,1788889770189146,1788889770212549,23403
load1000-burst,2,2000,448,1788889768189146,1788889770189146,1788889770212565,23419
load1000-burst,2,2000,449,1788889768189146,1788889770189146,1788889770212583,23437
load1000-burst,2,2000,450,1788889768189146,1788889770189146,1788889770212599,23453
load1000-burst,2,2000,451,1788889768189146,1788889770189146,1788889770212622,23476
load1000-burst,2,2000,452,1788889768189146,1788889770189146,1788889770212644,23498
load1000-burst,2,2000,453,1788889768189146,1788889770189146,1788889770212662,23516
load1000-burst,2,2000,454,1788889768189146,1788889770189146,1788889770212678,23532
load1000-burst,2,2000,455,1788889768189146,1788889770189146,1788889770212690,23544
load1000-burst,2,2000,456,1788889768189146,1788889770189146,1788889770212701,23555
load1000-burst,2,2000,457,1788889768189146,1788889770189146,1788889770212713,23567
load1000-burst,2,2000,458,1788889768189146,1788889770189146,1788889770212731,23585
load1000-burst,2,2000,459,1788889768189146,1788889770189146,1788889770212748,23602
load1000-burst,2,2000,460,1788889768189146,1788889770189146,1788889770212766,23620
load1000-burst,2,2000,461,1788889768189146,1788889770189146,1788889770212783,23637
load1000-burst,2,2000,462,1788889768189146,1788889770189146,1788889770212801,23655
load1000-burst,2,2000,463,1788889768189146,1788889770189146,1788889770212816,23670
load1000-burst,2,2000,464,1788889768189146,1788889770189146,1788889770212829,23683
load1000-burst,2,2000,465,1788889768189146,1788889770189146,1788889770212839,23693
load1000-burst,2,2000,466,1788889768189146,1788889770189146,1788889770212849,23703
load1000-burst,2,2000,467,1788889768189146,1788889770189146,1788889770212861,23715
load1000-burst,2,2000,468,1788889768189146,1788889770189146,1788889770212872,23726
load1000-burst,2,2000,469,1788889768189146,1788889770189146,1788889770212882,23736
load1000-burst,2,2000,470,1788889768189146,1788889770189146,1788889770212893,23747
load1000-burst,2,2000,471,1788889768189146,1788889770189146,1788889770212903,23757
load1000-burst,2,2000,472,1788889768189146,1788889770189146,1788889770212914,23768
load1000-burst,2,2000,473,1788889768189146,1788889770189146,1788889770212925,23779
load1000-burst,2,2000,474,1788889768189146,1788889770189146,1788889770212937,23791
load1000-burst,2,2000,475,1788889768189146,1788889770189146,1788889770212949,23803
load1000-burst,2,2000,476,1788889768189146,1788889770189146,1788889770212959,23813
load1000-burst,2,2000,477,1788889768189146,1788889770189146,1788889770212970,23824
load1000-burst,2,2000,478,1788889768189146,1788889770189146,1788889770212981,23835
load1000-burst,2,2000,479,1788889768189146,1788889770189146,1788889770212993,23847
load1000-burst,2,2000,480,1788889768189146,1788889770189146,1788889770213004,23858
load1000-burst,2,2000,481,1788889768189146,1788889770189146,1788889770213014,23868
load1000-burst,2,2000,482,1788889768189146,1788889770189146,1788889770213027,23881
load1000-burst,2,2000,483,1788889768189146,1788889770189146,1788889770213038,23892
load1000-burst,2,2000,484,1788889768189146,1788889770189146,1788889770213050,23904
load1000-burst,2,2000,485,1788889768189146,1788889770189146,1788889770213062,23916
load1000-burst,2,2000,486,1788889768189146,1788889770189146,1788889770213079,23933
load1000-burst,2,2000,487,1788889768189146,1788889770189146,1788889770213090,23944
load1000-burst,2,2000,488,1788889768189146,1788889770189146,1788889770213118,23972
load1000-burst,2,2000,489,1788889768189146,1788889770189146,1788889770213143,23997
load1000-burst,2,2000,490,1788889768189146,1788889770189146,1788889770213166,24020
load1000-burst,2,2000,491,1788889768189146,1788889770189146,1788889770213183,24037
load1000-burst,2,2000,492,1788889768189146,1788889770189146,1788889770213199,24053
load1000-burst,2,2000,493,1788889768189146,1788889770189146,1788889770213215,24069
load1000-burst,2,2000,494,1788889768189146,1788889770189146,1788889770213231,24085
load1000-burst,2,2000,495,1788889768189146,1788889770189146,1788889770213247,24101
load1000-burst,2,2000,496,1788889768189146,1788889770189146,1788889770213263,24117
load1000-burst,2,2000,497,1788889768189146,1788889770189146,1788889770213279,24133
load1000-burst,2,2000,498,1788889768189146,1788889770189146,1788889770213295,24149
load1000-burst,2,2000,499,1788889768189146,1788889770189146,1788889770213311,24165
load1000-burst,2,2000,500,1788889768189146,1788889770189146,1788889770213325,24179
load1000-burst,2,2000,501,1788889768189146,1788889770189146,1788889770213348,24202
load1000-burst,2,2000,502,1788889768189146,1788889770189146,1788889770213370,24224
load1000-burst,2,2000,503,1788889768189146,1788889770189146,1788889770213383,24237
load1000-burst,2,2000,504,1788889768189146,1788889770189146,1788889770213400,24254
load1000-burst,2,2000,505,1788889768189146,1788889770189146,1788889770213417,24271
load1000-burst,2,2000,506,1788889768189146,1788889770189146,1788889770213437,24291
load1000-burst,2,2000,507,1788889768189146,1788889770189146,1788889770213453,24307
load1000-burst,2,2000,508,1788889768189146,1788889770189146,1788889770213470,24324
load1000-burst,2,2000,509,1788889768189146,1788889770189146,1788889770213487,24341
load1000-burst,2,2000,510,1788889768189146,1788889770189146,1788889770213503,24357
load1000-burst,2,2000,511,1788889768189146,1788889770189146,1788889770213519,24373
load1000-burst,2,2000,512,1788889768189146,1788889770189146,1788889770213532,24386
load1000-burst,2,2000,513,1788889768189146,1788889770189146,1788889770213544,24398
load1000-burst,2,2000,514,1788889768189146,1788889770189146,1788889770213556,24410
load1000-burst,2,2000,515,1788889768189146,1788889770189146,1788889770213566,24420
load1000-burst,2,2000,516,1788889768189146,1788889770189146,1788889770213576,24430
load1000-burst,2,2000,517,1788889768189146,1788889770189146,1788889770213586,24440
load1000-burst,2,2000,518,1788889768189146,1788889770189146,1788889770213596,24450
load1000-burst,2,2000,519,1788889768189146,1788889770189146,1788889770213606,24460
load1000-burst,2,2000,520,1788889768189146,1788889770189146,1788889770213618,24472
load1000-burst,2,2000,521,1788889768189146,1788889770189146,1788889770213641,24495
load1000-burst,2,2000,522,1788889768189146,1788889770189146,1788889770213661,24515
load1000-burst,2,2000,523,1788889768189146,1788889770189146,1788889770213677,24531
load1000-burst,2,2000,524,1788889768189146,1788889770189146,1788889770213700,24554
load1000-burst,2,2000,525,1788889768189146,1788889770189146,1788889770213729,24583
load1000-burst,2,2000,526,1788889768189146,1788889770189146,1788889770213748,24602
load1000-burst,2,2000,527,1788889768189146,1788889770189146,1788889770213774,24628
load1000-burst,2,2000,528,1788889768189146,1788889770189146,1788889770213786,24640
load1000-burst,2,2000,529,1788889768189146,1788889770189146,1788889770213802,24656
load1000-burst,2,2000,530,1788889768189146,1788889770189146,1788889770213818,24672
load1000-burst,2,2000,531,1788889768189146,1788889770189146,1788889770213833,24687
load1000-burst,2,2000,532,1788889768189146,1788889770189146,1788889770213845,24699
load1000-burst,2,2000,533,1788889768189146,1788889770189146,1788889770213857,24711
load1000-burst,2,2000,534,1788889768189146,1788889770189146,1788889770213867,24721
load1000-burst,2,2000,535,1788889768189146,1788889770189146,1788889770213877,24731
load1000-burst,2,2000,536,1788889768189146,1788889770189146,1788889770213886,24740
load1000-burst,2,2000,537,1788889768189146,1788889770189146,1788889770213896,24750
load1000-burst,2,2000,538,1788889768189146,1788889770189146,1788889770213907,24761
load1000-burst,2,2000,539,1788889768189146,1788889770189146,1788889770213917,24771
load1000-burst,2,2000,540,1788889768189146,1788889770189146,1788889770213929,24783
load1000-burst,2,2000,541,1788889768189146,1788889770189146,1788889770213940,24794
load1000-burst,2,2000,542,1788889768189146,1788889770189146,1788889770213956,24810
load1000-burst,2,2000,543,1788889768189146,1788889770189146,1788889770213969,24823
load1000-burst,2,2000,544,1788889768189146,1788889770189146,1788889770213978,24832
load1000-burst,2,2000,545,1788889768189146,1788889770189146,1788889770213993,24847
load1000-burst,2,2000,546,1788889768189146,1788889770189146,1788889770214005,24859
load1000-burst,2,2000,547,1788889768189146,1788889770189146,1788889770214015,24869
load1000-burst,2,2000,548,1788889768189146,1788889770189146,1788889770214025,24879
load1000-burst,2,2000,549,1788889768189146,1788889770189146,1788889770214036,24890
load1000-burst,2,2000,550,1788889768189146,1788889770189146,1788889770214045,24899
load1000-burst,2,2000,551,1788889768189146,1788889770189146,1788889770214055,24909
load1000-burst,2,2000,552,1788889768189146,1788889770189146,1788889770214068,24922
load1000-burst,2,2000,553,1788889768189146,1788889770189146,1788889770214078,24932
load1000-burst,2,2000,554,1788889768189146,1788889770189146,1788889770214091,24945
load1000-burst,2,2000,555,1788889768189146,1788889770189146,1788889770214101,24955
load1000-burst,2,2000,556,1788889768189146,1788889770189146,1788889770214113,24967
load1000-burst,2,2000,557,1788889768189146,1788889770189146,1788889770214129,24983
load1000-burst,2,2000,558,1788889768189146,1788889770189146,1788889770214139,24993
load1000-burst,2,2000,559,1788889768189146,1788889770189146,1788889770214154,25008
load1000-burst,2,2000,560,1788889768189146,1788889770189146,1788889770214171,25025
load1000-burst,2,2000,561,1788889768189146,1788889770189146,1788889770214182,25036
load1000-burst,2,2000,562,1788889768189146,1788889770189146,1788889770214194,25048
load1000-burst,2,2000,563,1788889768189146,1788889770189146,1788889770214220,25074
load1000-burst,2,2000,564,1788889768189146,1788889770189146,1788889770214241,25095
load1000-burst,2,2000,565,1788889768189146,1788889770189146,1788889770214258,25112
load1000-burst,2,2000,566,1788889768189146,1788889770189146,1788889770214285,25139
load1000-burst,2,2000,567,1788889768189146,1788889770189146,1788889770214301,25155
load1000-burst,2,2000,568,1788889768189146,1788889770189146,1788889770214313,25167
load1000-burst,2,2000,569,1788889768189146,1788889770189146,1788889770214324,25178
load1000-burst,2,2000,570,1788889768189146,1788889770189146,1788889770214336,25190
load1000-burst,2,2000,571,1788889768189146,1788889770189146,1788889770214347,25201
load1000-burst,2,2000,572,1788889768189146,1788889770189146,1788889770214357,25211
load1000-burst,2,2000,573,1788889768189146,1788889770189146,1788889770214368,25222
load1000-burst,2,2000,574,1788889768189146,1788889770189146,1788889770214378,25232
load1000-burst,2,2000,575,1788889768189146,1788889770189146,1788889770214390,25244
load1000-burst,2,2000,576,1788889768189146,1788889770189146,1788889770214402,25256
load1000-burst,2,2000,577,1788889768189146,1788889770189146,1788889770214412,25266
load1000-burst,2,2000,578,1788889768189146,1788889770189146,1788889770214421,25275
load1000-burst,2,2000,579,1788889768189146,1788889770189146,1788889770214431,25285
load1000-burst,2,2000,580,1788889768189146,1788889770189146,1788889770214440,25294
load1000-burst,2,2000,581,1788889768189146,1788889770189146,1788889770214450,25304
load1000-burst,2,2000,582,1788889768189146,1788889770189146,1788889770214460,25314
load1000-burst,2,2000,583,1788889768189146,1788889770189146,1788889770214471,25325
load1000-burst,2,2000,584,1788889768189146,1788889770189146,1788889770214481,25335
load1000-burst,2,2000,585,1788889768189146,1788889770189146,1788889770214499,25353
load1000-burst,2,2000,586,1788889768189146,1788889770189146,1788889770214511,25365
load1000-burst,2,2000,587,1788889768189146,1788889770189146,1788889770214522,25376
load1000-burst,2,2000,588,1788889768189146,1788889770189146,1788889770214533,25387
load1000-burst,2,2000,589,1788889768189146,1788889770189146,1788889770214544,25398
load1000-burst,2,2000,590,1788889768189146,1788889770189146,1788889770214556,25410
load1000-burst,2,2000,591,1788889768189146,1788889770189146,1788889770214566,25420
load1000-burst,2,2000,592,1788889768189146,1788889770189146,1788889770214576,25430
load1000-burst,2,2000,593,1788889768189146,1788889770189146,1788889770214586,25440
load1000-burst,2,2000,594,1788889768189146,1788889770189146,1788889770214602,25456
load1000-burst,2,2000,595,1788889768189146,1788889770189146,1788889770214618,25472
load1000-burst,2,2000,596,1788889768189146,1788889770189146,1788889770214633,25487
load1000-burst,2,2000,597,1788889768189146,1788889770189146,1788889770214645,25499
load1000-burst,2,2000,598,1788889768189146,1788889770189146,1788889770214666,25520
load1000-burst,2,2000,599,1788889768189146,1788889770189146,1788889770214682,25536
load1000-burst,2,2000,600,1788889768189146,1788889770189146,1788889770214699,25553
load1000-burst,2,2000,601,1788889768189146,1788889770189146,1788889770214710,25564
load1000-burst,2,2000,602,1788889768189146,1788889770189146,1788889770214721,25575
load1000-burst,2,2000,603,1788889768189146,1788889770189146,1788889770214732,25586
load1000-burst,2,2000,604,1788889768189146,1788889770189146,1788889770214744,25598
load1000-burst,2,2000,605,1788889768189146,1788889770189146,1788889770214771,25625
load1000-burst,2,2000,606,1788889768189146,1788889770189146,1788889770214785,25639
load1000-burst,2,2000,607,1788889768189146,1788889770189146,1788889770214805,25659
load1000-burst,2,2000,608,1788889768189146,1788889770189146,1788889770214817,25671
load1000-burst,2,2000,609,1788889768189146,1788889770189146,1788889770214836,25690
load1000-burst,2,2000,610,1788889768189146,1788889770189146,1788889770214849,25703
load1000-burst,2,2000,611,1788889768189146,1788889770189146,1788889770214859,25713
load1000-burst,2,2000,612,1788889768189146,1788889770189146,1788889770214870,25724
load1000-burst,2,2000,613,1788889768189146,1788889770189146,1788889770214882,25736
load1000-burst,2,2000,614,1788889768189146,1788889770189146,1788889770214892,25746
load1000-burst,2,2000,615,1788889768189146,1788889770189146,1788889770214901,25755
load1000-burst,2,2000,616,1788889768189146,1788889770189146,1788889770214912,25766
load1000-burst,2,2000,617,1788889768189146,1788889770189146,1788889770214921,25775
load1000-burst,2,2000,618,1788889768189146,1788889770189146,1788889770214935,25789
load1000-burst,2,2000,619,1788889768189146,1788889770189146,1788889770214947,25801
load1000-burst,2,2000,620,1788889768189146,1788889770189146,1788889770214958,25812
load1000-burst,2,2000,621,1788889768189146,1788889770189146,1788889770214978,25832
load1000-burst,2,2000,622,1788889768189146,1788889770189146,1788889770214996,25850
load1000-burst,2,2000,623,1788889768189146,1788889770189146,1788889770215007,25861
load1000-burst,2,2000,624,1788889768189146,1788889770189146,1788889770215019,25873
load1000-burst,2,2000,625,1788889768189146,1788889770189146,1788889770215035,25889
load1000-burst,2,2000,626,1788889768189146,1788889770189146,1788889770215051,25905
load1000-burst,2,2000,627,1788889768189146,1788889770189146,1788889770215069,25923
load1000-burst,2,2000,628,1788889768189146,1788889770189146,1788889770215085,25939
load1000-burst,2,2000,629,1788889768189146,1788889770189146,1788889770215099,25953
load1000-burst,2,2000,630,1788889768189146,1788889770189146,1788889770215122,25976
load1000-burst,2,2000,631,1788889768189146,1788889770189146,1788889770215155,26009
load1000-burst,2,2000,632,1788889768189146,1788889770189146,1788889770215173,26027
load1000-burst,2,2000,633,1788889768189146,1788889770189146,1788889770215190,26044
load1000-burst,2,2000,634,1788889768189146,1788889770189146,1788889770215206,26060
load1000-burst,2,2000,635,1788889768189146,1788889770189146,1788889770215221,26075
load1000-burst,2,2000,636,1788889768189146,1788889770189146,1788889770215237,26091
load1000-burst,2,2000,637,1788889768189146,1788889770189146,1788889770215253,26107
load1000-burst,2,2000,638,1788889768189146,1788889770189146,1788889770215268,26122
load1000-burst,2,2000,639,1788889768189146,1788889770189146,1788889770215284,26138
load1000-burst,2,2000,640,1788889768189146,1788889770189146,1788889770215297,26151
load1000-burst,2,2000,641,1788889768189146,1788889770189146,1788889770215324,26178
load1000-burst,2,2000,642,1788889768189146,1788889770189146,1788889770215353,26207
load1000-burst,2,2000,643,1788889768189146,1788889770189146,1788889770215366,26220
load1000-burst,2,2000,644,1788889768189146,1788889770189146,1788889770215398,26252
load1000-burst,2,2000,645,1788889768189146,1788889770189146,1788889770215415,26269
load1000-burst,2,2000,646,1788889768189146,1788889770189146,1788889770215431,26285
load1000-burst,2,2000,647,1788889768189146,1788889770189146,1788889770215462,26316
load1000-burst,2,2000,648,1788889768189146,1788889770189146,1788889770215480,26334
load1000-burst,2,2000,649,1788889768189146,1788889770189146,1788889770215498,26352
load1000-burst,2,2000,650,1788889768189146,1788889770189146,1788889770215515,26369
load1000-burst,2,2000,651,1788889768189146,1788889770189146,1788889770215537,26391
load1000-burst,2,2000,652,1788889768189146,1788889770189146,1788889770215555,26409
load1000-burst,2,2000,653,1788889768189146,1788889770189146,1788889770215571,26425
load1000-burst,2,2000,654,1788889768189146,1788889770189146,1788889770215587,26441
load1000-burst,2,2000,655,1788889768189146,1788889770189146,1788889770215599,26453
load1000-burst,2,2000,656,1788889768189146,1788889770189146,1788889770215610,26464
load1000-burst,2,2000,657,1788889768189146,1788889770189146,1788889770215619,26473
load1000-burst,2,2000,658,1788889768189146,1788889770189146,1788889770215630,26484
load1000-burst,2,2000,659,1788889768189146,1788889770189146,1788889770215650,26504
load1000-burst,2,2000,660,1788889768189146,1788889770189146,1788889770215670,26524
load1000-burst,2,2000,661,1788889768189146,1788889770189146,1788889770215682,26536
load1000-burst,2,2000,662,1788889768189146,1788889770189146,1788889770215691,26545
load1000-burst,2,2000,663,1788889768189146,1788889770189146,1788889770215701,26555
load1000-burst,2,2000,664,1788889768189146,1788889770189146,1788889770215719,26573
load1000-burst,2,2000,665,1788889768189146,1788889770189146,1788889770215733,26587
load1000-burst,2,2000,666,1788889768189146,1788889770189146,1788889770215745,26599
load1000-burst,2,2000,667,1788889768189146,1788889770189146,1788889770215756,26610
load1000-burst,2,2000,668,1788889768189146,1788889770189146,1788889770215768,26622
load1000-burst,2,2000,669,1788889768189146,1788889770189146,1788889770215779,26633
load1000-burst,2,2000,670,1788889768189146,1788889770189146,1788889770215788,26642
load1000-burst,2,2000,671,1788889768189146,1788889770189146,1788889770215800,26654
load1000-burst,2,2000,672,1788889768189146,1788889770189146,1788889770215809,26663
load1000-burst,2,2000,673,1788889768189146,1788889770189146,1788889770215819,26673
load1000-burst,2,2000,674,1788889768189146,1788889770189146,1788889770215831,26685
load1000-burst,2,2000,675,1788889768189146,1788889770189146,1788889770215842,26696
load1000-burst,2,2000,676,1788889768189146,1788889770189146,1788889770215864,26718
load1000-burst,2,2000,677,1788889768189146,1788889770189146,1788889770215885,26739
load1000-burst,2,2000,678,1788889768189146,1788889770189146,1788889770215898,26752
load1000-burst,2,2000,679,1788889768189146,1788889770189146,1788889770215908,26762
load1000-burst,2,2000,680,1788889768189146,1788889770189146,1788889770215918,26772
load1000-burst,2,2000,681,1788889768189146,1788889770189146,1788889770215928,26782
load1000-burst,2,2000,682,1788889768189146,1788889770189146,1788889770215939,26793
load1000-burst,2,2000,683,1788889768189146,1788889770189146,1788889770215950,26804
load1000-burst,2,2000,684,1788889768189146,1788889770189146,1788889770215959,26813
load1000-burst,2,2000,685,1788889768189146,1788889770189146,1788889770215971,26825
load1000-burst,2,2000,686,1788889768189146,1788889770189146,1788889770215982,26836
load1000-burst,2,2000,687,1788889768189146,1788889770189146,1788889770215993,26847
load1000-burst,2,2000,688,1788889768189146,1788889770189146,1788889770216004,26858
load1000-burst,2,2000,689,1788889768189146,1788889770189146,1788889770216024,26878
load1000-burst,2,2000,690,1788889768189146,1788889770189146,1788889770216050,26904
load1000-burst,2,2000,691,1788889768189146,1788889770189146,1788889770216067,26921
load1000-burst,2,2000,692,1788889768189146,1788889770189146,1788889770216078,26932
load1000-burst,2,2000,693,1788889768189146,1788889770189146,1788889770216098,26952
load1000-burst,2,2000,694,1788889768189146,1788889770189146,1788889770216109,26963
load1000-burst,2,2000,695,1788889768189146,1788889770189146,1788889770216122,26976
load1000-burst,2,2000,696,1788889768189146,1788889770189146,1788889770216132,26986
load1000-burst,2,2000,697,1788889768189146,1788889770189146,1788889770216141,26995
load1000-burst,2,2000,698,1788889768189146,1788889770189146,1788889770216152,27006
load1000-burst,2,2000,699,1788889768189146,1788889770189146,1788889770216162,27016
load1000-burst,2,2000,700,1788889768189146,1788889770189146,1788889770216173,27027
load1000-burst,2,2000,701,1788889768189146,1788889770189146,1788889770216193,27047
load1000-burst,2,2000,702,1788889768189146,1788889770189146,1788889770216220,27074
load1000-burst,2,2000,703,1788889768189146,1788889770189146,1788889770216261,27115
load1000-burst,2,2000,704,1788889768189146,1788889770189146,1788889770216284,27138
load1000-burst,2,2000,705,1788889768189146,1788889770189146,1788889770216308,27162
load1000-burst,2,2000,706,1788889768189146,1788889770189146,1788889770216329,27183
load1000-burst,2,2000,707,1788889768189146,1788889770189146,1788889770216345,27199
load1000-burst,2,2000,708,1788889768189146,1788889770189146,1788889770216368,27222
load1000-burst,2,2000,709,1788889768189146,1788889770189146,1788889770216388,27242
load1000-burst,2,2000,710,1788889768189146,1788889770189146,1788889770216417,27271
load1000-burst,2,2000,711,1788889768189146,1788889770189146,1788889770216456,27310
load1000-burst,2,2000,712,1788889768189146,1788889770189146,1788889770216485,27339
load1000-burst,2,2000,713,1788889768189146,1788889770189146,1788889770216514,27368
load1000-burst,2,2000,714,1788889768189146,1788889770189146,1788889770216533,27387
load1000-burst,2,2000,715,1788889768189146,1788889770189146,1788889770216551,27405
load1000-burst,2,2000,716,1788889768189146,1788889770189146,1788889770216565,27419
load1000-burst,2,2000,717,1788889768189146,1788889770189146,1788889770216575,27429
load1000-burst,2,2000,718,1788889768189146,1788889770189146,1788889770216588,27442
load1000-burst,2,2000,719,1788889768189146,1788889770189146,1788889770216605,27459
load1000-burst,2,2000,720,1788889768189146,1788889770189146,1788889770216634,27488
load1000-burst,2,2000,721,1788889768189146,1788889770189146,1788889770216650,27504
load1000-burst,2,2000,722,1788889768189146,1788889770189146,1788889770216666,27520
load1000-burst,2,2000,723,1788889768189146,1788889770189146,1788889770216686,27540
load1000-burst,2,2000,724,1788889768189146,1788889770189146,1788889770216702,27556
load1000-burst,2,2000,725,1788889768189146,1788889770189146,1788889770216718,27572
load1000-burst,2,2000,726,1788889768189146,1788889770189146,1788889770216729,27583
load1000-burst,2,2000,727,1788889768189146,1788889770189146,1788889770216739,27593
load1000-burst,2,2000,728,1788889768189146,1788889770189146,1788889770216749,27603
load1000-burst,2,2000,729,1788889768189146,1788889770189146,1788889770216759,27613
load1000-burst,2,2000,730,1788889768189146,1788889770189146,1788889770216769,27623
load1000-burst,2,2000,731,1788889768189146,1788889770189146,1788889770216793,27647
load1000-burst,2,2000,732,1788889768189146,1788889770189146,1788889770216805,27659
load1000-burst,2,2000,733,1788889768189146,1788889770189146,1788889770216814,27668
load1000-burst,2,2000,734,1788889768189146,1788889770189146,1788889770216824,27678
load1000-burst,2,2000,735,1788889768189146,1788889770189146,1788889770216835,27689
load1000-burst,2,2000,736,1788889768189146,1788889770189146,1788889770216844,27698
load1000-burst,2,2000,737,1788889768189146,1788889770189146,1788889770216856,27710
load1000-burst,2,2000,738,1788889768189146,1788889770189146,1788889770216867,27721
load1000-burst,2,2000,739,1788889768189146,1788889770189146,1788889770216879,27733
load1000-burst,2,2000,740,1788889768189146,1788889770189146,1788889770216892,27746
load1000-burst,2,2000,741,1788889768189146,1788889770189146,1788889770216902,27756
load1000-burst,2,2000,742,1788889768189146,1788889770189146,1788889770216912,27766
load1000-burst,2,2000,743,1788889768189146,1788889770189146,1788889770216924,27778
load1000-burst,2,2000,744,1788889768189146,1788889770189146,1788889770216944,27798
load1000-burst,2,2000,745,1788889768189146,1788889770189146,1788889770216956,27810
load1000-burst,2,2000,746,1788889768189146,1788889770189146,1788889770216968,27822
load1000-burst,2,2000,747,1788889768189146,1788889770189146,1788889770216981,27835
load1000-burst,2,2000,748,1788889768189146,1788889770189146,1788889770216992,27846
load1000-burst,2,2000,749,1788889768189146,1788889770189146,1788889770217007,27861
load1000-burst,2,2000,750,1788889768189146,1788889770189146,1788889770217018,27872
load1000-burst,2,2000,751,1788889768189146,1788889770189146,1788889770217028,27882
load1000-burst,2,2000,752,1788889768189146,1788889770189146,1788889770217038,27892
load1000-burst,2,2000,753,1788889768189146,1788889770189146,1788889770217049,27903
load1000-burst,2,2000,754,1788889768189146,1788889770189146,1788889770217059,27913
load1000-burst,2,2000,755,1788889768189146,1788889770189146,1788889770217070,27924
load1000-burst,2,2000,756,1788889768189146,1788889770189146,1788889770217081,27935
load1000-burst,2,2000,757,1788889768189146,1788889770189146,1788889770217091,27945
load1000-burst,2,2000,758,1788889768189146,1788889770189146,1788889770217101,27955
load1000-burst,2,2000,759,1788889768189146,1788889770189146,1788889770217111,27965
load1000-burst,2,2000,760,1788889768189146,1788889770189146,1788889770217121,27975
load1000-burst,2,2000,761,1788889768189146,1788889770189146,1788889770217136,27990
load1000-burst,2,2000,762,1788889768189146,1788889770189146,1788889770217148,28002
load1000-burst,2,2000,763,1788889768189146,1788889770189146,1788889770217158,28012
load1000-burst,2,2000,764,1788889768189146,1788889770189146,1788889770217168,28022
load1000-burst,2,2000,765,1788889768189146,1788889770189146,1788889770217188,28042
load1000-burst,2,2000,766,1788889768189146,1788889770189146,1788889770217204,28058
load1000-burst,2,2000,767,1788889768189146,1788889770189146,1788889770217221,28075
load1000-burst,2,2000,768,1788889768189146,1788889770189146,1788889770217234,28088
load1000-burst,2,2000,769,1788889768189146,1788889770189146,1788889770217245,28099
load1000-burst,2,2000,770,1788889768189146,1788889770189146,1788889770217253,28107
load1000-burst,2,2000,771,1788889768189146,1788889770189146,1788889770217286,28140
load1000-burst,2,2000,772,1788889768189146,1788889770189146,1788889770217310,28164
load1000-burst,2,2000,773,1788889768189146,1788889770189146,1788889770217326,28180
load1000-burst,2,2000,774,1788889768189146,1788889770189146,1788889770217338,28192
load1000-burst,2,2000,775,1788889768189146,1788889770189146,1788889770217354,28208
load1000-burst,2,2000,776,1788889768189146,1788889770189146,1788889770217370,28224
load1000-burst,2,2000,777,1788889768189146,1788889770189146,1788889770217393,28247
load1000-burst,2,2000,778,1788889768189146,1788889770189146,1788889770217410,28264
load1000-burst,2,2000,779,1788889768189146,1788889770189146,1788889770217425,28279
load1000-burst,2,2000,780,1788889768189146,1788889770189146,1788889770217441,28295
load1000-burst,2,2000,781,1788889768189146,1788889770189146,1788889770217455,28309
load1000-burst,2,2000,782,1788889768189146,1788889770189146,1788889770217465,28319
load1000-burst,2,2000,783,1788889768189146,1788889770189146,1788889770217489,28343
load1000-burst,2,2000,784,1788889768189146,1788889770189146,1788889770217506,28360
load1000-burst,2,2000,785,1788889768189146,1788889770189146,1788889770217515,28369
load1000-burst,2,2000,786,1788889768189146,1788889770189146,1788889770217527,28381
load1000-burst,2,2000,787,1788889768189146,1788889770189146,1788889770217540,28394
load1000-burst,2,2000,788,1788889768189146,1788889770189146,1788889770217551,28405
load1000-burst,2,2000,789,1788889768189146,1788889770189146,1788889770217562,28416
load1000-burst,2,2000,790,1788889768189146,1788889770189146,1788889770217576,28430
load1000-burst,2,2000,791,1788889768189146,1788889770189146,1788889770217589,28443
load1000-burst,2,2000,792,1788889768189146,1788889770189146,1788889770217599,28453
load1000-burst,2,2000,793,1788889768189146,1788889770189146,1788889770217611,28465
load1000-burst,2,2000,794,1788889768189146,1788889770189146,1788889770217648,28502
load1000-burst,2,2000,795,1788889768189146,1788889770189146,1788889770217666,28520
load1000-burst,2,2000,796,1788889768189146,1788889770189146,1788889770217679,28533
load1000-burst,2,2000,797,1788889768189146,1788889770189146,1788889770217692,28546
load1000-burst,2,2000,798,1788889768189146,1788889770189146,1788889770217728,28582
load1000-burst,2,2000,799,1788889768189146,1788889770189146,1788889770217761,28615
load1000-burst,2,2000,800,1788889768189146,1788889770189146,1788889770217777,28631
load1000-burst,2,2000,801,1788889768189146,1788889770189146,1788889770217813,28667
load1000-burst,2,2000,802,1788889768189146,1788889770189146,1788889770217849,28703
load1000-burst,2,2000,803,1788889768189146,1788889770189146,1788889770217867,28721
load1000-burst,2,2000,804,1788889768189146,1788889770189146,1788889770217884,28738
load1000-burst,2,2000,805,1788889768189146,1788889770189146,1788889770217897,28751
load1000-burst,2,2000,806,1788889768189146,1788889770189146,1788889770217908,28762
load1000-burst,2,2000,807,1788889768189146,1788889770189146,1788889770217919,28773
load1000-burst,2,2000,808,1788889768189146,1788889770189146,1788889770217928,28782
load1000-burst,2,2000,809,1788889768189146,1788889770189146,1788889770217939,28793
load1000-burst,2,2000,810,1788889768189146,1788889770189146,1788889770217956,28810
load1000-burst,2,2000,811,1788889768189146,1788889770189146,1788889770217970,28824
load1000-burst,2,2000,812,1788889768189146,1788889770189146,1788889770217992,28846
load1000-burst,2,2000,813,1788889768189146,1788889770189146,1788889770218005,28859
load1000-burst,2,2000,814,1788889768189146,1788889770189146,1788889770218015,28869
load1000-burst,2,2000,815,1788889768189146,1788889770189146,1788889770218032,28886
load1000-burst,2,2000,816,1788889768189146,1788889770189146,1788889770218058,28912
load1000-burst,2,2000,817,1788889768189146,1788889770189146,1788889770218070,28924
load1000-burst,2,2000,818,1788889768189146,1788889770189146,1788889770218098,28952
load1000-burst,2,2000,819,1788889768189146,1788889770189146,1788889770218126,28980
load1000-burst,2,2000,820,1788889768189146,1788889770189146,1788889770218144,28998
load1000-burst,2,2000,821,1788889768189146,1788889770189146,1788889770218157,29011
load1000-burst,2,2000,822,1788889768189146,1788889770189146,1788889770218169,29023
load1000-burst,2,2000,823,1788889768189146,1788889770189146,1788889770218180,29034
load1000-burst,2,2000,824,1788889768189146,1788889770189146,1788889770218191,29045
load1000-burst,2,2000,825,1788889768189146,1788889770189146,1788889770218202,29056
load1000-burst,2,2000,826,1788889768189146,1788889770189146,1788889770218214,29068
load1000-burst,2,2000,827,1788889768189146,1788889770189146,1788889770218224,29078
load1000-burst,2,2000,828,1788889768189146,1788889770189146,1788889770218241,29095
load1000-burst,2,2000,829,1788889768189146,1788889770189146,1788889770218257,29111
load1000-burst,2,2000,830,1788889768189146,1788889770189146,1788889770218272,29126
load1000-burst,2,2000,831,1788889768189146,1788889770189146,1788889770218289,29143
load1000-burst,2,2000,832,1788889768189146,1788889770189146,1788889770218305,29159
load1000-burst,2,2000,833,1788889768189146,1788889770189146,1788889770218332,29186
load1000-burst,2,2000,834,1788889768189146,1788889770189146,1788889770218348,29202
load1000-burst,2,2000,835,1788889768189146,1788889770189146,1788889770218360,29214
load1000-burst,2,2000,836,1788889768189146,1788889770189146,1788889770218383,29237
load1000-burst,2,2000,837,1788889768189146,1788889770189146,1788889770218418,29272
load1000-burst,2,2000,838,1788889768189146,1788889770189146,1788889770218436,29290
load1000-burst,2,2000,839,1788889768189146,1788889770189146,1788889770218462,29316
load1000-burst,2,2000,840,1788889768189146,1788889770189146,1788889770218481,29335
load1000-burst,2,2000,841,1788889768189146,1788889770189146,1788889770218495,29349
load1000-burst,2,2000,842,1788889768189146,1788889770189146,1788889770218509,29363
load1000-burst,2,2000,843,1788889768189146,1788889770189146,1788889770218525,29379
load1000-burst,2,2000,844,1788889768189146,1788889770189146,1788889770218539,29393
load1000-burst,2,2000,845,1788889768189146,1788889770189146,1788889770218550,29404
load1000-burst,2,2000,846,1788889768189146,1788889770189146,1788889770218572,29426
load1000-burst,2,2000,847,1788889768189146,1788889770189146,1788889770218588,29442
load1000-burst,2,2000,848,1788889768189146,1788889770189146,1788889770218604,29458
load1000-burst,2,2000,849,1788889768189146,1788889770189146,1788889770218621,29475
load1000-burst,2,2000,850,1788889768189146,1788889770189146,1788889770218637,29491
load1000-burst,2,2000,851,1788889768189146,1788889770189146,1788889770218652,29506
load1000-burst,2,2000,852,1788889768189146,1788889770189146,1788889770218669,29523
load1000-burst,2,2000,853,1788889768189146,1788889770189146,1788889770218685,29539
load1000-burst,2,2000,854,1788889768189146,1788889770189146,1788889770218697,29551
load1000-burst,2,2000,855,1788889768189146,1788889770189146,1788889770218708,29562
load1000-burst,2,2000,856,1788889768189146,1788889770189146,1788889770218718,29572
load1000-burst,2,2000,857,1788889768189146,1788889770189146,1788889770218728,29582
load1000-burst,2,2000,858,1788889768189146,1788889770189146,1788889770218745,29599
load1000-burst,2,2000,859,1788889768189146,1788889770189146,1788889770218760,29614
load1000-burst,2,2000,860,1788889768189146,1788889770189146,1788889770218776,29630
load1000-burst,2,2000,861,1788889768189146,1788889770189146,1788889770218788,29642
load1000-burst,2,2000,862,1788889768189146,1788889770189146,1788889770218797,29651
load1000-burst,2,2000,863,1788889768189146,1788889770189146,1788889770218813,29667
load1000-burst,2,2000,864,1788889768189146,1788889770189146,1788889770218824,29678
load1000-burst,2,2000,865,1788889768189146,1788889770189146,1788889770218833,29687
load1000-burst,2,2000,866,1788889768189146,1788889770189146,1788889770218844,29698
load1000-burst,2,2000,867,1788889768189146,1788889770189146,1788889770218863,29717
load1000-burst,2,2000,868,1788889768189146,1788889770189146,1788889770218878,29732
load1000-burst,2,2000,869,1788889768189146,1788889770189146,1788889770218889,29743
load1000-burst,2,2000,870,1788889768189146,1788889770189146,1788889770218906,29760
load1000-burst,2,2000,871,1788889768189146,1788889770189146,1788889770218932,29786
load1000-burst,2,2000,872,1788889768189146,1788889770189146,1788889770218950,29804
load1000-burst,2,2000,873,1788889768189146,1788889770189146,1788889770218963,29817
load1000-burst,2,2000,874,1788889768189146,1788889770189146,1788889770218975,29829
load1000-burst,2,2000,875,1788889768189146,1788889770189146,1788889770219002,29856
load1000-burst,2,2000,876,1788889768189146,1788889770189146,1788889770219027,29881
load1000-burst,2,2000,877,1788889768189146,1788889770189146,1788889770219058,29912
load1000-burst,2,2000,878,1788889768189146,1788889770189146,1788889770219075,29929
load1000-burst,2,2000,879,1788889768189146,1788889770189146,1788889770219091,29945
load1000-burst,2,2000,880,1788889768189146,1788889770189146,1788889770219120,29974
load1000-burst,2,2000,881,1788889768189146,1788889770189146,1788889770219136,29990
load1000-burst,2,2000,882,1788889768189146,1788889770189146,1788889770219152,30006
load1000-burst,2,2000,883,1788889768189146,1788889770189146,1788889770219205,30059
load1000-burst,2,2000,884,1788889768189146,1788889770189146,1788889770219230,30084
load1000-burst,2,2000,885,1788889768189146,1788889770189146,1788889770219252,30106
load1000-burst,2,2000,886,1788889768189146,1788889770189146,1788889770219282,30136
load1000-burst,2,2000,887,1788889768189146,1788889770189146,1788889770219313,30167
load1000-burst,2,2000,888,1788889768189146,1788889770189146,1788889770219356,30210
load1000-burst,2,2000,889,1788889768189146,1788889770189146,1788889770219381,30235
load1000-burst,2,2000,890,1788889768189146,1788889770189146,1788889770219406,30260
load1000-burst,2,2000,891,1788889768189146,1788889770189146,1788889770219468,30322
load1000-burst,2,2000,892,1788889768189146,1788889770189146,1788889770219495,30349
load1000-burst,2,2000,893,1788889768189146,1788889770189146,1788889770219520,30374
load1000-burst,2,2000,894,1788889768189146,1788889770189146,1788889770219543,30397
load1000-burst,2,2000,895,1788889768189146,1788889770189146,1788889770219565,30419
load1000-burst,2,2000,896,1788889768189146,1788889770189146,1788889770219592,30446
load1000-burst,2,2000,897,1788889768189146,1788889770189146,1788889770219618,30472
load1000-burst,2,2000,898,1788889768189146,1788889770189146,1788889770219643,30497
load1000-burst,2,2000,899,1788889768189146,1788889770189146,1788889770219666,30520
load1000-burst,2,2000,900,1788889768189146,1788889770189146,1788889770219689,30543
load1000-burst,2,2000,901,1788889768189146,1788889770189146,1788889770219723,30577
load1000-burst,2,2000,902,1788889768189146,1788889770189146,1788889770219746,30600
load1000-burst,2,2000,903,1788889768189146,1788889770189146,1788889770219770,30624
load1000-burst,2,2000,904,1788889768189146,1788889770189146,1788889770219806,30660
load1000-burst,2,2000,905,1788889768189146,1788889770189146,1788889770219858,30712
load1000-burst,2,2000,906,1788889768189146,1788889770189146,1788889770219882,30736
load1000-burst,2,2000,907,1788889768189146,1788889770189146,1788889770219905,30759
load1000-burst,2,2000,908,1788889768189146,1788889770189146,1788889770219929,30783
load1000-burst,2,2000,909,1788889768189146,1788889770189146,1788889770219964,30818
load1000-burst,2,2000,910,1788889768189146,1788889770189146,1788889770219984,30838
load1000-burst,2,2000,911,1788889768189146,1788889770189146,1788889770220022,30876
load1000-burst,2,2000,912,1788889768189146,1788889770189146,1788889770220081,30935
load1000-burst,2,2000,913,1788889768189146,1788889770189146,1788889770220111,30965
load1000-burst,2,2000,914,1788889768189146,1788889770189146,1788889770220136,30990
load1000-burst,2,2000,915,1788889768189146,1788889770189146,1788889770220170,31024
load1000-burst,2,2000,916,1788889768189146,1788889770189146,1788889770220213,31067
load1000-burst,2,2000,917,1788889768189146,1788889770189146,1788889770220237,31091
load1000-burst,2,2000,918,1788889768189146,1788889770189146,1788889770220259,31113
load1000-burst,2,2000,919,1788889768189146,1788889770189146,1788889770220289,31143
load1000-burst,2,2000,920,1788889768189146,1788889770189146,1788889770220323,31177
load1000-burst,2,2000,921,1788889768189146,1788889770189146,1788889770220346,31200
load1000-burst,2,2000,922,1788889768189146,1788889770189146,1788889770220369,31223
load1000-burst,2,2000,923,1788889768189146,1788889770189146,1788889770220392,31246
load1000-burst,2,2000,924,1788889768189146,1788889770189146,1788889770220414,31268
load1000-burst,2,2000,925,1788889768189146,1788889770189146,1788889770220503,31357
load1000-burst,2,2000,926,1788889768189146,1788889770189146,1788889770220556,31410
load1000-burst,2,2000,927,1788889768189146,1788889770189146,1788889770220597,31451
load1000-burst,2,2000,928,1788889768189146,1788889770189146,1788889770220666,31520
load1000-burst,2,2000,929,1788889768189146,1788889770189146,1788889770220719,31573
load1000-burst,2,2000,930,1788889768189146,1788889770189146,1788889770220782,31636
load1000-burst,2,2000,931,1788889768189146,1788889770189146,1788889770220807,31661
load1000-burst,2,2000,932,1788889768189146,1788889770189146,1788889770220868,31722
load1000-burst,2,2000,933,1788889768189146,1788889770189146,1788889770220903,31757
load1000-burst,2,2000,934,1788889768189146,1788889770189146,1788889770220941,31795
load1000-burst,2,2000,935,1788889768189146,1788889770189146,1788889770220971,31825
load1000-burst,2,2000,936,1788889768189146,1788889770189146,1788889770221019,31873
load1000-burst,2,2000,937,1788889768189146,1788889770189146,1788889770221112,31966
load1000-burst,2,2000,938,1788889768189146,1788889770189146,1788889770221141,31995
load1000-burst,2,2000,939,1788889768189146,1788889770189146,1788889770221183,32037
load1000-burst,2,2000,940,1788889768189146,1788889770189146,1788889770221269,32123
load1000-burst,2,2000,941,1788889768189146,1788889770189146,1788889770221296,32150
load1000-burst,2,2000,942,1788889768189146,1788889770189146,1788889770221353,32207
load1000-burst,2,2000,943,1788889768189146,1788889770189146,1788889770221400,32254
load1000-burst,2,2000,944,1788889768189146,1788889770189146,1788889770221428,32282
load1000-burst,2,2000,945,1788889768189146,1788889770189146,1788889770221453,32307
load1000-burst,2,2000,946,1788889768189146,1788889770189146,1788889770221477,32331
load1000-burst,2,2000,947,1788889768189146,1788889770189146,1788889770221499,32353
load1000-burst,2,2000,948,1788889768189146,1788889770189146,1788889770221521,32375
load1000-burst,2,2000,949,1788889768189146,1788889770189146,1788889770221544,32398
load1000-burst,2,2000,950,1788889768189146,1788889770189146,1788889770221567,32421
load1000-burst,2,2000,951,1788889768189146,1788889770189146,1788889770221590,32444
load1000-burst,2,2000,952,1788889768189146,1788889770189146,1788889770221613,32467
load1000-burst,2,2000,953,1788889768189146,1788889770189146,1788889770221649,32503
load1000-burst,2,2000,954,1788889768189146,1788889770189146,1788889770221676,32530
load1000-burst,2,2000,955,1788889768189146,1788889770189146,1788889770221698,32552
load1000-burst,2,2000,956,1788889768189146,1788889770189146,1788889770221719,32573
load1000-burst,2,2000,957,1788889768189146,1788889770189146,1788889770221737,32591
load1000-burst,2,2000,958,1788889768189146,1788889770189146,1788889770221759,32613
load1000-burst,2,2000,959,1788889768189146,1788889770189146,1788889770221781,32635
load1000-burst,2,2000,960,1788889768189146,1788889770189146,1788889770221824,32678
load1000-burst,2,2000,961,1788889768189146,1788889770189146,1788889770221856,32710
load1000-burst,2,2000,962,1788889768189146,1788889770189146,1788889770221881,32735
load1000-burst,2,2000,963,1788889768189146,1788889770189146,1788889770221905,32759
load1000-burst,2,2000,964,1788889768189146,1788889770189146,1788889770221927,32781
load1000-burst,2,2000,965,1788889768189146,1788889770189146,1788889770221951,32805
load1000-burst,2,2000,966,1788889768189146,1788889770189146,1788889770221974,32828
load1000-burst,2,2000,967,1788889768189146,1788889770189146,1788889770221999,32853
load1000-burst,2,2000,968,1788889768189146,1788889770189146,1788889770222024,32878
load1000-burst,2,2000,969,1788889768189146,1788889770189146,1788889770222047,32901
load1000-burst,2,2000,970,1788889768189146,1788889770189146,1788889770222069,32923
load1000-burst,2,2000,971,1788889768189146,1788889770189146,1788889770222089,32943
load1000-burst,2,2000,972,1788889768189146,1788889770189146,1788889770222107,32961
load1000-burst,2,2000,973,1788889768189146,1788889770189146,1788889770222138,32992
load1000-burst,2,2000,974,1788889768189146,1788889770189146,1788889770222184,33038
load1000-burst,2,2000,975,1788889768189146,1788889770189146,1788889770222238,33092
load1000-burst,2,2000,976,1788889768189146,1788889770189146,1788889770222267,33121
load1000-burst,2,2000,977,1788889768189146,1788889770189146,1788889770222290,33144
load1000-burst,2,2000,978,1788889768189146,1788889770189146,1788889770222335,33189
load1000-burst,2,2000,979,1788889768189146,1788889770189146,1788889770222366,33220
load1000-burst,2,2000,980,1788889768189146,1788889770189146,1788889770222391,33245
load1000-burst,2,2000,981,1788889768189146,1788889770189146,1788889770222413,33267
load1000-burst,2,2000,982,1788889768189146,1788889770189146,1788889770222436,33290
load1000-burst,2,2000,983,1788889768189146,1788889770189146,1788889770222458,33312
load1000-burst,2,2000,984,1788889768189146,1788889770189146,1788889770222480,33334
load1000-burst,2,2000,985,1788889768189146,1788889770189146,1788889770222506,33360
load1000-burst,2,2000,986,1788889768189146,1788889770189146,1788889770222530,33384
load1000-burst,2,2000,987,1788889768189146,1788889770189146,1788889770222553,33407
load1000-burst,2,2000,988,1788889768189146,1788889770189146,1788889770222575,33429
load1000-burst,2,2000,989,1788889768189146,1788889770189146,1788889770222599,33453
load1000-burst,2,2000,990,1788889768189146,1788889770189146,1788889770222622,33476
load1000-burst,2,2000,991,1788889768189146,1788889770189146,1788889770222653,33507
load1000-burst,2,2000,992,1788889768189146,1788889770189146,1788889770222679,33533
load1000-burst,2,2000,993,1788889768189146,1788889770189146,1788889770222700,33554
load1000-burst,2,2000,994,1788889768189146,1788889770189146,1788889770222723,33577
load1000-burst,2,2000,995,1788889768189146,1788889770189146,1788889770222766,33620
load1000-burst,2,2000,996,1788889768189146,1788889770189146,1788889770222789,33643
load1000-burst,2,2000,997,1788889768189146,1788889770189146,1788889770222811,33665
load1000-burst,2,2000,998,1788889768189146,1788889770189146,1788889770222834,33688
load1000-burst,2,2000,999,1788889768189146,1788889770189146,1788889770222856,33710
load1000-interval-100,1,100,21,1788889767823658,1788889770023658,1788889770251639,227981
load1000-oneshot-100,0,100,22,1788889767779145,1788889770079145,1788889770299241,220096
load1000-interval-100,1,100,22,1788889767823658,1788889770123658,1788889770361496,237838
load1000-oneshot-500,0,500,4,1788889767866747,1788889770366747,1788889770393038,26291
load1000-oneshot-100,0,100,23,1788889767779145,1788889770179145,1788889770408685,229540
load1000-interval-100,1,100,23,1788889767823658,1788889770223658,1788889770471160,247502
load1000-oneshot-100,0,100,24,1788889767779145,1788889770279145,1788889770517770,238625
load1000-interval-100,1,100,24,1788889767823658,1788889770323658,1788889770579814,256156
load1000-interval-500,1,500,4,1788889768061277,1788889770561277,1788889770596254,34977
load1000-oneshot-100,0,100,25,1788889767779145,1788889770379145,1788889770628296,249151
load1000-interval-100,1,100,25,1788889767823658,1788889770423658,1788889770692007,268349
load1000-oneshot-100,0,100,26,1788889767779145,1788889770479145,1788889770739487,260342
load1000-interval-100,1,100,26,1788889767823658,1788889770523658,1788889770802744,279086
load1000-oneshot-100,0,100,27,1788889767779145,1788889770579145,1788889770850309,271164
load1000-oneshot-500,0,500,5,1788889767866747,1788889770866747,1788889770898018,31271
load1000-interval-100,1,100,27,1788889767823658,1788889770623658,1788889770913934,290276
load1000-oneshot-100,0,100,28,1788889767779145,1788889770679145,1788889770961367,282222
load1000-interval-100,1,100,28,1788889767823658,1788889770723658,1788889771023760,300102
load1000-oneshot-100,0,100,29,1788889767779145,1788889770779145,1788889771070583,291438
load1000-interval-500,1,500,5,1788889768061277,1788889771061277,1788889771102717,41440
load1000-interval-100,1,100,29,1788889767823658,1788889770823658,1788889771133848,310190
load1000-oneshot-1000,0,1000,2,1788889768103303,1788889771103303,1788889771133953,30650
load1000-oneshot-100,0,100,30,1788889767779145,1788889770879145,1788889771181386,302241
load1000-interval-1000,1,1000,2,1788889768147355,1788889771147355,1788889771181527,34172
load1000-interval-100,1,100,30,1788889767823658,1788889770923658,1788889771244562,320904
load1000-oneshot-100,0,100,31,1788889767779145,1788889770979145,1788889771292033,312888
load1000-interval-100,1,100,31,1788889767823658,1788889771023658,1788889771354838,331180
load1000-oneshot-100,0,100,32,1788889767779145,1788889771079145,1788889771401943,322798
load1000-oneshot-500,0,500,6,1788889767866747,1788889771366747,1788889771402033,35286
load1000-interval-100,1,100,32,1788889767823658,1788889771123658,1788889771462882,339224
load1000-oneshot-100,0,100,33,1788889767779145,1788889771179145,1788889771510735,331590
load1000-interval-100,1,100,33,1788889767823658,1788889771223658,1788889771573981,350323
load1000-interval-500,1,500,6,1788889768061277,1788889771561277,1788889771605456,44179
load1000-oneshot-100,0,100,34,1788889767779145,1788889771279145,1788889771621149,342004
load1000-interval-100,1,100,34,1788889767823658,1788889771323658,1788889771682792,359134
load1000-oneshot-100,0,100,35,1788889767779145,1788889771379145,1788889771730088,350943
load1000-interval-100,1,100,35,1788889767823658,1788889771423658,1788889771791263,367605
load1000-oneshot-100,0,100,36,1788889767779145,1788889771479145,1788889771838678,359533
load1000-interval-100,1,100,36,1788889767823658,1788889771523658,1788889771901863,378205
load1000-oneshot-500,0,500,7,1788889767866747,1788889771866747,1788889771917821,51074
load1000-oneshot-100,0,100,37,1788889767779145,1788889771579145,1788889771948770,369625
load1000-interval-100,1,100,37,1788889767823658,1788889771623658,1788889772011774,388116
load1000-oneshot-100,0,100,38,1788889767779145,1788889771679145,1788889772057501,378356
load1000-interval-500,1,500,7,1788889768061277,1788889772061277,1788889772119200,57923
load1000-interval-100,1,100,38,1788889767823658,1788889771723658,1788889772119280,395622
load1000-oneshot-1000,0,1000,3,1788889768103303,1788889772103303,1788889772150504,47201
load1000-oneshot-100,0,100,39,1788889767779145,1788889771779145,1788889772166559,387414
load1000-interval-1000,1,1000,3,1788889768147355,1788889772147355,1788889772197681,50326
load1000-interval-100,1,100,39,1788889767823658,1788889771823658,1788889772228773,405115
load1000-oneshot-100,0,100,40,1788889767779145,1788889771879145,1788889772275327,396182
load1000-interval-100,1,100,40,1788889767823658,1788889771923658,1788889772338721,415063
load1000-oneshot-100,0,100,41,1788889767779145,1788889771979145,1788889772384898,405753
load1000-oneshot-500,0,500,8,1788889767866747,1788889772366747,1788889772432911,66164
load1000-interval-100,1,100,41,1788889767823658,1788889772023658,1788889772448574,424916
load1000-oneshot-100,0,100,42,1788889767779145,1788889772079145,1788889772494804,415659
load1000-interval-100,1,100,42,1788889767823658,1788889772123658,1788889772557398,433740
load1000-oneshot-100,0,100,43,1788889767779145,1788889772179145,1788889772604222,425077
load1000-interval-500,1,500,8,1788889768061277,1788889772561277,1788889772636210,74933
load1000-interval-100,1,100,43,1788889767823658,1788889772223658,1788889772666770,443112
load1000-oneshot-100,0,100,44,1788889767779145,1788889772279145,1788889772713437,434292
load1000-interval-100,1,100,44,1788889767823658,1788889772323658,1788889772776222,452564
load1000-oneshot-100,0,100,45,1788889767779145,1788889772379145,1788889772822080,442935
load1000-interval-100,1,100,45,1788889767823658,1788889772423658,1788889772885643,461985
load1000-oneshot-100,0,100,46,1788889767779145,1788889772479145,1788889772933299,454154
load1000-oneshot-500,0,500,9,1788889767866747,1788889772866747,1788889772948218,81471
load1000-interval-100,1,100,46,1788889767823658,1788889772523658,1788889772995093,471435
load1000-oneshot-100,0,100,47,1788889767779145,1788889772579145,1788889773042311,463166
load1000-interval-100,1,100,47,1788889767823658,1788889772623658,1788889773105008,481350
load1000-interval-500,1,500,9,1788889768061277,1788889773061277,1788889773151868,90591
load1000-oneshot-100,0,100,48,1788889767779145,1788889772679145,1788889773151996,472851
load1000-oneshot-1000,0,1000,4,1788889768103303,1788889773103303,1788889773152057,48754
load1000-interval-1000,1,1000,4,1788889768147355,1788889773147355,1788889773213792,66437
load1000-interval-100,1,100,48,1788889767823658,1788889772723658,1788889773213883,490225
load1000-oneshot-100,0,100,49,1788889767779145,1788889772779145,1788889773259805,480660
load1000-interval-100,1,100,49,1788889767823658,1788889772823658,1788889773321155,497497
load1000-oneshot-100,0,100,50,1788889767779145,1788889772879145,1788889773368683,489538
load1000-interval-100,1,100,50,1788889767823658,1788889772923658,1788889773431630,507972
load1000-oneshot-500,0,500,10,1788889767866747,1788889773366747,1788889773462020,95273
load1000-oneshot-100,0,100,51,1788889767779145,1788889772979145,1788889773478456,499311
load1000-interval-100,1,100,51,1788889767823658,1788889773023658,1788889773541459,517801
load1000-oneshot-100,0,100,52,1788889767779145,1788889773079145,1788889773588368,509223
load1000-interval-100,1,100,52,1788889767823658,1788889773123658,1788889773651742,528084
load1000-interval-500,1,500,10,1788889768061277,1788889773561277,1788889773667760,106483
load1000-oneshot-100,0,100,53,1788889767779145,1788889773179145,1788889773699877,520732
load1000-interval-100,1,100,53,1788889767823658,1788889773223658,1788889773763331,539673
load1000-oneshot-100,0,100,54,1788889767779145,1788889773279145,1788889773811312,532167
load1000-interval-100,1,100,54,1788889767823658,1788889773323658,1788889773874933,551275
load1000-oneshot-100,0,100,55,1788889767779145,1788889773379145,1788889773921995,542850
load1000-oneshot-500,0,500,11,1788889767866747,1788889773866747,1788889773969151,102404
load1000-interval-100,1,100,55,1788889767823658,1788889773423658,1788889773984621,560963
load1000-oneshot-100,0,100,56,1788889767779145,1788889773479145,1788889774031492,552347
load1000-interval-100,1,100,56,1788889767823658,1788889773523658,1788889774095048,571390
load1000-oneshot-100,0,100,57,1788889767779145,1788889773579145,1788889774142901,563756
load1000-oneshot-1000,0,1000,5,1788889768103303,1788889774103303,1788889774158452,55149
load1000-interval-500,1,500,11,1788889768061277,1788889774061277,1788889774174480,113203
load1000-interval-100,1,100,57,1788889767823658,1788889773623658,1788889774205589,581931
load1000-interval-1000,1,1000,5,1788889768147355,1788889774147355,1788889774220549,73194
load1000-oneshot-100,0,100,58,1788889767779145,1788889773679145,1788889774250334,571189
load1000-interval-100,1,100,58,1788889767823658,1788889773723658,1788889774313494,589836
load1000-oneshot-100,0,100,59,1788889767779145,1788889773779145,1788889774360573,581428
load1000-interval-100,1,100,59,1788889767823658,1788889773823658,1788889774424288,600630
load1000-oneshot-100,0,100,60,1788889767779145,1788889773879145,1788889774469488,590343
load1000-oneshot-500,0,500,12,1788889767866747,1788889774366747,1788889774484604,117857
load1000-interval-100,1,100,60,1788889767823658,1788889773923658,1788889774532060,608402
load1000-oneshot-100,0,100,61,1788889767779145,1788889773979145,1788889774579741,600596
load1000-interval-100,1,100,61,1788889767823658,1788889774023658,1788889774643397,619739
load1000-interval-500,1,500,12,1788889768061277,1788889774561277,1788889774691024,129747
load1000-oneshot-100,0,100,62,1788889767779145,1788889774079145,1788889774691110,611965
load1000-interval-100,1,100,62,1788889767823658,1788889774123658,1788889774754652,630994
load1000-oneshot-100,0,100,63,1788889767779145,1788889774179145,1788889774801594,622449
load1000-interval-100,1,100,63,1788889767823658,1788889774223658,1788889774864337,640679
load1000-oneshot-100,0,100,64,1788889767779145,1788889774279145,1788889774912109,632964
load1000-interval-100,1,100,64,1788889767823658,1788889774323658,1788889774974843,651185
load1000-oneshot-500,0,500,13,1788889767866747,1788889774866747,1788889774990652,123905
load1000-oneshot-100,0,100,65,1788889767779145,1788889774379145,1788889775021495,642350
load1000-interval-100,1,100,65,1788889767823658,1788889774423658,1788889775085056,661398
load1000-oneshot-100,0,100,66,1788889767779145,1788889774479145,1788889775132562,653417
load1000-oneshot-1000,0,1000,6,1788889768103303,1788889775103303,1788889775163958,60655
load1000-interval-100,1,100,66,1788889767823658,1788889774523658,1788889775194885,671227
load1000-interval-500,1,500,13,1788889768061277,1788889775061277,1788889775194989,133712
load1000-interval-1000,1,1000,6,1788889768147355,1788889775147355,1788889775226392,79037
load1000-oneshot-100,0,100,67,1788889767779145,1788889774579145,1788889775242905,663760
load1000-interval-100,1,100,67,1788889767823658,1788889774623658,1788889775305080,681422
load1000-oneshot-100,0,100,68,1788889767779145,1788889774679145,1788889775352392,673247
load1000-interval-100,1,100,68,1788889767823658,1788889774723658,1788889775415347,691689
load1000-oneshot-100,0,100,69,1788889767779145,1788889774779145,1788889775462244,683099
load1000-oneshot-500,0,500,14,1788889767866747,1788889775366747,1788889775493777,127030
load1000-interval-100,1,100,69,1788889767823658,1788889774823658,1788889775525817,702159
load1000-oneshot-100,0,100,70,1788889767779145,1788889774879145,1788889775573898,694753
load1000-interval-100,1,100,70,1788889767823658,1788889774923658,1788889775635752,712094
load1000-oneshot-100,0,100,71,1788889767779145,1788889774979145,1788889775683240,704095
load1000-interval-500,1,500,14,1788889768061277,1788889775561277,1788889775698398,137121
load1000-interval-100,1,100,71,1788889767823658,1788889775023658,1788889775745418,721760
load1000-oneshot-100,0,100,72,1788889767779145,1788889775079145,1788889775793071,713926
load1000-interval-100,1,100,72,1788889767823658,1788889775123658,1788889775855811,732153
load1000-oneshot-100,0,100,73,1788889767779145,1788889775179145,1788889775903767,724622
load1000-interval-100,1,100,73,1788889767823658,1788889775223658,1788889775965737,742079
load1000-oneshot-500,0,500,15,1788889767866747,1788889775866747,1788889775997613,130866
load1000-oneshot-100,0,100,74,1788889767779145,1788889775279145,1788889776013030,733885
load1000-interval-100,1,100,74,1788889767823658,1788889775323658,1788889776075781,752123
load1000-oneshot-100,0,100,75,1788889767779145,1788889775379145,1788889776121983,742838
load1000-oneshot-1000,0,1000,7,1788889768103303,1788889776103303,1788889776169502,66199
load1000-interval-100,1,100,75,1788889767823658,1788889775423658,1788889776185480,761822
load1000-interval-500,1,500,15,1788889768061277,1788889776061277,1788889776202153,140876
load1000-oneshot-100,0,100,76,1788889767779145,1788889775479145,1788889776233889,754744
load1000-interval-1000,1,1000,7,1788889768147355,1788889776147355,1788889776233997,86642
load1000-interval-100,1,100,76,1788889767823658,1788889775523658,1788889776295491,771833
load1000-oneshot-100,0,100,77,1788889767779145,1788889775579145,1788889776342301,763156
load1000-interval-100,1,100,77,1788889767823658,1788889775623658,1788889776404477,780819
load1000-oneshot-100,0,100,78,1788889767779145,1788889775679145,1788889776452142,772997
load1000-oneshot-500,0,500,16,1788889767866747,1788889776366747,1788889776501255,134508
load1000-interval-100,1,100,78,1788889767823658,1788889775723658,1788889776516268,792610
load1000-oneshot-100,0,100,79,1788889767779145,1788889775779145,1788889776564432,785287
load1000-interval-100,1,100,79,1788889767823658,1788889775823658,1788889776627974,804316
load1000-oneshot-100,0,100,80,1788889767779145,1788889775879145,1788889776675082,795937
load1000-interval-500,1,500,16,1788889768061277,1788889776561277,1788889776706069,144792
load1000-interval-100,1,100,80,1788889767823658,1788889775923658,1788889776737891,814233
load1000-oneshot-100,0,100,81,1788889767779145,1788889775979145,1788889776785483,806338
load1000-interval-100,1,100,81,1788889767823658,1788889776023658,1788889776847829,824171
load1000-oneshot-100,0,100,82,1788889767779145,1788889776079145,1788889776895297,816152
load1000-interval-100,1,100,82,1788889767823658,1788889776123658,1788889776957383,833725
load1000-oneshot-100,0,100,83,1788889767779145,1788889776179145,1788889777003447,824302
load1000-oneshot-500,0,500,17,1788889767866747,1788889776866747,1788889777003499,136752
load1000-interval-100,1,100,83,1788889767823658,1788889776223658,1788889777065002,841344
load1000-oneshot-100,0,100,84,1788889767779145,1788889776279145,1788889777113721,834576
load1000-interval-100,1,100,84,1788889767823658,1788889776323658,1788889777174580,850922
load1000-oneshot-1000,0,1000,8,1788889768103303,1788889777103303,1788889777174655,71352
load1000-interval-500,1,500,17,1788889768061277,1788889777061277,1788889777221562,160285
load1000-oneshot-100,0,100,85,1788889767779145,1788889776379145,1788889777221644,842499
load1000-interval-1000,1,1000,8,1788889768147355,1788889777147355,1788889777237581,90226
load1000-interval-100,1,100,85,1788889767823658,1788889776423658,1788889777285157,861499
load1000-oneshot-100,0,100,86,1788889767779145,1788889776479145,1788889777333929,854784
load1000-interval-100,1,100,86,1788889767823658,1788889776523658,1788889777395806,872148
load1000-oneshot-100,0,100,87,1788889767779145,1788889776579145,1788889777444818,865673
load1000-interval-100,1,100,87,1788889767823658,1788889776623658,1788889777507447,883789
load1000-oneshot-500,0,500,18,1788889767866747,1788889777366747,1788889777507533,140786
load1000-oneshot-100,0,100,88,1788889767779145,1788889776679145,1788889777553976,874831
load1000-interval-100,1,100,88,1788889767823658,1788889776723658,1788889777616362,892704
load1000-oneshot-100,0,100,89,1788889767779145,1788889776779145,1788889777663342,884197
load1000-interval-100,1,100,89,1788889767823658,1788889776823658,1788889777726011,902353
load1000-interval-500,1,500,18,1788889768061277,1788889777561277,1788889777726093,164816
load1000-oneshot-100,0,100,90,1788889767779145,1788889776879145,1788889777773236,894091
load1000-interval-100,1,100,90,1788889767823658,1788889776923658,1788889777835331,911673
load1000-oneshot-100,0,100,91,1788889767779145,1788889776979145,1788889777880984,901839
load1000-interval-100,1,100,91,1788889767823658,1788889777023658,1788889777944105,920447
load1000-oneshot-100,0,100,92,1788889767779145,1788889777079145,1788889777990279,911134
load1000-oneshot-500,0,500,19,1788889767866747,1788889777866747,1788889778021448,154701
load1000-interval-100,1,100,92,1788889767823658,1788889777123658,1788889778052738,929080
load1000-oneshot-100,0,100,93,1788889767779145,1788889777179145,1788889778100222,921077
load1000-interval-100,1,100,93,1788889767823658,1788889777223658,1788889778162513,938855
load1000-oneshot-1000,0,1000,9,1788889768103303,1788889778103303,1788889778178543,75240
load1000-oneshot-100,0,100,94,1788889767779145,1788889777279145,1788889778210056,930911
load1000-interval-500,1,500,19,1788889768061277,1788889778061277,1788889778241768,180491
load1000-interval-1000,1,1000,9,1788889768147355,1788889778147355,1788889778241845,94490
load1000-interval-100,1,100,94,1788889767823658,1788889777323658,1788889778271925,948267
load1000-oneshot-100,0,100,95,1788889767779145,1788889777379145,1788889778318460,939315
load1000-interval-100,1,100,95,1788889767823658,1788889777423658,1788889778381065,957407
load1000-oneshot-100,0,100,96,1788889767779145,1788889777479145,1788889778426982,947837
load1000-interval-100,1,100,96,1788889767823658,1788889777523658,1788889778489208,965550
load1000-oneshot-500,0,500,20,1788889767866747,1788889778366747,1788889778536005,169258
load1000-oneshot-100,0,100,97,1788889767779145,1788889777579145,1788889778536116,956971
load1000-interval-100,1,100,97,1788889767823658,1788889777623658,1788889778599017,975359
load1000-oneshot-100,0,100,98,1788889767779145,1788889777679145,1788889778645296,966151
load1000-interval-100,1,100,98,1788889767823658,1788889777723658,1788889778708402,984744
load1000-interval-500,1,500,20,1788889768061277,1788889778561277,1788889778754216,192939
load1000-oneshot-100,0,100,99,1788889767779145,1788889777779145,1788889778754330,975185
load1000-interval-100,1,100,99,1788889767823658,1788889777823658,1788889778817260,993602
load1000-oneshot-100,0,100,100,1788889767779145,1788889777879145,1788889778863488,984343
load1000-interval-100,1,100,100,1788889767823658,1788889777923658,1788889778926577,1002919
load1000-oneshot-100,0,100,101,1788889767779145,1788889777979145,1788889778973239,994094
load1000-interval-100,1,100,101,1788889767823658,1788889778023658,1788889779035178,1011520
load1000-oneshot-500,0,500,21,1788889767866747,1788889778866747,1788889779051238,184491
load1000-oneshot-100,0,100,102,1788889767779145,1788889778079145,1788889779082577,1003432
load1000-interval-100,1,100,102,1788889767823658,1788889778123658,1788889779144643,1020985
load1000-oneshot-1000,0,1000,10,1788889768103303,1788889779103303,1788889779192779,89476
load1000-oneshot-100,0,100,103,1788889767779145,1788889778179145,1788889779192964,1013819
load1000-interval-1000,1,1000,10,1788889768147355,1788889779147355,1788889779254624,107269
load1000-interval-100,1,100,103,1788889767823658,1788889778223658,1788889779254725,1031067
load1000-interval-500,1,500,21,1788889768061277,1788889779061277,1788889779269686,208409
load1000-oneshot-100,0,100,104,1788889767779145,1788889778279145,1788889779301702,1022557
load1000-interval-100,1,100,104,1788889767823658,1788889778323658,1788889779364298,1040640
load1000-oneshot-100,0,100,105,1788889767779145,1788889778379145,1788889779411757,1032612
load1000-interval-100,1,100,105,1788889767823658,1788889778423658,1788889779473475,1049817
load1000-oneshot-100,0,100,106,1788889767779145,1788889778479145,1788889779519538,1040393
load1000-oneshot-500,0,500,22,1788889767866747,1788889779366747,1788889779566461,199714
load1000-interval-100,1,100,106,1788889767823658,1788889778523658,1788889779582451,1058793
load1000-oneshot-100,0,100,107,1788889767779145,1788889778579145,1788889779630066,1050921
load1000-interval-100,1,100,107,1788889767823658,1788889778623658,1788889779691685,1068027
load1000-oneshot-100,0,100,108,1788889767779145,1788889778679145,1788889779738830,1059685
load1000-interval-500,1,500,22,1788889768061277,1788889779561277,1788889779771060,209783
load1000-interval-100,1,100,108,1788889767823658,1788889778723658,1788889779801672,1078014
load1000-oneshot-100,0,100,109,1788889767779145,1788889778779145,1788889779848728,1069583
load1000-interval-100,1,100,109,1788889767823658,1788889778823658,1788889779912683,1089025
load1000-oneshot-100,0,100,110,1788889767779145,1788889778879145,1788889779959590,1080445
load1000-interval-100,1,100,110,1788889767823658,1788889778923658,1788889780022737,1099079
load1000-oneshot-100,0,100,111,1788889767779145,1788889778979145,1788889780068926,1089781
load1000-oneshot-500,0,500,23,1788889767866747,1788889779866747,1788889780069039,202292
load1000-interval-100,1,100,111,1788889767823658,1788889779023658,1788889780129956,1106298
load1000-oneshot-100,0,100,112,1788889767779145,1788889779079145,1788889780176626,1097481
load1000-oneshot-1000,0,1000,11,1788889768103303,1788889780103303,1788889780207861,104558
load1000-interval-100,1,100,112,1788889767823658,1788889779123658,1788889780239524,1115866
load1000-interval-1000,1,1000,11,1788889768147355,1788889780147355,1788889780271052,123697
load1000-interval-500,1,500,23,1788889768061277,1788889780061277,1788889780286887,225610
load1000-oneshot-100,0,100,113,1788889767779145,1788889779179145,1788889780286951,1107806
load1000-interval-100,1,100,113,1788889767823658,1788889779223658,1788889780348962,1125304
load1000-oneshot-100,0,100,114,1788889767779145,1788889779279145,1788889780395674,1116529
load1000-interval-100,1,100,114,1788889767823658,1788889779323658,1788889780458327,1134669
load1000-oneshot-100,0,100,115,1788889767779145,1788889779379145,1788889780505972,1126827
load1000-interval-100,1,100,115,1788889767823658,1788889779423658,1788889780568784,1145126
load1000-oneshot-500,0,500,24,1788889767866747,1788889780366747,1788889780584738,217991
load1000-oneshot-100,0,100,116,1788889767779145,1788889779479145,1788889780616285,1137140
load1000-interval-100,1,100,116,1788889767823658,1788889779523658,1788889780680508,1156850
load1000-oneshot-100,0,100,117,1788889767779145,1788889779579145,1788889780728640,1149495
load1000-interval-100,1,100,117,1788889767823658,1788889779623658,1788889780791197,1167539
load1000-interval-500,1,500,24,1788889768061277,1788889780561277,1788889780791280,230003
load1000-oneshot-100,0,100,118,1788889767779145,1788889779679145,1788889780837971,1158826
load1000-interval-100,1,100,118,1788889767823658,1788889779723658,1788889780902520,1178862
load1000-oneshot-100,0,100,119,1788889767779145,1788889779779145,1788889780950749,1171604
load1000-interval-100,1,100,119,1788889767823658,1788889779823658,1788889781013202,1189544
load1000-oneshot-100,0,100,120,1788889767779145,1788889779879145,1788889781061466,1182321
load1000-oneshot-500,0,500,25,1788889767866747,1788889780866747,1788889781092989,226242
load1000-interval-100,1,100,120,1788889767823658,1788889779923658,1788889781123450,1199792
load1000-oneshot-100,0,100,121,1788889767779145,1788889779979145,1788889781170073,1190928
load1000-oneshot-1000,0,1000,12,1788889768103303,1788889781103303,1788889781217463,114160
load1000-interval-100,1,100,121,1788889767823658,1788889780023658,1788889781232994,1209336
load1000-oneshot-100,0,100,122,1788889767779145,1788889780079145,1788889781281210,1202065
load1000-interval-1000,1,1000,12,1788889768147355,1788889781147355,1788889781281347,133992
load1000-interval-500,1,500,25,1788889768061277,1788889781061277,1788889781296636,235359
load1000-interval-100,1,100,122,1788889767823658,1788889780123658,1788889781345744,1222086
load1000-oneshot-100,0,100,123,1788889767779145,1788889780179145,1788889781393654,1214509
load1000-interval-100,1,100,123,1788889767823658,1788889780223658,1788889781456697,1233039
load1000-oneshot-100,0,100,124,1788889767779145,1788889780279145,1788889781503340,1224195
load1000-interval-100,1,100,124,1788889767823658,1788889780323658,1788889781566035,1242377
load1000-oneshot-500,0,500,26,1788889767866747,1788889781366747,1788889781597427,230680
load1000-oneshot-100,0,100,125,1788889767779145,1788889780379145,1788889781612877,1233732
load1000-interval-100,1,100,125,1788889767823658,1788889780423658,1788889781675722,1252064
load1000-oneshot-100,0,100,126,1788889767779145,1788889780479145,1788889781722930,1243785
load1000-interval-100,1,100,126,1788889767823658,1788889780523658,1788889781784933,1261275
load1000-interval-500,1,500,26,1788889768061277,1788889781561277,1788889781800183,238906
load1000-oneshot-100,0,100,127,1788889767779145,1788889780579145,1788889781831230,1252085
load1000-interval-100,1,100,127,1788889767823658,1788889780623658,1788889781892891,1269233
load1000-oneshot-100,0,100,128,1788889767779145,1788889780679145,1788889781941143,1261998
load1000-interval-100,1,100,128,1788889767823658,1788889780723658,1788889782004215,1280557
load1000-oneshot-100,0,100,129,1788889767779145,1788889780779145,1788889782050001,1270856
load1000-oneshot-500,0,500,27,1788889767866747,1788889781866747,1788889782111725,244978
load1000-interval-100,1,100,129,1788889767823658,1788889780823658,1788889782111783,1288125
load1000-oneshot-100,0,100,130,1788889767779145,1788889780879145,1788889782158179,1279034
load1000-interval-100,1,100,130,1788889767823658,1788889780923658,1788889782220137,1296479
load1000-oneshot-1000,0,1000,13,1788889768103303,1788889782103303,1788889782220267,116964
load1000-oneshot-100,0,100,131,1788889767779145,1788889780979145,1788889782267106,1287961
load1000-interval-1000,1,1000,13,1788889768147355,1788889782147355,1788889782297663,150308
load1000-interval-500,1,500,27,1788889768061277,1788889782061277,1788889782313695,252418
load1000-interval-100,1,100,131,1788889767823658,1788889781023658,1788889782328624,1304966
load1000-oneshot-100,0,100,132,1788889767779145,1788889781079145,1788889782376975,1297830
load1000-interval-100,1,100,132,1788889767823658,1788889781123658,1788889782439039,1315381
load1000-oneshot-100,0,100,133,1788889767779145,1788889781179145,1788889782485327,1306182
load1000-interval-100,1,100,133,1788889767823658,1788889781223658,1788889782547072,1323414
load1000-oneshot-100,0,100,134,1788889767779145,1788889781279145,1788889782594378,1315233
load1000-oneshot-500,0,500,28,1788889767866747,1788889782366747,1788889782626441,259694
load1000-interval-100,1,100,134,1788889767823658,1788889781323658,1788889782658475,1334817
load1000-oneshot-100,0,100,135,1788889767779145,1788889781379145,1788889782704886,1325741
load1000-interval-100,1,100,135,1788889767823658,1788889781423658,1788889782769349,1345691
load1000-oneshot-100,0,100,136,1788889767779145,1788889781479145,1788889782816033,1336888
load1000-interval-500,1,500,28,1788889768061277,1788889782561277,1788889782816135,254858
load1000-interval-100,1,100,136,1788889767823658,1788889781523658,1788889782878740,1355082
load1000-oneshot-100,0,100,137,1788889767779145,1788889781579145,1788889782926357,1347212
load1000-interval-100,1,100,137,1788889767823658,1788889781623658,1788889782988102,1364444
load1000-oneshot-100,0,100,138,1788889767779145,1788889781679145,1788889783034860,1355715
load1000-interval-100,1,100,138,1788889767823658,1788889781723658,1788889783097341,1373683
load1000-oneshot-500,0,500,29,1788889767866747,1788889782866747,1788889783142970,276223
load1000-oneshot-100,0,100,139,1788889767779145,1788889781779145,1788889783143046,1363901
load1000-interval-100,1,100,139,1788889767823658,1788889781823658,1788889783205440,1381782
load1000-oneshot-1000,0,1000,14,1788889768103303,1788889783103303,1788889783236036,132733
load1000-oneshot-100,0,100,140,1788889767779145,1788889781879145,1788889783251170,1372025
load1000-interval-1000,1,1000,14,1788889768147355,1788889783147355,1788889783314207,166852
load1000-interval-100,1,100,140,1788889767823658,1788889781923658,1788889783314315,1390657
load1000-interval-500,1,500,29,1788889768061277,1788889783061277,1788889783330178,268901
load1000-oneshot-100,0,100,141,1788889767779145,1788889781979145,1788889783360967,1381822
load1000-interval-100,1,100,141,1788889767823658,1788889782023658,1788889783423101,1399443
load1000-oneshot-100,0,100,142,1788889767779145,1788889782079145,1788889783469710,1390565
load1000-interval-100,1,100,142,1788889767823658,1788889782123658,1788889783532138,1408480
load1000-oneshot-100,0,100,143,1788889767779145,1788889782179145,1788889783579691,1400546
load1000-interval-100,1,100,143,1788889767823658,1788889782223658,1788889783641977,1418319
load1000-oneshot-500,0,500,30,1788889767866747,1788889783366747,1788889783656870,290123
load1000-oneshot-100,0,100,144,1788889767779145,1788889782279145,1788889783687569,1408424
load1000-interval-100,1,100,144,1788889767823658,1788889782323658,1788889783750317,1426659
load1000-oneshot-100,0,100,145,1788889767779145,1788889782379145,1788889783796846,1417701
load1000-interval-500,1,500,30,1788889768061277,1788889783561277,1788889783843557,282280
load1000-interval-100,1,100,145,1788889767823658,1788889782423658,1788889783859024,1435366
load1000-oneshot-100,0,100,146,1788889767779145,1788889782479145,1788889783906048,1426903
load1000-interval-100,1,100,146,1788889767823658,1788889782523658,1788889783968629,1444971
load1000-oneshot-100,0,100,147,1788889767779145,1788889782579145,1788889784016302,1437157
load1000-interval-100,1,100,147,1788889767823658,1788889782623658,1788889784079340,1455682
load1000-oneshot-100,0,100,148,1788889767779145,1788889782679145,1788889784126199,1447054
load1000-oneshot-500,0,500,31,1788889767866747,1788889783866747,1788889784157910,291163
load1000-interval-100,1,100,148,1788889767823658,1788889782723658,1788889784189006,1465348
load1000-oneshot-100,0,100,149,1788889767779145,1788889782779145,1788889784235549,1456404
load1000-oneshot-1000,0,1000,15,1788889768103303,1788889784103303,1788889784251221,147918
load1000-interval-100,1,100,149,1788889767823658,1788889782823658,1788889784298780,1475122
load1000-interval-1000,1,1000,15,1788889768147355,1788889784147355,1788889784330787,183432
load1000-oneshot-100,0,100,150,1788889767779145,1788889782879145,1788889784346255,1467110
load1000-interval-500,1,500,31,1788889768061277,1788889784061277,1788889784346337,285060
load1000-interval-100,1,100,150,1788889767823658,1788889782923658,1788889784410072,1486414
load1000-oneshot-100,0,100,151,1788889767779145,1788889782979145,1788889784456731,1477586
load1000-interval-100,1,100,151,1788889767823658,1788889783023658,1788889784518518,1494860
load1000-oneshot-100,0,100,152,1788889767779145,1788889783079145,1788889784565992,1486847
load1000-interval-100,1,100,152,1788889767823658,1788889783123658,1788889784629001,1505343
load1000-oneshot-500,0,500,32,1788889767866747,1788889784366747,1788889784659506,292759
load1000-oneshot-100,0,100,153,1788889767779145,1788889783179145,1788889784675085,1495940
load1000-interval-100,1,100,153,1788889767823658,1788889783223658,1788889784735760,1512102
load1000-oneshot-100,0,100,154,1788889767779145,1788889783279145,1788889784781594,1502449
load1000-interval-100,1,100,154,1788889767823658,1788889783323658,1788889784843534,1519876
load1000-interval-500,1,500,32,1788889768061277,1788889784561277,1788889784859208,297931
load1000-oneshot-100,0,100,155,1788889767779145,1788889783379145,1788889784890151,1511006
load1000-interval-100,1,100,155,1788889767823658,1788889783423658,1788889784951899,1528241
load1000-oneshot-100,0,100,156,1788889767779145,1788889783479145,1788889784999024,1519879
load1000-interval-100,1,100,156,1788889767823658,1788889783523658,1788889785061615,1537957
load1000-oneshot-100,0,100,157,1788889767779145,1788889783579145,1788889785108825,1529680
load1000-oneshot-500,0,500,33,1788889767866747,1788889784866747,1788889785171340,304593
load1000-interval-100,1,100,157,1788889767823658,1788889783623658,1788889785171399,1547741
load1000-oneshot-100,0,100,158,1788889767779145,1788889783679145,1788889785217417,1538272
load1000-oneshot-1000,0,1000,16,1788889768103303,1788889785103303,1788889785264232,160929
load1000-interval-100,1,100,158,1788889767823658,1788889783723658,1788889785280645,1556987
load1000-oneshot-100,0,100,159,1788889767779145,1788889783779145,1788889785327363,1548218
load1000-interval-1000,1,1000,16,1788889768147355,1788889785147355,1788889785342967,195612
load1000-interval-500,1,500,33,1788889768061277,1788889785061277,1788889785374208,312931
load1000-interval-100,1,100,159,1788889767823658,1788889783823658,1788889785389134,1565476
load1000-oneshot-100,0,100,160,1788889767779145,1788889783879145,1788889785436815,1557670
load1000-interval-100,1,100,160,1788889767823658,1788889783923658,1788889785499262,1575604
load1000-oneshot-100,0,100,161,1788889767779145,1788889783979145,1788889785546930,1567785
load1000-interval-100,1,100,161,1788889767823658,1788889784023658,1788889785610106,1586448
load1000-oneshot-100,0,100,162,1788889767779145,1788889784079145,1788889785656799,1577654
load1000-oneshot-500,0,500,34,1788889767866747,1788889785366747,1788889785688284,321537
load1000-interval-100,1,100,162,1788889767823658,1788889784123658,1788889785719860,1596202
load1000-oneshot-100,0,100,163,1788889767779145,1788889784179145,1788889785767930,1588785
load1000-interval-100,1,100,163,1788889767823658,1788889784223658,1788889785829792,1606134
load1000-oneshot-100,0,100,164,1788889767779145,1788889784279145,1788889785876922,1597777
load1000-interval-500,1,500,34,1788889768061277,1788889785561277,1788889785877019,315742
load1000-interval-100,1,100,164,1788889767823658,1788889784323658,1788889785939514,1615856
load1000-oneshot-100,0,100,165,1788889767779145,1788889784379145,1788889785986976,1607831
load1000-interval-100,1,100,165,1788889767823658,1788889784423658,1788889786049246,1625588
load1000-oneshot-100,0,100,166,1788889767779145,1788889784479145,1788889786096360,1617215
load1000-interval-100,1,100,166,1788889767823658,1788889784523658,1788889786158837,1635179
load1000-oneshot-500,0,500,35,1788889767866747,1788889785866747,1788889786205225,338478
load1000-oneshot-100,0,100,167,1788889767779145,1788889784579145,1788889786205350,1626205
load1000-interval-100,1,100,167,1788889767823658,1788889784623658,1788889786268078,1644420
load1000-oneshot-1000,0,1000,17,1788889768103303,1788889786103303,1788889786268158,164855
load1000-oneshot-100,0,100,168,1788889767779145,1788889784679145,1788889786315687,1636542
load1000-interval-1000,1,1000,17,1788889768147355,1788889786147355,1788889786347209,199854
load1000-interval-100,1,100,168,1788889767823658,1788889784723658,1788889786378587,1654929
load1000-interval-500,1,500,35,1788889768061277,1788889786061277,1788889786393573,332296
load1000-oneshot-100,0,100,169,1788889767779145,1788889784779145,1788889786424897,1645752
load1000-interval-100,1,100,169,1788889767823658,1788889784823658,1788889786487669,1664011
load1000-oneshot-100,0,100,170,1788889767779145,1788889784879145,1788889786533781,1654636
load1000-interval-100,1,100,170,1788889767823658,1788889784923658,1788889786596501,1672843
load1000-oneshot-100,0,100,171,1788889767779145,1788889784979145,1788889786643327,1664182
load1000-interval-100,1,100,171,1788889767823658,1788889785023658,1788889786706232,1682574
load1000-oneshot-500,0,500,36,1788889767866747,1788889786366747,1788889786721710,354963
load1000-oneshot-100,0,100,172,1788889767779145,1788889785079145,1788889786752293,1673148
load1000-interval-100,1,100,172,1788889767823658,1788889785123658,1788889786815325,1691667
load1000-oneshot-100,0,100,173,1788889767779145,1788889785179145,1788889786862457,1683312
load1000-interval-500,1,500,36,1788889768061277,1788889786561277,1788889786895150,333873
load1000-interval-100,1,100,173,1788889767823658,1788889785223658,1788889786925302,1701644
load1000-oneshot-100,0,100,174,1788889767779145,1788889785279145,1788889786972279,1693134
load1000-interval-100,1,100,174,1788889767823658,1788889785323658,1788889787033780,1710122
load1000-oneshot-100,0,100,175,1788889767779145,1788889785379145,1788889787079371,1700226
load1000-interval-100,1,100,175,1788889767823658,1788889785423658,1788889787142593,1718935
load1000-oneshot-100,0,100,176,1788889767779145,1788889785479145,1788889787189391,1710246
load1000-oneshot-500,0,500,37,1788889767866747,1788889786866747,1788889787236957,370210
load1000-interval-100,1,100,176,1788889767823658,1788889785523658,1788889787252647,1728989
load1000-oneshot-1000,0,1000,18,1788889768103303,1788889787103303,1788889787283753,180450
load1000-oneshot-100,0,100,177,1788889767779145,1788889785579145,1788889787299244,1720099
load1000-interval-1000,1,1000,18,1788889768147355,1788889787147355,1788889787363298,215943
load1000-interval-100,1,100,177,1788889767823658,1788889785623658,1788889787363366,1739708
load1000-interval-500,1,500,37,1788889768061277,1788889787061277,1788889787410708,349431
load1000-oneshot-100,0,100,178,1788889767779145,1788889785679145,1788889787410763,1731618
load1000-interval-100,1,100,178,1788889767823658,1788889785723658,1788889787473209,1749551
load1000-oneshot-100,0,100,179,1788889767779145,1788889785779145,1788889787519789,1740644
load1000-interval-100,1,100,179,1788889767823658,1788889785823658,1788889787582488,1758830
load1000-oneshot-100,0,100,180,1788889767779145,1788889785879145,1788889787629497,1750352
load1000-interval-100,1,100,180,1788889767823658,1788889785923658,1788889787691951,1768293
load1000-oneshot-100,0,100,181,1788889767779145,1788889785979145,1788889787739054,1759909
load1000-oneshot-500,0,500,38,1788889767866747,1788889787366747,1788889787739161,372414
load1000-interval-100,1,100,181,1788889767823658,1788889786023658,1788889787802185,1778527
load1000-oneshot-100,0,100,182,1788889767779145,1788889786079145,1788889787848905,1769760
load1000-interval-100,1,100,182,1788889767823658,1788889786123658,1788889787912221,1788563
load1000-interval-500,1,500,38,1788889768061277,1788889787561277,1788889787912308,351031
load1000-oneshot-100,0,100,183,1788889767779145,1788889786179145,1788889787958655,1779510
load1000-interval-100,1,100,183,1788889767823658,1788889786223658,1788889788021537,1797879
load1000-oneshot-100,0,100,184,1788889767779145,1788889786279145,1788889788067242,1788097
load1000-interval-100,1,100,184,1788889767823658,1788889786323658,1788889788131190,1807532
load1000-oneshot-100,0,100,185,1788889767779145,1788889786379145,1788889788178479,1799334
load1000-interval-100,1,100,185,1788889767823658,1788889786423658,1788889788240913,1817255
load1000-oneshot-500,0,500,39,1788889767866747,1788889787866747,1788889788240991,374244
load1000-oneshot-100,0,100,186,1788889767779145,1788889786479145,1788889788287693,1808548
load1000-oneshot-1000,0,1000,19,1788889768103303,1788889788103303,1788889788287794,184491
load1000-interval-100,1,100,186,1788889767823658,1788889786523658,1788889788352394,1828736
load1000-interval-1000,1,1000,19,1788889768147355,1788889788147355,1788889788368182,220827
load1000-oneshot-100,0,100,187,1788889767779145,1788889786579145,1788889788398379,1819234
load1000-interval-500,1,500,39,1788889768061277,1788889788061277,1788889788414408,353131
load1000-interval-100,1,100,187,1788889767823658,1788889786623658,1788889788461923,1838265
load1000-oneshot-100,0,100,188,1788889767779145,1788889786679145,1788889788509622,1830477
load1000-interval-100,1,100,188,1788889767823658,1788889786723658,1788889788571185,1847527
load1000-oneshot-100,0,100,189,1788889767779145,1788889786779145,1788889788618291,1839146
load1000-interval-100,1,100,189,1788889767823658,1788889786823658,1788889788681018,1857360
load1000-oneshot-100,0,100,190,1788889767779145,1788889786879145,1788889788728481,1849336
load1000-oneshot-500,0,500,40,1788889767866747,1788889788366747,1788889788744517,377770
load1000-interval-100,1,100,190,1788889767823658,1788889786923658,1788889788790700,1867042
load1000-oneshot-100,0,100,191,1788889767779145,1788889786979145,1788889788837501,1858356
load1000-interval-100,1,100,191,1788889767823658,1788889787023658,1788889788899577,1875919
load1000-interval-500,1,500,40,1788889768061277,1788889788561277,1788889788930434,369157
load1000-oneshot-100,0,100,192,1788889767779145,1788889787079145,1788889788946323,1867178
load1000-interval-100,1,100,192,1788889767823658,1788889787123658,1788889789008367,1884709
load1000-oneshot-100,0,100,193,1788889767779145,1788889787179145,1788889789055461,1876316
load1000-interval-100,1,100,193,1788889767823658,1788889787223658,1788889789118294,1894636
load1000-oneshot-100,0,100,194,1788889767779145,1788889787279145,1788889789165579,1886434
load1000-interval-100,1,100,194,1788889767823658,1788889787323658,1788889789227386,1903728
load1000-oneshot-500,0,500,41,1788889767866747,1788889788866747,1788889789259308,392561
load1000-oneshot-100,0,100,195,1788889767779145,1788889787379145,1788889789275204,1896059
load1000-oneshot-1000,0,1000,20,1788889768103303,1788889789103303,1788889789290148,186845
load1000-interval-100,1,100,195,1788889767823658,1788889787423658,1788889789336729,1913071
load1000-interval-1000,1,1000,20,1788889768147355,1788889789147355,1788889789383671,236316
load1000-oneshot-100,0,100,196,1788889767779145,1788889787479145,1788889789383743,1904598
load1000-interval-500,1,500,41,1788889768061277,1788889789061277,1788889789446868,385591
load1000-interval-100,1,100,196,1788889767823658,1788889787523658,1788889789446962,1923304
load1000-oneshot-100,0,100,197,1788889767779145,1788889787579145,1788889789493434,1914289
load1000-interval-100,1,100,197,1788889767823658,1788889787623658,1788889789557933,1934275
load1000-oneshot-100,0,100,198,1788889767779145,1788889787679145,1788889789604780,1925635
load1000-interval-100,1,100,198,1788889767823658,1788889787723658,1788889789668747,1945089
load1000-oneshot-100,0,100,199,1788889767779145,1788889787779145,1788889789715093,1935948
load1000-oneshot-500,0,500,42,1788889767866747,1788889789366747,1788889789763083,396336
load1000-interval-100,1,100,199,1788889767823658,1788889787823658,1788889789778381,1954723
load1000-oneshot-100,0,100,200,1788889767779145,1788889787879145,1788889789825238,1946093
load1000-interval-100,1,100,200,1788889767823658,1788889787923658,1788889789888088,1964430
load1000-oneshot-100,0,100,201,1788889767779145,1788889787979145,1788889789935631,1956486
load1000-interval-500,1,500,42,1788889768061277,1788889789561277,1788889789951492,390215
load1000-interval-100,1,100,201,1788889767823658,1788889788023658,1788889789998920,1975262
load1000-oneshot-100,0,100,202,1788889767779145,1788889788079145,1788889790046099,1966954
load1000-interval-100,1,100,202,1788889767823658,1788889788123658,1788889790109345,1985687
load1000-oneshot-100,0,100,203,1788889767779145,1788889788179145,1788889790155794,1976649
load1000-interval-100,1,100,203,1788889767823658,1788889788223658,1788889790219013,1995355
load1000-oneshot-100,0,100,204,1788889767779145,1788889788279145,1788889790266069,1986924
load1000-oneshot-500,0,500,43,1788889767866747,1788889789866747,1788889790266165,399418
load1000-oneshot-1000,0,1000,21,1788889768103303,1788889790103303,1788889790296980,193677
load1000-interval-100,1,100,204,1788889767823658,1788889788323658,1788889790328566,2004908
load1000-oneshot-100,0,100,205,1788889767779145,1788889788379145,1788889790373293,1994148
load1000-interval-1000,1,1000,21,1788889768147355,1788889790147355,1788889790388890,241535
load1000-interval-100,1,100,205,1788889767823658,1788889788423658,1788889790435785,2012127
load1000-interval-500,1,500,43,1788889768061277,1788889790061277,1788889790467011,405734
load1000-oneshot-100,0,100,206,1788889767779145,1788889788479145,1788889790482221,2003076
load1000-interval-100,1,100,206,1788889767823658,1788889788523658,1788889790545352,2021694
load1000-oneshot-100,0,100,207,1788889767779145,1788889788579145,1788889790592890,2013745
load1000-interval-100,1,100,207,1788889767823658,1788889788623658,1788889790654871,2031213
load1000-oneshot-100,0,100,208,1788889767779145,1788889788679145,1788889790701294,2022149
load1000-interval-100,1,100,208,1788889767823658,1788889788723658,1788889790762484,2038826
load1000-oneshot-500,0,500,44,1788889767866747,1788889790366747,1788889790778144,411397
load1000-oneshot-100,0,100,209,1788889767779145,1788889788779145,1788889790808918,2029773
load1000-interval-100,1,100,209,1788889767823658,1788889788823658,1788889790870832,2047174
load1000-oneshot-100,0,100,210,1788889767779145,1788889788879145,1788889790918472,2039327
load1000-interval-500,1,500,44,1788889768061277,1788889790561277,1788889790982529,421252
load1000-interval-100,1,100,210,1788889767823658,1788889788923658,1788889790982617,2058959
load1000-oneshot-100,0,100,211,1788889767779145,1788889788979145,1788889791029360,2050215
load1000-interval-100,1,100,211,1788889767823658,1788889789023658,1788889791092186,2068528
load1000-oneshot-100,0,100,212,1788889767779145,1788889789079145,1788889791138360,2059215
load1000-interval-100,1,100,212,1788889767823658,1788889789123658,1788889791201711,2078053
load1000-oneshot-100,0,100,213,1788889767779145,1788889789179145,1788889791248966,2069821
load1000-oneshot-500,0,500,45,1788889767866747,1788889790866747,1788889791295691,428944
load1000-oneshot-1000,0,1000,22,1788889768103303,1788889791103303,1788889791311772,208469
load1000-interval-100,1,100,213,1788889767823658,1788889789223658,1788889791311891,2088233
load1000-oneshot-100,0,100,214,1788889767779145,1788889789279145,1788889791358227,2079082
load1000-interval-1000,1,1000,22,1788889768147355,1788889791147355,1788889791404776,257421
load1000-interval-100,1,100,214,1788889767823658,1788889789323658,1788889791421326,2097668
load1000-oneshot-100,0,100,215,1788889767779145,1788889789379145,1788889791468182,2089037
load1000-interval-500,1,500,45,1788889768061277,1788889791061277,1788889791499662,438385
load1000-interval-100,1,100,215,1788889767823658,1788889789423658,1788889791531686,2108028
load1000-oneshot-100,0,100,216,1788889767779145,1788889789479145,1788889791578633,2099488
load1000-interval-100,1,100,216,1788889767823658,1788889789523658,1788889791639688,2116030
load1000-oneshot-100,0,100,217,1788889767779145,1788889789579145,1788889791686986,2107841
load1000-interval-100,1,100,217,1788889767823658,1788889789623658,1788889791748423,2124765
load1000-oneshot-100,0,100,218,1788889767779145,1788889789679145,1788889791794948,2115803
load1000-oneshot-500,0,500,46,1788889767866747,1788889791366747,1788889791810106,443359
load1000-interval-100,1,100,218,1788889767823658,1788889789723658,1788889791857537,2133879
load1000-oneshot-100,0,100,219,1788889767779145,1788889789779145,1788889791905058,2125913
load1000-interval-100,1,100,219,1788889767823658,1788889789823658,1788889791968322,2144664
load1000-interval-500,1,500,46,1788889768061277,1788889791561277,1788889792015621,454344
load1000-oneshot-100,0,100,220,1788889767779145,1788889789879145,1788889792015708,2136563
load1000-interval-100,1,100,220,1788889767823658,1788889789923658,1788889792077942,2154284
load1000-oneshot-100,0,100,221,1788889767779145,1788889789979145,1788889792124660,2145515
load1000-interval-100,1,100,221,1788889767823658,1788889790023658,1788889792186556,2162898
load1000-oneshot-100,0,100,222,1788889767779145,1788889790079145,1788889792232428,2153283
load1000-interval-100,1,100,222,1788889767823658,1788889790123658,1788889792294970,2171312
load1000-oneshot-500,0,500,47,1788889767866747,1788889791866747,1788889792327035,460288
load1000-oneshot-1000,0,1000,23,1788889768103303,1788889792103303,1788889792327113,223810
load1000-oneshot-100,0,100,223,1788889767779145,1788889790179145,1788889792341975,2162830
load1000-interval-100,1,100,223,1788889767823658,1788889790223658,1788889792405142,2181484
load1000-interval-1000,1,1000,23,1788889768147355,1788889792147355,1788889792420116,272761
load1000-oneshot-100,0,100,224,1788889767779145,1788889790279145,1788889792450631,2171486
load1000-interval-100,1,100,224,1788889767823658,1788889790323658,1788889792513017,2189359
load1000-interval-500,1,500,47,1788889768061277,1788889792061277,1788889792528223,466946
load1000-oneshot-100,0,100,225,1788889767779145,1788889790379145,1788889792560202,2181057
load1000-interval-100,1,100,225,1788889767823658,1788889790423658,1788889792622795,2199137
load1000-oneshot-100,0,100,226,1788889767779145,1788889790479145,1788889792670071,2190926
load1000-interval-100,1,100,226,1788889767823658,1788889790523658,1788889792731842,2208184
load1000-oneshot-100,0,100,227,1788889767779145,1788889790579145,1788889792779346,2200201
load1000-oneshot-500,0,500,48,1788889767866747,1788889792366747,1788889792841600,474853
load1000-interval-100,1,100,227,1788889767823658,1788889790623658,1788889792841701,2218043
load1000-oneshot-100,0,100,228,1788889767779145,1788889790679145,1788889792888382,2209237
load1000-interval-100,1,100,228,1788889767823658,1788889790723658,1788889792951891,2228233
load1000-oneshot-100,0,100,229,1788889767779145,1788889790779145,1788889792999397,2220252
load1000-interval-500,1,500,48,1788889768061277,1788889792561277,1788889793031026,469749
load1000-interval-100,1,100,229,1788889767823658,1788889790823658,1788889793061948,2238290
load1000-oneshot-100,0,100,230,1788889767779145,1788889790879145,1788889793109730,2230585
load1000-interval-100,1,100,230,1788889767823658,1788889790923658,1788889793172171,2248513
load1000-oneshot-100,0,100,231,1788889767779145,1788889790979145,1788889793218142,2238997
load1000-interval-100,1,100,231,1788889767823658,1788889791023658,1788889793280269,2256611
load1000-oneshot-100,0,100,232,1788889767779145,1788889791079145,1788889793326452,2247307
load1000-oneshot-1000,0,1000,24,1788889768103303,1788889793103303,1788889793342506,239203
load1000-oneshot-500,0,500,49,1788889767866747,1788889792866747,1788889793358433,491686
load1000-interval-100,1,100,232,1788889767823658,1788889791123658,1788889793389132,2265474
load1000-interval-1000,1,1000,24,1788889768147355,1788889793147355,1788889793436383,289028
load1000-oneshot-100,0,100,233,1788889767779145,1788889791179145,1788889793436465,2257320
load1000-interval-100,1,100,233,1788889767823658,1788889791223658,1788889793499161,2275503
load1000-interval-500,1,500,49,1788889768061277,1788889793061277,1788889793544922,483645
load1000-oneshot-100,0,100,234,1788889767779145,1788889791279145,1788889793545043,2265898
load1000-interval-100,1,100,234,1788889767823658,1788889791323658,1788889793606038,2282380
load1000-oneshot-100,0,100,235,1788889767779145,1788889791379145,1788889793652804,2273659
load1000-interval-100,1,100,235,1788889767823658,1788889791423658,1788889793715345,2291687
load1000-oneshot-100,0,100,236,1788889767779145,1788889791479145,1788889793761999,2282854
load1000-interval-100,1,100,236,1788889767823658,1788889791523658,1788889793824940,2301282
load1000-oneshot-500,0,500,50,1788889767866747,1788889793366747,1788889793872533,505786
load1000-oneshot-100,0,100,237,1788889767779145,1788889791579145,1788889793872646,2293501
load1000-interval-100,1,100,237,1788889767823658,1788889791623658,1788889793935127,2311469
load1000-oneshot-100,0,100,238,1788889767779145,1788889791679145,1788889793982029,2302884
load1000-interval-100,1,100,238,1788889767823658,1788889791723658,1788889794044302,2320644
load1000-interval-500,1,500,50,1788889768061277,1788889793561277,1788889794060339,499062
load1000-oneshot-100,0,100,239,1788889767779145,1788889791779145,1788889794091910,2312765
load1000-interval-100,1,100,239,1788889767823658,1788889791823658,1788889794154313,2330655
load1000-oneshot-100,0,100,240,1788889767779145,1788889791879145,1788889794200615,2321470
load1000-interval-100,1,100,240,1788889767823658,1788889791923658,1788889794263394,2339736
load1000-oneshot-100,0,100,241,1788889767779145,1788889791979145,1788889794311449,2332304
load1000-oneshot-1000,0,1000,25,1788889768103303,1788889794103303,1788889794359069,255766
load1000-interval-100,1,100,241,1788889767823658,1788889792023658,1788889794374595,2350937
load1000-oneshot-500,0,500,51,1788889767866747,1788889793866747,1788889794374723,507976
load1000-oneshot-100,0,100,242,1788889767779145,1788889792079145,1788889794421364,2342219
load1000-interval-1000,1,1000,25,1788889768147355,1788889794147355,1788889794452338,304983
load1000-interval-100,1,100,242,1788889767823658,1788889792123658,1788889794483081,2359423
load1000-oneshot-100,0,100,243,1788889767779145,1788889792179145,1788889794529888,2350743
load1000-interval-500,1,500,51,1788889768061277,1788889794061277,1788889794561972,500695
load1000-interval-100,1,100,243,1788889767823658,1788889792223658,1788889794593533,2369875
load1000-oneshot-100,0,100,244,1788889767779145,1788889792279145,1788889794641576,2362431
load1000-interval-100,1,100,244,1788889767823658,1788889792323658,1788889794704269,2380611
load1000-oneshot-100,0,100,245,1788889767779145,1788889792379145,1788889794751969,2372824
load1000-interval-100,1,100,245,1788889767823658,1788889792423658,1788889794814750,2391092
load1000-oneshot-100,0,100,246,1788889767779145,1788889792479145,1788889794861580,2382435
load1000-oneshot-500,0,500,52,1788889767866747,1788889794366747,1788889794877094,510347
load1000-interval-100,1,100,246,1788889767823658,1788889792523658,1788889794923680,2400022
load1000-oneshot-100,0,100,247,1788889767779145,1788889792579145,1788889794971169,2392024
load1000-interval-100,1,100,247,1788889767823658,1788889792623658,1788889795034537,2410879
load1000-interval-500,1,500,52,1788889768061277,1788889794561277,1788889795066104,504827
load1000-oneshot-100,0,100,248,1788889767779145,1788889792679145,1788889795082197,2403052
load1000-interval-100,1,100,248,1788889767823658,1788889792723658,1788889795144023,2420365
load1000-oneshot-100,0,100,249,1788889767779145,1788889792779145,1788889795190558,2411413
load1000-interval-100,1,100,249,1788889767823658,1788889792823658,1788889795253317,2429659
load1000-oneshot-100,0,100,250,1788889767779145,1788889792879145,1788889795300876,2421731
load1000-interval-100,1,100,250,1788889767823658,1788889792923658,1788889795364776,2441118
load1000-oneshot-1000,0,1000,26,1788889768103303,1788889795103303,1788889795364889,261586
load1000-oneshot-500,0,500,53,1788889767866747,1788889794866747,1788889795380430,513683
load1000-oneshot-100,0,100,251,1788889767779145,1788889792979145,1788889795412002,2432857
load1000-interval-1000,1,1000,26,1788889768147355,1788889795147355,1788889795458443,311088
load1000-interval-100,1,100,251,1788889767823658,1788889793023658,1788889795474134,2450476
load1000-oneshot-100,0,100,252,1788889767779145,1788889793079145,1788889795522374,2443229
load1000-interval-500,1,500,53,1788889768061277,1788889795061277,1788889795568932,507655
load1000-interval-100,1,100,252,1788889767823658,1788889793123658,1788889795584518,2460860
load1000-oneshot-100,0,100,253,1788889767779145,1788889793179145,1788889795632642,2453497
load1000-interval-100,1,100,253,1788889767823658,1788889793223658,1788889795694908,2471250
load1000-oneshot-100,0,100,254,1788889767779145,1788889793279145,1788889795742269,2463124
load1000-interval-100,1,100,254,1788889767823658,1788889793323658,1788889795805014,2481356
load1000-oneshot-100,0,100,255,1788889767779145,1788889793379145,1788889795852578,2473433
load1000-oneshot-500,0,500,54,1788889767866747,1788889795366747,1788889795884182,517435
load1000-interval-100,1,100,255,1788889767823658,1788889793423658,1788889795914563,2490905
load1000-oneshot-100,0,100,256,1788889767779145,1788889793479145,1788889795962093,2482948
load1000-interval-100,1,100,256,1788889767823658,1788889793523658,1788889796025074,2501416
load1000-oneshot-100,0,100,257,1788889767779145,1788889793579145,1788889796072616,2493471
load1000-interval-500,1,500,54,1788889768061277,1788889795561277,1788889796072713,511436
load1000-interval-100,1,100,257,1788889767823658,1788889793623658,1788889796134479,2510821
load1000-oneshot-100,0,100,258,1788889767779145,1788889793679145,1788889796181063,2501918
load1000-interval-100,1,100,258,1788889767823658,1788889793723658,1788889796244277,2520619
load1000-oneshot-100,0,100,259,1788889767779145,1788889793779145,1788889796291434,2512289
load1000-interval-100,1,100,259,1788889767823658,1788889793823658,1788889796354437,2530779
load1000-oneshot-1000,0,1000,27,1788889768103303,1788889796103303,1788889796369447,266144
load1000-oneshot-500,0,500,55,1788889767866747,1788889795866747,1788889796400781,534034
load1000-oneshot-100,0,100,260,1788889767779145,1788889793879145,1788889796400873,2521728
load1000-interval-100,1,100,260,1788889767823658,1788889793923658,1788889796464540,2540882
load1000-interval-1000,1,1000,27,1788889768147355,1788889796147355,1788889796464612,317257
load1000-oneshot-100,0,100,261,1788889767779145,1788889793979145,1788889796512301,2533156
load1000-interval-100,1,100,261,1788889767823658,1788889794023658,1788889796576345,2552687
load1000-interval-500,1,500,55,1788889768061277,1788889796061277,1788889796576442,515165
load1000-oneshot-100,0,100,262,1788889767779145,1788889794079145,1788889796623922,2544777
load1000-interval-100,1,100,262,1788889767823658,1788889794123658,1788889796686535,2562877
load1000-oneshot-100,0,100,263,1788889767779145,1788889794179145,1788889796732948,2553803
load1000-interval-100,1,100,263,1788889767823658,1788889794223658,1788889796795555,2571897
load1000-oneshot-100,0,100,264,1788889767779145,1788889794279145,1788889796842879,2563734
load1000-interval-100,1,100,264,1788889767823658,1788889794323658,1788889796905849,2582191
load1000-oneshot-500,0,500,56,1788889767866747,1788889796366747,1788889796905909,539162
load1000-oneshot-100,0,100,265,1788889767779145,1788889794379145,1788889796952603,2573458
load1000-interval-100,1,100,265,1788889767823658,1788889794423658,1788889797016171,2592513
load1000-oneshot-100,0,100,266,1788889767779145,1788889794479145,1788889797063599,2584454
load1000-interval-500,1,500,56,1788889768061277,1788889796561277,1788889797079060,517783
load1000-interval-100,1,100,266,1788889767823658,1788889794523658,1788889797126159,2602501
load1000-oneshot-100,0,100,267,1788889767779145,1788889794579145,1788889797173073,2593928
load1000-interval-100,1,100,267,1788889767823658,1788889794623658,1788889797236419,2612761
load1000-oneshot-100,0,100,268,1788889767779145,1788889794679145,1788889797283676,2604531
load1000-interval-100,1,100,268,1788889767823658,1788889794723658,1788889797346674,2623016
load1000-oneshot-1000,0,1000,28,1788889768103303,1788889797103303,1788889797377964,274661
load1000-oneshot-100,0,100,269,1788889767779145,1788889794779145,1788889797393529,2614384
load1000-oneshot-500,0,500,57,1788889767866747,1788889796866747,1788889797408513,541766
load1000-interval-100,1,100,269,1788889767823658,1788889794823658,1788889797455359,2631701
load1000-interval-1000,1,1000,28,1788889768147355,1788889797147355,1788889797471426,324071
load1000-oneshot-100,0,100,270,1788889767779145,1788889794879145,1788889797503275,2624130
load1000-interval-100,1,100,270,1788889767823658,1788889794923658,1788889797565651,2641993
load1000-interval-500,1,500,57,1788889768061277,1788889797061277,1788889797581335,520058
load1000-oneshot-100,0,100,271,1788889767779145,1788889794979145,1788889797612950,2633805
load1000-interval-100,1,100,271,1788889767823658,1788889795023658,1788889797675920,2652262
load1000-oneshot-100,0,100,272,1788889767779145,1788889795079145,1788889797722162,2643017
load1000-interval-100,1,100,272,1788889767823658,1788889795123658,1788889797784455,2660797
load1000-oneshot-100,0,100,273,1788889767779145,1788889795179145,1788889797831715,2652570
load1000-interval-100,1,100,273,1788889767823658,1788889795223658,1788889797894090,2670432
load1000-oneshot-500,0,500,58,1788889767866747,1788889797366747,1788889797910098,543351
load1000-oneshot-100,0,100,274,1788889767779145,1788889795279145,1788889797941405,2662260
load1000-interval-100,1,100,274,1788889767823658,1788889795323658,1788889798004224,2680566
load1000-oneshot-100,0,100,275,1788889767779145,1788889795379145,1788889798050692,2671547
load1000-interval-500,1,500,58,1788889768061277,1788889797561277,1788889798083052,521775
load1000-interval-100,1,100,275,1788889767823658,1788889795423658,1788889798114823,2691165
load1000-oneshot-100,0,100,276,1788889767779145,1788889795479145,1788889798160883,2681738
load1000-interval-100,1,100,276,1788889767823658,1788889795523658,1788889798224129,2700471
load1000-oneshot-100,0,100,277,1788889767779145,1788889795579145,1788889798269884,2690739
load1000-interval-100,1,100,277,1788889767823658,1788889795623658,1788889798333740,2710082
load1000-oneshot-100,0,100,278,1788889767779145,1788889795679145,1788889798380933,2701788
load1000-oneshot-1000,0,1000,29,1788889768103303,1788889798103303,1788889798381051,277748
load1000-oneshot-500,0,500,59,1788889767866747,1788889797866747,1788889798412406,545659
load1000-interval-100,1,100,278,1788889767823658,1788889795723658,1788889798444098,2720440
load1000-interval-1000,1,1000,29,1788889768147355,1788889798147355,1788889798474688,327333
load1000-oneshot-100,0,100,279,1788889767779145,1788889795779145,1788889798490722,2711577
load1000-interval-100,1,100,279,1788889767823658,1788889795823658,1788889798554047,2730389
load1000-interval-500,1,500,59,1788889768061277,1788889798061277,1788889798585966,524689
load1000-oneshot-100,0,100,280,1788889767779145,1788889795879145,1788889798600991,2721846
load1000-interval-100,1,100,280,1788889767823658,1788889795923658,1788889798663581,2739923
load1000-oneshot-100,0,100,281,1788889767779145,1788889795979145,1788889798710642,2731497
load1000-interval-100,1,100,281,1788889767823658,1788889796023658,1788889798773475,2749817
load1000-oneshot-100,0,100,282,1788889767779145,1788889796079145,1788889798820790,2741645
load1000-interval-100,1,100,282,1788889767823658,1788889796123658,1788889798883885,2760227
load1000-oneshot-500,0,500,60,1788889767866747,1788889798366747,1788889798915992,549245
load1000-oneshot-100,0,100,283,1788889767779145,1788889796179145,1788889798931562,2752417
load1000-interval-100,1,100,283,1788889767823658,1788889796223658,1788889798994292,2770634
load1000-oneshot-100,0,100,284,1788889767779145,1788889796279145,1788889799042364,2763219
load1000-interval-500,1,500,60,1788889768061277,1788889798561277,1788889799088891,527614
load1000-interval-100,1,100,284,1788889767823658,1788889796323658,1788889799104096,2780438
load1000-oneshot-100,0,100,285,1788889767779145,1788889796379145,1788889799151430,2772285
load1000-interval-100,1,100,285,1788889767823658,1788889796423658,1788889799215196,2791538
load1000-oneshot-100,0,100,286,1788889767779145,1788889796479145,1788889799263028,2783883
load1000-interval-100,1,100,286,1788889767823658,1788889796523658,1788889799325998,2802340
load1000-oneshot-100,0,100,287,1788889767779145,1788889796579145,1788889799372851,2793706
load1000-oneshot-1000,0,1000,30,1788889768103303,1788889799103303,1788889799388534,285231
load1000-oneshot-500,0,500,61,1788889767866747,1788889798866747,1788889799419040,552293
load1000-interval-100,1,100,287,1788889767823658,1788889796623658,1788889799434271,2810613
load1000-oneshot-100,0,100,288,1788889767779145,1788889796679145,1788889799481967,2802822
load1000-interval-1000,1,1000,30,1788889768147355,1788889799147355,1788889799482065,334710
load1000-interval-100,1,100,288,1788889767823658,1788889796723658,1788889799545477,2821819
load1000-oneshot-100,0,100,289,1788889767779145,1788889796779145,1788889799591443,2812298
load1000-interval-500,1,500,61,1788889768061277,1788889799061277,1788889799591604,530327
load1000-interval-100,1,100,289,1788889767823658,1788889796823658,1788889799653459,2829801
load1000-oneshot-100,0,100,290,1788889767779145,1788889796879145,1788889799700542,2821397
load1000-interval-100,1,100,290,1788889767823658,1788889796923658,1788889799763372,2839714
load1000-oneshot-100,0,100,291,1788889767779145,1788889796979145,1788889799811376,2832231
load1000-interval-100,1,100,291,1788889767823658,1788889797023658,1788889799874922,2851264
load1000-oneshot-100,0,100,292,1788889767779145,1788889797079145,1788889799922930,2843785
load1000-oneshot-500,0,500,62,1788889767866747,1788889799366747,1788889799922998,556251
load1000-interval-100,1,100,292,1788889767823658,1788889797123658,1788889799985093,2861435
load1000-oneshot-100,0,100,293,1788889767779145,1788889797179145,1788889800031820,2852675
load1000-interval-100,1,100,293,1788889767823658,1788889797223658,1788889800094880,2871222
load1000-interval-500,1,500,62,1788889768061277,1788889799561277,1788889800094950,533673
load1000-oneshot-100,0,100,294,1788889767779145,1788889797279145,1788889800141338,2862193
load1000-interval-100,1,100,294,1788889767823658,1788889797323658,1788889800202676,2879018
load1000-oneshot-100,0,100,295,1788889767779145,1788889797379145,1788889800248420,2869275
load1000-interval-100,1,100,295,1788889767823658,1788889797423658,1788889800310729,2887071
load1000-oneshot-100,0,100,296,1788889767779145,1788889797479145,1788889800357684,2878539
load1000-oneshot-1000,0,1000,31,1788889768103303,1788889800103303,1788889800404593,301290
load1000-interval-100,1,100,296,1788889767823658,1788889797523658,1788889800420484,2896826
load1000-oneshot-500,0,500,63,1788889767866747,1788889799866747,1788889800435894,569147
load1000-oneshot-100,0,100,297,1788889767779145,1788889797579145,1788889800466918,2887773
load1000-interval-1000,1,1000,31,1788889768147355,1788889800147355,1788889800497882,350527
load1000-interval-100,1,100,297,1788889767823658,1788889797623658,1788889800529551,2905893
load1000-oneshot-100,0,100,298,1788889767779145,1788889797679145,1788889800576187,2897042
load1000-interval-500,1,500,63,1788889768061277,1788889800061277,1788889800607365,546088
load1000-interval-100,1,100,298,1788889767823658,1788889797723658,1788889800637909,2914251
load1000-oneshot-100,0,100,299,1788889767779145,1788889797779145,1788889800685552,2906407
load1000-interval-100,1,100,299,1788889767823658,1788889797823658,1788889800747600,2923942
load1000-oneshot-100,0,100,300,1788889767779145,1788889797879145,1788889800794668,2915523
load1000-interval-100,1,100,300,1788889767823658,1788889797923658,1788889800858562,2934904
load1000-oneshot-100,0,100,301,1788889767779145,1788889797979145,1788889800905060,2925915
load1000-oneshot-500,0,500,64,1788889767866747,1788889800366747,1788889800951827,585080
load1000-interval-100,1,100,301,1788889767823658,1788889798023658,1788889800967323,2943665
load1000-oneshot-100,0,100,302,1788889767779145,1788889798079145,1788889801013416,2934271
load1000-interval-100,1,100,302,1788889767823658,1788889798123658,1788889801075961,2952303
load1000-interval-500,1,500,64,1788889768061277,1788889800561277,1788889801123079,561802
load1000-oneshot-100,0,100,303,1788889767779145,1788889798179145,1788889801123189,2944044
load1000-interval-100,1,100,303,1788889767823658,1788889798223658,1788889801184522,2960864
load1000-oneshot-100,0,100,304,1788889767779145,1788889798279145,1788889801231485,2952340
load1000-interval-100,1,100,304,1788889767823658,1788889798323658,1788889801294255,2970597
load1000-oneshot-100,0,100,305,1788889767779145,1788889798379145,1788889801340794,2961649
load1000-interval-100,1,100,305,1788889767823658,1788889798423658,1788889801403142,2979484
load1000-oneshot-1000,0,1000,32,1788889768103303,1788889801103303,1788889801419121,315818
load1000-oneshot-100,0,100,306,1788889767779145,1788889798479145,1788889801450307,2971162
load1000-oneshot-500,0,500,65,1788889767866747,1788889800866747,1788889801465528,598781
load1000-interval-1000,1,1000,32,1788889768147355,1788889801147355,1788889801511799,364444
load1000-interval-100,1,100,306,1788889767823658,1788889798523658,1788889801511881,2988223
load1000-oneshot-100,0,100,307,1788889767779145,1788889798579145,1788889801559689,2980544
load1000-interval-100,1,100,307,1788889767823658,1788889798623658,1788889801620934,2997276
load1000-interval-500,1,500,65,1788889768061277,1788889801061277,1788889801636911,575634
load1000-oneshot-100,0,100,308,1788889767779145,1788889798679145,1788889801668228,2989083
load1000-interval-100,1,100,308,1788889767823658,1788889798723658,1788889801730994,3007336
load1000-oneshot-100,0,100,309,1788889767779145,1788889798779145,1788889801777996,2998851
load1000-interval-100,1,100,309,1788889767823658,1788889798823658,1788889801840377,3016719
load1000-oneshot-100,0,100,310,1788889767779145,1788889798879145,1788889801886236,3007091
load1000-interval-100,1,100,310,1788889767823658,1788889798923658,1788889801948676,3025018
load1000-oneshot-500,0,500,66,1788889767866747,1788889801366747,1788889801979675,612928
load1000-oneshot-100,0,100,311,1788889767779145,1788889798979145,1788889801994997,3015852
load1000-interval-100,1,100,311,1788889767823658,1788889799023658,1788889802057247,3033589
load1000-oneshot-100,0,100,312,1788889767779145,1788889799079145,1788889802103967,3024822
load1000-interval-500,1,500,66,1788889768061277,1788889801561277,1788889802151410,590133
load1000-interval-100,1,100,312,1788889767823658,1788889799123658,1788889802166774,3043116
load1000-oneshot-100,0,100,313,1788889767779145,1788889799179145,1788889802213657,3034512
load1000-interval-100,1,100,313,1788889767823658,1788889799223658,1788889802276017,3052359
load1000-oneshot-100,0,100,314,1788889767779145,1788889799279145,1788889802323505,3044360
load1000-interval-100,1,100,314,1788889767823658,1788889799323658,1788889802385623,3061965
load1000-oneshot-1000,0,1000,33,1788889768103303,1788889802103303,1788889802432457,329154
load1000-oneshot-100,0,100,315,1788889767779145,1788889799379145,1788889802432542,3053397
load1000-oneshot-500,0,500,67,1788889767866747,1788889801866747,1788889802495437,628690
load1000-interval-100,1,100,315,1788889767823658,1788889799423658,1788889802495529,3071871
load1000-interval-1000,1,1000,33,1788889768147355,1788889802147355,1788889802526511,379156
load1000-oneshot-100,0,100,316,1788889767779145,1788889799479145,1788889802542275,3063130
load1000-interval-100,1,100,316,1788889767823658,1788889799523658,1788889802604350,3080692
load1000-oneshot-100,0,100,317,1788889767779145,1788889799579145,1788889802651313,3072168
load1000-interval-500,1,500,67,1788889768061277,1788889802061277,1788889802666823,605546
load1000-interval-100,1,100,317,1788889767823658,1788889799623658,1788889802713349,3089691
load1000-oneshot-100,0,100,318,1788889767779145,1788889799679145,1788889802760659,3081514
load1000-interval-100,1,100,318,1788889767823658,1788889799723658,1788889802822926,3099268
load1000-oneshot-100,0,100,319,1788889767779145,1788889799779145,1788889802869065,3089920
load1000-interval-100,1,100,319,1788889767823658,1788889799823658,1788889802933014,3109356
load1000-oneshot-100,0,100,320,1788889767779145,1788889799879145,1788889802979321,3100176
load1000-oneshot-500,0,500,68,1788889767866747,1788889802366747,1788889803010404,643657
load1000-interval-100,1,100,320,1788889767823658,1788889799923658,1788889803041935,3118277
load1000-oneshot-100,0,100,321,1788889767779145,1788889799979145,1788889803089197,3110052
load1000-interval-100,1,100,321,1788889767823658,1788889800023658,1788889803151217,3127559
load1000-interval-500,1,500,68,1788889768061277,1788889802561277,1788889803182264,620987
load1000-oneshot-100,0,100,322,1788889767779145,1788889800079145,1788889803198317,3119172
load1000-interval-100,1,100,322,1788889767823658,1788889800123658,1788889803260382,3136724
load1000-oneshot-100,0,100,323,1788889767779145,1788889800179145,1788889803307448,3128303
load1000-interval-100,1,100,323,1788889767823658,1788889800223658,1788889803368939,3145281
load1000-oneshot-100,0,100,324,1788889767779145,1788889800279145,1788889803416083,3136938
load1000-oneshot-1000,0,1000,34,1788889768103303,1788889803103303,1788889803447202,343899
load1000-interval-100,1,100,324,1788889767823658,1788889800323658,1788889803478693,3155035
load1000-oneshot-500,0,500,69,1788889767866747,1788889802866747,1788889803525439,658692
load1000-oneshot-100,0,100,325,1788889767779145,1788889800379145,1788889803525568,3146423
load1000-interval-1000,1,1000,34,1788889768147355,1788889803147355,1788889803540942,393587
load1000-interval-100,1,100,325,1788889767823658,1788889800423658,1788889803588600,3164942
load1000-oneshot-100,0,100,326,1788889767779145,1788889800479145,1788889803634372,3155227
load1000-interval-500,1,500,69,1788889768061277,1788889803061277,1788889803697450,636173
load1000-interval-100,1,100,326,1788889767823658,1788889800523658,1788889803697521,3173863
load1000-oneshot-100,0,100,327,1788889767779145,1788889800579145,1788889803743913,3164768
load1000-interval-100,1,100,327,1788889767823658,1788889800623658,1788889803805887,3182229
load1000-oneshot-100,0,100,328,1788889767779145,1788889800679145,1788889803852449,3173304
load1000-interval-100,1,100,328,1788889767823658,1788889800723658,1788889803914942,3191284
load1000-oneshot-100,0,100,329,1788889767779145,1788889800779145,1788889803960266,3181121
load1000-interval-100,1,100,329,1788889767823658,1788889800823658,1788889804023007,3199349
load1000-oneshot-500,0,500,70,1788889767866747,1788889803366747,1788889804038607,671860
load1000-oneshot-100,0,100,330,1788889767779145,1788889800879145,1788889804069979,3190834
load1000-interval-100,1,100,330,1788889767823658,1788889800923658,1788889804133247,3209589
load1000-oneshot-100,0,100,331,1788889767779145,1788889800979145,1788889804179759,3200614
load1000-interval-500,1,500,70,1788889768061277,1788889803561277,1788889804210625,649348
load1000-interval-100,1,100,331,1788889767823658,1788889801023658,1788889804241706,3218048
load1000-oneshot-100,0,100,332,1788889767779145,1788889801079145,1788889804288010,3208865
load1000-interval-100,1,100,332,1788889767823658,1788889801123658,1788889804352464,3228806
load1000-oneshot-100,0,100,333,1788889767779145,1788889801179145,1788889804398948,3219803
load1000-oneshot-1000,0,1000,35,1788889768103303,1788889804103303,1788889804462184,358881
load1000-interval-100,1,100,333,1788889767823658,1788889801223658,1788889804462279,3238621
load1000-oneshot-100,0,100,334,1788889767779145,1788889801279145,1788889804508227,3229082
load1000-oneshot-500,0,500,71,1788889767866747,1788889803866747,1788889804555381,688634
load1000-interval-1000,1,1000,35,1788889768147355,1788889804147355,1788889804555473,408118
load1000-interval-100,1,100,334,1788889767823658,1788889801323658,1788889804571401,3247743
load1000-oneshot-100,0,100,335,1788889767779145,1788889801379145,1788889804618195,3239050
load1000-interval-100,1,100,335,1788889767823658,1788889801423658,1788889804681879,3258221
load1000-interval-500,1,500,71,1788889768061277,1788889804061277,1788889804713539,652262
load1000-oneshot-100,0,100,336,1788889767779145,1788889801479145,1788889804729522,3250377
load1000-interval-100,1,100,336,1788889767823658,1788889801523658,1788889804792961,3269303
load1000-oneshot-100,0,100,337,1788889767779145,1788889801579145,1788889804838911,3259766
load1000-interval-100,1,100,337,1788889767823658,1788889801623658,1788889804900252,3276594
load1000-oneshot-100,0,100,338,1788889767779145,1788889801679145,1788889804945785,3266640
load1000-interval-100,1,100,338,1788889767823658,1788889801723658,1788889805008162,3284504
load1000-oneshot-100,0,100,339,1788889767779145,1788889801779145,1788889805056260,3277115
load1000-oneshot-500,0,500,72,1788889767866747,1788889804366747,1788889805056998,690251
load1000-interval-100,1,100,339,1788889767823658,1788889801823658,1788889805118239,3294581
load1000-oneshot-100,0,100,340,1788889767779145,1788889801879145,1788889805163895,3284750
load1000-interval-500,1,500,72,1788889768061277,1788889804561277,1788889805226076,664799
load1000-interval-100,1,100,340,1788889767823658,1788889801923658,1788889805226177,3302519
load1000-oneshot-100,0,100,341,1788889767779145,1788889801979145,1788889805272320,3293175
load1000-interval-100,1,100,341,1788889767823658,1788889802023658,1788889805334442,3310784
load1000-oneshot-100,0,100,342,1788889767779145,1788889802079145,1788889805381922,3302777
load1000-interval-100,1,100,342,1788889767823658,1788889802123658,1788889805444680,3321022
load1000-oneshot-1000,0,1000,36,1788889768103303,1788889805103303,1788889805476176,372873
load1000-oneshot-100,0,100,343,1788889767779145,1788889802179145,1788889805492266,3313121
load1000-interval-100,1,100,343,1788889767823658,1788889802223658,1788889805554263,3330605
load1000-interval-1000,1,1000,36,1788889768147355,1788889805147355,1788889805569414,422059
load1000-oneshot-500,0,500,73,1788889767866747,1788889804866747,1788889805569534,702787
load1000-oneshot-100,0,100,344,1788889767779145,1788889802279145,1788889805600984,3321839
load1000-interval-100,1,100,344,1788889767823658,1788889802323658,1788889805664554,3340896
load1000-oneshot-100,0,100,345,1788889767779145,1788889802379145,1788889805711094,3331949
load1000-interval-500,1,500,73,1788889768061277,1788889805061277,1788889805742275,680998
load1000-interval-100,1,100,345,1788889767823658,1788889802423658,1788889805774592,3350934
load1000-oneshot-100,0,100,346,1788889767779145,1788889802479145,1788889805821824,3342679
load1000-interval-100,1,100,346,1788889767823658,1788889802523658,1788889805884688,3361030
load1000-oneshot-100,0,100,347,1788889767779145,1788889802579145,1788889805932248,3353103
load1000-interval-100,1,100,347,1788889767823658,1788889802623658,1788889805994496,3370838
load1000-oneshot-100,0,100,348,1788889767779145,1788889802679145,1788889806041627,3362482
load1000-oneshot-500,0,500,74,1788889767866747,1788889805366747,1788889806073707,706960
load1000-interval-100,1,100,348,1788889767823658,1788889802723658,1788889806105001,3381343
load1000-oneshot-100,0,100,349,1788889767779145,1788889802779145,1788889806152811,3373666
load1000-interval-100,1,100,349,1788889767823658,1788889802823658,1788889806215669,3392011
load1000-interval-500,1,500,74,1788889768061277,1788889805561277,1788889806247791,686514
load1000-oneshot-100,0,100,350,1788889767779145,1788889802879145,1788889806263787,3384642
load1000-interval-100,1,100,350,1788889767823658,1788889802923658,1788889806325687,3402029
load1000-oneshot-100,0,100,351,1788889767779145,1788889802979145,1788889806372555,3393410
load1000-interval-100,1,100,351,1788889767823658,1788889803023658,1788889806434844,3411186
load1000-oneshot-100,0,100,352,1788889767779145,1788889803079145,1788889806481702,3402557
load1000-oneshot-1000,0,1000,37,1788889768103303,1788889806103303,1788889806481839,378536
load1000-interval-100,1,100,352,1788889767823658,1788889803123658,1788889806543872,3420214
load1000-interval-1000,1,1000,37,1788889768147355,1788889806147355,1788889806576251,428896
load1000-oneshot-500,0,500,75,1788889767866747,1788889805866747,1788889806576332,709585
load1000-oneshot-100,0,100,353,1788889767779145,1788889803179145,1788889806591606,3412461
load1000-interval-100,1,100,353,1788889767823658,1788889803223658,1788889806655180,3431522
load1000-oneshot-100,0,100,354,1788889767779145,1788889803279145,1788889806700481,3421336
load1000-interval-500,1,500,75,1788889768061277,1788889806061277,1788889806762618,701341
load1000-interval-100,1,100,354,1788889767823658,1788889803323658,1788889806762680,3439022
load1000-oneshot-100,0,100,355,1788889767779145,1788889803379145,1788889806809452,3430307
load1000-interval-100,1,100,355,1788889767823658,1788889803423658,1788889806872630,3448972
load1000-oneshot-100,0,100,356,1788889767779145,1788889803479145,1788889806920205,3441060
load1000-interval-100,1,100,356,1788889767823658,1788889803523658,1788889806983909,3460251
load1000-oneshot-100,0,100,357,1788889767779145,1788889803579145,1788889807030681,3451536
load1000-oneshot-500,0,500,76,1788889767866747,1788889806366747,1788889807093646,726899
load1000-interval-100,1,100,357,1788889767823658,1788889803623658,1788889807093751,3470093
load1000-oneshot-100,0,100,358,1788889767779145,1788889803679145,1788889807140720,3461575
load1000-interval-100,1,100,358,1788889767823658,1788889803723658,1788889807203513,3479855
load1000-oneshot-100,0,100,359,1788889767779145,1788889803779145,1788889807249605,3470460
load1000-interval-500,1,500,76,1788889768061277,1788889806561277,1788889807264787,703510
load1000-interval-100,1,100,359,1788889767823658,1788889803823658,1788889807313056,3489398
load1000-oneshot-100,0,100,360,1788889767779145,1788889803879145,1788889807360592,3481447
load1000-interval-100,1,100,360,1788889767823658,1788889803923658,1788889807423318,3499660
load1000-oneshot-100,0,100,361,1788889767779145,1788889803979145,1788889807468317,3489172
load1000-oneshot-1000,0,1000,38,1788889768103303,1788889807103303,1788889807483706,380403
load1000-interval-100,1,100,361,1788889767823658,1788889804023658,1788889807530255,3506597
load1000-oneshot-100,0,100,362,1788889767779145,1788889804079145,1788889807576979,3497834
load1000-interval-1000,1,1000,38,1788889768147355,1788889807147355,1788889807592445,445090
load1000-oneshot-500,0,500,77,1788889767866747,1788889806866747,1788889807608453,741706
load1000-interval-100,1,100,362,1788889767823658,1788889804123658,1788889807639492,3515834
load1000-oneshot-100,0,100,363,1788889767779145,1788889804179145,1788889807685670,3506525
load1000-interval-100,1,100,363,1788889767823658,1788889804223658,1788889807747751,3524093
load1000-interval-500,1,500,77,1788889768061277,1788889807061277,1788889807778309,717032
load1000-oneshot-100,0,100,364,1788889767779145,1788889804279145,1788889807793888,3514743
load1000-interval-100,1,100,364,1788889767823658,1788889804323658,1788889807856742,3533084
load1000-oneshot-100,0,100,365,1788889767779145,1788889804379145,1788889807904263,3525118
load1000-interval-100,1,100,365,1788889767823658,1788889804423658,1788889807967621,3543963
load1000-oneshot-100,0,100,366,1788889767779145,1788889804479145,1788889808014544,3535399
load1000-interval-100,1,100,366,1788889767823658,1788889804523658,1788889808077316,3553658
load1000-oneshot-500,0,500,78,1788889767866747,1788889807366747,1788889808123368,756621
load1000-oneshot-100,0,100,367,1788889767779145,1788889804579145,1788889808123519,3544374
load1000-interval-100,1,100,367,1788889767823658,1788889804623658,1788889808184642,3560984
load1000-oneshot-100,0,100,368,1788889767779145,1788889804679145,1788889808233245,3554100
load1000-interval-500,1,500,78,1788889768061277,1788889807561277,1788889808280187,718910
load1000-interval-100,1,100,368,1788889767823658,1788889804723658,1788889808295579,3571921
load1000-oneshot-100,0,100,369,1788889767779145,1788889804779145,1788889808342618,3563473
load1000-interval-100,1,100,369,1788889767823658,1788889804823658,1788889808404966,3581308
load1000-oneshot-100,0,100,370,1788889767779145,1788889804879145,1788889808452704,3573559
load1000-oneshot-1000,0,1000,39,1788889768103303,1788889808103303,1788889808498890,395587
load1000-interval-100,1,100,370,1788889767823658,1788889804923658,1788889808514902,3591244
load1000-oneshot-100,0,100,371,1788889767779145,1788889804979145,1788889808561604,3582459
load1000-interval-1000,1,1000,39,1788889768147355,1788889808147355,1788889808594293,446938
load1000-interval-100,1,100,371,1788889767823658,1788889805023658,1788889808625097,3601439
load1000-oneshot-500,0,500,79,1788889767866747,1788889807866747,1788889808625174,758427
load1000-oneshot-100,0,100,372,1788889767779145,1788889805079145,1788889808673066,3593921
load1000-interval-100,1,100,372,1788889767823658,1788889805123658,1788889808734232,3610574
load1000-oneshot-100,0,100,373,1788889767779145,1788889805179145,1788889808782208,3603063
load1000-interval-500,1,500,79,1788889768061277,1788889808061277,1788889808782324,721047
load1000-interval-100,1,100,373,1788889767823658,1788889805223658,1788889808845626,3621968
load1000-oneshot-100,0,100,374,1788889767779145,1788889805279145,1788889808892396,3613251
load1000-interval-100,1,100,374,1788889767823658,1788889805323658,1788889808954082,3630424
load1000-oneshot-100,0,100,375,1788889767779145,1788889805379145,1788889809000837,3621692
load1000-interval-100,1,100,375,1788889767823658,1788889805423658,1788889809065370,3641712
load1000-oneshot-100,0,100,376,1788889767779145,1788889805479145,1788889809113584,3634439
load1000-oneshot-500,0,500,80,1788889767866747,1788889808366747,1788889809129015,762268
load1000-interval-100,1,100,376,1788889767823658,1788889805523658,1788889809176838,3653180
load1000-oneshot-100,0,100,377,1788889767779145,1788889805579145,1788889809223792,3644647
load1000-interval-100,1,100,377,1788889767823658,1788889805623658,1788889809287749,3664091
load1000-interval-500,1,500,80,1788889768061277,1788889808561277,1788889809287834,726557
load1000-oneshot-100,0,100,378,1788889767779145,1788889805679145,1788889809334408,3655263
load1000-interval-100,1,100,378,1788889767823658,1788889805723658,1788889809396686,3673028
load1000-oneshot-100,0,100,379,1788889767779145,1788889805779145,1788889809443849,3664704
load1000-interval-100,1,100,379,1788889767823658,1788889805823658,1788889809504949,3681291
load1000-oneshot-1000,0,1000,40,1788889768103303,1788889809103303,1788889809505069,401766
load1000-oneshot-100,0,100,380,1788889767779145,1788889805879145,1788889809551201,3672056
load1000-interval-1000,1,1000,40,1788889768147355,1788889809147355,1788889809598035,450680
load1000-interval-100,1,100,380,1788889767823658,1788889805923658,1788889809614198,3690540
load1000-oneshot-500,0,500,81,1788889767866747,1788889808866747,1788889809645209,778462
load1000-oneshot-100,0,100,381,1788889767779145,1788889805979145,1788889809660237,3681092
load1000-interval-100,1,100,381,1788889767823658,1788889806023658,1788889809721649,3697991
load1000-oneshot-100,0,100,382,1788889767779145,1788889806079145,1788889809768892,3689747
load1000-interval-500,1,500,81,1788889768061277,1788889809061277,1788889809800105,738828
load1000-interval-100,1,100,382,1788889767823658,1788889806123658,1788889809832054,3708396
load1000-oneshot-100,0,100,383,1788889767779145,1788889806179145,1788889809879616,3700471
load1000-interval-100,1,100,383,1788889767823658,1788889806223658,1788889809942985,3719327
load1000-oneshot-100,0,100,384,1788889767779145,1788889806279145,1788889809990134,3710989
load1000-interval-100,1,100,384,1788889767823658,1788889806323658,1788889810051230,3727572
load1000-oneshot-100,0,100,385,1788889767779145,1788889806379145,1788889810098058,3718913
load1000-oneshot-500,0,500,82,1788889767866747,1788889809366747,1788889810160552,793805
load1000-interval-100,1,100,385,1788889767823658,1788889806423658,1788889810160606,3736948
load1000-oneshot-100,0,100,386,1788889767779145,1788889806479145,1788889810207627,3728482
load1000-interval-100,1,100,386,1788889767823658,1788889806523658,1788889810269655,3745997
load1000-interval-500,1,500,82,1788889768061277,1788889809561277,1788889810316938,755661
load1000-oneshot-100,0,100,387,1788889767779145,1788889806579145,1788889810317023,3737878
load1000-interval-100,1,100,387,1788889767823658,1788889806623658,1788889810380524,3756866
load1000-oneshot-100,0,100,388,1788889767779145,1788889806679145,1788889810427969,3748824
load1000-interval-100,1,100,388,1788889767823658,1788889806723658,1788889810490402,3766744
load1000-oneshot-1000,0,1000,41,1788889768103303,1788889810103303,1788889810521485,418182
load1000-oneshot-100,0,100,389,1788889767779145,1788889806779145,1788889810537111,3757966
load1000-interval-100,1,100,389,1788889767823658,1788889806823658,1788889810599477,3775819
load1000-interval-1000,1,1000,41,1788889768147355,1788889810147355,1788889810615476,468121
load1000-oneshot-100,0,100,390,1788889767779145,1788889806879145,1788889810647081,3767936
load1000-oneshot-500,0,500,83,1788889767866747,1788889809866747,1788889810663036,796289
load1000-interval-100,1,100,390,1788889767823658,1788889806923658,1788889810709843,3786185
load1000-oneshot-100,0,100,391,1788889767779145,1788889806979145,1788889810756622,3777477
load1000-interval-100,1,100,391,1788889767823658,1788889807023658,1788889810817193,3793535
load1000-interval-500,1,500,83,1788889768061277,1788889810061277,1788889810833220,771943
load1000-oneshot-100,0,100,392,1788889767779145,1788889807079145,1788889810865019,3785874
load1000-interval-100,1,100,392,1788889767823658,1788889807123658,1788889810926735,3803077
load1000-oneshot-100,0,100,393,1788889767779145,1788889807179145,1788889810974799,3795654
load1000-interval-100,1,100,393,1788889767823658,1788889807223658,1788889811037762,3814104
load1000-oneshot-100,0,100,394,1788889767779145,1788889807279145,1788889811085402,3806257
load1000-interval-100,1,100,394,1788889767823658,1788889807323658,1788889811147102,3823444
load1000-oneshot-500,0,500,84,1788889767866747,1788889810366747,1788889811178139,811392
load1000-oneshot-100,0,100,395,1788889767779145,1788889807379145,1788889811193936,3814791
load1000-interval-100,1,100,395,1788889767823658,1788889807423658,1788889811256300,3832642
load1000-oneshot-100,0,100,396,1788889767779145,1788889807479145,1788889811304270,3825125
load1000-interval-500,1,500,84,1788889768061277,1788889810561277,1788889811335704,774427
load1000-interval-100,1,100,396,1788889767823658,1788889807523658,1788889811367992,3844334
load1000-oneshot-100,0,100,397,1788889767779145,1788889807579145,1788889811414156,3835011
load1000-interval-100,1,100,397,1788889767823658,1788889807623658,1788889811476730,3853072
load1000-oneshot-100,0,100,398,1788889767779145,1788889807679145,1788889811522482,3843337
load1000-oneshot-1000,0,1000,42,1788889768103303,1788889811103303,1788889811537972,434669
load1000-interval-100,1,100,398,1788889767823658,1788889807723658,1788889811584493,3860835
load1000-interval-1000,1,1000,42,1788889768147355,1788889811147355,1788889811630871,483516
load1000-oneshot-100,0,100,399,1788889767779145,1788889807779145,1788889811630976,3851831
load1000-oneshot-500,0,500,85,1788889767866747,1788889810866747,1788889811693342,826595
load1000-interval-100,1,100,399,1788889767823658,1788889807823658,1788889811693446,3869788
load1000-oneshot-100,0,100,400,1788889767779145,1788889807879145,1788889811740770,3861625
load1000-interval-100,1,100,400,1788889767823658,1788889807923658,1788889811803943,3880285
load1000-interval-500,1,500,85,1788889768061277,1788889811061277,1788889811851399,790122
load1000-oneshot-100,0,100,401,1788889767779145,1788889807979145,1788889811851492,3872347
load1000-interval-100,1,100,401,1788889767823658,1788889808023658,1788889811913524,3889866
load1000-oneshot-100,0,100,402,1788889767779145,1788889808079145,1788889811960774,3881629
load1000-interval-100,1,100,402,1788889767823658,1788889808123658,1788889812022691,3899033
load1000-oneshot-100,0,100,403,1788889767779145,1788889808179145,1788889812069388,3890243
load1000-interval-100,1,100,403,1788889767823658,1788889808223658,1788889812132055,3908397
load1000-oneshot-100,0,100,404,1788889767779145,1788889808279145,1788889812178589,3899444
load1000-oneshot-500,0,500,86,1788889767866747,1788889811366747,1788889812195134,828387
load1000-interval-100,1,100,404,1788889767823658,1788889808323658,1788889812240973,3917315
load1000-oneshot-100,0,100,405,1788889767779145,1788889808379145,1788889812287443,3908298
load1000-interval-100,1,100,405,1788889767823658,1788889808423658,1788889812349998,3926340
load1000-interval-500,1,500,86,1788889768061277,1788889811561277,1788889812366070,804793
load1000-oneshot-100,0,100,406,1788889767779145,1788889808479145,1788889812397396,3918251
load1000-interval-100,1,100,406,1788889767823658,1788889808523658,1788889812459809,3936151
load1000-oneshot-100,0,100,407,1788889767779145,1788889808579145,1788889812507586,3928441
load1000-oneshot-1000,0,1000,43,1788889768103303,1788889812103303,1788889812554445,451142
load1000-interval-100,1,100,407,1788889767823658,1788889808623658,1788889812570510,3946852
load1000-oneshot-100,0,100,408,1788889767779145,1788889808679145,1788889812617213,3938068
load1000-interval-1000,1,1000,43,1788889768147355,1788889812147355,1788889812632988,485633
load1000-interval-100,1,100,408,1788889767823658,1788889808723658,1788889812678015,3954357
load1000-oneshot-500,0,500,87,1788889767866747,1788889811866747,1788889812708318,841571
load1000-oneshot-100,0,100,409,1788889767779145,1788889808779145,1788889812724440,3945295
load1000-interval-100,1,100,409,1788889767823658,1788889808823658,1788889812787605,3963947
load1000-oneshot-100,0,100,410,1788889767779145,1788889808879145,1788889812834919,3955774
load1000-interval-500,1,500,87,1788889768061277,1788889812061277,1788889812882506,821229
load1000-interval-100,1,100,410,1788889767823658,1788889808923658,1788889812898049,3974391
load1000-oneshot-100,0,100,411,1788889767779145,1788889808979145,1788889812944516,3965371
load1000-interval-100,1,100,411,1788889767823658,1788889809023658,1788889813007729,3984071
load1000-oneshot-100,0,100,412,1788889767779145,1788889809079145,1788889813054540,3975395
load1000-interval-100,1,100,412,1788889767823658,1788889809123658,1788889813116606,3992948
load1000-oneshot-100,0,100,413,1788889767779145,1788889809179145,1788889813164517,3985372
load1000-oneshot-500,0,500,88,1788889767866747,1788889812366747,1788889813211865,845118
load1000-interval-100,1,100,413,1788889767823658,1788889809223658,1788889813227536,4003878
load1000-oneshot-100,0,100,414,1788889767779145,1788889809279145,1788889813272907,3993762
load1000-interval-100,1,100,414,1788889767823658,1788889809323658,1788889813335308,4011650
load1000-oneshot-100,0,100,415,1788889767779145,1788889809379145,1788889813383238,4004093
load1000-interval-500,1,500,88,1788889768061277,1788889812561277,1788889813399462,838185
load1000-interval-100,1,100,415,1788889767823658,1788889809423658,1788889813446115,4022457
load1000-oneshot-100,0,100,416,1788889767779145,1788889809479145,1788889813492813,4013668
load1000-interval-100,1,100,416,1788889767823658,1788889809523658,1788889813554091,4030433
load1000-oneshot-1000,0,1000,44,1788889768103303,1788889813103303,1788889813570130,466827
load1000-oneshot-100,0,100,417,1788889767779145,1788889809579145,1788889813601472,4022327
load1000-interval-1000,1,1000,44,1788889768147355,1788889813147355,1788889813647770,500415
load1000-interval-100,1,100,417,1788889767823658,1788889809623658,1788889813663820,4040162
load1000-oneshot-100,0,100,418,1788889767779145,1788889809679145,1788889813710130,4030985
load1000-oneshot-500,0,500,89,1788889767866747,1788889812866747,1788889813727113,860366
load1000-interval-100,1,100,418,1788889767823658,1788889809723658,1788889813774672,4051014
load1000-oneshot-100,0,100,419,1788889767779145,1788889809779145,1788889813823061,4043916
load1000-interval-100,1,100,419,1788889767823658,1788889809823658,1788889813887266,4063608
load1000-interval-500,1,500,89,1788889768061277,1788889813061277,1788889813902325,841048
load1000-oneshot-100,0,100,420,1788889767779145,1788889809879145,1788889813933858,4054713
load1000-interval-100,1,100,420,1788889767823658,1788889809923658,1788889813998492,4074834
load1000-oneshot-100,0,100,421,1788889767779145,1788889809979145,1788889814045719,4066574
load1000-interval-100,1,100,421,1788889767823658,1788889810023658,1788889814109314,4085656
load1000-oneshot-100,0,100,422,1788889767779145,1788889810079145,1788889814155461,4076316
load1000-interval-100,1,100,422,1788889767823658,1788889810123658,1788889814218483,4094825
load1000-oneshot-500,0,500,90,1788889767866747,1788889813366747,1788889814234191,867444
load1000-oneshot-100,0,100,423,1788889767779145,1788889810179145,1788889814265771,4086626
load1000-interval-100,1,100,423,1788889767823658,1788889810223658,1788889814329431,4105773
load1000-oneshot-100,0,100,424,1788889767779145,1788889810279145,1788889814376457,4097312
load1000-interval-500,1,500,90,1788889768061277,1788889813561277,1788889814407767,846490
load1000-interval-100,1,100,424,1788889767823658,1788889810323658,1788889814439601,4115943
load1000-oneshot-100,0,100,425,1788889767779145,1788889810379145,1788889814486891,4107746
load1000-interval-100,1,100,425,1788889767823658,1788889810423658,1788889814549894,4126236
load1000-oneshot-1000,0,1000,45,1788889768103303,1788889814103303,1788889814580864,477561
load1000-oneshot-100,0,100,426,1788889767779145,1788889810479145,1788889814596933,4117788
load1000-interval-1000,1,1000,45,1788889768147355,1788889814147355,1788889814660043,512688
load1000-interval-100,1,100,426,1788889767823658,1788889810523658,1788889814660144,4136486
load1000-oneshot-100,0,100,427,1788889767779145,1788889810579145,1788889814707048,4127903
load1000-oneshot-500,0,500,91,1788889767866747,1788889813866747,1788889814739120,872373
load1000-interval-100,1,100,427,1788889767823658,1788889810623658,1788889814770351,4146693
load1000-oneshot-100,0,100,428,1788889767779145,1788889810679145,1788889814817736,4138591
load1000-interval-100,1,100,428,1788889767823658,1788889810723658,1788889814880432,4156774
load1000-interval-500,1,500,91,1788889768061277,1788889814061277,1788889814911063,849786
load1000-oneshot-100,0,100,429,1788889767779145,1788889810779145,1788889814926262,4147117
load1000-interval-100,1,100,429,1788889767823658,1788889810823658,1788889814988910,4165252
load1000-oneshot-100,0,100,430,1788889767779145,1788889810879145,1788889815036084,4156939
load1000-interval-100,1,100,430,1788889767823658,1788889810923658,1788889815098249,4174591
load1000-oneshot-100,0,100,431,1788889767779145,1788889810979145,1788889815144910,4165765
load1000-interval-100,1,100,431,1788889767823658,1788889811023658,1788889815207325,4183667
load1000-oneshot-500,0,500,92,1788889767866747,1788889814366747,1788889815253633,886886
load1000-oneshot-100,0,100,432,1788889767779145,1788889811079145,1788889815253734,4174589
load1000-interval-100,1,100,432,1788889767823658,1788889811123658,1788889815316612,4192954
load1000-oneshot-100,0,100,433,1788889767779145,1788889811179145,1788889815363629,4184484
load1000-interval-500,1,500,92,1788889768061277,1788889814561277,1788889815426895,865618
load1000-interval-100,1,100,433,1788889767823658,1788889811223658,1788889815426988,4203330
load1000-oneshot-100,0,100,434,1788889767779145,1788889811279145,1788889815473466,4194321
load1000-interval-100,1,100,434,1788889767823658,1788889811323658,1788889815535594,4211936
load1000-oneshot-100,0,100,435,1788889767779145,1788889811379145,1788889815583357,4204212
load1000-oneshot-1000,0,1000,46,1788889768103303,1788889815103303,1788889815583487,480184
load1000-interval-100,1,100,435,1788889767823658,1788889811423658,1788889815646218,4222560
load1000-interval-1000,1,1000,46,1788889768147355,1788889815147355,1788889815677791,530436
load1000-oneshot-100,0,100,436,1788889767779145,1788889811479145,1788889815693175,4214030
load1000-interval-100,1,100,436,1788889767823658,1788889811523658,1788889815755779,4232121
load1000-oneshot-500,0,500,93,1788889767866747,1788889814866747,1788889815755888,889141
load1000-oneshot-100,0,100,437,1788889767779145,1788889811579145,1788889815802793,4223648
load1000-interval-100,1,100,437,1788889767823658,1788889811623658,1788889815864318,4240660
load1000-oneshot-100,0,100,438,1788889767779145,1788889811679145,1788889815910801,4231656
load1000-interval-500,1,500,93,1788889768061277,1788889815061277,1788889815942068,880791
load1000-interval-100,1,100,438,1788889767823658,1788889811723658,1788889815973104,4249446
load1000-oneshot-100,0,100,439,1788889767779145,1788889811779145,1788889816020306,4241161
load1000-interval-100,1,100,439,1788889767823658,1788889811823658,1788889816082277,4258619
load1000-oneshot-100,0,100,440,1788889767779145,1788889811879145,1788889816127816,4248671
load1000-interval-100,1,100,440,1788889767823658,1788889811923658,1788889816189482,4265824
load1000-oneshot-100,0,100,441,1788889767779145,1788889811979145,1788889816236680,4257535
load1000-oneshot-500,0,500,94,1788889767866747,1788889815366747,1788889816268301,901554
load1000-interval-100,1,100,441,1788889767823658,1788889812023658,1788889816299963,4276305
load1000-oneshot-100,0,100,442,1788889767779145,1788889812079145,1788889816347962,4268817
load1000-interval-100,1,100,442,1788889767823658,1788889812123658,1788889816411152,4287494
load1000-interval-500,1,500,94,1788889768061277,1788889815561277,1788889816457245,895968
load1000-oneshot-100,0,100,443,1788889767779145,1788889812179145,1788889816457351,4278206
load1000-interval-100,1,100,443,1788889767823658,1788889812223658,1788889816519207,4295549
load1000-oneshot-100,0,100,444,1788889767779145,1788889812279145,1788889816565474,4286329
load1000-oneshot-1000,0,1000,47,1788889768103303,1788889816103303,1788889816597029,493726
load1000-interval-100,1,100,444,1788889767823658,1788889812323658,1788889816628655,4304997
load1000-oneshot-100,0,100,445,1788889767779145,1788889812379145,1788889816677087,4297942
load1000-interval-1000,1,1000,47,1788889768147355,1788889816147355,1788889816693579,546224
load1000-interval-100,1,100,445,1788889767823658,1788889812423658,1788889816739796,4316138
load1000-oneshot-500,0,500,95,1788889767866747,1788889815866747,1788889816771350,904603
load1000-oneshot-100,0,100,446,1788889767779145,1788889812479145,1788889816787408,4308263
load1000-interval-100,1,100,446,1788889767823658,1788889812523658,1788889816849852,4326194
load1000-oneshot-100,0,100,447,1788889767779145,1788889812579145,1788889816895918,4316773
load1000-interval-100,1,100,447,1788889767823658,1788889812623658,1788889816959045,4335387
load1000-interval-500,1,500,95,1788889768061277,1788889816061277,1788889816959119,897842
load1000-oneshot-100,0,100,448,1788889767779145,1788889812679145,1788889817006502,4327357
load1000-interval-100,1,100,448,1788889767823658,1788889812723658,1788889817068067,4344409
load1000-oneshot-100,0,100,449,1788889767779145,1788889812779145,1788889817115638,4336493
load1000-interval-100,1,100,449,1788889767823658,1788889812823658,1788889817177378,4353720
load1000-oneshot-100,0,100,450,1788889767779145,1788889812879145,1788889817225450,4346305
load1000-oneshot-500,0,500,96,1788889767866747,1788889816366747,1788889817288071,921324
load1000-interval-100,1,100,450,1788889767823658,1788889812923658,1788889817288160,4364502
load1000-oneshot-100,0,100,451,1788889767779145,1788889812979145,1788889817335322,4356177
load1000-interval-100,1,100,451,1788889767823658,1788889813023658,1788889817398448,4374790
load1000-oneshot-100,0,100,452,1788889767779145,1788889813079145,1788889817445500,4366355
load1000-interval-500,1,500,96,1788889768061277,1788889816561277,1788889817461077,899800
load1000-interval-100,1,100,452,1788889767823658,1788889813123658,1788889817507710,4384052
load1000-oneshot-100,0,100,453,1788889767779145,1788889813179145,1788889817554391,4375246
load1000-oneshot-1000,0,1000,48,1788889768103303,1788889817103303,1788889817601881,498578
load1000-interval-100,1,100,453,1788889767823658,1788889813223658,1788889817617903,4394245
load1000-oneshot-100,0,100,454,1788889767779145,1788889813279145,1788889817665615,4386470
load1000-interval-1000,1,1000,48,1788889768147355,1788889817147355,1788889817697011,549656
load1000-interval-100,1,100,454,1788889767823658,1788889813323658,1788889817729557,4405899
load1000-oneshot-100,0,100,455,1788889767779145,1788889813379145,1788889817775611,4396466
load1000-oneshot-500,0,500,97,1788889767866747,1788889816866747,1788889817791091,924344
load1000-interval-100,1,100,455,1788889767823658,1788889813423658,1788889817838355,4414697
load1000-oneshot-100,0,100,456,1788889767779145,1788889813479145,1788889817885398,4406253
load1000-interval-100,1,100,456,1788889767823658,1788889813523658,1788889817948121,4424463
load1000-interval-500,1,500,97,1788889768061277,1788889817061277,1788889817963584,902307
load1000-oneshot-100,0,100,457,1788889767779145,1788889813579145,1788889817995612,4416467
load1000-interval-100,1,100,457,1788889767823658,1788889813623658,1788889818056646,4432988
load1000-oneshot-100,0,100,458,1788889767779145,1788889813679145,1788889818104271,4425126
load1000-interval-100,1,100,458,1788889767823658,1788889813723658,1788889818167725,4444067
load1000-oneshot-100,0,100,459,1788889767779145,1788889813779145,1788889818214608,4435463
load1000-interval-100,1,100,459,1788889767823658,1788889813823658,1788889818276681,4453023
load1000-oneshot-500,0,500,98,1788889767866747,1788889817366747,1788889818308040,941293
load1000-oneshot-100,0,100,460,1788889767779145,1788889813879145,1788889818323711,4444566
load1000-interval-100,1,100,460,1788889767823658,1788889813923658,1788889818385787,4462129
load1000-oneshot-100,0,100,461,1788889767779145,1788889813979145,1788889818432089,4452944
load1000-interval-500,1,500,98,1788889768061277,1788889817561277,1788889818479357,918080
load1000-interval-100,1,100,461,1788889767823658,1788889814023658,1788889818494949,4471291
load1000-oneshot-100,0,100,462,1788889767779145,1788889814079145,1788889818541328,4462183
load1000-interval-100,1,100,462,1788889767823658,1788889814123658,1788889818603634,4479976
load1000-oneshot-1000,0,1000,49,1788889768103303,1788889818103303,1788889818603747,500444
load1000-oneshot-100,0,100,463,1788889767779145,1788889814179145,1788889818651188,4472043
load1000-interval-1000,1,1000,49,1788889768147355,1788889818147355,1788889818712629,565274
load1000-interval-100,1,100,463,1788889767823658,1788889814223658,1788889818712773,4489115
load1000-oneshot-100,0,100,464,1788889767779145,1788889814279145,1788889818759465,4480320
load1000-oneshot-500,0,500,99,1788889767866747,1788889817866747,1788889818822496,955749
load1000-interval-100,1,100,464,1788889767823658,1788889814323658,1788889818822567,4498909
load1000-oneshot-100,0,100,465,1788889767779145,1788889814379145,1788889818868473,4489328
load1000-interval-100,1,100,465,1788889767823658,1788889814423658,1788889818931513,4507855
load1000-oneshot-100,0,100,466,1788889767779145,1788889814479145,1788889818978113,4498968
load1000-interval-500,1,500,99,1788889768061277,1788889818061277,1788889818994254,932977
load1000-interval-100,1,100,466,1788889767823658,1788889814523658,1788889819040451,4516793
load1000-oneshot-100,0,100,467,1788889767779145,1788889814579145,1788889819088119,4508974
load1000-interval-100,1,100,467,1788889767823658,1788889814623658,1788889819150860,4527202
load1000-oneshot-100,0,100,468,1788889767779145,1788889814679145,1788889819199104,4519959
load1000-interval-100,1,100,468,1788889767823658,1788889814723658,1788889819261454,4537796
load1000-oneshot-100,0,100,469,1788889767779145,1788889814779145,1788889819307774,4528629
load1000-oneshot-500,0,500,100,1788889767866747,1788889818366747,1788889819324304,957557
load1000-interval-100,1,100,469,1788889767823658,1788889814823658,1788889819371062,4547404
load1000-oneshot-100,0,100,470,1788889767779145,1788889814879145,1788889819418465,4539320
load1000-interval-100,1,100,470,1788889767823658,1788889814923658,1788889819479428,4555770
load1000-interval-500,1,500,100,1788889768061277,1788889818561277,1788889819510335,949058
load1000-oneshot-100,0,100,471,1788889767779145,1788889814979145,1788889819525791,4546646
load1000-interval-100,1,100,471,1788889767823658,1788889815023658,1788889819588711,4565053
load1000-oneshot-1000,0,1000,50,1788889768103303,1788889819103303,1788889819619240,515937
load1000-oneshot-100,0,100,472,1788889767779145,1788889815079145,1788889819634745,4555600
load1000-interval-100,1,100,472,1788889767823658,1788889815123658,1788889819697169,4573511
load1000-interval-1000,1,1000,50,1788889768147355,1788889819147355,1788889819727681,580326
load1000-oneshot-100,0,100,473,1788889767779145,1788889815179145,1788889819743261,4564116
load1000-interval-100,1,100,473,1788889767823658,1788889815223658,1788889819805342,4581684
load1000-oneshot-500,0,500,101,1788889767866747,1788889818866747,1788889819837478,970731
load1000-oneshot-100,0,100,474,1788889767779145,1788889815279145,1788889819853454,4574309
load1000-interval-100,1,100,474,1788889767823658,1788889815323658,1788889819916827,4593169
load1000-oneshot-100,0,100,475,1788889767779145,1788889815379145,1788889819964056,4584911
load1000-interval-500,1,500,101,1788889768061277,1788889819061277,1788889820026674,965397
load1000-interval-100,1,100,475,1788889767823658,1788889815423658,1788889820026730,4603072
load1000-oneshot-100,0,100,476,1788889767779145,1788889815479145,1788889820074316,4595171
load1000-interval-100,1,100,476,1788889767823658,1788889815523658,1788889820136111,4612453
load1000-oneshot-100,0,100,477,1788889767779145,1788889815579145,1788889820183649,4604504
load1000-interval-100,1,100,477,1788889767823658,1788889815623658,1788889820246050,4622392
load1000-oneshot-100,0,100,478,1788889767779145,1788889815679145,1788889820292599,4613454
load1000-oneshot-500,0,500,102,1788889767866747,1788889819366747,1788889820339708,972961
load1000-interval-100,1,100,478,1788889767823658,1788889815723658,1788889820354894,4631236
load1000-oneshot-100,0,100,479,1788889767779145,1788889815779145,1788889820401785,4622640
load1000-interval-100,1,100,479,1788889767823658,1788889815823658,1788889820463844,4640186
load1000-oneshot-100,0,100,480,1788889767779145,1788889815879145,1788889820510367,4631222
load1000-interval-500,1,500,102,1788889768061277,1788889819561277,1788889820541433,980156
load1000-interval-100,1,100,480,1788889767823658,1788889815923658,1788889820572168,4648510
load1000-oneshot-100,0,100,481,1788889767779145,1788889815979145,1788889820618331,4639186
load1000-oneshot-1000,0,1000,51,1788889768103303,1788889820103303,1788889820634973,531670
load1000-interval-100,1,100,481,1788889767823658,1788889816023658,1788889820682406,4658748
load1000-oneshot-100,0,100,482,1788889767779145,1788889816079145,1788889820730045,4650900
load1000-interval-1000,1,1000,51,1788889768147355,1788889820147355,1788889820730170,582815
load1000-interval-100,1,100,482,1788889767823658,1788889816123658,1788889820792653,4668995
load1000-oneshot-100,0,100,483,1788889767779145,1788889816179145,1788889820840003,4660858
load1000-oneshot-500,0,500,103,1788889767866747,1788889819866747,1788889820855414,988667
load1000-interval-100,1,100,483,1788889767823658,1788889816223658,1788889820903104,4679446
load1000-oneshot-100,0,100,484,1788889767779145,1788889816279145,1788889820950046,4670901
load1000-interval-100,1,100,484,1788889767823658,1788889816323658,1788889821013735,4690077
load1000-interval-500,1,500,103,1788889768061277,1788889820061277,1788889821044784,983507
load1000-oneshot-100,0,100,485,1788889767779145,1788889816379145,1788889821060419,4681274
load1000-interval-100,1,100,485,1788889767823658,1788889816423658,1788889821123736,4700078
load1000-oneshot-100,0,100,486,1788889767779145,1788889816479145,1788889821170899,4691754
load1000-interval-100,1,100,486,1788889767823658,1788889816523658,1788889821234428,4710770
load1000-oneshot-100,0,100,487,1788889767779145,1788889816579145,1788889821280881,4701736
load1000-interval-100,1,100,487,1788889767823658,1788889816623658,1788889821343836,4720178
load1000-oneshot-500,0,500,104,1788889767866747,1788889820366747,1788889821359306,992559
load1000-oneshot-100,0,100,488,1788889767779145,1788889816679145,1788889821390917,4711772
load1000-interval-100,1,100,488,1788889767823658,1788889816723658,1788889821454286,4730628
load1000-oneshot-100,0,100,489,1788889767779145,1788889816779145,1788889821501297,4722152
load1000-interval-500,1,500,104,1788889768061277,1788889820561277,1788889821548386,987109
load1000-interval-100,1,100,489,1788889767823658,1788889816823658,1788889821563894,4740236
load1000-oneshot-100,0,100,490,1788889767779145,1788889816879145,1788889821610107,4730962
load1000-oneshot-1000,0,1000,52,1788889768103303,1788889821103303,1788889821641675,538372
load1000-interval-100,1,100,490,1788889767823658,1788889816923658,1788889821673385,4749727
load1000-oneshot-100,0,100,491,1788889767779145,1788889816979145,1788889821720603,4741458
load1000-interval-1000,1,1000,52,1788889768147355,1788889821147355,1788889821736042,588687
load1000-interval-100,1,100,491,1788889767823658,1788889817023658,1788889821784211,4760553
load1000-oneshot-100,0,100,492,1788889767779145,1788889817079145,1788889821831316,4752171
load1000-oneshot-500,0,500,105,1788889767866747,1788889820866747,1788889821862321,995574
load1000-interval-100,1,100,492,1788889767823658,1788889817123658,1788889821894079,4770421
load1000-oneshot-100,0,100,493,1788889767779145,1788889817179145,1788889821941504,4762359
load1000-interval-100,1,100,493,1788889767823658,1788889817223658,1788889822003742,4780084
load1000-oneshot-100,0,100,494,1788889767779145,1788889817279145,1788889822050571,4771426
load1000-interval-500,1,500,105,1788889768061277,1788889821061277,1788889822050689,989412
load1000-interval-100,1,100,494,1788889767823658,1788889817323658,1788889822111873,4788215
load1000-oneshot-100,0,100,495,1788889767779145,1788889817379145,1788889822158608,4779463
load1000-interval-100,1,100,495,1788889767823658,1788889817423658,1788889822222446,4798788
load1000-oneshot-100,0,100,496,1788889767779145,1788889817479145,1788889822268610,4789465
load1000-interval-100,1,100,496,1788889767823658,1788889817523658,1788889822331635,4807977
load1000-oneshot-500,0,500,106,1788889767866747,1788889821366747,1788889822378831,1012084
load1000-oneshot-100,0,100,497,1788889767779145,1788889817579145,1788889822378935,4799790
load1000-interval-100,1,100,497,1788889767823658,1788889817623658,1788889822443004,4819346
load1000-oneshot-100,0,100,498,1788889767779145,1788889817679145,1788889822489999,4810854
load1000-interval-100,1,100,498,1788889767823658,1788889817723658,1788889822552785,4829127
load1000-interval-500,1,500,106,1788889768061277,1788889821561277,1788889822552884,991607
load1000-oneshot-100,0,100,499,1788889767779145,1788889817779145,1788889822598820,4819675
load1000-oneshot-1000,0,1000,53,1788889768103303,1788889822103303,1788889822646138,542835
load1000-interval-100,1,100,499,1788889767823658,1788889817823658,1788889822662284,4838626
load1000-oneshot-100,0,100,500,1788889767779145,1788889817879145,1788889822708444,4829299
load1000-interval-1000,1,1000,53,1788889768147355,1788889822147355,1788889822740878,593523
load1000-interval-100,1,100,500,1788889767823658,1788889817923658,1788889822772879,4849221
load1000-oneshot-100,0,100,501,1788889767779145,1788889817979145,1788889822820545,4841400
load1000-interval-100,1,100,501,1788889767823658,1788889818023658,1788889822882371,4858713
load1000-oneshot-500,0,500,107,1788889767866747,1788889821866747,1788889822882461,1015714
load1000-oneshot-100,0,100,502,1788889767779145,1788889818079145,1788889822929569,4850424
load1000-interval-100,1,100,502,1788889767823658,1788889818123658,1788889822991489,4867831
load1000-oneshot-100,0,100,503,1788889767779145,1788889818179145,1788889823038179,4859034
load1000-interval-500,1,500,107,1788889768061277,1788889822061277,1788889823069184,1007907
load1000-interval-100,1,100,503,1788889767823658,1788889818223658,1788889823100541,4876883
load1000-oneshot-100,0,100,504,1788889767779145,1788889818279145,1788889823147965,4868820
load1000-interval-100,1,100,504,1788889767823658,1788889818323658,1788889823210090,4886432
load1000-oneshot-100,0,100,505,1788889767779145,1788889818379145,1788889823257580,4878435
load1000-interval-100,1,100,505,1788889767823658,1788889818423658,1788889823319764,4896106
load1000-oneshot-100,0,100,506,1788889767779145,1788889818479145,1788889823365918,4886773
load1000-oneshot-500,0,500,108,1788889767866747,1788889822366747,1788889823397026,1030279
load1000-interval-100,1,100,506,1788889767823658,1788889818523658,1788889823429605,4905947
load1000-oneshot-100,0,100,507,1788889767779145,1788889818579145,1788889823477020,4897875
load1000-interval-100,1,100,507,1788889767823658,1788889818623658,1788889823539088,4915430
load1000-interval-500,1,500,108,1788889768061277,1788889822561277,1788889823585750,1024473
load1000-oneshot-100,0,100,508,1788889767779145,1788889818679145,1788889823585814,4906669
load1000-interval-100,1,100,508,1788889767823658,1788889818723658,1788889823649650,4925992
load1000-oneshot-1000,0,1000,54,1788889768103303,1788889823103303,1788889823649758,546455
load1000-oneshot-100,0,100,509,1788889767779145,1788889818779145,1788889823695472,4916327
load1000-interval-1000,1,1000,54,1788889768147355,1788889823147355,1788889823757252,609897
load1000-interval-100,1,100,509,1788889767823658,1788889818823658,1788889823757381,4933723
load1000-oneshot-100,0,100,510,1788889767779145,1788889818879145,1788889823803792,4924647
load1000-interval-100,1,100,510,1788889767823658,1788889818923658,1788889823868124,4944466
load1000-oneshot-500,0,500,109,1788889767866747,1788889822866747,1788889823899093,1032346
load1000-oneshot-100,0,100,511,1788889767779145,1788889818979145,1788889823914678,4935533
load1000-interval-100,1,100,511,1788889767823658,1788889819023658,1788889823978340,4954682
load1000-oneshot-100,0,100,512,1788889767779145,1788889819079145,1788889824024807,4945662
load1000-interval-100,1,100,512,1788889767823658,1788889819123658,1788889824086972,4963314
load1000-interval-500,1,500,109,1788889768061277,1788889823061277,1788889824087043,1025766
load1000-oneshot-100,0,100,513,1788889767779145,1788889819179145,1788889824133661,4954516
load1000-interval-100,1,100,513,1788889767823658,1788889819223658,1788889824196216,4972558
load1000-oneshot-100,0,100,514,1788889767779145,1788889819279145,1788889824240985,4961840
load1000-interval-100,1,100,514,1788889767823658,1788889819323658,1788889824303739,4980081
load1000-oneshot-100,0,100,515,1788889767779145,1788889819379145,1788889824350759,4971614
load1000-oneshot-500,0,500,110,1788889767866747,1788889823366747,1788889824412178,1045431
load1000-interval-100,1,100,515,1788889767823658,1788889819423658,1788889824412240,4988582
load1000-oneshot-100,0,100,516,1788889767779145,1788889819479145,1788889824460112,4980967
load1000-interval-100,1,100,516,1788889767823658,1788889819523658,1788889824523882,5000224
load1000-oneshot-100,0,100,517,1788889767779145,1788889819579145,1788889824570845,4991700
load1000-interval-500,1,500,110,1788889768061277,1788889823561277,1788889824602128,1040851
load1000-interval-100,1,100,517,1788889767823658,1788889819623658,1788889824632800,5009142
load1000-oneshot-1000,0,1000,55,1788889768103303,1788889824103303,1788889824663938,560635
load1000-oneshot-100,0,100,518,1788889767779145,1788889819679145,1788889824679933,5000788
load1000-interval-100,1,100,518,1788889767823658,1788889819723658,1788889824742276,5018618
load1000-interval-1000,1,1000,55,1788889768147355,1788889824147355,1788889824759089,611734
load1000-oneshot-100,0,100,519,1788889767779145,1788889819779145,1788889824789999,5010854
load1000-interval-100,1,100,519,1788889767823658,1788889819823658,1788889824853619,5029961
load1000-oneshot-100,0,100,520,1788889767779145,1788889819879145,1788889824901533,5022388
load1000-oneshot-500,0,500,111,1788889767866747,1788889823866747,1788889824917062,1050315
load1000-interval-100,1,100,520,1788889767823658,1788889819923658,1788889824965100,5041442
load1000-oneshot-100,0,100,521,1788889767779145,1788889819979145,1788889825012565,5033420
load1000-interval-100,1,100,521,1788889767823658,1788889820023658,1788889825074571,5050913
load1000-interval-500,1,500,111,1788889768061277,1788889824061277,1788889825106359,1045082
load1000-oneshot-100,0,100,522,1788889767779145,1788889820079145,1788889825122250,5043105
load1000-interval-100,1,100,522,1788889767823658,1788889820123658,1788889825184516,5060858
load1000-oneshot-100,0,100,523,1788889767779145,1788889820179145,1788889825231628,5052483
load1000-interval-100,1,100,523,1788889767823658,1788889820223658,1788889825293469,5069811
load1000-oneshot-100,0,100,524,1788889767779145,1788889820279145,1788889825340135,5060990
load1000-interval-100,1,100,524,1788889767823658,1788889820323658,1788889825403580,5079922
load1000-oneshot-500,0,500,112,1788889767866747,1788889824366747,1788889825434951,1068204
load1000-oneshot-100,0,100,525,1788889767779145,1788889820379145,1788889825450919,5071774
load1000-interval-100,1,100,525,1788889767823658,1788889820423658,1788889825513055,5089397
load1000-oneshot-100,0,100,526,1788889767779145,1788889820479145,1788889825560420,5081275
load1000-interval-500,1,500,112,1788889768061277,1788889824561277,1788889825622552,1061275
load1000-interval-100,1,100,526,1788889767823658,1788889820523658,1788889825622624,5098966
load1000-oneshot-100,0,100,527,1788889767779145,1788889820579145,1788889825669912,5090767
load1000-oneshot-1000,0,1000,56,1788889768103303,1788889825103303,1788889825669985,566682
load1000-interval-100,1,100,527,1788889767823658,1788889820623658,1788889825731683,5108025
load1000-interval-1000,1,1000,56,1788889768147355,1788889825147355,1788889825762733,615378
load1000-oneshot-100,0,100,528,1788889767779145,1788889820679145,1788889825777994,5098849
load1000-interval-100,1,100,528,1788889767823658,1788889820723658,1788889825839883,5116225
load1000-oneshot-100,0,100,529,1788889767779145,1788889820779145,1788889825886985,5107840
load1000-oneshot-500,0,500,113,1788889767866747,1788889824866747,1788889825949862,1083115
load1000-interval-100,1,100,529,1788889767823658,1788889820823658,1788889825949975,5126317
load1000-oneshot-100,0,100,530,1788889767779145,1788889820879145,1788889825997369,5118224
load1000-interval-100,1,100,530,1788889767823658,1788889820923658,1788889826058262,5134604
load1000-oneshot-100,0,100,531,1788889767779145,1788889820979145,1788889826106011,5126866
load1000-interval-500,1,500,113,1788889768061277,1788889825061277,1788889826137854,1076577
load1000-interval-100,1,100,531,1788889767823658,1788889821023658,1788889826168435,5144777
load1000-oneshot-100,0,100,532,1788889767779145,1788889821079145,1788889826215295,5136150
load1000-interval-100,1,100,532,1788889767823658,1788889821123658,1788889826276972,5153314
load1000-oneshot-100,0,100,533,1788889767779145,1788889821179145,1788889826324429,5145284
load1000-interval-100,1,100,533,1788889767823658,1788889821223658,1788889826386060,5162402
load1000-oneshot-100,0,100,534,1788889767779145,1788889821279145,1788889826432462,5153317
load1000-oneshot-500,0,500,114,1788889767866747,1788889825366747,1788889826464151,1097404
load1000-interval-100,1,100,534,1788889767823658,1788889821323658,1788889826495790,5172132
load1000-oneshot-100,0,100,535,1788889767779145,1788889821379145,1788889826543377,5164232
load1000-interval-100,1,100,535,1788889767823658,1788889821423658,1788889826606193,5182535
load1000-interval-500,1,500,114,1788889768061277,1788889825561277,1788889826654728,1093451
load1000-oneshot-100,0,100,536,1788889767779145,1788889821479145,1788889826654814,5175669
load1000-oneshot-1000,0,1000,57,1788889768103303,1788889826103303,1788889826685398,582095
load1000-interval-100,1,100,536,1788889767823658,1788889821523658,1788889826717538,5193880
load1000-oneshot-100,0,100,537,1788889767779145,1788889821579145,1788889826764217,5185072
load1000-interval-1000,1,1000,57,1788889768147355,1788889826147355,1788889826764321,616966
load1000-interval-100,1,100,537,1788889767823658,1788889821623658,1788889826826621,5202963
load1000-oneshot-100,0,100,538,1788889767779145,1788889821679145,1788889826873063,5193918
load1000-interval-100,1,100,538,1788889767823658,1788889821723658,1788889826934328,5210670
load1000-oneshot-500,0,500,115,1788889767866747,1788889825866747,1788889826980454,1113707
load1000-oneshot-100,0,100,539,1788889767779145,1788889821779145,1788889826980505,5201360
load1000-interval-100,1,100,539,1788889767823658,1788889821823658,1788889827043982,5220324
load1000-oneshot-100,0,100,540,1788889767779145,1788889821879145,1788889827090359,5211214
load1000-interval-100,1,100,540,1788889767823658,1788889821923658,1788889827152061,5228403
load1000-interval-500,1,500,115,1788889768061277,1788889826061277,1788889827167828,1106551
load1000-oneshot-100,0,100,541,1788889767779145,1788889821979145,1788889827198890,5219745
load1000-interval-100,1,100,541,1788889767823658,1788889822023658,1788889827260667,5237009
load1000-oneshot-100,0,100,542,1788889767779145,1788889822079145,1788889827307904,5228759
load1000-interval-100,1,100,542,1788889767823658,1788889822123658,1788889827369752,5246094
load1000-oneshot-100,0,100,543,1788889767779145,1788889822179145,1788889827416084,5236939
load1000-interval-100,1,100,543,1788889767823658,1788889822223658,1788889827479361,5255703
load1000-oneshot-500,0,500,116,1788889767866747,1788889826366747,1788889827494224,1127477
load1000-oneshot-100,0,100,544,1788889767779145,1788889822279145,1788889827526405,5247260
load1000-interval-100,1,100,544,1788889767823658,1788889822323658,1788889827588299,5264641
load1000-oneshot-100,0,100,545,1788889767779145,1788889822379145,1788889827635396,5256251
load1000-interval-500,1,500,116,1788889768061277,1788889826561277,1788889827681855,1120578
load1000-oneshot-1000,0,1000,58,1788889768103303,1788889827103303,1788889827697007,593704
load1000-interval-100,1,100,545,1788889767823658,1788889822423658,1788889827697090,5273432
load1000-oneshot-100,0,100,546,1788889767779145,1788889822479145,1788889827742850,5263705
load1000-interval-1000,1,1000,58,1788889768147355,1788889827147355,1788889827772787,625432
load1000-interval-100,1,100,546,1788889767823658,1788889822523658,1788889827804013,5280355
load1000-oneshot-100,0,100,547,1788889767779145,1788889822579145,1788889827850670,5271525
load1000-interval-100,1,100,547,1788889767823658,1788889822623658,1788889827911857,5288199
load1000-oneshot-100,0,100,548,1788889767779145,1788889822679145,1788889827959915,5280770
load1000-oneshot-500,0,500,117,1788889767866747,1788889826866747,1788889828005556,1138809
load1000-interval-100,1,100,548,1788889767823658,1788889822723658,1788889828020797,5297139
load1000-oneshot-100,0,100,549,1788889767779145,1788889822779145,1788889828067418,5288273
load1000-interval-100,1,100,549,1788889767823658,1788889822823658,1788889828130108,5306450
load1000-oneshot-100,0,100,550,1788889767779145,1788889822879145,1788889828177951,5298806
load1000-interval-500,1,500,117,1788889768061277,1788889827061277,1788889828193213,1131936
load1000-interval-100,1,100,550,1788889767823658,1788889822923658,1788889828241356,5317698
load1000-oneshot-100,0,100,551,1788889767779145,1788889822979145,1788889828287760,5308615
load1000-interval-100,1,100,551,1788889767823658,1788889823023658,1788889828350396,5326738
load1000-oneshot-100,0,100,552,1788889767779145,1788889823079145,1788889828397465,5318320
load1000-interval-100,1,100,552,1788889767823658,1788889823123658,1788889828459660,5336002
load1000-oneshot-100,0,100,553,1788889767779145,1788889823179145,1788889828505414,5326269
load1000-oneshot-500,0,500,118,1788889767866747,1788889827366747,1788889828520965,1154218
load1000-interval-100,1,100,553,1788889767823658,1788889823223658,1788889828568452,5344794
load1000-oneshot-100,0,100,554,1788889767779145,1788889823279145,1788889828615567,5336422
load1000-interval-100,1,100,554,1788889767823658,1788889823323658,1788889828676650,5352992
load1000-interval-500,1,500,118,1788889768061277,1788889827561277,1788889828707118,1145841
load1000-oneshot-1000,0,1000,59,1788889768103303,1788889828103303,1788889828707204,603901
load1000-oneshot-100,0,100,555,1788889767779145,1788889823379145,1788889828722354,5343209
load1000-interval-1000,1,1000,59,1788889768147355,1788889828147355,1788889828785809,638454
load1000-interval-100,1,100,555,1788889767823658,1788889823423658,1788889828785872,5362214
load1000-oneshot-100,0,100,556,1788889767779145,1788889823479145,1788889828832504,5353359
load1000-interval-100,1,100,556,1788889767823658,1788889823523658,1788889828895251,5371593
load1000-oneshot-100,0,100,557,1788889767779145,1788889823579145,1788889828942136,5362991
load1000-interval-100,1,100,557,1788889767823658,1788889823623658,1788889829005301,5381643
load1000-oneshot-500,0,500,119,1788889767866747,1788889827866747,1788889829036385,1169638
load1000-oneshot-100,0,100,558,1788889767779145,1788889823679145,1788889829052045,5372900
load1000-interval-100,1,100,558,1788889767823658,1788889823723658,1788889829114710,5391052
load1000-oneshot-100,0,100,559,1788889767779145,1788889823779145,1788889829162866,5383721
load1000-interval-500,1,500,119,1788889768061277,1788889828061277,1788889829210515,1149238
load1000-interval-100,1,100,559,1788889767823658,1788889823823658,1788889829226506,5402848
load1000-oneshot-100,0,100,560,1788889767779145,1788889823879145,1788889829272062,5392917
load1000-interval-100,1,100,560,1788889767823658,1788889823923658,1788889829334311,5410653
load1000-oneshot-100,0,100,561,1788889767779145,1788889823979145,1788889829381373,5402228
load1000-interval-100,1,100,561,1788889767823658,1788889824023658,1788889829443444,5419786
load1000-oneshot-100,0,100,562,1788889767779145,1788889824079145,1788889829491055,5411910
load1000-oneshot-500,0,500,120,1788889767866747,1788889828366747,1788889829539004,1172257
load1000-interval-100,1,100,562,1788889767823658,1788889824123658,1788889829554375,5430717
load1000-oneshot-100,0,100,563,1788889767779145,1788889824179145,1788889829602291,5423146
load1000-interval-100,1,100,563,1788889767823658,1788889824223658,1788889829664952,5441294
load1000-oneshot-100,0,100,564,1788889767779145,1788889824279145,1788889829711756,5432611
load1000-oneshot-1000,0,1000,60,1788889768103303,1788889829103303,1788889829711846,608543
load1000-interval-500,1,500,120,1788889768061277,1788889828561277,1788889829727764,1166487
load1000-interval-100,1,100,564,1788889767823658,1788889824323658,1788889829774792,5451134
load1000-interval-1000,1,1000,60,1788889768147355,1788889829147355,1788889829790292,642937
load1000-oneshot-100,0,100,565,1788889767779145,1788889824379145,1788889829821806,5442661
load1000-interval-100,1,100,565,1788889767823658,1788889824423658,1788889829883598,5459940
load1000-oneshot-100,0,100,566,1788889767779145,1788889824479145,1788889829930491,5451346
load1000-interval-100,1,100,566,1788889767823658,1788889824523658,1788889829991474,5467816
load1000-oneshot-100,0,100,567,1788889767779145,1788889824579145,1788889830037682,5458537
load1000-oneshot-500,0,500,121,1788889767866747,1788889828866747,1788889830053691,1186944
load1000-interval-100,1,100,567,1788889767823658,1788889824623658,1788889830100635,5476977
load1000-oneshot-100,0,100,568,1788889767779145,1788889824679145,1788889830146247,5467102
load1000-interval-100,1,100,568,1788889767823658,1788889824723658,1788889830207187,5483529
load1000-interval-500,1,500,121,1788889768061277,1788889829061277,1788889830237198,1175921
load1000-oneshot-100,0,100,569,1788889767779145,1788889824779145,1788889830252269,5473124
load1000-interval-100,1,100,569,1788889767823658,1788889824823658,1788889830313460,5489802
load1000-oneshot-100,0,100,570,1788889767779145,1788889824879145,1788889830359793,5480648
load1000-interval-100,1,100,570,1788889767823658,1788889824923658,1788889830422688,5499030
load1000-oneshot-100,0,100,571,1788889767779145,1788889824979145,1788889830469657,5490512
load1000-interval-100,1,100,571,1788889767823658,1788889825023658,1788889830532267,5508609
load1000-oneshot-500,0,500,122,1788889767866747,1788889829366747,1788889830564245,1197498
load1000-oneshot-100,0,100,572,1788889767779145,1788889825079145,1788889830579725,5500580
load1000-interval-100,1,100,572,1788889767823658,1788889825123658,1788889830642538,5518880
load1000-oneshot-100,0,100,573,1788889767779145,1788889825179145,1788889830688763,5509618
load1000-oneshot-1000,0,1000,61,1788889768103303,1788889830103303,1788889830721072,617769
load1000-interval-500,1,500,122,1788889768061277,1788889829561277,1788889830752165,1190888
load1000-interval-100,1,100,573,1788889767823658,1788889825223658,1788889830752250,5528592
load1000-oneshot-100,0,100,574,1788889767779145,1788889825279145,1788889830798593,5519448
load1000-interval-1000,1,1000,61,1788889768147355,1788889830147355,1788889830798716,651361
load1000-interval-100,1,100,574,1788889767823658,1788889825323658,1788889830862097,5538439
load1000-oneshot-100,0,100,575,1788889767779145,1788889825379145,1788889830910286,5531141
load1000-interval-100,1,100,575,1788889767823658,1788889825423658,1788889830972260,5548602
load1000-oneshot-100,0,100,576,1788889767779145,1788889825479145,1788889831019842,5540697
load1000-oneshot-500,0,500,123,1788889767866747,1788889829866747,1788889831066939,1200192
load1000-interval-100,1,100,576,1788889767823658,1788889825523658,1788889831082110,5558452
load1000-oneshot-100,0,100,577,1788889767779145,1788889825579145,1788889831129419,5550274
load1000-interval-100,1,100,577,1788889767823658,1788889825623658,1788889831192472,5568814
load1000-oneshot-100,0,100,578,1788889767779145,1788889825679145,1788889831239665,5560520
load1000-interval-500,1,500,123,1788889768061277,1788889830061277,1788889831255644,1194367
load1000-interval-100,1,100,578,1788889767823658,1788889825723658,1788889831302300,5578642
load1000-oneshot-100,0,100,579,1788889767779145,1788889825779145,1788889831348780,5569635
load1000-interval-100,1,100,579,1788889767823658,1788889825823658,1788889831412003,5588345
load1000-oneshot-100,0,100,580,1788889767779145,1788889825879145,1788889831459309,5580164
load1000-interval-100,1,100,580,1788889767823658,1788889825923658,1788889831522133,5598475
load1000-oneshot-100,0,100,581,1788889767779145,1788889825979145,1788889831569854,5590709
load1000-oneshot-500,0,500,124,1788889767866747,1788889830366747,1788889831569927,1203180
load1000-interval-100,1,100,581,1788889767823658,1788889826023658,1788889831631728,5608070
load1000-oneshot-100,0,100,582,1788889767779145,1788889826079145,1788889831679262,5600117
load1000-oneshot-1000,0,1000,62,1788889768103303,1788889831103303,1788889831726317,623014
load1000-interval-100,1,100,582,1788889767823658,1788889826123658,1788889831741600,5617942
load1000-interval-500,1,500,124,1788889768061277,1788889830561277,1788889831757622,1196345
load1000-oneshot-100,0,100,583,1788889767779145,1788889826179145,1788889831787293,5608148
load1000-interval-1000,1,1000,62,1788889768147355,1788889831147355,1788889831802463,655108
load1000-interval-100,1,100,583,1788889767823658,1788889826223658,1788889831849557,5625899
load1000-oneshot-100,0,100,584,1788889767779145,1788889826279145,1788889831896401,5617256
load1000-interval-100,1,100,584,1788889767823658,1788889826323658,1788889831958826,5635168
load1000-oneshot-100,0,100,585,1788889767779145,1788889826379145,1788889832005631,5626486
load1000-interval-100,1,100,585,1788889767823658,1788889826423658,1788889832068735,5645077
load1000-oneshot-500,0,500,125,1788889767866747,1788889830866747,1788889832084274,1217527
load1000-oneshot-100,0,100,586,1788889767779145,1788889826479145,1788889832115518,5636373
load1000-interval-100,1,100,586,1788889767823658,1788889826523658,1788889832177240,5653582
load1000-oneshot-100,0,100,587,1788889767779145,1788889826579145,1788889832223214,5644069
load1000-interval-500,1,500,125,1788889768061277,1788889831061277,1788889832270798,1209521
load1000-interval-100,1,100,587,1788889767823658,1788889826623658,1788889832286228,5662570
load1000-oneshot-100,0,100,588,1788889767779145,1788889826679145,1788889832333110,5653965
load1000-interval-100,1,100,588,1788889767823658,1788889826723658,1788889832396304,5672646
load1000-oneshot-100,0,100,589,1788889767779145,1788889826779145,1788889832443667,5664522
load1000-interval-100,1,100,589,1788889767823658,1788889826823658,1788889832505077,5681419
load1000-oneshot-100,0,100,590,1788889767779145,1788889826879145,1788889832551768,5672623
load1000-oneshot-500,0,500,126,1788889767866747,1788889831366747,1788889832597825,1231078
load1000-interval-100,1,100,590,1788889767823658,1788889826923658,1788889832613910,5690252
load1000-oneshot-100,0,100,591,1788889767779145,1788889826979145,1788889832661340,5682195
load1000-interval-100,1,100,591,1788889767823658,1788889827023658,1788889832724241,5700583
load1000-oneshot-1000,0,1000,63,1788889768103303,1788889832103303,1788889832740047,636744
load1000-oneshot-100,0,100,592,1788889767779145,1788889827079145,1788889832771109,5691964
load1000-interval-500,1,500,126,1788889768061277,1788889831561277,1788889832771918,1210641
load1000-interval-1000,1,1000,63,1788889768147355,1788889832147355,1788889832819243,671888
load1000-interval-100,1,100,592,1788889767823658,1788889827123658,1788889832835109,5711451
load1000-oneshot-100,0,100,593,1788889767779145,1788889827179145,1788889832882046,5702901
load1000-interval-100,1,100,593,1788889767823658,1788889827223658,1788889832944634,5720976
load1000-oneshot-100,0,100,594,1788889767779145,1788889827279145,1788889832991644,5712499
load1000-interval-100,1,100,594,1788889767823658,1788889827323658,1788889833054898,5731240
load1000-oneshot-100,0,100,595,1788889767779145,1788889827379145,1788889833102603,5723458
load1000-oneshot-500,0,500,127,1788889767866747,1788889831866747,1788889833102679,1235932
load1000-interval-100,1,100,595,1788889767823658,1788889827423658,1788889833165968,5742310
load1000-oneshot-100,0,100,596,1788889767779145,1788889827479145,1788889833212019,5732874
load1000-interval-100,1,100,596,1788889767823658,1788889827523658,1788889833275454,5751796
load1000-interval-500,1,500,127,1788889768061277,1788889832061277,1788889833275564,1214287
load1000-oneshot-100,0,100,597,1788889767779145,1788889827579145,1788889833322376,5743231
load1000-interval-100,1,100,597,1788889767823658,1788889827623658,1788889833384986,5761328
load1000-oneshot-100,0,100,598,1788889767779145,1788889827679145,1788889833432406,5753261
load1000-interval-100,1,100,598,1788889767823658,1788889827723658,1788889833494867,5771209
load1000-oneshot-100,0,100,599,1788889767779145,1788889827779145,1788889833541754,5762609
load1000-interval-100,1,100,599,1788889767823658,1788889827823658,1788889833603754,5780096
load1000-oneshot-500,0,500,128,1788889767866747,1788889832366747,1788889833619241,1252494
load1000-oneshot-100,0,100,600,1788889767779145,1788889827879145,1788889833651748,5772603
load1000-interval-100,1,100,600,1788889767823658,1788889827923658,1788889833715306,5791648
load1000-oneshot-1000,0,1000,64,1788889768103303,1788889833103303,1788889833747953,644650
load1000-oneshot-100,0,100,601,1788889767779145,1788889827979145,1788889833762971,5783826
load1000-interval-500,1,500,128,1788889768061277,1788889832561277,1788889833778960,1217683
load1000-interval-100,1,100,601,1788889767823658,1788889828023658,1788889833827112,5803454
load1000-interval-1000,1,1000,64,1788889768147355,1788889833147355,1788889833827213,679858
load1000-oneshot-100,0,100,602,1788889767779145,1788889828079145,1788889833873339,5794194
load1000-interval-100,1,100,602,1788889767823658,1788889828123658,1788889833935112,5811454
load1000-oneshot-100,0,100,603,1788889767779145,1788889828179145,1788889833982130,5802985
load1000-interval-100,1,100,603,1788889767823658,1788889828223658,1788889834044757,5821099
load1000-oneshot-100,0,100,604,1788889767779145,1788889828279145,1788889834091582,5812437
load1000-oneshot-500,0,500,129,1788889767866747,1788889832866747,1788889834122925,1256178
load1000-interval-100,1,100,604,1788889767823658,1788889828323658,1788889834153807,5830149
load1000-oneshot-100,0,100,605,1788889767779145,1788889828379145,1788889834200040,5820895
load1000-interval-100,1,100,605,1788889767823658,1788889828423658,1788889834261800,5838142
load1000-interval-500,1,500,129,1788889768061277,1788889833061277,1788889834292903,1231626
load1000-oneshot-100,0,100,606,1788889767779145,1788889828479145,1788889834309332,5830187
load1000-interval-100,1,100,606,1788889767823658,1788889828523658,1788889834371741,5848083
load1000-oneshot-100,0,100,607,1788889767779145,1788889828579145,1788889834419119,5839974
load1000-interval-100,1,100,607,1788889767823658,1788889828623658,1788889834481342,5857684
load1000-oneshot-100,0,100,608,1788889767779145,1788889828679145,1788889834528594,5849449
load1000-interval-100,1,100,608,1788889767823658,1788889828723658,1788889834590673,5867015
load1000-oneshot-500,0,500,130,1788889767866747,1788889833366747,1788889834638729,1271982
load1000-oneshot-100,0,100,609,1788889767779145,1788889828779145,1788889834638842,5859697
load1000-interval-100,1,100,609,1788889767823658,1788889828823658,1788889834700223,5876565
load1000-oneshot-100,0,100,610,1788889767779145,1788889828879145,1788889834747035,5867890
load1000-oneshot-1000,0,1000,65,1788889768103303,1788889834103303,1788889834762591,659288
load1000-interval-500,1,500,130,1788889768061277,1788889833561277,1788889834808298,1247021
load1000-interval-100,1,100,610,1788889767823658,1788889828923658,1788889834808450,5884792
load1000-interval-1000,1,1000,65,1788889768147355,1788889834147355,1788889834839300,691945
load1000-oneshot-100,0,100,611,1788889767779145,1788889828979145,1788889834854430,5875285
load1000-interval-100,1,100,611,1788889767823658,1788889829023658,1788889834917653,5893995
load1000-oneshot-100,0,100,612,1788889767779145,1788889829079145,1788889834964538,5885393
load1000-interval-100,1,100,612,1788889767823658,1788889829123658,1788889835026995,5903337
load1000-oneshot-100,0,100,613,1788889767779145,1788889829179145,1788889835074210,5895065
load1000-interval-100,1,100,613,1788889767823658,1788889829223658,1788889835137142,5913484
load1000-oneshot-500,0,500,131,1788889767866747,1788889833866747,1788889835152654,1285907
load1000-oneshot-100,0,100,614,1788889767779145,1788889829279145,1788889835183572,5904427
load1000-interval-100,1,100,614,1788889767823658,1788889829323658,1788889835247451,5923793
load1000-oneshot-100,0,100,615,1788889767779145,1788889829379145,1788889835294409,5915264
load1000-interval-500,1,500,131,1788889768061277,1788889834061277,1788889835325120,1263843
load1000-interval-100,1,100,615,1788889767823658,1788889829423658,1788889835355398,5931740
load1000-oneshot-100,0,100,616,1788889767779145,1788889829479145,1788889835402483,5923338
load1000-interval-100,1,100,616,1788889767823658,1788889829523658,1788889835465954,5942296
load1000-oneshot-100,0,100,617,1788889767779145,1788889829579145,1788889835512791,5933646
load1000-interval-100,1,100,617,1788889767823658,1788889829623658,1788889835574134,5950476
load1000-oneshot-100,0,100,618,1788889767779145,1788889829679145,1788889835621650,5942505
load1000-oneshot-500,0,500,132,1788889767866747,1788889834366747,1788889835667644,1300897
load1000-interval-100,1,100,618,1788889767823658,1788889829723658,1788889835683729,5960071
load1000-oneshot-100,0,100,619,1788889767779145,1788889829779145,1788889835730078,5950933
load1000-oneshot-1000,0,1000,66,1788889768103303,1788889835103303,1788889835777094,673791
load1000-interval-100,1,100,619,1788889767823658,1788889829823658,1788889835791993,5968335
load1000-interval-500,1,500,132,1788889768061277,1788889834561277,1788889835839553,1278276
load1000-oneshot-100,0,100,620,1788889767779145,1788889829879145,1788889835839657,5960512
load1000-interval-1000,1,1000,66,1788889768147355,1788889835147355,1788889835855280,707925
load1000-interval-100,1,100,620,1788889767823658,1788889829923658,1788889835902141,5978483
load1000-oneshot-100,0,100,621,1788889767779145,1788889829979145,1788889835949175,5970030
load1000-interval-100,1,100,621,1788889767823658,1788889830023658,1788889836010435,5986777
load1000-oneshot-100,0,100,622,1788889767779145,1788889830079145,1788889836057758,5978613
load1000-interval-100,1,100,622,1788889767823658,1788889830123658,1788889836120098,5996440
load1000-oneshot-100,0,100,623,1788889767779145,1788889830179145,1788889836166932,5987787
load1000-oneshot-500,0,500,133,1788889767866747,1788889834866747,1788889836182492,1315745
load1000-interval-100,1,100,623,1788889767823658,1788889830223658,1788889836229291,6005633
load1000-oneshot-100,0,100,624,1788889767779145,1788889830279145,1788889836276926,5997781
load1000-interval-100,1,100,624,1788889767823658,1788889830323658,1788889836341551,6017893
load1000-interval-500,1,500,133,1788889768061277,1788889835061277,1788889836341656,1280379
load1000-oneshot-100,0,100,625,1788889767779145,1788889830379145,1788889836387888,6008743
load1000-interval-100,1,100,625,1788889767823658,1788889830423658,1788889836451427,6027769
load1000-oneshot-100,0,100,626,1788889767779145,1788889830479145,1788889836499336,6020191
load1000-interval-100,1,100,626,1788889767823658,1788889830523658,1788889836559921,6036263
load1000-oneshot-100,0,100,627,1788889767779145,1788889830579145,1788889836607018,6027873
load1000-interval-100,1,100,627,1788889767823658,1788889830623658,1788889836669469,6045811
load1000-oneshot-500,0,500,134,1788889767866747,1788889835366747,1788889836685484,1318737
load1000-oneshot-100,0,100,628,1788889767779145,1788889830679145,1788889836716652,6037507
load1000-interval-100,1,100,628,1788889767823658,1788889830723658,1788889836779060,6055402
load1000-oneshot-1000,0,1000,67,1788889768103303,1788889836103303,1788889836779163,675860
load1000-oneshot-100,0,100,629,1788889767779145,1788889830779145,1788889836826102,6046957
load1000-interval-500,1,500,134,1788889768061277,1788889835561277,1788889836857546,1296269
load1000-interval-1000,1,1000,67,1788889768147355,1788889836147355,1788889836857665,710310
load1000-interval-100,1,100,629,1788889767823658,1788889830823658,1788889836888596,6064938
load1000-oneshot-100,0,100,630,1788889767779145,1788889830879145,1788889836936032,6056887
load1000-interval-100,1,100,630,1788889767823658,1788889830923658,1788889836998510,6074852
load1000-oneshot-100,0,100,631,1788889767779145,1788889830979145,1788889837043840,6064695
load1000-interval-100,1,100,631,1788889767823658,1788889831023658,1788889837106996,6083338
load1000-oneshot-100,0,100,632,1788889767779145,1788889831079145,1788889837154077,6074932
load1000-oneshot-500,0,500,135,1788889767866747,1788889835866747,1788889837199898,1333151
load1000-interval-100,1,100,632,1788889767823658,1788889831123658,1788889837215395,6091737
load1000-oneshot-100,0,100,633,1788889767779145,1788889831179145,1788889837262698,6083553
load1000-interval-100,1,100,633,1788889767823658,1788889831223658,1788889837324823,6101165
load1000-interval-500,1,500,135,1788889768061277,1788889836061277,1788889837370963,1309686
load1000-oneshot-100,0,100,634,1788889767779145,1788889831279145,1788889837371069,6091924
load1000-interval-100,1,100,634,1788889767823658,1788889831323658,1788889837433414,6109756
load1000-oneshot-100,0,100,635,1788889767779145,1788889831379145,1788889837479699,6100554
load1000-interval-100,1,100,635,1788889767823658,1788889831423658,1788889837541444,6117786
load1000-oneshot-100,0,100,636,1788889767779145,1788889831479145,1788889837589234,6110089
load1000-interval-100,1,100,636,1788889767823658,1788889831523658,1788889837651295,6127637
load1000-oneshot-100,0,100,637,1788889767779145,1788889831579145,1788889837698862,6119717
load1000-oneshot-500,0,500,136,1788889767866747,1788889836366747,1788889837714286,1347539
load1000-interval-100,1,100,637,1788889767823658,1788889831623658,1788889837761403,6137745
load1000-oneshot-1000,0,1000,68,1788889768103303,1788889837103303,1788889837792991,689688
load1000-oneshot-100,0,100,638,1788889767779145,1788889831679145,1788889837808177,6129032
load1000-interval-1000,1,1000,68,1788889768147355,1788889837147355,1788889837870428,723073
load1000-interval-100,1,100,638,1788889767823658,1788889831723658,1788889837870476,6146818
load1000-interval-500,1,500,136,1788889768061277,1788889836561277,1788889837885955,1324678
load1000-oneshot-100,0,100,639,1788889767779145,1788889831779145,1788889837917971,6138826
load1000-interval-100,1,100,639,1788889767823658,1788889831823658,1788889837980699,6157041
load1000-oneshot-100,0,100,640,1788889767779145,1788889831879145,1788889838027908,6148763
load1000-interval-100,1,100,640,1788889767823658,1788889831923658,1788889838090557,6166899
load1000-oneshot-100,0,100,641,1788889767779145,1788889831979145,1788889838137870,6158725
load1000-interval-100,1,100,641,1788889767823658,1788889832023658,1788889838198682,6175024
load1000-oneshot-500,0,500,137,1788889767866747,1788889836866747,1788889838229136,1362389
load1000-oneshot-100,0,100,642,1788889767779145,1788889832079145,1788889838245160,6166015
load1000-interval-100,1,100,642,1788889767823658,1788889832123658,1788889838308548,6184890
load1000-oneshot-100,0,100,643,1788889767779145,1788889832179145,1788889838355920,6176775
load1000-interval-500,1,500,137,1788889768061277,1788889837061277,1788889838387972,1326695
load1000-interval-100,1,100,643,1788889767823658,1788889832223658,1788889838419521,6195863
load1000-oneshot-100,0,100,644,1788889767779145,1788889832279145,1788889838466711,6187566
load1000-interval-100,1,100,644,1788889767823658,1788889832323658,1788889838529151,6205493
load1000-oneshot-100,0,100,645,1788889767779145,1788889832379145,1788889838576359,6197214
load1000-interval-100,1,100,645,1788889767823658,1788889832423658,1788889838637530,6213872
load1000-oneshot-100,0,100,646,1788889767779145,1788889832479145,1788889838684553,6205408
load1000-oneshot-500,0,500,138,1788889767866747,1788889837366747,1788889838731528,1364781
load1000-interval-100,1,100,646,1788889767823658,1788889832523658,1788889838747733,6224075
load1000-oneshot-100,0,100,647,1788889767779145,1788889832579145,1788889838794233,6215088
load1000-oneshot-1000,0,1000,69,1788889768103303,1788889838103303,1788889838795081,691778
load1000-interval-100,1,100,647,1788889767823658,1788889832623658,1788889838855288,6231630
load1000-interval-1000,1,1000,69,1788889768147355,1788889838147355,1788889838886809,739454
load1000-interval-500,1,500,138,1788889768061277,1788889837561277,1788889838901944,1340667
load1000-oneshot-100,0,100,648,1788889767779145,1788889832679145,1788889838902026,6222881
load1000-interval-100,1,100,648,1788889767823658,1788889832723658,1788889838964790,6241132
load1000-oneshot-100,0,100,649,1788889767779145,1788889832779145,1788889839011554,6232409
load1000-interval-100,1,100,649,1788889767823658,1788889832823658,1788889839074600,6250942
load1000-oneshot-100,0,100,650,1788889767779145,1788889832879145,1788889839122715,6243570
load1000-interval-100,1,100,650,1788889767823658,1788889832923658,1788889839185253,6261595
load1000-oneshot-100,0,100,651,1788889767779145,1788889832979145,1788889839232894,6253749
load1000-oneshot-500,0,500,139,1788889767866747,1788889837866747,1788889839233004,1366257
load1000-interval-100,1,100,651,1788889767823658,1788889833023658,1788889839294979,6271321
load1000-oneshot-100,0,100,652,1788889767779145,1788889833079145,1788889839341514,6262369
load1000-interval-100,1,100,652,1788889767823658,1788889833123658,1788889839404756,6281098
load1000-interval-500,1,500,139,1788889768061277,1788889838061277,1788889839404841,1343564
load1000-oneshot-100,0,100,653,1788889767779145,1788889833179145,1788889839452016,6272871
load1000-interval-100,1,100,653,1788889767823658,1788889833223658,1788889839514053,6290395
load1000-oneshot-100,0,100,654,1788889767779145,1788889833279145,1788889839560726,6281581
load1000-interval-100,1,100,654,1788889767823658,1788889833323658,1788889839622352,6298694
load1000-oneshot-100,0,100,655,1788889767779145,1788889833379145,1788889839669386,6290241
load1000-interval-100,1,100,655,1788889767823658,1788889833423658,1788889839732450,6308792
load1000-oneshot-500,0,500,140,1788889767866747,1788889838366747,1788889839748152,1381405
load1000-oneshot-100,0,100,656,1788889767779145,1788889833479145,1788889839779268,6300123
load1000-oneshot-1000,0,1000,70,1788889768103303,1788889839103303,1788889839810861,707558
load1000-interval-100,1,100,656,1788889767823658,1788889833523658,1788889839841817,6318159
load1000-oneshot-100,0,100,657,1788889767779145,1788889833579145,1788889839888293,6309148
load1000-interval-1000,1,1000,70,1788889768147355,1788889839147355,1788889839888374,741019
load1000-interval-500,1,500,140,1788889768061277,1788889838561277,1788889839919505,1358228
load1000-interval-100,1,100,657,1788889767823658,1788889833623658,1788889839950046,6326388
load1000-oneshot-100,0,100,658,1788889767779145,1788889833679145,1788889839997576,6318431
load1000-interval-100,1,100,658,1788889767823658,1788889833723658,1788889840061128,6337470
load1000-oneshot-100,0,100,659,1788889767779145,1788889833779145,1788889840107076,6327931
load1000-interval-100,1,100,659,1788889767823658,1788889833823658,1788889840170412,6346754
load1000-oneshot-100,0,100,660,1788889767779145,1788889833879145,1788889840217802,6338657
load1000-oneshot-500,0,500,141,1788889767866747,1788889838866747,1788889840264337,1397590
load1000-interval-100,1,100,660,1788889767823658,1788889833923658,1788889840280390,6356732
load1000-oneshot-100,0,100,661,1788889767779145,1788889833979145,1788889840327272,6348127
load1000-interval-100,1,100,661,1788889767823658,1788889834023658,1788889840390088,6366430
load1000-interval-500,1,500,141,1788889768061277,1788889839061277,1788889840421866,1360589
load1000-oneshot-100,0,100,662,1788889767779145,1788889834079145,1788889840437337,6358192
load1000-interval-100,1,100,662,1788889767823658,1788889834123658,1788889840498951,6375293
load1000-oneshot-100,0,100,663,1788889767779145,1788889834179145,1788889840546139,6366994
load1000-interval-100,1,100,663,1788889767823658,1788889834223658,1788889840608373,6384715
load1000-oneshot-100,0,100,664,1788889767779145,1788889834279145,1788889840656499,6377354
load1000-interval-100,1,100,664,1788889767823658,1788889834323658,1788889840720059,6396401
load1000-oneshot-100,0,100,665,1788889767779145,1788889834379145,1788889840767274,6388129
load1000-oneshot-500,0,500,142,1788889767866747,1788889839366747,1788889840767378,1400631
load1000-oneshot-1000,0,1000,71,1788889768103303,1788889840103303,1788889840813572,710269
load1000-interval-100,1,100,665,1788889767823658,1788889834423658,1788889840830050,6406392
load1000-oneshot-100,0,100,666,1788889767779145,1788889834479145,1788889840877498,6398353
load1000-interval-1000,1,1000,71,1788889768147355,1788889840147355,1788889840893527,746172
load1000-interval-500,1,500,142,1788889768061277,1788889839561277,1788889840925544,1364267
load1000-interval-100,1,100,666,1788889767823658,1788889834523658,1788889840941617,6417959
load1000-oneshot-100,0,100,667,1788889767779145,1788889834579145,1788889840988739,6409594
load1000-interval-100,1,100,667,1788889767823658,1788889834623658,1788889841052014,6428356
load1000-oneshot-100,0,100,668,1788889767779145,1788889834679145,1788889841097015,6417870
load1000-interval-100,1,100,668,1788889767823658,1788889834723658,1788889841161073,6437415
load1000-oneshot-100,0,100,669,1788889767779145,1788889834779145,1788889841208029,6428884
load1000-interval-100,1,100,669,1788889767823658,1788889834823658,1788889841270871,6447213
load1000-oneshot-500,0,500,143,1788889767866747,1788889839866747,1788889841270948,1404201
load1000-oneshot-100,0,100,670,1788889767779145,1788889834879145,1788889841317489,6438344
load1000-interval-100,1,100,670,1788889767823658,1788889834923658,1788889841379943,6456285
load1000-oneshot-100,0,100,671,1788889767779145,1788889834979145,1788889841427906,6448761
load1000-interval-500,1,500,143,1788889768061277,1788889840061277,1788889841428006,1366729
load1000-interval-100,1,100,671,1788889767823658,1788889835023658,1788889841491997,6468339
load1000-oneshot-100,0,100,672,1788889767779145,1788889835079145,1788889841539964,6460819
load1000-interval-100,1,100,672,1788889767823658,1788889835123658,1788889841601867,6478209
load1000-oneshot-100,0,100,673,1788889767779145,1788889835179145,1788889841650002,6470857
load1000-interval-100,1,100,673,1788889767823658,1788889835223658,1788889841710995,6487337
load1000-oneshot-100,0,100,674,1788889767779145,1788889835279145,1788889841756874,6477729
load1000-oneshot-500,0,500,144,1788889767866747,1788889840366747,1788889841772837,1406090
load1000-interval-100,1,100,674,1788889767823658,1788889835323658,1788889841819629,6495971
load1000-oneshot-1000,0,1000,72,1788889768103303,1788889841103303,1788889841819716,716413
load1000-oneshot-100,0,100,675,1788889767779145,1788889835379145,1788889841866341,6487196
load1000-interval-1000,1,1000,72,1788889768147355,1788889841147355,1788889841897145,749790
load1000-interval-100,1,100,675,1788889767823658,1788889835423658,1788889841928627,6504969
load1000-interval-500,1,500,144,1788889768061277,1788889840561277,1788889841944286,1383009
load1000-oneshot-100,0,100,676,1788889767779145,1788889835479145,1788889841975774,6496629
load1000-interval-100,1,100,676,1788889767823658,1788889835523658,1788889842037364,6513706
load1000-oneshot-100,0,100,677,1788889767779145,1788889835579145,1788889842084129,6504984
load1000-interval-100,1,100,677,1788889767823658,1788889835623658,1788889842147116,6523458
load1000-oneshot-100,0,100,678,1788889767779145,1788889835679145,1788889842194836,6515691
load1000-interval-100,1,100,678,1788889767823658,1788889835723658,1788889842257675,6534017
load1000-oneshot-500,0,500,145,1788889767866747,1788889840866747,1788889842287570,1420823
load1000-oneshot-100,0,100,679,1788889767779145,1788889835779145,1788889842302640,6523495
load1000-interval-100,1,100,679,1788889767823658,1788889835823658,1788889842364796,6541138
load1000-oneshot-100,0,100,680,1788889767779145,1788889835879145,1788889842411831,6532686
load1000-interval-500,1,500,145,1788889768061277,1788889841061277,1788889842459960,1398683
load1000-interval-100,1,100,680,1788889767823658,1788889835923658,1788889842474873,6551215
load1000-oneshot-100,0,100,681,1788889767779145,1788889835979145,1788889842522095,6542950
load1000-interval-100,1,100,681,1788889767823658,1788889836023658,1788889842584987,6561329
load1000-oneshot-100,0,100,682,1788889767779145,1788889836079145,1788889842630710,6551565
load1000-interval-100,1,100,682,1788889767823658,1788889836123658,1788889842692960,6569302
load1000-oneshot-100,0,100,683,1788889767779145,1788889836179145,1788889842740284,6561139
load1000-oneshot-500,0,500,146,1788889767866747,1788889841366747,1788889842803188,1436441
load1000-interval-100,1,100,683,1788889767823658,1788889836223658,1788889842803286,6579628
load1000-oneshot-1000,0,1000,73,1788889768103303,1788889842103303,1788889842834200,730897
load1000-oneshot-100,0,100,684,1788889767779145,1788889836279145,1788889842850228,6571083
load1000-interval-1000,1,1000,73,1788889768147355,1788889842147355,1788889842913028,765673
load1000-interval-100,1,100,684,1788889767823658,1788889836323658,1788889842913107,6589449
load1000-oneshot-100,0,100,685,1788889767779145,1788889836379145,1788889842959369,6580224
load1000-interval-500,1,500,146,1788889768061277,1788889841561277,1788889842975515,1414238
load1000-interval-100,1,100,685,1788889767823658,1788889836423658,1788889843022031,6598373
load1000-oneshot-100,0,100,686,1788889767779145,1788889836479145,1788889843069602,6590457
load1000-interval-100,1,100,686,1788889767823658,1788889836523658,1788889843131260,6607602
load1000-oneshot-100,0,100,687,1788889767779145,1788889836579145,1788889843178265,6599120
load1000-interval-100,1,100,687,1788889767823658,1788889836623658,1788889843239705,6616047
load1000-oneshot-100,0,100,688,1788889767779145,1788889836679145,1788889843286466,6607321
load1000-oneshot-500,0,500,147,1788889767866747,1788889841866747,1788889843317341,1450594
load1000-interval-100,1,100,688,1788889767823658,1788889836723658,1788889843348276,6624618
load1000-oneshot-100,0,100,689,1788889767779145,1788889836779145,1788889843396383,6617238
load1000-interval-100,1,100,689,1788889767823658,1788889836823658,1788889843458692,6635034
load1000-interval-500,1,500,147,1788889768061277,1788889842061277,1788889843489717,1428440
load1000-oneshot-100,0,100,690,1788889767779145,1788889836879145,1788889843505178,6626033
load1000-interval-100,1,100,690,1788889767823658,1788889836923658,1788889843566726,6643068
load1000-oneshot-100,0,100,691,1788889767779145,1788889836979145,1788889843612790,6633645
load1000-interval-100,1,100,691,1788889767823658,1788889837023658,1788889843675043,6651385
load1000-oneshot-100,0,100,692,1788889767779145,1788889837079145,1788889843721738,6642593
load1000-interval-100,1,100,692,1788889767823658,1788889837123658,1788889843784892,6661234
load1000-oneshot-500,0,500,148,1788889767866747,1788889842366747,1788889843831811,1465064
load1000-oneshot-100,0,100,693,1788889767779145,1788889837179145,1788889843831948,6652803
load1000-oneshot-1000,0,1000,74,1788889768103303,1788889843103303,1788889843847726,744423
load1000-interval-100,1,100,693,1788889767823658,1788889837223658,1788889843894724,6671066
load1000-interval-1000,1,1000,74,1788889768147355,1788889843147355,1788889843926719,779364
load1000-oneshot-100,0,100,694,1788889767779145,1788889837279145,1788889843942713,6663568
load1000-interval-500,1,500,148,1788889768061277,1788889842561277,1788889844005171,1443894
load1000-interval-100,1,100,694,1788889767823658,1788889837323658,1788889844005298,6681640
load1000-oneshot-100,0,100,695,1788889767779145,1788889837379145,1788889844052271,6673126
load1000-interval-100,1,100,695,1788889767823658,1788889837423658,1788889844114333,6690675
load1000-oneshot-100,0,100,696,1788889767779145,1788889837479145,1788889844161057,6681912
load1000-interval-100,1,100,696,1788889767823658,1788889837523658,1788889844221585,6697927
load1000-oneshot-100,0,100,697,1788889767779145,1788889837579145,1788889844267204,6688059
load1000-interval-100,1,100,697,1788889767823658,1788889837623658,1788889844329541,6705883
load1000-oneshot-500,0,500,149,1788889767866747,1788889842866747,1788889844345309,1478562
load1000-oneshot-100,0,100,698,1788889767779145,1788889837679145,1788889844376848,6697703
load1000-interval-100,1,100,698,1788889767823658,1788889837723658,1788889844439653,6715995
load1000-oneshot-100,0,100,699,1788889767779145,1788889837779145,1788889844487695,6708550
load1000-interval-500,1,500,149,1788889768061277,1788889843061277,1788889844519127,1457850
load1000-interval-100,1,100,699,1788889767823658,1788889837823658,1788889844551357,6727699
load1000-oneshot-100,0,100,700,1788889767779145,1788889837879145,1788889844597665,6718520
load1000-interval-100,1,100,700,1788889767823658,1788889837923658,1788889844660406,6736748
load1000-oneshot-100,0,100,701,1788889767779145,1788889837979145,1788889844707392,6728247
load1000-interval-100,1,100,701,1788889767823658,1788889838023658,1788889844770534,6746876
load1000-oneshot-100,0,100,702,1788889767779145,1788889838079145,1788889844816589,6737444
load1000-oneshot-500,0,500,150,1788889767866747,1788889843366747,1788889844847236,1480489
load1000-oneshot-1000,0,1000,75,1788889768103303,1788889844103303,1788889844862857,759554
load1000-interval-100,1,100,702,1788889767823658,1788889838123658,1788889844878885,6755227
load1000-oneshot-100,0,100,703,1788889767779145,1788889838179145,1788889844926038,6746893
load1000-interval-1000,1,1000,75,1788889768147355,1788889844147355,1788889844942595,795240
load1000-interval-100,1,100,703,1788889767823658,1788889838223658,1788889844989874,6766216
load1000-interval-500,1,500,150,1788889768061277,1788889843561277,1788889845036437,1475160
load1000-oneshot-100,0,100,704,1788889767779145,1788889838279145,1788889845036529,6757384
load1000-interval-100,1,100,704,1788889767823658,1788889838323658,1788889845098675,6775017
load1000-oneshot-100,0,100,705,1788889767779145,1788889838379145,1788889845145271,6766126
load1000-interval-100,1,100,705,1788889767823658,1788889838423658,1788889845207352,6783694
load1000-oneshot-100,0,100,706,1788889767779145,1788889838479145,1788889845253861,6774716
load1000-interval-100,1,100,706,1788889767823658,1788889838523658,1788889845316445,6792787
load1000-oneshot-500,0,500,151,1788889767866747,1788889843866747,1788889845363883,1497136
load1000-oneshot-100,0,100,707,1788889767779145,1788889838579145,1788889845364014,6784869
load1000-interval-100,1,100,707,1788889767823658,1788889838623658,1788889845427216,6803558
load1000-oneshot-100,0,100,708,1788889767779145,1788889838679145,1788889845473855,6794710
load1000-interval-100,1,100,708,1788889767823658,1788889838723658,1788889845535223,6811565
load1000-interval-500,1,500,151,1788889768061277,1788889844061277,1788889845551172,1489895
load1000-oneshot-100,0,100,709,1788889767779145,1788889838779145,1788889845582262,6803117
load1000-interval-100,1,100,709,1788889767823658,1788889838823658,1788889845643320,6819662
load1000-oneshot-100,0,100,710,1788889767779145,1788889838879145,1788889845690261,6811116
load1000-interval-100,1,100,710,1788889767823658,1788889838923658,1788889845752489,6828831
load1000-oneshot-100,0,100,711,1788889767779145,1788889838979145,1788889845799857,6820712
load1000-interval-100,1,100,711,1788889767823658,1788889839023658,1788889845861088,6837430
load1000-oneshot-1000,0,1000,76,1788889768103303,1788889845103303,1788889845876671,773368
load1000-oneshot-500,0,500,152,1788889767866747,1788889844366747,1788889845876779,1510032
load1000-oneshot-100,0,100,712,1788889767779145,1788889839079145,1788889845908255,6829110
load1000-interval-1000,1,1000,76,1788889768147355,1788889845147355,1788889845955798,808443
load1000-interval-100,1,100,712,1788889767823658,1788889839123658,1788889845971312,6847654
load1000-oneshot-100,0,100,713,1788889767779145,1788889839179145,1788889846018229,6839084
load1000-interval-500,1,500,152,1788889768061277,1788889844561277,1788889846064806,1503529
load1000-interval-100,1,100,713,1788889767823658,1788889839223658,1788889846080118,6856460
load1000-oneshot-100,0,100,714,1788889767779145,1788889839279145,1788889846127540,6848395
load1000-interval-100,1,100,714,1788889767823658,1788889839323658,1788889846189108,6865450
load1000-oneshot-100,0,100,715,1788889767779145,1788889839379145,1788889846237427,6858282
load1000-interval-100,1,100,715,1788889767823658,1788889839423658,1788889846300159,6876501
load1000-oneshot-100,0,100,716,1788889767779145,1788889839479145,1788889846345905,6866760
load1000-oneshot-500,0,500,153,1788889767866747,1788889844866747,1788889846392427,1525680
load1000-interval-100,1,100,716,1788889767823658,1788889839523658,1788889846407306,6883648
load1000-oneshot-100,0,100,717,1788889767779145,1788889839579145,1788889846454688,6875543
load1000-interval-100,1,100,717,1788889767823658,1788889839623658,1788889846516090,6892432
load1000-oneshot-100,0,100,718,1788889767779145,1788889839679145,1788889846562489,6883344
load1000-interval-500,1,500,153,1788889768061277,1788889845061277,1788889846578149,1516872
load1000-interval-100,1,100,718,1788889767823658,1788889839723658,1788889846625387,6901729
load1000-oneshot-100,0,100,719,1788889767779145,1788889839779145,1788889846672667,6893522
load1000-interval-100,1,100,719,1788889767823658,1788889839823658,1788889846735383,6911725
load1000-oneshot-100,0,100,720,1788889767779145,1788889839879145,1788889846781439,6902294
load1000-interval-100,1,100,720,1788889767823658,1788889839923658,1788889846844202,6920544
load1000-oneshot-1000,0,1000,77,1788889768103303,1788889846103303,1788889846891543,788240
load1000-oneshot-100,0,100,721,1788889767779145,1788889839979145,1788889846891641,6912496
load1000-oneshot-500,0,500,154,1788889767866747,1788889845366747,1788889846907464,1540717
load1000-interval-100,1,100,721,1788889767823658,1788889840023658,1788889846953758,6930100
load1000-interval-1000,1,1000,77,1788889768147355,1788889846147355,1788889846969535,822180
load1000-oneshot-100,0,100,722,1788889767779145,1788889840079145,1788889847001085,6921940
load1000-interval-100,1,100,722,1788889767823658,1788889840123658,1788889847063019,6939361
load1000-interval-500,1,500,154,1788889768061277,1788889845561277,1788889847093693,1532416
load1000-oneshot-100,0,100,723,1788889767779145,1788889840179145,1788889847109231,6930086
load1000-interval-100,1,100,723,1788889767823658,1788889840223658,1788889847171662,6948004
load1000-oneshot-100,0,100,724,1788889767779145,1788889840279145,1788889847218423,6939278
load1000-interval-100,1,100,724,1788889767823658,1788889840323658,1788889847280215,6956557
load1000-oneshot-100,0,100,725,1788889767779145,1788889840379145,1788889847327185,6948040
load1000-interval-100,1,100,725,1788889767823658,1788889840423658,1788889847389509,6965851
load1000-oneshot-500,0,500,155,1788889767866747,1788889845866747,1788889847420979,1554232
load1000-oneshot-100,0,100,726,1788889767779145,1788889840479145,1788889847436598,6957453
load1000-interval-100,1,100,726,1788889767823658,1788889840523658,1788889847498316,6974658
load1000-oneshot-100,0,100,727,1788889767779145,1788889840579145,1788889847544688,6965543
load1000-interval-500,1,500,155,1788889768061277,1788889846061277,1788889847605883,1544606
load1000-interval-100,1,100,727,1788889767823658,1788889840623658,1788889847605981,6982323
load1000-oneshot-100,0,100,728,1788889767779145,1788889840679145,1788889847652055,6972910
load1000-interval-100,1,100,728,1788889767823658,1788889840723658,1788889847713737,6990079
load1000-oneshot-100,0,100,729,1788889767779145,1788889840779145,1788889847760157,6981012
load1000-interval-100,1,100,729,1788889767823658,1788889840823658,1788889847822950,6999292
load1000-oneshot-100,0,100,730,1788889767779145,1788889840879145,1788889847869462,6990317
load1000-oneshot-1000,0,1000,78,1788889768103303,1788889847103303,1788889847901067,797764
load1000-oneshot-500,0,500,156,1788889767866747,1788889846366747,1788889847932583,1565836
load1000-interval-100,1,100,730,1788889767823658,1788889840923658,1788889847932665,7009007
load1000-interval-1000,1,1000,78,1788889768147355,1788889847147355,1788889847978783,831428
load1000-oneshot-100,0,100,731,1788889767779145,1788889840979145,1788889847978894,6999749
load1000-interval-100,1,100,731,1788889767823658,1788889841023658,1788889848042167,7018509
load1000-oneshot-100,0,100,732,1788889767779145,1788889841079145,1788889848089379,7010234
load1000-interval-500,1,500,156,1788889768061277,1788889846561277,1788889848120526,1559249
load1000-interval-100,1,100,732,1788889767823658,1788889841123658,1788889848152007,7028349
load1000-oneshot-100,0,100,733,1788889767779145,1788889841179145,1788889848199206,7020061
load1000-interval-100,1,100,733,1788889767823658,1788889841223658,1788889848261035,7037377
load1000-oneshot-100,0,100,734,1788889767779145,1788889841279145,1788889848307538,7028393
load1000-interval-100,1,100,734,1788889767823658,1788889841323658,1788889848370825,7047167
load1000-oneshot-100,0,100,735,1788889767779145,1788889841379145,1788889848419196,7040051
load1000-oneshot-500,0,500,157,1788889767866747,1788889846866747,1788889848434386,1567639
load1000-interval-100,1,100,735,1788889767823658,1788889841423658,1788889848480478,7056820
load1000-oneshot-100,0,100,736,1788889767779145,1788889841479145,1788889848528516,7049371
load1000-interval-100,1,100,736,1788889767823658,1788889841523658,1788889848592012,7068354
load1000-interval-500,1,500,157,1788889768061277,1788889847061277,1788889848623372,1562095
load1000-oneshot-100,0,100,737,1788889767779145,1788889841579145,1788889848638565,7059420
load1000-interval-100,1,100,737,1788889767823658,1788889841623658,1788889848702180,7078522
load1000-oneshot-100,0,100,738,1788889767779145,1788889841679145,1788889848748515,7069370
load1000-interval-100,1,100,738,1788889767823658,1788889841723658,1788889848811968,7088310
load1000-oneshot-100,0,100,739,1788889767779145,1788889841779145,1788889848859046,7079901
load1000-oneshot-1000,0,1000,79,1788889768103303,1788889848103303,1788889848904650,801347
load1000-interval-100,1,100,739,1788889767823658,1788889841823658,1788889848919666,7096008
load1000-oneshot-500,0,500,158,1788889767866747,1788889847366747,1788889848950714,1583967
load1000-oneshot-100,0,100,740,1788889767779145,1788889841879145,1788889848966668,7087523
load1000-interval-1000,1,1000,79,1788889768147355,1788889848147355,1788889848981497,834142
load1000-interval-100,1,100,740,1788889767823658,1788889841923658,1788889849026230,7102572
load1000-oneshot-100,0,100,741,1788889767779145,1788889841979145,1788889849073359,7094214
load1000-interval-500,1,500,158,1788889768061277,1788889847561277,1788889849136441,1575164
load1000-interval-100,1,100,741,1788889767823658,1788889842023658,1788889849136525,7112867
load1000-oneshot-100,0,100,742,1788889767779145,1788889842079145,1788889849182985,7103840
load1000-interval-100,1,100,742,1788889767823658,1788889842123658,1788889849245413,7121755
load1000-oneshot-100,0,100,743,1788889767779145,1788889842179145,1788889849291215,7112070
load1000-interval-100,1,100,743,1788889767823658,1788889842223658,1788889849354069,7130411
load1000-oneshot-100,0,100,744,1788889767779145,1788889842279145,1788889849401156,7122011
load1000-oneshot-500,0,500,159,1788889767866747,1788889847866747,1788889849464014,1597267
load1000-interval-100,1,100,744,1788889767823658,1788889842323658,1788889849464209,7140551
load1000-oneshot-100,0,100,745,1788889767779145,1788889842379145,1788889849510886,7131741
load1000-interval-100,1,100,745,1788889767823658,1788889842423658,1788889849574749,7151091
load1000-oneshot-100,0,100,746,1788889767779145,1788889842479145,1788889849621664,7142519
load1000-interval-500,1,500,159,1788889768061277,1788889848061277,1788889849653001,1591724
load1000-interval-100,1,100,746,1788889767823658,1788889842523658,1788889849684560,7160902
load1000-oneshot-100,0,100,747,1788889767779145,1788889842579145,1788889849731023,7151878
load1000-interval-100,1,100,747,1788889767823658,1788889842623658,1788889849794273,7170615
load1000-oneshot-100,0,100,748,1788889767779145,1788889842679145,1788889849841192,7162047
load1000-interval-100,1,100,748,1788889767823658,1788889842723658,1788889849905096,7181438
load1000-oneshot-1000,0,1000,80,1788889768103303,1788889849103303,1788889849920149,816846
load1000-oneshot-100,0,100,749,1788889767779145,1788889842779145,1788889849951586,7172441
load1000-oneshot-500,0,500,160,1788889767866747,1788889848366747,1788889849966772,1600025
load1000-interval-1000,1,1000,80,1788889768147355,1788889849147355,1788889849982975,835620
load1000-interval-100,1,100,749,1788889767823658,1788889842823658,1788889850015326,7191668
load1000-oneshot-100,0,100,750,1788889767779145,1788889842879145,1788889850062024,7182879
load1000-interval-100,1,100,750,1788889767823658,1788889842923658,1788889850123904,7200246
load1000-interval-500,1,500,160,1788889768061277,1788889848561277,1788889850155356,1594079
load1000-oneshot-100,0,100,751,1788889767779145,1788889842979145,1788889850170974,7191829
load1000-interval-100,1,100,751,1788889767823658,1788889843023658,1788889850233683,7210025
load1000-oneshot-100,0,100,752,1788889767779145,1788889843079145,1788889850281844,7202699
load1000-interval-100,1,100,752,1788889767823658,1788889843123658,1788889850345334,7221676
load1000-oneshot-100,0,100,753,1788889767779145,1788889843179145,1788889850393468,7214323
load1000-interval-100,1,100,753,1788889767823658,1788889843223658,1788889850456425,7232767
load1000-oneshot-500,0,500,161,1788889767866747,1788889848866747,1788889850471940,1605193
load1000-oneshot-100,0,100,754,1788889767779145,1788889843279145,1788889850503143,7223998
load1000-interval-100,1,100,754,1788889767823658,1788889843323658,1788889850567014,7243356
load1000-oneshot-100,0,100,755,1788889767779145,1788889843379145,1788889850613458,7234313
load1000-interval-500,1,500,161,1788889768061277,1788889849061277,1788889850660536,1599259
load1000-interval-100,1,100,755,1788889767823658,1788889843423658,1788889850676044,7252386
load1000-oneshot-100,0,100,756,1788889767779145,1788889843479145,1788889850724462,7245317
load1000-interval-100,1,100,756,1788889767823658,1788889843523658,1788889850786661,7263003
load1000-oneshot-100,0,100,757,1788889767779145,1788889843579145,1788889850832633,7253488
load1000-interval-100,1,100,757,1788889767823658,1788889843623658,1788889850893570,7269912
load1000-oneshot-1000,0,1000,81,1788889768103303,1788889850103303,1788889850925664,822361
load1000-oneshot-100,0,100,758,1788889767779145,1788889843679145,1788889850941149,7262004
load1000-oneshot-500,0,500,162,1788889767866747,1788889849366747,1788889850987960,1621213
load1000-interval-1000,1,1000,81,1788889768147355,1788889850147355,1788889850988088,840733
load1000-interval-100,1,100,758,1788889767823658,1788889843723658,1788889851003973,7280315
load1000-oneshot-100,0,100,759,1788889767779145,1788889843779145,1788889851050911,7271766
load1000-interval-100,1,100,759,1788889767823658,1788889843823658,1788889851113389,7289731
load1000-oneshot-100,0,100,760,1788889767779145,1788889843879145,1788889851159901,7280756
load1000-interval-500,1,500,162,1788889768061277,1788889849561277,1788889851175534,1614257
load1000-interval-100,1,100,760,1788889767823658,1788889843923658,1788889851222226,7298568
load1000-oneshot-100,0,100,761,1788889767779145,1788889843979145,1788889851269083,7289938
load1000-interval-100,1,100,761,1788889767823658,1788889844023658,1788889851330681,7307023
load1000-oneshot-100,0,100,762,1788889767779145,1788889844079145,1788889851377240,7298095
load1000-interval-100,1,100,762,1788889767823658,1788889844123658,1788889851439564,7315906
load1000-oneshot-100,0,100,763,1788889767779145,1788889844179145,1788889851486469,7307324
load1000-oneshot-500,0,500,163,1788889767866747,1788889849866747,1788889851502097,1635350
load1000-interval-100,1,100,763,1788889767823658,1788889844223658,1788889851548372,7324714
load1000-oneshot-100,0,100,764,1788889767779145,1788889844279145,1788889851595036,7315891
load1000-interval-100,1,100,764,1788889767823658,1788889844323658,1788889851656498,7332840
load1000-interval-500,1,500,163,1788889768061277,1788889850061277,1788889851688073,1626796
load1000-oneshot-100,0,100,765,1788889767779145,1788889844379145,1788889851704184,7325039
load1000-interval-100,1,100,765,1788889767823658,1788889844423658,1788889851766190,7342532
load1000-oneshot-100,0,100,766,1788889767779145,1788889844479145,1788889851814275,7335130
load1000-interval-100,1,100,766,1788889767823658,1788889844523658,1788889851876632,7352974
load1000-oneshot-100,0,100,767,1788889767779145,1788889844579145,1788889851923425,7344280
load1000-oneshot-1000,0,1000,82,1788889768103303,1788889851103303,1788889851938941,835638
load1000-interval-100,1,100,767,1788889767823658,1788889844623658,1788889851985217,7361559
load1000-interval-1000,1,1000,82,1788889768147355,1788889851147355,1788889852000707,853352
load1000-oneshot-500,0,500,164,1788889767866747,1788889850366747,1788889852016669,1649922
load1000-oneshot-100,0,100,768,1788889767779145,1788889844679145,1788889852031789,7352644
load1000-interval-100,1,100,768,1788889767823658,1788889844723658,1788889852094576,7370918
load1000-oneshot-100,0,100,769,1788889767779145,1788889844779145,1788889852141658,7362513
load1000-interval-500,1,500,164,1788889768061277,1788889850561277,1788889852203951,1642674
load1000-interval-100,1,100,769,1788889767823658,1788889844823658,1788889852204064,7380406
load1000-oneshot-100,0,100,770,1788889767779145,1788889844879145,1788889852250368,7371223
load1000-interval-100,1,100,770,1788889767823658,1788889844923658,1788889852312918,7389260
load1000-oneshot-100,0,100,771,1788889767779145,1788889844979145,1788889852361017,7381872
load1000-interval-100,1,100,771,1788889767823658,1788889845023658,1788889852423667,7400009
load1000-oneshot-100,0,100,772,1788889767779145,1788889845079145,1788889852470353,7391208
load1000-oneshot-500,0,500,165,1788889767866747,1788889850866747,1788889852518355,1651608
load1000-interval-100,1,100,772,1788889767823658,1788889845123658,1788889852533942,7410284
load1000-oneshot-100,0,100,773,1788889767779145,1788889845179145,1788889852581995,7402850
load1000-interval-100,1,100,773,1788889767823658,1788889845223658,1788889852644405,7420747
load1000-oneshot-100,0,100,774,1788889767779145,1788889845279145,1788889852690299,7411154
load1000-interval-500,1,500,165,1788889768061277,1788889851061277,1788889852720593,1659316
load1000-interval-100,1,100,774,1788889767823658,1788889845323658,1788889852752655,7428997
load1000-oneshot-100,0,100,775,1788889767779145,1788889845379145,1788889852800074,7420929
load1000-interval-100,1,100,775,1788889767823658,1788889845423658,1788889852863267,7439609
load1000-oneshot-100,0,100,776,1788889767779145,1788889845479145,1788889852909827,7430682
load1000-oneshot-1000,0,1000,83,1788889768103303,1788889852103303,1788889852941056,837753
load1000-interval-100,1,100,776,1788889767823658,1788889845523658,1788889852973068,7449410
load1000-interval-1000,1,1000,83,1788889768147355,1788889852147355,1788889853003393,856038
load1000-oneshot-100,0,100,777,1788889767779145,1788889845579145,1788889853019329,7440184
load1000-oneshot-500,0,500,166,1788889767866747,1788889851366747,1788889853034848,1668101
load1000-interval-100,1,100,777,1788889767823658,1788889845623658,1788889853081577,7457919
load1000-oneshot-100,0,100,778,1788889767779145,1788889845679145,1788889853129531,7450386
load1000-interval-100,1,100,778,1788889767823658,1788889845723658,1788889853193172,7469514
load1000-interval-500,1,500,166,1788889768061277,1788889851561277,1788889853225212,1663935
load1000-oneshot-100,0,100,779,1788889767779145,1788889845779145,1788889853241141,7461996
load1000-interval-100,1,100,779,1788889767823658,1788889845823658,1788889853303151,7479493
load1000-oneshot-100,0,100,780,1788889767779145,1788889845879145,1788889853350380,7471235
load1000-interval-100,1,100,780,1788889767823658,1788889845923658,1788889853413960,7490302
load1000-oneshot-100,0,100,781,1788889767779145,1788889845979145,1788889853460583,7481438
load1000-interval-100,1,100,781,1788889767823658,1788889846023658,1788889853523878,7500220
load1000-oneshot-500,0,500,167,1788889767866747,1788889851866747,1788889853539380,1672633
load1000-oneshot-100,0,100,782,1788889767779145,1788889846079145,1788889853571425,7492280
load1000-interval-100,1,100,782,1788889767823658,1788889846123658,1788889853634807,7511149
load1000-oneshot-100,0,100,783,1788889767779145,1788889846179145,1788889853681840,7502695
load1000-interval-500,1,500,167,1788889768061277,1788889852061277,1788889853729674,1668397
load1000-interval-100,1,100,783,1788889767823658,1788889846223658,1788889853744690,7521032
load1000-oneshot-100,0,100,784,1788889767779145,1788889846279145,1788889853791347,7512202
load1000-interval-100,1,100,784,1788889767823658,1788889846323658,1788889853854407,7530749
load1000-oneshot-100,0,100,785,1788889767779145,1788889846379145,1788889853901743,7522598
load1000-oneshot-1000,0,1000,84,1788889768103303,1788889853103303,1788889853948841,845538
load1000-interval-100,1,100,785,1788889767823658,1788889846423658,1788889853964468,7540810
load1000-oneshot-100,0,100,786,1788889767779145,1788889846479145,1788889854010879,7531734
load1000-interval-1000,1,1000,84,1788889768147355,1788889853147355,1788889854010947,863592
load1000-oneshot-500,0,500,168,1788889767866747,1788889852366747,1788889854042291,1675544
load1000-interval-100,1,100,786,1788889767823658,1788889846523658,1788889854072303,7548645
load1000-oneshot-100,0,100,787,1788889767779145,1788889846579145,1788889854118965,7539820
load1000-interval-100,1,100,787,1788889767823658,1788889846623658,1788889854182025,7558367
load1000-oneshot-100,0,100,788,1788889767779145,1788889846679145,1788889854230150,7551005
load1000-interval-500,1,500,168,1788889768061277,1788889852561277,1788889854231147,1669870
load1000-interval-100,1,100,788,1788889767823658,1788889846723658,1788889854294412,7570754
load1000-oneshot-100,0,100,789,1788889767779145,1788889846779145,1788889854341435,7562290
load1000-interval-100,1,100,789,1788889767823658,1788889846823658,1788889854404932,7581274
load1000-oneshot-100,0,100,790,1788889767779145,1788889846879145,1788889854453003,7573858
load1000-interval-100,1,100,790,1788889767823658,1788889846923658,1788889854516542,7592884
load1000-oneshot-500,0,500,169,1788889767866747,1788889852866747,1788889854548224,1681477
load1000-oneshot-100,0,100,791,1788889767779145,1788889846979145,1788889854563121,7583976
load1000-interval-100,1,100,791,1788889767823658,1788889847023658,1788889854625811,7602153
load1000-oneshot-100,0,100,792,1788889767779145,1788889847079145,1788889854673624,7594479
load1000-interval-100,1,100,792,1788889767823658,1788889847123658,1788889854736706,7613048
load1000-interval-500,1,500,169,1788889768061277,1788889853061277,1788889854736807,1675530
load1000-oneshot-100,0,100,793,1788889767779145,1788889847179145,1788889854783194,7604049
load1000-interval-100,1,100,793,1788889767823658,1788889847223658,1788889854846352,7622694
load1000-oneshot-100,0,100,794,1788889767779145,1788889847279145,1788889854893751,7614606
load1000-interval-100,1,100,794,1788889767823658,1788889847323658,1788889854956104,7632446
load1000-oneshot-1000,0,1000,85,1788889768103303,1788889854103303,1788889854956199,852896
load1000-oneshot-100,0,100,795,1788889767779145,1788889847379145,1788889855002833,7623688
load1000-interval-1000,1,1000,85,1788889768147355,1788889854147355,1788889855018308,870953
load1000-oneshot-500,0,500,170,1788889767866747,1788889853366747,1788889855050001,1683254
load1000-interval-100,1,100,795,1788889767823658,1788889847423658,1788889855066036,7642378
load1000-oneshot-100,0,100,796,1788889767779145,1788889847479145,1788889855112794,7633649
load1000-interval-100,1,100,796,1788889767823658,1788889847523658,1788889855177300,7653642
load1000-oneshot-100,0,100,797,1788889767779145,1788889847579145,1788889855224603,7645458
load1000-interval-500,1,500,170,1788889768061277,1788889853561277,1788889855240053,1678776
load1000-interval-100,1,100,797,1788889767823658,1788889847623658,1788889855287663,7664005
load1000-oneshot-100,0,100,798,1788889767779145,1788889847679145,1788889855335566,7656421
load1000-interval-100,1,100,798,1788889767823658,1788889847723658,1788889855398219,7674561
load1000-oneshot-100,0,100,799,1788889767779145,1788889847779145,1788889855445553,7666408
load1000-interval-100,1,100,799,1788889767823658,1788889847823658,1788889855507315,7683657
load1000-oneshot-100,0,100,800,1788889767779145,1788889847879145,1788889855554138,7674993
load1000-oneshot-500,0,500,171,1788889767866747,1788889853866747,1788889855554240,1687493
load1000-interval-100,1,100,800,1788889767823658,1788889847923658,1788889855617053,7693395
load1000-oneshot-100,0,100,801,1788889767779145,1788889847979145,1788889855664673,7685528
load1000-interval-100,1,100,801,1788889767823658,1788889848023658,1788889855727781,7704123
load1000-interval-500,1,500,171,1788889768061277,1788889854061277,1788889855743461,1682184
load1000-oneshot-100,0,100,802,1788889767779145,1788889848079145,1788889855775486,7696341
load1000-interval-100,1,100,802,1788889767823658,1788889848123658,1788889855838119,7714461
load1000-oneshot-100,0,100,803,1788889767779145,1788889848179145,1788889855884757,7705612
load1000-interval-100,1,100,803,1788889767823658,1788889848223658,1788889855948125,7724467
load1000-oneshot-1000,0,1000,86,1788889768103303,1788889855103303,1788889855964122,860819
load1000-oneshot-100,0,100,804,1788889767779145,1788889848279145,1788889855994664,7715519
load1000-interval-1000,1,1000,86,1788889768147355,1788889855147355,1788889856025123,877768
load1000-interval-100,1,100,804,1788889767823658,1788889848323658,1788889856056397,7732739
load1000-oneshot-500,0,500,172,1788889767866747,1788889854366747,1788889856056484,1689737
load1000-oneshot-100,0,100,805,1788889767779145,1788889848379145,1788889856103411,7724266
load1000-interval-100,1,100,805,1788889767823658,1788889848423658,1788889856166217,7742559
load1000-oneshot-100,0,100,806,1788889767779145,1788889848479145,1788889856212535,7733390
load1000-interval-500,1,500,172,1788889768061277,1788889854561277,1788889856260187,1698910
load1000-interval-100,1,100,806,1788889767823658,1788889848523658,1788889856275541,7751883
load1000-oneshot-100,0,100,807,1788889767779145,1788889848579145,1788889856322439,7743294
load1000-interval-100,1,100,807,1788889767823658,1788889848623658,1788889856385522,7761864
load1000-oneshot-100,0,100,808,1788889767779145,1788889848679145,1788889856432618,7753473
load1000-interval-100,1,100,808,1788889767823658,1788889848723658,1788889856495023,7771365
load1000-oneshot-100,0,100,809,1788889767779145,1788889848779145,1788889856542080,7762935
load1000-oneshot-500,0,500,173,1788889767866747,1788889854866747,1788889856558136,1691389
load1000-interval-100,1,100,809,1788889767823658,1788889848823658,1788889856606187,7782529
load1000-oneshot-100,0,100,810,1788889767779145,1788889848879145,1788889856653901,7774756
load1000-interval-100,1,100,810,1788889767823658,1788889848923658,1788889856716966,7793308
load1000-oneshot-100,0,100,811,1788889767779145,1788889848979145,1788889856763746,7784601
load1000-interval-500,1,500,173,1788889768061277,1788889855061277,1788889856764009,1702732
load1000-interval-100,1,100,811,1788889767823658,1788889849023658,1788889856824856,7801198
load1000-oneshot-100,0,100,812,1788889767779145,1788889849079145,1788889856871478,7792333
load1000-interval-100,1,100,812,1788889767823658,1788889849123658,1788889856934818,7811160
load1000-oneshot-1000,0,1000,87,1788889768103303,1788889856103303,1788889856967164,863861
load1000-oneshot-100,0,100,813,1788889767779145,1788889849179145,1788889856983666,7804521
load1000-interval-1000,1,1000,87,1788889768147355,1788889856147355,1788889857030469,883114
load1000-interval-100,1,100,813,1788889767823658,1788889849223658,1788889857046077,7822419
load1000-oneshot-500,0,500,174,1788889767866747,1788889855366747,1788889857061493,1694746
load1000-oneshot-100,0,100,814,1788889767779145,1788889849279145,1788889857093524,7814379
load1000-interval-100,1,100,814,1788889767823658,1788889849323658,1788889857155424,7831766
load1000-oneshot-100,0,100,815,1788889767779145,1788889849379145,1788889857202584,7823439
load1000-interval-100,1,100,815,1788889767823658,1788889849423658,1788889857264750,7841092
load1000-interval-500,1,500,174,1788889768061277,1788889855561277,1788889857280925,1719648
load1000-oneshot-100,0,100,816,1788889767779145,1788889849479145,1788889857312029,7832884
load1000-interval-100,1,100,816,1788889767823658,1788889849523658,1788889857376425,7852767
load1000-oneshot-100,0,100,817,1788889767779145,1788889849579145,1788889857422673,7843528
load1000-interval-100,1,100,817,1788889767823658,1788889849623658,1788889857485214,7861556
load1000-oneshot-100,0,100,818,1788889767779145,1788889849679145,1788889857531376,7852231
load1000-oneshot-500,0,500,175,1788889767866747,1788889855866747,1788889857576933,1710186
load1000-interval-100,1,100,818,1788889767823658,1788889849723658,1788889857592439,7868781
load1000-oneshot-100,0,100,819,1788889767779145,1788889849779145,1788889857639042,7859897
load1000-interval-100,1,100,819,1788889767823658,1788889849823658,1788889857701709,7878051
load1000-oneshot-100,0,100,820,1788889767779145,1788889849879145,1788889857749810,7870665
load1000-interval-500,1,500,175,1788889768061277,1788889856061277,1788889857796864,1735587
load1000-interval-100,1,100,820,1788889767823658,1788889849923658,1788889857812754,7889096
load1000-oneshot-100,0,100,821,1788889767779145,1788889849979145,1788889857860272,7881127
load1000-interval-100,1,100,821,1788889767823658,1788889850023658,1788889857922043,7898385
load1000-oneshot-100,0,100,822,1788889767779145,1788889850079145,1788889857970030,7890885
load1000-oneshot-1000,0,1000,88,1788889768103303,1788889857103303,1788889857970132,866829
load1000-interval-100,1,100,822,1788889767823658,1788889850123658,1788889858033015,7909357
load1000-interval-1000,1,1000,88,1788889768147355,1788889857147355,1788889858033118,885763
load1000-oneshot-100,0,100,823,1788889767779145,1788889850179145,1788889858079555,7900410
load1000-oneshot-500,0,500,176,1788889767866747,1788889856366747,1788889858079658,1712911
load1000-interval-100,1,100,823,1788889767823658,1788889850223658,1788889858144313,7920655
load1000-oneshot-100,0,100,824,1788889767779145,1788889850279145,1788889858190720,7911575
