1788887905931368 {"observation":{"deletes":[],"inserts":[{"id":119,"run_id":"idle-anchored-100","mode":3,"bucket_ms":100,"sequence":33,"run_start_micros":1788887902483083,"scheduled_at_micros":1788887905883083,"fired_at_micros":1788887905895565,"drift_micros":12482}]}}
1788887905955012 {"observation":{"deletes":[],"inserts":[{"id":120,"run_id":"idle-interval-100","mode":1,"bucket_ms":100,"sequence":30,"run_start_micros":1788887902528990,"scheduled_at_micros":1788887905628990,"fired_at_micros":1788887905911691,"drift_micros":282701}]}}
1788887905973268 {"observation":{"deletes":[],"inserts":[{"id":121,"run_id":"idle-oneshot-100","mode":0,"bucket_ms":100,"sequence":31,"run_start_micros":1788887902435256,"scheduled_at_micros":1788887905635256,"fired_at_micros":1788887905927311,"drift_micros":292055}]}}
1788887906023639 {"observation":{"deletes":[],"inserts":[{"id":122,"run_id":"idle-anchored-100","mode":3,"bucket_ms":100,"sequence":34,"run_start_micros":1788887902483083,"scheduled_at_micros":1788887905983083,"fired_at_micros":1788887905990078,"drift_micros":6995}]}}
1788887906041532 {"observation":{"deletes":[],"inserts":[{"id":123,"run_id":"idle-interval-100","mode":1,"bucket_ms":100,"sequence":31,"run_start_micros":1788887902528990,"scheduled_at_micros":1788887905728990,"fired_at_micros":1788887906021012,"drift_micros":292022}]}}
1788887906059736 {"observation":{"deletes":[],"inserts":[{"id":124,"run_id":"idle-oneshot-100","mode":0,"bucket_ms":100,"sequence":32,"run_start_micros":1788887902435256,"scheduled_at_micros":1788887905735256,"fired_at_micros":1788887906036958,"drift_micros":301702}]}}
1788887906231072 {"observation":{"deletes":[],"inserts":[{"id":125,"run_id":"idle-oneshot-1000","mode":0,"bucket_ms":1000,"sequence":2,"run_start_micros":1788887903021315,"scheduled_at_micros":1788887906021315,"fired_at_micros":1788887906052092,"drift_micros":30777}]}}
1788887906253144 {"observation":{"deletes":[],"inserts":[{"id":126,"run_id":"idle-anchored-1000","mode":3,"bucket_ms":1000,"sequence":2,"run_start_micros":1788887903070531,"scheduled_at_micros":1788887906070531,"fired_at_micros":1788887906082938,"drift_micros":12407}]}}
1788887906271805 {"observation":{"deletes":[],"inserts":[{"id":127,"run_id":"idle-anchored-100","mode":3,"bucket_ms":100,"sequence":35,"run_start_micros":1788887902483083,"scheduled_at_micros":1788887906083083,"fired_at_micros":1788887906099093,"drift_micros":16010}]}}
1788887906290488 {"observation":{"deletes":[],"inserts":[{"id":128,"run_id":"idle-interval-100","mode":1,"bucket_ms":100,"sequence":32,"run_start_micros":1788887902528990,"scheduled_at_micros":1788887905828990,"fired_at_micros":1788887906130354,"drift_micros":301364}]}}
1788887906311152 {"observation":{"deletes":[],"inserts":[{"id":129,"run_id":"idle-oneshot-100","mode":0,"bucket_ms":100,"sequence":33,"run_start_micros":1788887902435256,"scheduled_at_micros":1788887905835256,"fired_at_micros":1788887906145888,"drift_micros":310632}]}}
1788887906330544 {"observation":{"deletes":[],"inserts":[{"id":130,"run_id":"idle-anchored-100","mode":3,"bucket_ms":100,"sequence":36,"run_start_micros":1788887902483083,"scheduled_at_micros":1788887906183083,"fired_at_micros":1788887906192376,"drift_micros":9293}]}}
1788887906348494 {"observation":{"deletes":[],"inserts":[{"id":131,"run_id":"idle-interval-100","mode":1,"bucket_ms":100,"sequence":33,"run_start_micros":1788887902528990,"scheduled_at_micros":1788887905928990,"fired_at_micros":1788887906239427,"drift_micros":310437}]}}
1788887906368795 {"observation":{"deletes":[],"inserts":[{"id":132,"run_id":"idle-oneshot-100","mode":0,"bucket_ms":100,"sequence":34,"run_start_micros":1788887902435256,"scheduled_at_micros":1788887905935256,"fired_at_micros":1788887906255141,"drift_micros":319885}]}}
1788887906390160 {"observation":{"deletes":[],"inserts":[{"id":133,"run_id":"idle-anchored-500","mode":3,"bucket_ms":500,"sequence":6,"run_start_micros":1788887902755558,"scheduled_at_micros":1788887906255558,"fired_at_micros":1788887906270912,"drift_micros":15354}]}}
1788887906408114 {"observation":{"deletes":[],"inserts":[{"id":134,"run_id":"idle-oneshot-500","mode":0,"bucket_ms":500,"sequence":6,"run_start_micros":1788887902710258,"scheduled_at_micros":1788887906210258,"fired_at_micros":1788887906286524,"drift_micros":76266}]}}
1788887906428535 {"observation":{"deletes":[],"inserts":[{"id":135,"run_id":"idle-anchored-100","mode":3,"bucket_ms":100,"sequence":37,"run_start_micros":1788887902483083,"scheduled_at_micros":1788887906283083,"fired_at_micros":1788887906286686,"drift_micros":3603}]}}
1788887906601412 {"observation":{"deletes":[],"inserts":[{"id":136,"run_id":"idle-interval-1000","mode":1,"bucket_ms":1000,"sequence":2,"run_start_micros":1788887903272705,"scheduled_at_micros":1788887906272705,"fired_at_micros":1788887906286761,"drift_micros":14056}]}}
1788887906620189 {"observation":{"deletes":[],"inserts":[{"id":137,"run_id":"idle-interval-100","mode":1,"bucket_ms":100,"sequence":34,"run_start_micros":1788887902528990,"scheduled_at_micros":1788887906028990,"fired_at_micros":1788887906348650,"drift_micros":319660}]}}
1788887906639853 {"observation":{"deletes":[],"inserts":[{"id":138,"run_id":"idle-interval-500","mode":1,"bucket_ms":500,"sequence":6,"run_start_micros":1788887902802197,"scheduled_at_micros":1788887906302197,"fired_at_micros":1788887906348797,"drift_micros":46600}]}}
1788887906660251 {"observation":{"deletes":[],"inserts":[{"id":139,"run_id":"idle-interval-work50-1000","mode":1,"bucket_ms":1000,"sequence":0,"run_start_micros":1788887905341007,"scheduled_at_micros":1788887906341007,"fired_at_micros":1788887906348868,"drift_micros":7861}]}}
1788887906677854 {"observation":{"deletes":[],"inserts":[{"id":140,"run_id":"idle-oneshot-100","mode":0,"bucket_ms":100,"sequence":35,"run_start_micros":1788887902435256,"scheduled_at_micros":1788887906035256,"fired_at_micros":1788887906364288,"drift_micros":329032}]}}
1788887906696917 {"observation":{"deletes":[],"inserts":[{"id":141,"run_id":"idle-anchored-100","mode":3,"bucket_ms":100,"sequence":38,"run_start_micros":1788887902483083,"scheduled_at_micros":1788887906383083,"fired_at_micros":1788887906395353,"drift_micros":12270}]}}
1788887906715283 {"observation":{"deletes":[],"inserts":[{"id":142,"run_id":"idle-interval-100","mode":1,"bucket_ms":100,"sequence":35,"run_start_micros":1788887902528990,"scheduled_at_micros":1788887906128990,"fired_at_micros":1788887906457774,"drift_micros":328784}]}}
1788887906732776 {"observation":{"deletes":[],"inserts":[{"id":143,"run_id":"idle-oneshot-100","mode":0,"bucket_ms":100,"sequence":36,"run_start_micros":1788887902435256,"scheduled_at_micros":1788887906135256,"fired_at_micros":1788887906472776,"drift_micros":337520}]}}
1788887906750356 {"observation":{"deletes":[],"inserts":[{"id":144,"run_id":"idle-anchored-100","mode":3,"bucket_ms":100,"sequence":39,"run_start_micros":1788887902483083,"scheduled_at_micros":1788887906483083,"fired_at_micros":1788887906488581,"drift_micros":5498}]}}
1788887906768005 {"observation":{"deletes":[],"inserts":[{"id":145,"run_id":"idle-interval-100","mode":1,"bucket_ms":100,"sequence":36,"run_start_micros":1788887902528990,"scheduled_at_micros":1788887906228990,"fired_at_micros":1788887906565901,"drift_micros":336911}]}}
1788887906930837 {"observation":{"deletes":[],"inserts":[{"id":146,"run_id":"idle-oneshot-100","mode":0,"bucket_ms":100,"sequence":37,"run_start_micros":1788887902435256,"scheduled_at_micros":1788887906235256,"fired_at_micros":1788887906581911,"drift_micros":346655}]}}
1788887906949430 {"observation":{"deletes":[],"inserts":[{"id":147,"run_id":"idle-anchored-100","mode":3,"bucket_ms":100,"sequence":40,"run_start_micros":1788887902483083,"scheduled_at_micros":1788887906583083,"fired_at_micros":1788887906597430,"drift_micros":14347}]}}
1788887906968101 {"observation":{"deletes":[],"inserts":[{"id":148,"run_id":"idle-interval-100","mode":1,"bucket_ms":100,"sequence":37,"run_start_micros":1788887902528990,"scheduled_at_micros":1788887906328990,"fired_at_micros":1788887906674341,"drift_micros":345351}]}}
1788887906987208 {"observation":{"deletes":[],"inserts":[{"id":149,"run_id":"idle-oneshot-100","mode":0,"bucket_ms":100,"sequence":38,"run_start_micros":1788887902435256,"scheduled_at_micros":1788887906335256,"fired_at_micros":1788887906689999,"drift_micros":354743}]}}
1788887907006671 {"observation":{"deletes":[],"inserts":[{"id":150,"run_id":"idle-anchored-100","mode":3,"bucket_ms":100,"sequence":41,"run_start_micros":1788887902483083,"scheduled_at_micros":1788887906683083,"fired_at_micros":1788887906690119,"drift_micros":7036}]}}
1788887907025633 {"observation":{"deletes":[],"inserts":[{"id":151,"run_id":"idle-anchored-500","mode":3,"bucket_ms":500,"sequence":7,"run_start_micros":1788887902755558,"scheduled_at_micros":1788887906755558,"fired_at_micros":1788887906768101,"drift_micros":12543}]}}
1788887907043855 {"observation":{"deletes":[],"inserts":[{"id":152,"run_id":"idle-interval-100","mode":1,"bucket_ms":100,"sequence":38,"run_start_micros":1788887902528990,"scheduled_at_micros":1788887906428990,"fired_at_micros":1788887906784001,"drift_micros":355011}]}}
1788887907062144 {"observation":{"deletes":[],"inserts":[{"id":153,"run_id":"idle-anchored-100","mode":3,"bucket_ms":100,"sequence":42,"run_start_micros":1788887902483083,"scheduled_at_micros":1788887906783083,"fired_at_micros":1788887906784111,"drift_micros":1028}]}}
1788887907081898 {"observation":{"deletes":[],"inserts":[{"id":154,"run_id":"idle-oneshot-500","mode":0,"bucket_ms":500,"sequence":7,"run_start_micros":1788887902710258,"scheduled_at_micros":1788887906710258,"fired_at_micros":1788887906799299,"drift_micros":89041}]}}
1788887907100494 {"observation":{"deletes":[],"inserts":[{"id":155,"run_id":"idle-oneshot-100","mode":0,"bucket_ms":100,"sequence":39,"run_start_micros":1788887902435256,"scheduled_at_micros":1788887906435256,"fired_at_micros":1788887906799385,"drift_micros":364129}]}}
1788887907119855 {"observation":{"deletes":[],"inserts":[{"id":156,"run_id":"idle-interval-500","mode":1,"bucket_ms":500,"sequence":7,"run_start_micros":1788887902802197,"scheduled_at_micros":1788887906802197,"fired_at_micros":1788887906861792,"drift_micros":59595}]}}
1788887907142613 {"observation":{"deletes":[],"inserts":[{"id":157,"run_id":"idle-anchored-100","mode":3,"bucket_ms":100,"sequence":43,"run_start_micros":1788887902483083,"scheduled_at_micros":1788887906883083,"fired_at_micros":1788887906892374,"drift_micros":9291}]}}
1788887907311369 {"observation":{"deletes":[],"inserts":[{"id":158,"run_id":"idle-interval-100","mode":1,"bucket_ms":100,"sequence":39,"run_start_micros":1788887902528990,"scheduled_at_micros":1788887906528990,"fired_at_micros":1788887906892582,"drift_micros":363592}]}}
1788887907330738 {"observation":{"deletes":[],"inserts":[{"id":159,"run_id":"idle-oneshot-100","mode":0,"bucket_ms":100,"sequence":40,"run_start_micros":1788887902435256,"scheduled_at_micros":1788887906535256,"fired_at_micros":1788887906908024,"drift_micros":372768}]}}
1788887907348516 {"observation":{"deletes":[],"inserts":[{"id":160,"run_id":"idle-anchored-100","mode":3,"bucket_ms":100,"sequence":44,"run_start_micros":1788887902483083,"scheduled_at_micros":1788887906983083,"fired_at_micros":1788887906986930,"drift_micros":3847}]}}
1788887907367208 {"observation":{"deletes":[],"inserts":[{"id":161,"run_id":"idle-interval-100","mode":1,"bucket_ms":100,"sequence":40,"run_start_micros":1788887902528990,"scheduled_at_micros":1788887906628990,"fired_at_micros":1788887907002599,"drift_micros":373609}]}}
1788887907384869 {"observation":{"deletes":[],"inserts":[{"id":162,"run_id":"idle-oneshot-100","mode":0,"bucket_ms":100,"sequence":41,"run_start_micros":1788887902435256,"scheduled_at_micros":1788887906635256,"fired_at_micros":1788887907018218,"drift_micros":382962}]}}
1788887907401707 {"observation":{"deletes":[],"inserts":[{"id":163,"run_id":"idle-oneshot-1000","mode":0,"bucket_ms":1000,"sequence":3,"run_start_micros":1788887903021315,"scheduled_at_micros":1788887907021315,"fired_at_micros":1788887907063906,"drift_micros":42591}]}}
1788887907419141 {"observation":{"deletes":[],"inserts":[{"id":164,"run_id":"idle-anchored-1000","mode":3,"bucket_ms":1000,"sequence":3,"run_start_micros":1788887903070531,"scheduled_at_micros":1788887907070531,"fired_at_micros":1788887907079507,"drift_micros":8976}]}}
1788887907436193 {"observation":{"deletes":[],"inserts":[{"id":165,"run_id":"idle-anchored-100","mode":3,"bucket_ms":100,"sequence":45,"run_start_micros":1788887902483083,"scheduled_at_micros":1788887907083083,"fired_at_micros":1788887907095453,"drift_micros":12370}]}}
1788887907453403 {"observation":{"deletes":[],"inserts":[{"id":166,"run_id":"idle-interval-100","mode":1,"bucket_ms":100,"sequence":41,"run_start_micros":1788887902528990,"scheduled_at_micros":1788887906728990,"fired_at_micros":1788887907111424,"drift_micros":382434}]}}
1788887907470409 {"observation":{"deletes":[],"inserts":[{"id":167,"run_id":"idle-oneshot-100","mode":0,"bucket_ms":100,"sequence":42,"run_start_micros":1788887902435256,"scheduled_at_micros":1788887906735256,"fired_at_micros":1788887907126476,"drift_micros":391220}]}}
1788887907487365 {"observation":{"deletes":[],"inserts":[{"id":168,"run_id":"idle-anchored-100","mode":3,"bucket_ms":100,"sequence":46,"run_start_micros":1788887902483083,"scheduled_at_micros":1788887907183083,"fired_at_micros":1788887907188573,"drift_micros":5490}]}}
1788887907504506 {"observation":{"deletes":[],"inserts":[{"id":169,"run_id":"idle-interval-100","mode":1,"bucket_ms":100,"sequence":42,"run_start_micros":1788887902528990,"scheduled_at_micros":1788887906828990,"fired_at_micros":1788887907219754,"drift_micros":390764}]}}
1788887907522305 {"observation":{"deletes":[],"inserts":[{"id":170,"run_id":"idle-oneshot-100","mode":0,"bucket_ms":100,"sequence":43,"run_start_micros":1788887902435256,"scheduled_at_micros":1788887906835256,"fired_at_micros":1788887907235175,"drift_micros":399919}]}}
1788887907688231 {"observation":{"deletes":[],"inserts":[{"id":171,"run_id":"idle-anchored-500","mode":3,"bucket_ms":500,"sequence":8,"run_start_micros":1788887902755558,"scheduled_at_micros":1788887907255558,"fired_at_micros":1788887907266842,"drift_micros":11284}]}}
1788887907705238 {"observation":{"deletes":[],"inserts":[{"id":172,"run_id":"idle-anchored-100","mode":3,"bucket_ms":100,"sequence":47,"run_start_micros":1788887902483083,"scheduled_at_micros":1788887907283083,"fired_at_micros":1788887907298164,"drift_micros":15081}]}}
1788887907722977 {"observation":{"deletes":[],"inserts":[{"id":173,"run_id":"idle-interval-1000","mode":1,"bucket_ms":1000,"sequence":3,"run_start_micros":1788887903272705,"scheduled_at_micros":1788887907272705,"fired_at_micros":1788887907298283,"drift_micros":25578}]}}
1788887907743107 {"observation":{"deletes":[],"inserts":[{"id":174,"run_id":"idle-oneshot-500","mode":0,"bucket_ms":500,"sequence":8,"run_start_micros":1788887902710258,"scheduled_at_micros":1788887907210258,"fired_at_micros":1788887907314138,"drift_micros":103880}]}}
1788887907760842 {"observation":{"deletes":[],"inserts":[{"id":175,"run_id":"idle-interval-100","mode":1,"bucket_ms":100,"sequence":43,"run_start_micros":1788887902528990,"scheduled_at_micros":1788887906928990,"fired_at_micros":1788887907329207,"drift_micros":400217}]}}
1788887907781323 {"observation":{"deletes":[],"inserts":[{"id":176,"run_id":"idle-oneshot-100","mode":0,"bucket_ms":100,"sequence":44,"run_start_micros":1788887902435256,"scheduled_at_micros":1788887906935256,"fired_at_micros":1788887907344116,"drift_micros":408860}]}}
1788887907798522 {"observation":{"deletes":[],"inserts":[{"id":177,"run_id":"idle-interval-work50-1000","mode":1,"bucket_ms":1000,"sequence":1,"run_start_micros":1788887905341007,"scheduled_at_micros":1788887907341007,"fired_at_micros":1788887907359645,"drift_micros":18638}]}}
1788887907816660 {"observation":{"deletes":[],"inserts":[{"id":178,"run_id":"idle-interval-500","mode":1,"bucket_ms":500,"sequence":8,"run_start_micros":1788887902802197,"scheduled_at_micros":1788887907302197,"fired_at_micros":1788887907375064,"drift_micros":72867}]}}
1788887907834085 {"observation":{"deletes":[],"inserts":[{"id":179,"run_id":"idle-anchored-100","mode":3,"bucket_ms":100,"sequence":48,"run_start_micros":1788887902483083,"scheduled_at_micros":1788887907383083,"fired_at_micros":1788887907390600,"drift_micros":7517}]}}
1788887907852077 {"observation":{"deletes":[],"inserts":[{"id":180,"run_id":"idle-interval-100","mode":1,"bucket_ms":100,"sequence":44,"run_start_micros":1788887902528990,"scheduled_at_micros":1788887907028990,"fired_at_micros":1788887907436921,"drift_micros":407931}]}}
1788887907870566 {"observation":{"deletes":[],"inserts":[{"id":181,"run_id":"idle-oneshot-100","mode":0,"bucket_ms":100,"sequence":45,"run_start_micros":1788887902435256,"scheduled_at_micros":1788887907035256,"fired_at_micros":1788887907452748,"drift_micros":417492}]}}
1788887907889033 {"observation":{"deletes":[],"inserts":[{"id":182,"run_id":"idle-anchored-100","mode":3,"bucket_ms":100,"sequence":49,"run_start_micros":1788887902483083,"scheduled_at_micros":1788887907483083,"fired_at_micros":1788887907484311,"drift_micros":1228}]}}
1788887908052559 {"observation":{"deletes":[],"inserts":[{"id":183,"run_id":"idle-interval-100","mode":1,"bucket_ms":100,"sequence":45,"run_start_micros":1788887902528990,"scheduled_at_micros":1788887907128990,"fired_at_micros":1788887907545804,"drift_micros":416814}]}}
1788887908071616 {"observation":{"deletes":[],"inserts":[{"id":184,"run_id":"idle-oneshot-100","mode":0,"bucket_ms":100,"sequence":46,"run_start_micros":1788887902435256,"scheduled_at_micros":1788887907135256,"fired_at_micros":1788887907560995,"drift_micros":425739}]}}
1788887908089059 {"observation":{"deletes":[],"inserts":[{"id":185,"run_id":"idle-anchored-100","mode":3,"bucket_ms":100,"sequence":50,"run_start_micros":1788887902483083,"scheduled_at_micros":1788887907583083,"fired_at_micros":1788887907591618,"drift_micros":8535}]}}
1788887908107439 {"observation":{"deletes":[],"inserts":[{"id":186,"run_id":"idle-interval-100","mode":1,"bucket_ms":100,"sequence":46,"run_start_micros":1788887902528990,"scheduled_at_micros":1788887907228990,"fired_at_micros":1788887907653693,"drift_micros":424703}]}}
1788887908125593 {"observation":{"deletes":[],"inserts":[{"id":187,"run_id":"idle-oneshot-100","mode":0,"bucket_ms":100,"sequence":47,"run_start_micros":1788887902435256,"scheduled_at_micros":1788887907235256,"fired_at_micros":1788887907668820,"drift_micros":433564}]}}
1788887908149718 {"observation":{"deletes":[],"inserts":[{"id":188,"run_id":"idle-anchored-100","mode":3,"bucket_ms":100,"sequence":51,"run_start_micros":1788887902483083,"scheduled_at_micros":1788887907683083,"fired_at_micros":1788887907684504,"drift_micros":1421}]}}
1788887908167951 {"observation":{"deletes":[],"inserts":[{"id":189,"run_id":"idle-interval-100","mode":1,"bucket_ms":100,"sequence":47,"run_start_micros":1788887902528990,"scheduled_at_micros":1788887907328990,"fired_at_micros":1788887907763935,"drift_micros":434945}]}}
1788887908186089 {"observation":{"deletes":[],"inserts":[{"id":190,"run_id":"idle-anchored-500","mode":3,"bucket_ms":500,"sequence":9,"run_start_micros":1788887902755558,"scheduled_at_micros":1788887907755558,"fired_at_micros":1788887907764102,"drift_micros":8544}]}}
1788887908204132 {"observation":{"deletes":[],"inserts":[{"id":191,"run_id":"idle-oneshot-100","mode":0,"bucket_ms":100,"sequence":48,"run_start_micros":1788887902435256,"scheduled_at_micros":1788887907335256,"fired_at_micros":1788887907779992,"drift_micros":444736}]}}
1788887908221293 {"observation":{"deletes":[],"inserts":[{"id":192,"run_id":"idle-anchored-100","mode":3,"bucket_ms":100,"sequence":52,"run_start_micros":1788887902483083,"scheduled_at_micros":1788887907783083,"fired_at_micros":1788887907795691,"drift_micros":12608}]}}
1788887908237784 {"observation":{"deletes":[],"inserts":[{"id":193,"run_id":"idle-oneshot-500","mode":0,"bucket_ms":500,"sequence":9,"run_start_micros":1788887902710258,"scheduled_at_micros":1788887907710258,"fired_at_micros":1788887907826420,"drift_micros":116162}]}}
1788887908254478 {"observation":{"deletes":[],"inserts":[{"id":194,"run_id":"idle-interval-100","mode":1,"bucket_ms":100,"sequence":48,"run_start_micros":1788887902528990,"scheduled_at_micros":1788887907428990,"fired_at_micros":1788887907874036,"drift_micros":445046}]}}
1788887908271927 {"observation":{"deletes":[],"inserts":[{"id":195,"run_id":"idle-interval-500","mode":1,"bucket_ms":500,"sequence":9,"run_start_micros":1788887902802197,"scheduled_at_micros":1788887907802197,"fired_at_micros":1788887907890076,"drift_micros":87879}]}}
1788887908438758 {"observation":{"deletes":[],"inserts":[{"id":196,"run_id":"idle-oneshot-100","mode":0,"bucket_ms":100,"sequence":49,"run_start_micros":1788887902435256,"scheduled_at_micros":1788887907435256,"fired_at_micros":1788887907890203,"drift_micros":454947}]}}
1788887908458738 {"observation":{"deletes":[],"inserts":[{"id":197,"run_id":"idle-anchored-100","mode":3,"bucket_ms":100,"sequence":53,"run_start_micros":1788887902483083,"scheduled_at_micros":1788887907883083,"fired_at_micros":1788887907890265,"drift_micros":7182}]}}
1788887908476925 {"observation":{"deletes":[],"inserts":[{"id":198,"run_id":"idle-interval-100","mode":1,"bucket_ms":100,"sequence":49,"run_start_micros":1788887902528990,"scheduled_at_micros":1788887907528990,"fired_at_micros":1788887907982695,"drift_micros":453705}]}}
1788887908497007 {"observation":{"deletes":[],"inserts":[{"id":199,"run_id":"idle-anchored-100","mode":3,"bucket_ms":100,"sequence":54,"run_start_micros":1788887902483083,"scheduled_at_micros":1788887907983083,"fired_at_micros":1788887907997864,"drift_micros":14781}]}}
1788887908517666 {"observation":{"deletes":[],"inserts":[{"id":200,"run_id":"idle-oneshot-100","mode":0,"bucket_ms":100,"sequence":50,"run_start_micros":1788887902435256,"scheduled_at_micros":1788887907535256,"fired_at_micros":1788887907997998,"drift_micros":462742}]}}
1788887908538986 {"observation":{"deletes":[],"inserts":[{"id":201,"run_id":"idle-oneshot-1000","mode":0,"bucket_ms":1000,"sequence":4,"run_start_micros":1788887903021315,"scheduled_at_micros":1788887908021315,"fired_at_micros":1788887908075813,"drift_micros":54498}]}}
1788887908560207 {"observation":{"deletes":[],"inserts":[{"id":202,"run_id":"idle-anchored-1000","mode":3,"bucket_ms":1000,"sequence":4,"run_start_micros":1788887903070531,"scheduled_at_micros":1788887908070531,"fired_at_micros":1788887908075953,"drift_micros":5422}]}}
1788887908580162 {"observation":{"deletes":[],"inserts":[{"id":203,"run_id":"idle-interval-100","mode":1,"bucket_ms":100,"sequence":50,"run_start_micros":1788887902528990,"scheduled_at_micros":1788887907628990,"fired_at_micros":1788887908091771,"drift_micros":462781}]}}
1788887908600407 {"observation":{"deletes":[],"inserts":[{"id":204,"run_id":"idle-anchored-100","mode":3,"bucket_ms":100,"sequence":55,"run_start_micros":1788887902483083,"scheduled_at_micros":1788887908083083,"fired_at_micros":1788887908091903,"drift_micros":8820}]}}
1788887908619117 {"observation":{"deletes":[],"inserts":[{"id":205,"run_id":"idle-oneshot-100","mode":0,"bucket_ms":100,"sequence":51,"run_start_micros":1788887902435256,"scheduled_at_micros":1788887907635256,"fired_at_micros":1788887908106798,"drift_micros":471542}]}}
1788887908640209 {"observation":{"deletes":[],"inserts":[{"id":206,"run_id":"idle-anchored-100","mode":3,"bucket_ms":100,"sequence":56,"run_start_micros":1788887902483083,"scheduled_at_micros":1788887908183083,"fired_at_micros":1788887908184057,"drift_micros":974}]}}
1788887908660801 {"observation":{"deletes":[],"inserts":[{"id":207,"run_id":"idle-interval-100","mode":1,"bucket_ms":100,"sequence":51,"run_start_micros":1788887902528990,"scheduled_at_micros":1788887907728990,"fired_at_micros":1788887908199479,"drift_micros":470489}]}}
1788887908830473 {"observation":{"deletes":[],"inserts":[{"id":208,"run_id":"idle-oneshot-100","mode":0,"bucket_ms":100,"sequence":52,"run_start_micros":1788887902435256,"scheduled_at_micros":1788887907735256,"fired_at_micros":1788887908214729,"drift_micros":479473}]}}
1788887908850679 {"observation":{"deletes":[],"inserts":[{"id":209,"run_id":"idle-anchored-500","mode":3,"bucket_ms":500,"sequence":10,"run_start_micros":1788887902755558,"scheduled_at_micros":1788887908255558,"fired_at_micros":1788887908261040,"drift_micros":5482}]}}
1788887908868910 {"observation":{"deletes":[],"inserts":[{"id":210,"run_id":"idle-anchored-100","mode":3,"bucket_ms":100,"sequence":57,"run_start_micros":1788887902483083,"scheduled_at_micros":1788887908283083,"fired_at_micros":1788887908291740,"drift_micros":8657}]}}
1788887908888395 {"observation":{"deletes":[],"inserts":[{"id":211,"run_id":"idle-interval-1000","mode":1,"bucket_ms":1000,"sequence":4,"run_start_micros":1788887903272705,"scheduled_at_micros":1788887908272705,"fired_at_micros":1788887908306960,"drift_micros":34255}]}}
1788887908912184 {"observation":{"deletes":[],"inserts":[{"id":212,"run_id":"idle-interval-100","mode":1,"bucket_ms":100,"sequence":52,"run_start_micros":1788887902528990,"scheduled_at_micros":1788887907828990,"fired_at_micros":1788887908307046,"drift_micros":478056}]}}
1788887908933374 {"observation":{"deletes":[],"inserts":[{"id":213,"run_id":"idle-oneshot-100","mode":0,"bucket_ms":100,"sequence":53,"run_start_micros":1788887902435256,"scheduled_at_micros":1788887907835256,"fired_at_micros":1788887908322963,"drift_micros":487707}]}}
1788887908954017 {"observation":{"deletes":[],"inserts":[{"id":214,"run_id":"idle-oneshot-500","mode":0,"bucket_ms":500,"sequence":10,"run_start_micros":1788887902710258,"scheduled_at_micros":1788887908210258,"fired_at_micros":1788887908339621,"drift_micros":129363}]}}
1788887908976754 {"observation":{"deletes":[],"inserts":[{"id":215,"run_id":"idle-interval-work50-1000","mode":1,"bucket_ms":1000,"sequence":2,"run_start_micros":1788887905341007,"scheduled_at_micros":1788887908341007,"fired_at_micros":1788887908370366,"drift_micros":29359}]}}
1788887908998452 {"observation":{"deletes":[],"inserts":[{"id":216,"run_id":"idle-anchored-100","mode":3,"bucket_ms":100,"sequence":58,"run_start_micros":1788887902483083,"scheduled_at_micros":1788887908383083,"fired_at_micros":1788887908385572,"drift_micros":2489}]}}
1788887909019639 {"observation":{"deletes":[],"inserts":[{"id":217,"run_id":"idle-interval-500","mode":1,"bucket_ms":500,"sequence":10,"run_start_micros":1788887902802197,"scheduled_at_micros":1788887908302197,"fired_at_micros":1788887908400883,"drift_micros":98686}]}}
1788887909041855 {"observation":{"deletes":[],"inserts":[{"id":218,"run_id":"idle-interval-100","mode":1,"bucket_ms":100,"sequence":53,"run_start_micros":1788887902528990,"scheduled_at_micros":1788887907928990,"fired_at_micros":1788887908416449,"drift_micros":487459}]}}
1788887909213805 {"observation":{"deletes":[],"inserts":[{"id":219,"run_id":"idle-oneshot-100","mode":0,"bucket_ms":100,"sequence":54,"run_start_micros":1788887902435256,"scheduled_at_micros":1788887907935256,"fired_at_micros":1788887908431890,"drift_micros":496634}]}}
1788887909233459 {"observation":{"deletes":[],"inserts":[{"id":220,"run_id":"idle-anchored-100","mode":3,"bucket_ms":100,"sequence":59,"run_start_micros":1788887902483083,"scheduled_at_micros":1788887908483083,"fired_at_micros":1788887908493123,"drift_micros":10040}]}}
1788887909252276 {"observation":{"deletes":[],"inserts":[{"id":221,"run_id":"idle-interval-100","mode":1,"bucket_ms":100,"sequence":54,"run_start_micros":1788887902528990,"scheduled_at_micros":1788887908028990,"fired_at_micros":1788887908523765,"drift_micros":494775}]}}
1788887909270064 {"observation":{"deletes":[],"inserts":[{"id":222,"run_id":"idle-oneshot-100","mode":0,"bucket_ms":100,"sequence":55,"run_start_micros":1788887902435256,"scheduled_at_micros":1788887908035256,"fired_at_micros":1788887908539823,"drift_micros":504567}]}}
1788887909287972 {"observation":{"deletes":[],"inserts":[{"id":223,"run_id":"idle-anchored-100","mode":3,"bucket_ms":100,"sequence":60,"run_start_micros":1788887902483083,"scheduled_at_micros":1788887908583083,"fired_at_micros":1788887908587220,"drift_micros":4137}]}}
1788887909307575 {"observation":{"deletes":[],"inserts":[{"id":224,"run_id":"idle-interval-100","mode":1,"bucket_ms":100,"sequence":55,"run_start_micros":1788887902528990,"scheduled_at_micros":1788887908128990,"fired_at_micros":1788887908634660,"drift_micros":505670}]}}
1788887909324479 {"observation":{"deletes":[],"inserts":[{"id":225,"run_id":"idle-oneshot-100","mode":0,"bucket_ms":100,"sequence":56,"run_start_micros":1788887902435256,"scheduled_at_micros":1788887908135256,"fired_at_micros":1788887908650253,"drift_micros":514997}]}}
1788887909341157 {"observation":{"deletes":[],"inserts":[{"id":226,"run_id":"idle-anchored-100","mode":3,"bucket_ms":100,"sequence":61,"run_start_micros":1788887902483083,"scheduled_at_micros":1788887908683083,"fired_at_micros":1788887908695556,"drift_micros":12473}]}}
1788887909359869 {"observation":{"deletes":[],"inserts":[{"id":227,"run_id":"idle-interval-100","mode":1,"bucket_ms":100,"sequence":56,"run_start_micros":1788887902528990,"scheduled_at_micros":1788887908228990,"fired_at_micros":1788887908742329,"drift_micros":513339}]}}
1788887909377050 {"observation":{"deletes":[],"inserts":[{"id":228,"run_id":"idle-oneshot-100","mode":0,"bucket_ms":100,"sequence":57,"run_start_micros":1788887902435256,"scheduled_at_micros":1788887908235256,"fired_at_micros":1788887908757937,"drift_micros":522681}]}}
1788887909394712 {"observation":{"deletes":[],"inserts":[{"id":229,"run_id":"idle-anchored-500","mode":3,"bucket_ms":500,"sequence":11,"run_start_micros":1788887902755558,"scheduled_at_micros":1788887908755558,"fired_at_micros":1788887908758022,"drift_micros":2464}]}}
1788887909559535 {"observation":{"deletes":[],"inserts":[{"id":230,"run_id":"idle-anchored-100","mode":3,"bucket_ms":100,"sequence":62,"run_start_micros":1788887902483083,"scheduled_at_micros":1788887908783083,"fired_at_micros":1788887908788934,"drift_micros":5851}]}}
1788887909579743 {"observation":{"deletes":[],"inserts":[{"id":231,"run_id":"idle-oneshot-500","mode":0,"bucket_ms":500,"sequence":11,"run_start_micros":1788887902710258,"scheduled_at_micros":1788887908710258,"fired_at_micros":1788887908849519,"drift_micros":139261}]}}
1788887909599798 {"observation":{"deletes":[],"inserts":[{"id":232,"run_id":"idle-interval-100","mode":1,"bucket_ms":100,"sequence":57,"run_start_micros":1788887902528990,"scheduled_at_micros":1788887908328990,"fired_at_micros":1788887908849703,"drift_micros":520713}]}}
1788887909618507 {"observation":{"deletes":[],"inserts":[{"id":233,"run_id":"idle-oneshot-100","mode":0,"bucket_ms":100,"sequence":58,"run_start_micros":1788887902435256,"scheduled_at_micros":1788887908335256,"fired_at_micros":1788887908865113,"drift_micros":529857}]}}
1788887909636741 {"observation":{"deletes":[],"inserts":[{"id":234,"run_id":"idle-anchored-100","mode":3,"bucket_ms":100,"sequence":63,"run_start_micros":1788887902483083,"scheduled_at_micros":1788887908883083,"fired_at_micros":1788887908896017,"drift_micros":12934}]}}
1788887909655063 {"observation":{"deletes":[],"inserts":[{"id":235,"run_id":"idle-interval-500","mode":1,"bucket_ms":500,"sequence":11,"run_start_micros":1788887902802197,"scheduled_at_micros":1788887908802197,"fired_at_micros":1788887908911646,"drift_micros":109449}]}}
1788887909673878 {"observation":{"deletes":[],"inserts":[{"id":236,"run_id":"idle-interval-100","mode":1,"bucket_ms":100,"sequence":58,"run_start_micros":1788887902528990,"scheduled_at_micros":1788887908428990,"fired_at_micros":1788887908958212,"drift_micros":529222}]}}
1788887909693727 {"observation":{"deletes":[],"inserts":[{"id":237,"run_id":"idle-oneshot-100","mode":0,"bucket_ms":100,"sequence":59,"run_start_micros":1788887902435256,"scheduled_at_micros":1788887908435256,"fired_at_micros":1788887908974241,"drift_micros":538985}]}}
1788887909711646 {"observation":{"deletes":[],"inserts":[{"id":238,"run_id":"idle-anchored-100","mode":3,"bucket_ms":100,"sequence":64,"run_start_micros":1788887902483083,"scheduled_at_micros":1788887908983083,"fired_at_micros":1788887908989417,"drift_micros":6334}]}}
1788887909730715 {"observation":{"deletes":[],"inserts":[{"id":239,"run_id":"idle-interval-100","mode":1,"bucket_ms":100,"sequence":59,"run_start_micros":1788887902528990,"scheduled_at_micros":1788887908528990,"fired_at_micros":1788887909068635,"drift_micros":539645}]}}
1788887909749335 {"observation":{"deletes":[],"inserts":[{"id":240,"run_id":"idle-anchored-1000","mode":3,"bucket_ms":1000,"sequence":5,"run_start_micros":1788887903070531,"scheduled_at_micros":1788887909070531,"fired_at_micros":1788887909084623,"drift_micros":14092}]}}
1788887909917930 {"observation":{"deletes":[],"inserts":[{"id":241,"run_id":"idle-oneshot-100","mode":0,"bucket_ms":100,"sequence":60,"run_start_micros":1788887902435256,"scheduled_at_micros":1788887908535256,"fired_at_micros":1788887909084756,"drift_micros":549500}]}}
1788887909938569 {"observation":{"deletes":[],"inserts":[{"id":242,"run_id":"idle-oneshot-1000","mode":0,"bucket_ms":1000,"sequence":5,"run_start_micros":1788887903021315,"scheduled_at_micros":1788887909021315,"fired_at_micros":1788887909084796,"drift_micros":63481}]}}
1788887909959408 {"observation":{"deletes":[],"inserts":[{"id":243,"run_id":"idle-anchored-100","mode":3,"bucket_ms":100,"sequence":65,"run_start_micros":1788887902483083,"scheduled_at_micros":1788887909083083,"fired_at_micros":1788887909084822,"drift_micros":1739}]}}
1788887909978328 {"observation":{"deletes":[],"inserts":[{"id":244,"run_id":"idle-interval-100","mode":1,"bucket_ms":100,"sequence":60,"run_start_micros":1788887902528990,"scheduled_at_micros":1788887908628990,"fired_at_micros":1788887909177898,"drift_micros":548908}]}}
1788887909995614 {"observation":{"deletes":[],"inserts":[{"id":245,"run_id":"idle-anchored-100","mode":3,"bucket_ms":100,"sequence":66,"run_start_micros":1788887902483083,"scheduled_at_micros":1788887909183083,"fired_at_micros":1788887909193899,"drift_micros":10816}]}}
1788887910012869 {"observation":{"deletes":[],"inserts":[{"id":246,"run_id":"idle-oneshot-100","mode":0,"bucket_ms":100,"sequence":61,"run_start_micros":1788887902435256,"scheduled_at_micros":1788887908635256,"fired_at_micros":1788887909194021,"drift_micros":558765}]}}
1788887910029680 {"observation":{"deletes":[],"inserts":[{"id":247,"run_id":"idle-anchored-500","mode":3,"bucket_ms":500,"sequence":12,"run_start_micros":1788887902755558,"scheduled_at_micros":1788887909255558,"fired_at_micros":1788887909256676,"drift_micros":1118}]}}
1788887910048287 {"observation":{"deletes":[],"inserts":[{"id":248,"run_id":"idle-interval-100","mode":1,"bucket_ms":100,"sequence":61,"run_start_micros":1788887902528990,"scheduled_at_micros":1788887908728990,"fired_at_micros":1788887909288408,"drift_micros":559418}]}}
1788887910068987 {"observation":{"deletes":[],"inserts":[{"id":249,"run_id":"idle-anchored-100","mode":3,"bucket_ms":100,"sequence":67,"run_start_micros":1788887902483083,"scheduled_at_micros":1788887909283083,"fired_at_micros":1788887909288554,"drift_micros":5471}]}}
1788887910089626 {"observation":{"deletes":[],"inserts":[{"id":250,"run_id":"idle-oneshot-100","mode":0,"bucket_ms":100,"sequence":62,"run_start_micros":1788887902435256,"scheduled_at_micros":1788887908735256,"fired_at_micros":1788887909303558,"drift_micros":568302}]}}
1788887910108723 {"observation":{"deletes":[],"inserts":[{"id":251,"run_id":"idle-interval-1000","mode":1,"bucket_ms":1000,"sequence":5,"run_start_micros":1788887903272705,"scheduled_at_micros":1788887909272705,"fired_at_micros":1788887909319678,"drift_micros":46973}]}}
1788887910272179 {"observation":{"deletes":[],"inserts":[{"id":252,"run_id":"idle-oneshot-500","mode":0,"bucket_ms":500,"sequence":12,"run_start_micros":1788887902710258,"scheduled_at_micros":1788887909210258,"fired_at_micros":1788887909350793,"drift_micros":140535}]}}
1788887910291610 {"observation":{"deletes":[],"inserts":[{"id":253,"run_id":"idle-interval-work50-1000","mode":1,"bucket_ms":1000,"sequence":3,"run_start_micros":1788887905341007,"scheduled_at_micros":1788887909341007,"fired_at_micros":1788887909381695,"drift_micros":40688}]}}
1788887910311755 {"observation":{"deletes":[],"inserts":[{"id":254,"run_id":"idle-anchored-100","mode":3,"bucket_ms":100,"sequence":68,"run_start_micros":1788887902483083,"scheduled_at_micros":1788887909383083,"fired_at_micros":1788887909396905,"drift_micros":13822}]}}
1788887910329801 {"observation":{"deletes":[],"inserts":[{"id":255,"run_id":"idle-interval-100","mode":1,"bucket_ms":100,"sequence":62,"run_start_micros":1788887902528990,"scheduled_at_micros":1788887908828990,"fired_at_micros":1788887909397028,"drift_micros":568038}]}}
1788887910347917 {"observation":{"deletes":[],"inserts":[{"id":256,"run_id":"idle-oneshot-100","mode":0,"bucket_ms":100,"sequence":63,"run_start_micros":1788887902435256,"scheduled_at_micros":1788887908835256,"fired_at_micros":1788887909412514,"drift_micros":577258}]}}
1788887910366183 {"observation":{"deletes":[],"inserts":[{"id":257,"run_id":"idle-interval-500","mode":1,"bucket_ms":500,"sequence":12,"run_start_micros":1788887902802197,"scheduled_at_micros":1788887909302197,"fired_at_micros":1788887909428645,"drift_micros":126448}]}}
1788887910386574 {"observation":{"deletes":[],"inserts":[{"id":258,"run_id":"idle-anchored-100","mode":3,"bucket_ms":100,"sequence":69,"run_start_micros":1788887902483083,"scheduled_at_micros":1788887909483083,"fired_at_micros":1788887909490829,"drift_micros":7746}]}}
1788887910404387 {"observation":{"deletes":[],"inserts":[{"id":259,"run_id":"idle-interval-100","mode":1,"bucket_ms":100,"sequence":63,"run_start_micros":1788887902528990,"scheduled_at_micros":1788887908928990,"fired_at_micros":1788887909506080,"drift_micros":577090}]}}
1788887910422764 {"observation":{"deletes":[],"inserts":[{"id":260,"run_id":"idle-oneshot-100","mode":0,"bucket_ms":100,"sequence":64,"run_start_micros":1788887902435256,"scheduled_at_micros":1788887908935256,"fired_at_micros":1788887909522261,"drift_micros":587005}]}}
1788887910442083 {"observation":{"deletes":[],"inserts":[{"id":261,"run_id":"idle-anchored-100","mode":3,"bucket_ms":100,"sequence":70,"run_start_micros":1788887902483083,"scheduled_at_micros":1788887909583083,"fired_at_micros":1788887909598962,"drift_micros":15879}]}}
1788887910461234 {"observation":{"deletes":[],"inserts":[{"id":262,"run_id":"idle-interval-100","mode":1,"bucket_ms":100,"sequence":64,"run_start_micros":1788887902528990,"scheduled_at_micros":1788887909028990,"fired_at_micros":1788887909614467,"drift_micros":585477}]}}
1788887910478417 {"observation":{"deletes":[],"inserts":[{"id":263,"run_id":"idle-oneshot-100","mode":0,"bucket_ms":100,"sequence":65,"run_start_micros":1788887902435256,"scheduled_at_micros":1788887909035256,"fired_at_micros":1788887909630535,"drift_micros":595279}]}}
1788887910497691 {"observation":{"deletes":[],"inserts":[{"id":264,"run_id":"idle-anchored-100","mode":3,"bucket_ms":100,"sequence":71,"run_start_micros":1788887902483083,"scheduled_at_micros":1788887909683083,"fired_at_micros":1788887909691015,"drift_micros":7932}]}}
1788887910661687 {"observation":{"deletes":[],"inserts":[{"id":265,"run_id":"idle-interval-100","mode":1,"bucket_ms":100,"sequence":65,"run_start_micros":1788887902528990,"scheduled_at_micros":1788887909128990,"fired_at_micros":1788887909722470,"drift_micros":593480}]}}
1788887910680135 {"observation":{"deletes":[],"inserts":[{"id":266,"run_id":"idle-oneshot-100","mode":0,"bucket_ms":100,"sequence":66,"run_start_micros":1788887902435256,"scheduled_at_micros":1788887909135256,"fired_at_micros":1788887909739344,"drift_micros":604088}]}}
1788887910697988 {"observation":{"deletes":[],"inserts":[{"id":267,"run_id":"idle-anchored-500","mode":3,"bucket_ms":500,"sequence":13,"run_start_micros":1788887902755558,"scheduled_at_micros":1788887909755558,"fired_at_micros":1788887909770602,"drift_micros":15044}]}}
1788887910716611 {"observation":{"deletes":[],"inserts":[{"id":268,"run_id":"idle-anchored-100","mode":3,"bucket_ms":100,"sequence":72,"run_start_micros":1788887902483083,"scheduled_at_micros":1788887909783083,"fired_at_micros":1788887909786356,"drift_micros":3273}]}}
1788887910735286 {"observation":{"deletes":[],"inserts":[{"id":269,"run_id":"idle-interval-100","mode":1,"bucket_ms":100,"sequence":66,"run_start_micros":1788887902528990,"scheduled_at_micros":1788887909228990,"fired_at_micros":1788887909832790,"drift_micros":603800}]}}
1788887910755623 {"observation":{"deletes":[],"inserts":[{"id":270,"run_id":"idle-oneshot-100","mode":0,"bucket_ms":100,"sequence":67,"run_start_micros":1788887902435256,"scheduled_at_micros":1788887909235256,"fired_at_micros":1788887909848525,"drift_micros":613269}]}}
1788887910772869 {"observation":{"deletes":[],"inserts":[{"id":271,"run_id":"idle-oneshot-500","mode":0,"bucket_ms":500,"sequence":13,"run_start_micros":1788887902710258,"scheduled_at_micros":1788887909710258,"fired_at_micros":1788887909864093,"drift_micros":153835}]}}
1788887910790345 {"observation":{"deletes":[],"inserts":[{"id":272,"run_id":"idle-anchored-100","mode":3,"bucket_ms":100,"sequence":73,"run_start_micros":1788887902483083,"scheduled_at_micros":1788887909883083,"fired_at_micros":1788887909895682,"drift_micros":12599}]}}
1788887910807856 {"observation":{"deletes":[],"inserts":[{"id":273,"run_id":"idle-interval-500","mode":1,"bucket_ms":500,"sequence":13,"run_start_micros":1788887902802197,"scheduled_at_micros":1788887909802197,"fired_at_micros":1788887909942417,"drift_micros":140220}]}}
1788887910825859 {"observation":{"deletes":[],"inserts":[{"id":274,"run_id":"idle-interval-100","mode":1,"bucket_ms":100,"sequence":67,"run_start_micros":1788887902528990,"scheduled_at_micros":1788887909328990,"fired_at_micros":1788887909942544,"drift_micros":613554}]}}
1788887910844235 {"observation":{"deletes":[],"inserts":[{"id":275,"run_id":"idle-oneshot-100","mode":0,"bucket_ms":100,"sequence":68,"run_start_micros":1788887902435256,"scheduled_at_micros":1788887909335256,"fired_at_micros":1788887909957969,"drift_micros":622713}]}}
1788887910863565 {"observation":{"deletes":[],"inserts":[{"id":276,"run_id":"idle-anchored-100","mode":3,"bucket_ms":100,"sequence":74,"run_start_micros":1788887902483083,"scheduled_at_micros":1788887909983083,"fired_at_micros":1788887909989329,"drift_micros":6246}]}}
1788887910881524 {"observation":{"deletes":[],"inserts":[{"id":277,"run_id":"idle-interval-100","mode":1,"bucket_ms":100,"sequence":68,"run_start_micros":1788887902528990,"scheduled_at_micros":1788887909428990,"fired_at_micros":1788887910049918,"drift_micros":620928}]}}
1788887911053426 {"observation":{"deletes":[],"inserts":[{"id":278,"run_id":"idle-oneshot-100","mode":0,"bucket_ms":100,"sequence":69,"run_start_micros":1788887902435256,"scheduled_at_micros":1788887909435256,"fired_at_micros":1788887910065052,"drift_micros":629796}]}}
1788887911074318 {"observation":{"deletes":[],"inserts":[{"id":279,"run_id":"idle-anchored-1000","mode":3,"bucket_ms":1000,"sequence":6,"run_start_micros":1788887903070531,"scheduled_at_micros":1788887910070531,"fired_at_micros":1788887910080541,"drift_micros":10010}]}}
1788887911092062 {"observation":{"deletes":[],"inserts":[{"id":280,"run_id":"idle-anchored-100","mode":3,"bucket_ms":100,"sequence":75,"run_start_micros":1788887902483083,"scheduled_at_micros":1788887910083083,"fired_at_micros":1788887910096115,"drift_micros":13032}]}}
1788887911111872 {"observation":{"deletes":[],"inserts":[{"id":281,"run_id":"idle-oneshot-1000","mode":0,"bucket_ms":1000,"sequence":6,"run_start_micros":1788887903021315,"scheduled_at_micros":1788887910021315,"fired_at_micros":1788887910096257,"drift_micros":74942}]}}
1788887911132878 {"observation":{"deletes":[],"inserts":[{"id":282,"run_id":"idle-interval-100","mode":1,"bucket_ms":100,"sequence":69,"run_start_micros":1788887902528990,"scheduled_at_micros":1788887909528990,"fired_at_micros":1788887910158943,"drift_micros":629953}]}}
1788887911150448 {"observation":{"deletes":[],"inserts":[{"id":283,"run_id":"idle-oneshot-100","mode":0,"bucket_ms":100,"sequence":70,"run_start_micros":1788887902435256,"scheduled_at_micros":1788887909535256,"fired_at_micros":1788887910174301,"drift_micros":639045}]}}
1788887911169238 {"observation":{"deletes":[],"inserts":[{"id":284,"run_id":"idle-anchored-100","mode":3,"bucket_ms":100,"sequence":76,"run_start_micros":1788887902483083,"scheduled_at_micros":1788887910183083,"fired_at_micros":1788887910189508,"drift_micros":6425}]}}
1788887911186315 {"observation":{"deletes":[],"inserts":[{"id":285,"run_id":"idle-anchored-500","mode":3,"bucket_ms":500,"sequence":14,"run_start_micros":1788887902755558,"scheduled_at_micros":1788887910255558,"fired_at_micros":1788887910268118,"drift_micros":12560}]}}
1788887911204383 {"observation":{"deletes":[],"inserts":[{"id":286,"run_id":"idle-interval-100","mode":1,"bucket_ms":100,"sequence":70,"run_start_micros":1788887902528990,"scheduled_at_micros":1788887909628990,"fired_at_micros":1788887910268267,"drift_micros":639277}]}}
1788887911221191 {"observation":{"deletes":[],"inserts":[{"id":287,"run_id":"idle-oneshot-100","mode":0,"bucket_ms":100,"sequence":71,"run_start_micros":1788887902435256,"scheduled_at_micros":1788887909635256,"fired_at_micros":1788887910283425,"drift_micros":648169}]}}
1788887911238173 {"observation":{"deletes":[],"inserts":[{"id":288,"run_id":"idle-anchored-100","mode":3,"bucket_ms":100,"sequence":77,"run_start_micros":1788887902483083,"scheduled_at_micros":1788887910283083,"fired_at_micros":1788887910283993,"drift_micros":910}]}}
1788887911255839 {"observation":{"deletes":[],"inserts":[{"id":289,"run_id":"idle-interval-1000","mode":1,"bucket_ms":1000,"sequence":6,"run_start_micros":1788887903272705,"scheduled_at_micros":1788887910272705,"fired_at_micros":1788887910330261,"drift_micros":57556}]}}
1788887911633942 {"observation":{"deletes":[],"inserts":[{"id":290,"run_id":"idle-oneshot-500","mode":0,"bucket_ms":500,"sequence":14,"run_start_micros":1788887902710258,"scheduled_at_micros":1788887910210258,"fired_at_micros":1788887910377532,"drift_micros":167274}]}}
1788887911653367 {"observation":{"deletes":[],"inserts":[{"id":291,"run_id":"idle-interval-100","mode":1,"bucket_ms":100,"sequence":71,"run_start_micros":1788887902528990,"scheduled_at_micros":1788887909728990,"fired_at_micros":1788887910377660,"drift_micros":648670}]}}
1788887911673727 {"observation":{"deletes":[],"inserts":[{"id":292,"run_id":"idle-interval-work50-1000","mode":1,"bucket_ms":1000,"sequence":4,"run_start_micros":1788887905341007,"scheduled_at_micros":1788887910341007,"fired_at_micros":1788887910393149,"drift_micros":52142}]}}
1788887911692951 {"observation":{"deletes":[],"inserts":[{"id":293,"run_id":"idle-oneshot-100","mode":0,"bucket_ms":100,"sequence":72,"run_start_micros":1788887902435256,"scheduled_at_micros":1788887909735256,"fired_at_micros":1788887910393296,"drift_micros":658040}]}}
1788887911712719 {"observation":{"deletes":[],"inserts":[{"id":294,"run_id":"idle-anchored-100","mode":3,"bucket_ms":100,"sequence":78,"run_start_micros":1788887902483083,"scheduled_at_micros":1788887910383083,"fired_at_micros":1788887910393381,"drift_micros":10298}]}}
1788887911732055 {"observation":{"deletes":[],"inserts":[{"id":295,"run_id":"idle-interval-500","mode":1,"bucket_ms":500,"sequence":14,"run_start_micros":1788887902802197,"scheduled_at_micros":1788887910302197,"fired_at_micros":1788887910456746,"drift_micros":154549}]}}
1788887911750777 {"observation":{"deletes":[],"inserts":[{"id":296,"run_id":"idle-interval-100","mode":1,"bucket_ms":100,"sequence":72,"run_start_micros":1788887902528990,"scheduled_at_micros":1788887909828990,"fired_at_micros":1788887910487912,"drift_micros":658922}]}}
1788887911771750 {"observation":{"deletes":[],"inserts":[{"id":297,"run_id":"idle-anchored-100","mode":3,"bucket_ms":100,"sequence":79,"run_start_micros":1788887902483083,"scheduled_at_micros":1788887910483083,"fired_at_micros":1788887910488022,"drift_micros":4939}]}}
1788887911791567 {"observation":{"deletes":[],"inserts":[{"id":298,"run_id":"idle-oneshot-100","mode":0,"bucket_ms":100,"sequence":73,"run_start_micros":1788887902435256,"scheduled_at_micros":1788887909835256,"fired_at_micros":1788887910503428,"drift_micros":668172}]}}
1788887911810944 {"observation":{"deletes":[],"inserts":[{"id":299,"run_id":"idle-anchored-100","mode":3,"bucket_ms":100,"sequence":80,"run_start_micros":1788887902483083,"scheduled_at_micros":1788887910583083,"fired_at_micros":1788887910596619,"drift_micros":13536}]}}
1788887911982291 {"observation":{"deletes":[],"inserts":[{"id":300,"run_id":"idle-interval-100","mode":1,"bucket_ms":100,"sequence":73,"run_start_micros":1788887902528990,"scheduled_at_micros":1788887909928990,"fired_at_micros":1788887910596742,"drift_micros":667752}]}}
1788887912000362 {"observation":{"deletes":[],"inserts":[{"id":301,"run_id":"idle-oneshot-100","mode":0,"bucket_ms":100,"sequence":74,"run_start_micros":1788887902435256,"scheduled_at_micros":1788887909935256,"fired_at_micros":1788887910611814,"drift_micros":676558}]}}
1788887912021392 {"observation":{"deletes":[],"inserts":[{"id":302,"run_id":"idle-anchored-100","mode":3,"bucket_ms":100,"sequence":81,"run_start_micros":1788887902483083,"scheduled_at_micros":1788887910683083,"fired_at_micros":1788887910690256,"drift_micros":7173}]}}
1788887912039633 {"observation":{"deletes":[],"inserts":[{"id":303,"run_id":"idle-interval-100","mode":1,"bucket_ms":100,"sequence":74,"run_start_micros":1788887902528990,"scheduled_at_micros":1788887910028990,"fired_at_micros":1788887910705425,"drift_micros":676435}]}}
1788887912056740 {"observation":{"deletes":[],"inserts":[{"id":304,"run_id":"idle-oneshot-100","mode":0,"bucket_ms":100,"sequence":75,"run_start_micros":1788887902435256,"scheduled_at_micros":1788887910035256,"fired_at_micros":1788887910720974,"drift_micros":685718}]}}
1788887912074587 {"observation":{"deletes":[],"inserts":[{"id":305,"run_id":"idle-anchored-500","mode":3,"bucket_ms":500,"sequence":15,"run_start_micros":1788887902755558,"scheduled_at_micros":1788887910755558,"fired_at_micros":1788887910767973,"drift_micros":12415}]}}
1788887912091920 {"observation":{"deletes":[],"inserts":[{"id":306,"run_id":"idle-anchored-100","mode":3,"bucket_ms":100,"sequence":82,"run_start_micros":1788887902483083,"scheduled_at_micros":1788887910783083,"fired_at_micros":1788887910799336,"drift_micros":16253}]}}
1788887912111431 {"observation":{"deletes":[],"inserts":[{"id":307,"run_id":"idle-interval-100","mode":1,"bucket_ms":100,"sequence":75,"run_start_micros":1788887902528990,"scheduled_at_micros":1788887910128990,"fired_at_micros":1788887910814442,"drift_micros":685452}]}}
1788887912129850 {"observation":{"deletes":[],"inserts":[{"id":308,"run_id":"idle-oneshot-100","mode":0,"bucket_ms":100,"sequence":76,"run_start_micros":1788887902435256,"scheduled_at_micros":1788887910135256,"fired_at_micros":1788887910829581,"drift_micros":694325}]}}
1788887912148617 {"observation":{"deletes":[],"inserts":[{"id":309,"run_id":"idle-oneshot-500","mode":0,"bucket_ms":500,"sequence":15,"run_start_micros":1788887902710258,"scheduled_at_micros":1788887910710258,"fired_at_micros":1788887910891002,"drift_micros":180744}]}}
1788887912166287 {"observation":{"deletes":[],"inserts":[{"id":310,"run_id":"idle-anchored-100","mode":3,"bucket_ms":100,"sequence":83,"run_start_micros":1788887902483083,"scheduled_at_micros":1788887910883083,"fired_at_micros":1788887910891134,"drift_micros":8051}]}}
1788887912338697 {"observation":{"deletes":[],"inserts":[{"id":311,"run_id":"idle-interval-100","mode":1,"bucket_ms":100,"sequence":76,"run_start_micros":1788887902528990,"scheduled_at_micros":1788887910228990,"fired_at_micros":1788887910922721,"drift_micros":693731}]}}
1788887912358048 {"observation":{"deletes":[],"inserts":[{"id":312,"run_id":"idle-oneshot-100","mode":0,"bucket_ms":100,"sequence":77,"run_start_micros":1788887902435256,"scheduled_at_micros":1788887910235256,"fired_at_micros":1788887910938430,"drift_micros":703174}]}}
1788887912376104 {"observation":{"deletes":[],"inserts":[{"id":313,"run_id":"idle-interval-500","mode":1,"bucket_ms":500,"sequence":15,"run_start_micros":1788887902802197,"scheduled_at_micros":1788887910802197,"fired_at_micros":1788887910970364,"drift_micros":168167}]}}
1788887912394245 {"observation":{"deletes":[],"inserts":[{"id":314,"run_id":"idle-anchored-100","mode":3,"bucket_ms":100,"sequence":84,"run_start_micros":1788887902483083,"scheduled_at_micros":1788887910983083,"fired_at_micros":1788887910986247,"drift_micros":3164}]}}
1788887912413906 {"observation":{"deletes":[],"inserts":[{"id":315,"run_id":"idle-interval-100","mode":1,"bucket_ms":100,"sequence":77,"run_start_micros":1788887902528990,"scheduled_at_micros":1788887910328990,"fired_at_micros":1788887911033682,"drift_micros":704692}]}}
1788887912431719 {"observation":{"deletes":[],"inserts":[{"id":316,"run_id":"idle-oneshot-100","mode":0,"bucket_ms":100,"sequence":78,"run_start_micros":1788887902435256,"scheduled_at_micros":1788887910335256,"fired_at_micros":1788887911048610,"drift_micros":713354}]}}
1788887912449907 {"observation":{"deletes":[],"inserts":[{"id":317,"run_id":"idle-anchored-1000","mode":3,"bucket_ms":1000,"sequence":7,"run_start_micros":1788887903070531,"scheduled_at_micros":1788887911070531,"fired_at_micros":1788887911079641,"drift_micros":9110}]}}
1788887912467172 {"observation":{"deletes":[],"inserts":[{"id":318,"run_id":"idle-anchored-100","mode":3,"bucket_ms":100,"sequence":85,"run_start_micros":1788887902483083,"scheduled_at_micros":1788887911083083,"fired_at_micros":1788887911094784,"drift_micros":11701}]}}
1788887912484682 {"observation":{"deletes":[],"inserts":[{"id":319,"run_id":"idle-oneshot-1000","mode":0,"bucket_ms":1000,"sequence":7,"run_start_micros":1788887903021315,"scheduled_at_micros":1788887911021315,"fired_at_micros":1788887911110330,"drift_micros":89015}]}}
1788887912502373 {"observation":{"deletes":[],"inserts":[{"id":320,"run_id":"idle-interval-100","mode":1,"bucket_ms":100,"sequence":78,"run_start_micros":1788887902528990,"scheduled_at_micros":1788887910428990,"fired_at_micros":1788887911140981,"drift_micros":711991}]}}
1788887912522467 {"observation":{"deletes":[],"inserts":[{"id":321,"run_id":"idle-oneshot-100","mode":0,"bucket_ms":100,"sequence":79,"run_start_micros":1788887902435256,"scheduled_at_micros":1788887910435256,"fired_at_micros":1788887911156179,"drift_micros":720923}]}}
1788887912540074 {"observation":{"deletes":[],"inserts":[{"id":322,"run_id":"idle-anchored-100","mode":3,"bucket_ms":100,"sequence":86,"run_start_micros":1788887902483083,"scheduled_at_micros":1788887911183083,"fired_at_micros":1788887911187324,"drift_micros":4241}]}}
1788887912557577 {"observation":{"deletes":[],"inserts":[{"id":323,"run_id":"idle-interval-100","mode":1,"bucket_ms":100,"sequence":79,"run_start_micros":1788887902528990,"scheduled_at_micros":1788887910528990,"fired_at_micros":1788887911249581,"drift_micros":720591}]}}
1788887912725383 {"observation":{"deletes":[],"inserts":[{"id":324,"run_id":"idle-anchored-500","mode":3,"bucket_ms":500,"sequence":16,"run_start_micros":1788887902755558,"scheduled_at_micros":1788887911255558,"fired_at_micros":1788887911265992,"drift_micros":10434}]}}
1788887912746945 {"observation":{"deletes":[],"inserts":[{"id":325,"run_id":"idle-oneshot-100","mode":0,"bucket_ms":100,"sequence":80,"run_start_micros":1788887902435256,"scheduled_at_micros":1788887910535256,"fired_at_micros":1788887911266113,"drift_micros":730857}]}}
1788887912767831 {"observation":{"deletes":[],"inserts":[{"id":326,"run_id":"idle-anchored-100","mode":3,"bucket_ms":100,"sequence":87,"run_start_micros":1788887902483083,"scheduled_at_micros":1788887911283083,"fired_at_micros":1788887911296682,"drift_micros":13599}]}}
1788887912785774 {"observation":{"deletes":[],"inserts":[{"id":327,"run_id":"idle-interval-1000","mode":1,"bucket_ms":1000,"sequence":7,"run_start_micros":1788887903272705,"scheduled_at_micros":1788887911272705,"fired_at_micros":1788887911343757,"drift_micros":71052}]}}
1788887912803367 {"observation":{"deletes":[],"inserts":[{"id":328,"run_id":"idle-interval-100","mode":1,"bucket_ms":100,"sequence":80,"run_start_micros":1788887902528990,"scheduled_at_micros":1788887910628990,"fired_at_micros":1788887911359406,"drift_micros":730416}]}}
1788887912820406 {"observation":{"deletes":[],"inserts":[{"id":329,"run_id":"idle-oneshot-100","mode":0,"bucket_ms":100,"sequence":81,"run_start_micros":1788887902435256,"scheduled_at_micros":1788887910635256,"fired_at_micros":1788887911375254,"drift_micros":739998}]}}
1788887912838421 {"observation":{"deletes":[],"inserts":[{"id":330,"run_id":"idle-anchored-100","mode":3,"bucket_ms":100,"sequence":88,"run_start_micros":1788887902483083,"scheduled_at_micros":1788887911383083,"fired_at_micros":1788887911390416,"drift_micros":7333}]}}
1788887912855949 {"observation":{"deletes":[],"inserts":[{"id":331,"run_id":"idle-oneshot-500","mode":0,"bucket_ms":500,"sequence":16,"run_start_micros":1788887902710258,"scheduled_at_micros":1788887911210258,"fired_at_micros":1788887911406405,"drift_micros":196147}]}}
1788887912874169 {"observation":{"deletes":[],"inserts":[{"id":332,"run_id":"idle-interval-work50-1000","mode":1,"bucket_ms":1000,"sequence":5,"run_start_micros":1788887905341007,"scheduled_at_micros":1788887911341007,"fired_at_micros":1788887911406529,"drift_micros":65522}]}}
1788887912892063 {"observation":{"deletes":[],"inserts":[{"id":333,"run_id":"idle-interval-100","mode":1,"bucket_ms":100,"sequence":81,"run_start_micros":1788887902528990,"scheduled_at_micros":1788887910728990,"fired_at_micros":1788887911469792,"drift_micros":740802}]}}
1788887912909727 {"observation":{"deletes":[],"inserts":[{"id":334,"run_id":"idle-interval-500","mode":1,"bucket_ms":500,"sequence":16,"run_start_micros":1788887902802197,"scheduled_at_micros":1788887911302197,"fired_at_micros":1788887911485543,"drift_micros":183346}]}}
1788887912927509 {"observation":{"deletes":[],"inserts":[{"id":335,"run_id":"idle-oneshot-100","mode":0,"bucket_ms":100,"sequence":82,"run_start_micros":1788887902435256,"scheduled_at_micros":1788887910735256,"fired_at_micros":1788887911485651,"drift_micros":750395}]}}
1788887913094570 {"observation":{"deletes":[],"inserts":[{"id":336,"run_id":"idle-anchored-100","mode":3,"bucket_ms":100,"sequence":89,"run_start_micros":1788887902483083,"scheduled_at_micros":1788887911483083,"fired_at_micros":1788887911485756,"drift_micros":2673}]}}
1788887913114306 {"observation":{"deletes":[],"inserts":[{"id":337,"run_id":"idle-interval-100","mode":1,"bucket_ms":100,"sequence":82,"run_start_micros":1788887902528990,"scheduled_at_micros":1788887910828990,"fired_at_micros":1788887911578174,"drift_micros":749184}]}}
1788887913132652 {"observation":{"deletes":[],"inserts":[{"id":338,"run_id":"idle-anchored-100","mode":3,"bucket_ms":100,"sequence":90,"run_start_micros":1788887902483083,"scheduled_at_micros":1788887911583083,"fired_at_micros":1788887911593346,"drift_micros":10263}]}}
1788887913150832 {"observation":{"deletes":[],"inserts":[{"id":339,"run_id":"idle-oneshot-100","mode":0,"bucket_ms":100,"sequence":83,"run_start_micros":1788887902435256,"scheduled_at_micros":1788887910835256,"fired_at_micros":1788887911593410,"drift_micros":758154}]}}
1788887913168572 {"observation":{"deletes":[],"inserts":[{"id":340,"run_id":"idle-interval-100","mode":1,"bucket_ms":100,"sequence":83,"run_start_micros":1788887902528990,"scheduled_at_micros":1788887910928990,"fired_at_micros":1788887911685693,"drift_micros":756703}]}}
1788887913186055 {"observation":{"deletes":[],"inserts":[{"id":341,"run_id":"idle-anchored-100","mode":3,"bucket_ms":100,"sequence":91,"run_start_micros":1788887902483083,"scheduled_at_micros":1788887911683083,"fired_at_micros":1788887911685835,"drift_micros":2752}]}}
1788887913203473 {"observation":{"deletes":[],"inserts":[{"id":342,"run_id":"idle-oneshot-100","mode":0,"bucket_ms":100,"sequence":84,"run_start_micros":1788887902435256,"scheduled_at_micros":1788887910935256,"fired_at_micros":1788887911700714,"drift_micros":765458}]}}
1788887913220445 {"observation":{"deletes":[],"inserts":[{"id":343,"run_id":"idle-anchored-500","mode":3,"bucket_ms":500,"sequence":17,"run_start_micros":1788887902755558,"scheduled_at_micros":1788887911755558,"fired_at_micros":1788887911764294,"drift_micros":8736}]}}
1788887913237469 {"observation":{"deletes":[],"inserts":[{"id":344,"run_id":"idle-anchored-100","mode":3,"bucket_ms":100,"sequence":92,"run_start_micros":1788887902483083,"scheduled_at_micros":1788887911783083,"fired_at_micros":1788887911795665,"drift_micros":12582}]}}
1788887913254783 {"observation":{"deletes":[],"inserts":[{"id":345,"run_id":"idle-interval-100","mode":1,"bucket_ms":100,"sequence":84,"run_start_micros":1788887902528990,"scheduled_at_micros":1788887911028990,"fired_at_micros":1788887911795783,"drift_micros":766793}]}}
1788887913273690 {"observation":{"deletes":[],"inserts":[{"id":346,"run_id":"idle-oneshot-100","mode":0,"bucket_ms":100,"sequence":85,"run_start_micros":1788887902435256,"scheduled_at_micros":1788887911035256,"fired_at_micros":1788887911810327,"drift_micros":775071}]}}
1788887913292694 {"observation":{"deletes":[],"inserts":[{"id":347,"run_id":"idle-anchored-100","mode":3,"bucket_ms":100,"sequence":93,"run_start_micros":1788887902483083,"scheduled_at_micros":1788887911883083,"fired_at_micros":1788887911888399,"drift_micros":5316}]}}
1788887913309950 {"observation":{"deletes":[],"inserts":[{"id":348,"run_id":"idle-interval-100","mode":1,"bucket_ms":100,"sequence":85,"run_start_micros":1788887902528990,"scheduled_at_micros":1788887911128990,"fired_at_micros":1788887911903971,"drift_micros":774981}]}}
1788887913475020 {"observation":{"deletes":[],"inserts":[{"id":349,"run_id":"idle-oneshot-500","mode":0,"bucket_ms":500,"sequence":17,"run_start_micros":1788887902710258,"scheduled_at_micros":1788887911710258,"fired_at_micros":1788887911919156,"drift_micros":208898}]}}
1788887913492900 {"observation":{"deletes":[],"inserts":[{"id":350,"run_id":"idle-oneshot-100","mode":0,"bucket_ms":100,"sequence":86,"run_start_micros":1788887902435256,"scheduled_at_micros":1788887911135256,"fired_at_micros":1788887911919289,"drift_micros":784033}]}}
1788887913511380 {"observation":{"deletes":[],"inserts":[{"id":351,"run_id":"idle-anchored-100","mode":3,"bucket_ms":100,"sequence":94,"run_start_micros":1788887902483083,"scheduled_at_micros":1788887911983083,"fired_at_micros":1788887911997966,"drift_micros":14883}]}}
1788887913528431 {"observation":{"deletes":[],"inserts":[{"id":352,"run_id":"idle-interval-500","mode":1,"bucket_ms":500,"sequence":17,"run_start_micros":1788887902802197,"scheduled_at_micros":1788887911802197,"fired_at_micros":1788887911998100,"drift_micros":195903}]}}
1788887913547523 {"observation":{"deletes":[],"inserts":[{"id":353,"run_id":"idle-interval-100","mode":1,"bucket_ms":100,"sequence":86,"run_start_micros":1788887902528990,"scheduled_at_micros":1788887911228990,"fired_at_micros":1788887912013501,"drift_micros":784511}]}}
1788887913565498 {"observation":{"deletes":[],"inserts":[{"id":354,"run_id":"idle-oneshot-100","mode":0,"bucket_ms":100,"sequence":87,"run_start_micros":1788887902435256,"scheduled_at_micros":1788887911235256,"fired_at_micros":1788887912029656,"drift_micros":794400}]}}
1788887913584728 {"observation":{"deletes":[],"inserts":[{"id":355,"run_id":"idle-anchored-1000","mode":3,"bucket_ms":1000,"sequence":8,"run_start_micros":1788887903070531,"scheduled_at_micros":1788887912070531,"fired_at_micros":1788887912075942,"drift_micros":5411}]}}
1788887913602403 {"observation":{"deletes":[],"inserts":[{"id":356,"run_id":"idle-anchored-100","mode":3,"bucket_ms":100,"sequence":95,"run_start_micros":1788887902483083,"scheduled_at_micros":1788887912083083,"fired_at_micros":1788887912091292,"drift_micros":8209}]}}
1788887913619467 {"observation":{"deletes":[],"inserts":[{"id":357,"run_id":"idle-oneshot-1000","mode":0,"bucket_ms":1000,"sequence":8,"run_start_micros":1788887903021315,"scheduled_at_micros":1788887912021315,"fired_at_micros":1788887912122698,"drift_micros":101383}]}}
1788887913637005 {"observation":{"deletes":[],"inserts":[{"id":358,"run_id":"idle-interval-100","mode":1,"bucket_ms":100,"sequence":87,"run_start_micros":1788887902528990,"scheduled_at_micros":1788887911328990,"fired_at_micros":1788887912122833,"drift_micros":793843}]}}
1788887913656528 {"observation":{"deletes":[],"inserts":[{"id":359,"run_id":"idle-oneshot-100","mode":0,"bucket_ms":100,"sequence":88,"run_start_micros":1788887902435256,"scheduled_at_micros":1788887911335256,"fired_at_micros":1788887912138308,"drift_micros":803052}]}}
1788887913675271 {"observation":{"deletes":[],"inserts":[{"id":360,"run_id":"idle-anchored-100","mode":3,"bucket_ms":100,"sequence":96,"run_start_micros":1788887902483083,"scheduled_at_micros":1788887912183083,"fired_at_micros":1788887912184619,"drift_micros":1536}]}}
1788887913841621 {"observation":{"deletes":[],"inserts":[{"id":361,"run_id":"idle-interval-100","mode":1,"bucket_ms":100,"sequence":88,"run_start_micros":1788887902528990,"scheduled_at_micros":1788887911428990,"fired_at_micros":1788887912230878,"drift_micros":801888}]}}
1788887913859743 {"observation":{"deletes":[],"inserts":[{"id":362,"run_id":"idle-oneshot-100","mode":0,"bucket_ms":100,"sequence":89,"run_start_micros":1788887902435256,"scheduled_at_micros":1788887911435256,"fired_at_micros":1788887912246287,"drift_micros":811031}]}}
1788887913877782 {"observation":{"deletes":[],"inserts":[{"id":363,"run_id":"idle-anchored-500","mode":3,"bucket_ms":500,"sequence":18,"run_start_micros":1788887902755558,"scheduled_at_micros":1788887912255558,"fired_at_micros":1788887912262087,"drift_micros":6529}]}}
1788887913896838 {"observation":{"deletes":[],"inserts":[{"id":364,"run_id":"idle-anchored-100","mode":3,"bucket_ms":100,"sequence":97,"run_start_micros":1788887902483083,"scheduled_at_micros":1788887912283083,"fired_at_micros":1788887912293279,"drift_micros":10196}]}}
1788887913915952 {"observation":{"deletes":[],"inserts":[{"id":365,"run_id":"idle-interval-100","mode":1,"bucket_ms":100,"sequence":89,"run_start_micros":1788887902528990,"scheduled_at_micros":1788887911528990,"fired_at_micros":1788887912340623,"drift_micros":811633}]}}
1788887913933746 {"observation":{"deletes":[],"inserts":[{"id":366,"run_id":"idle-interval-1000","mode":1,"bucket_ms":1000,"sequence":8,"run_start_micros":1788887903272705,"scheduled_at_micros":1788887912272705,"fired_at_micros":1788887912356154,"drift_micros":83449}]}}
1788887913953831 {"observation":{"deletes":[],"inserts":[{"id":367,"run_id":"idle-oneshot-100","mode":0,"bucket_ms":100,"sequence":90,"run_start_micros":1788887902435256,"scheduled_at_micros":1788887911535256,"fired_at_micros":1788887912356295,"drift_micros":821039}]}}
1788887913971644 {"observation":{"deletes":[],"inserts":[{"id":368,"run_id":"idle-anchored-100","mode":3,"bucket_ms":100,"sequence":98,"run_start_micros":1788887902483083,"scheduled_at_micros":1788887912383083,"fired_at_micros":1788887912387048,"drift_micros":3965}]}}
1788887913989718 {"observation":{"deletes":[],"inserts":[{"id":369,"run_id":"idle-interval-work50-1000","mode":1,"bucket_ms":1000,"sequence":6,"run_start_micros":1788887905341007,"scheduled_at_micros":1788887912341007,"fired_at_micros":1788887912417346,"drift_micros":76339}]}}
1788887914007697 {"observation":{"deletes":[],"inserts":[{"id":370,"run_id":"idle-oneshot-500","mode":0,"bucket_ms":500,"sequence":18,"run_start_micros":1788887902710258,"scheduled_at_micros":1788887912210258,"fired_at_micros":1788887912432481,"drift_micros":222223}]}}
1788887914025122 {"observation":{"deletes":[],"inserts":[{"id":371,"run_id":"idle-interval-100","mode":1,"bucket_ms":100,"sequence":90,"run_start_micros":1788887902528990,"scheduled_at_micros":1788887911628990,"fired_at_micros":1788887912447747,"drift_micros":818757}]}}
1788887914042282 {"observation":{"deletes":[],"inserts":[{"id":372,"run_id":"idle-oneshot-100","mode":0,"bucket_ms":100,"sequence":91,"run_start_micros":1788887902435256,"scheduled_at_micros":1788887911635256,"fired_at_micros":1788887912463513,"drift_micros":828257}]}}
1788887914204958 {"observation":{"deletes":[],"inserts":[{"id":373,"run_id":"idle-anchored-100","mode":3,"bucket_ms":100,"sequence":99,"run_start_micros":1788887902483083,"scheduled_at_micros":1788887912483083,"fired_at_micros":1788887912494662,"drift_micros":11579}]}}
1788887914222468 {"observation":{"deletes":[],"inserts":[{"id":374,"run_id":"idle-interval-500","mode":1,"bucket_ms":500,"sequence":18,"run_start_micros":1788887902802197,"scheduled_at_micros":1788887912302197,"fired_at_micros":1788887912510823,"drift_micros":208626}]}}
1788887914239421 {"observation":{"deletes":[],"inserts":[{"id":375,"run_id":"idle-interval-100","mode":1,"bucket_ms":100,"sequence":91,"run_start_micros":1788887902528990,"scheduled_at_micros":1788887911728990,"fired_at_micros":1788887912556905,"drift_micros":827915}]}}
1788887914257062 {"observation":{"deletes":[],"inserts":[{"id":376,"run_id":"idle-oneshot-100","mode":0,"bucket_ms":100,"sequence":92,"run_start_micros":1788887902435256,"scheduled_at_micros":1788887911735256,"fired_at_micros":1788887912573140,"drift_micros":837884}]}}
1788887914273977 {"observation":{"deletes":[],"inserts":[{"id":377,"run_id":"idle-anchored-100","mode":3,"bucket_ms":100,"sequence":100,"run_start_micros":1788887902483083,"scheduled_at_micros":1788887912583083,"fired_at_micros":1788887912588414,"drift_micros":5331}]}}
1788887914291110 {"observation":{"deletes":[],"inserts":[{"id":378,"run_id":"idle-interval-100","mode":1,"bucket_ms":100,"sequence":92,"run_start_micros":1788887902528990,"scheduled_at_micros":1788887911828990,"fired_at_micros":1788887912666452,"drift_micros":837462}]}}
1788887914308186 {"observation":{"deletes":[],"inserts":[{"id":379,"run_id":"idle-oneshot-100","mode":0,"bucket_ms":100,"sequence":93,"run_start_micros":1788887902435256,"scheduled_at_micros":1788887911835256,"fired_at_micros":1788887912682029,"drift_micros":846773}]}}
1788887914326221 {"observation":{"deletes":[],"inserts":[{"id":380,"run_id":"idle-anchored-100","mode":3,"bucket_ms":100,"sequence":101,"run_start_micros":1788887902483083,"scheduled_at_micros":1788887912683083,"fired_at_micros":1788887912698176,"drift_micros":15093}]}}
1788887914343334 {"observation":{"deletes":[],"inserts":[{"id":381,"run_id":"idle-anchored-500","mode":3,"bucket_ms":500,"sequence":19,"run_start_micros":1788887902755558,"scheduled_at_micros":1788887912755558,"fired_at_micros":1788887912760283,"drift_micros":4725}]}}
1788887914359744 {"observation":{"deletes":[],"inserts":[{"id":382,"run_id":"idle-interval-100","mode":1,"bucket_ms":100,"sequence":93,"run_start_micros":1788887902528990,"scheduled_at_micros":1788887911928990,"fired_at_micros":1788887912775475,"drift_micros":846485}]}}
1788887914377162 {"observation":{"deletes":[],"inserts":[{"id":383,"run_id":"idle-oneshot-100","mode":0,"bucket_ms":100,"sequence":94,"run_start_micros":1788887902435256,"scheduled_at_micros":1788887911935256,"fired_at_micros":1788887912791348,"drift_micros":856092}]}}
1788887914394808 {"observation":{"deletes":[],"inserts":[{"id":384,"run_id":"idle-anchored-100","mode":3,"bucket_ms":100,"sequence":102,"run_start_micros":1788887902483083,"scheduled_at_micros":1788887912783083,"fired_at_micros":1788887912791482,"drift_micros":8399}]}}
1788887914558452 {"observation":{"deletes":[],"inserts":[{"id":385,"run_id":"idle-interval-100","mode":1,"bucket_ms":100,"sequence":94,"run_start_micros":1788887902528990,"scheduled_at_micros":1788887912028990,"fired_at_micros":1788887912884468,"drift_micros":855478}]}}
1788887914578534 {"observation":{"deletes":[],"inserts":[{"id":386,"run_id":"idle-anchored-100","mode":3,"bucket_ms":100,"sequence":103,"run_start_micros":1788887902483083,"scheduled_at_micros":1788887912883083,"fired_at_micros":1788887912884591,"drift_micros":1508}]}}
1788887914595837 {"observation":{"deletes":[],"inserts":[{"id":387,"run_id":"idle-oneshot-100","mode":0,"bucket_ms":100,"sequence":95,"run_start_micros":1788887902435256,"scheduled_at_micros":1788887912035256,"fired_at_micros":1788887912899989,"drift_micros":864733}]}}
1788887914613849 {"observation":{"deletes":[],"inserts":[{"id":388,"run_id":"idle-oneshot-500","mode":0,"bucket_ms":500,"sequence":19,"run_start_micros":1788887902710258,"scheduled_at_micros":1788887912710258,"fired_at_micros":1788887912946522,"drift_micros":236264}]}}
1788887914633145 {"observation":{"deletes":[],"inserts":[{"id":389,"run_id":"idle-anchored-100","mode":3,"bucket_ms":100,"sequence":104,"run_start_micros":1788887902483083,"scheduled_at_micros":1788887912983083,"fired_at_micros":1788887912993004,"drift_micros":9921}]}}
1788887914651894 {"observation":{"deletes":[],"inserts":[{"id":390,"run_id":"idle-interval-100","mode":1,"bucket_ms":100,"sequence":95,"run_start_micros":1788887902528990,"scheduled_at_micros":1788887912128990,"fired_at_micros":1788887912993112,"drift_micros":864122}]}}
1788887914670145 {"observation":{"deletes":[],"inserts":[{"id":391,"run_id":"idle-oneshot-100","mode":0,"bucket_ms":100,"sequence":96,"run_start_micros":1788887902435256,"scheduled_at_micros":1788887912135256,"fired_at_micros":1788887913008564,"drift_micros":873308}]}}
1788887914692761 {"observation":{"deletes":[],"inserts":[{"id":392,"run_id":"idle-interval-500","mode":1,"bucket_ms":500,"sequence":19,"run_start_micros":1788887902802197,"scheduled_at_micros":1788887912802197,"fired_at_micros":1788887913023850,"drift_micros":221653}]}}
1788887914711999 {"observation":{"deletes":[],"inserts":[{"id":393,"run_id":"idle-anchored-1000","mode":3,"bucket_ms":1000,"sequence":9,"run_start_micros":1788887903070531,"scheduled_at_micros":1788887913070531,"fired_at_micros":1788887913086300,"drift_micros":15769}]}}
1788887914730308 {"observation":{"deletes":[],"inserts":[{"id":394,"run_id":"idle-anchored-100","mode":3,"bucket_ms":100,"sequence":105,"run_start_micros":1788887902483083,"scheduled_at_micros":1788887913083083,"fired_at_micros":1788887913086423,"drift_micros":3340}]}}
1788887914756241 {"observation":{"deletes":[],"inserts":[{"id":395,"run_id":"idle-interval-100","mode":1,"bucket_ms":100,"sequence":96,"run_start_micros":1788887902528990,"scheduled_at_micros":1788887912228990,"fired_at_micros":1788887913102405,"drift_micros":873415}]}}
1788887914918455 {"observation":{"deletes":[],"inserts":[{"id":396,"run_id":"idle-oneshot-100","mode":0,"bucket_ms":100,"sequence":97,"run_start_micros":1788887902435256,"scheduled_at_micros":1788887912235256,"fired_at_micros":1788887913118060,"drift_micros":882804}]}}
1788887914938114 {"observation":{"deletes":[],"inserts":[{"id":397,"run_id":"idle-oneshot-1000","mode":0,"bucket_ms":1000,"sequence":9,"run_start_micros":1788887903021315,"scheduled_at_micros":1788887913021315,"fired_at_micros":1788887913133267,"drift_micros":111952}]}}
1788887914954812 {"observation":{"deletes":[],"inserts":[{"id":398,"run_id":"idle-anchored-100","mode":3,"bucket_ms":100,"sequence":106,"run_start_micros":1788887902483083,"scheduled_at_micros":1788887913183083,"fired_at_micros":1788887913195943,"drift_micros":12860}]}}
1788887914971482 {"observation":{"deletes":[],"inserts":[{"id":399,"run_id":"idle-interval-100","mode":1,"bucket_ms":100,"sequence":97,"run_start_micros":1788887902528990,"scheduled_at_micros":1788887912328990,"fired_at_micros":1788887913211089,"drift_micros":882099}]}}
1788887914990399 {"observation":{"deletes":[],"inserts":[{"id":400,"run_id":"idle-oneshot-100","mode":0,"bucket_ms":100,"sequence":98,"run_start_micros":1788887902435256,"scheduled_at_micros":1788887912335256,"fired_at_micros":1788887913226114,"drift_micros":890858}]}}
1788887915007269 {"observation":{"deletes":[],"inserts":[{"id":401,"run_id":"idle-anchored-500","mode":3,"bucket_ms":500,"sequence":20,"run_start_micros":1788887902755558,"scheduled_at_micros":1788887913255558,"fired_at_micros":1788887913256766,"drift_micros":1208}]}}
1788887915024437 {"observation":{"deletes":[],"inserts":[{"id":402,"run_id":"idle-anchored-100","mode":3,"bucket_ms":100,"sequence":107,"run_start_micros":1788887902483083,"scheduled_at_micros":1788887913283083,"fired_at_micros":1788887913288121,"drift_micros":5038}]}}
1788887915040892 {"observation":{"deletes":[],"inserts":[{"id":403,"run_id":"idle-interval-100","mode":1,"bucket_ms":100,"sequence":98,"run_start_micros":1788887902528990,"scheduled_at_micros":1788887912428990,"fired_at_micros":1788887913319841,"drift_micros":890851}]}}
1788887915057621 {"observation":{"deletes":[],"inserts":[{"id":404,"run_id":"idle-oneshot-100","mode":0,"bucket_ms":100,"sequence":99,"run_start_micros":1788887902435256,"scheduled_at_micros":1788887912435256,"fired_at_micros":1788887913336317,"drift_micros":901061}]}}
1788887915076381 {"observation":{"deletes":[],"inserts":[{"id":405,"run_id":"idle-interval-1000","mode":1,"bucket_ms":1000,"sequence":9,"run_start_micros":1788887903272705,"scheduled_at_micros":1788887913272705,"fired_at_micros":1788887913367192,"drift_micros":94487}]}}
1788887915093746 {"observation":{"deletes":[],"inserts":[{"id":406,"run_id":"idle-anchored-100","mode":3,"bucket_ms":100,"sequence":108,"run_start_micros":1788887902483083,"scheduled_at_micros":1788887913383083,"fired_at_micros":1788887913398365,"drift_micros":15282}]}}
1788887915111168 {"observation":{"deletes":[],"inserts":[{"id":407,"run_id":"idle-interval-work50-1000","mode":1,"bucket_ms":1000,"sequence":7,"run_start_micros":1788887905341007,"scheduled_at_micros":1788887913341007,"fired_at_micros":1788887913429034,"drift_micros":88027}]}}
1788887915128548 {"observation":{"deletes":[],"inserts":[{"id":408,"run_id":"idle-interval-100","mode":1,"bucket_ms":100,"sequence":99,"run_start_micros":1788887902528990,"scheduled_at_micros":1788887912528990,"fired_at_micros":1788887913429208,"drift_micros":900218}]}}
1788887915291708 {"observation":{"deletes":[],"inserts":[{"id":409,"run_id":"idle-oneshot-100","mode":0,"bucket_ms":100,"sequence":100,"run_start_micros":1788887902435256,"scheduled_at_micros":1788887912535256,"fired_at_micros":1788887913445159,"drift_micros":909903}]}}
1788887915311288 {"observation":{"deletes":[],"inserts":[{"id":410,"run_id":"idle-oneshot-500","mode":0,"bucket_ms":500,"sequence":20,"run_start_micros":1788887902710258,"scheduled_at_micros":1788887913210258,"fired_at_micros":1788887913460127,"drift_micros":249869}]}}
1788887915330132 {"observation":{"deletes":[],"inserts":[{"id":411,"run_id":"idle-oneshot-10000","mode":0,"bucket_ms":10000,"sequence":0,"run_start_micros":1788887903469408,"scheduled_at_micros":1788887913469408,"fired_at_micros":1788887913476168,"drift_micros":6760}]}}
1788887915350143 {"observation":{"deletes":[],"inserts":[{"id":412,"run_id":"idle-anchored-100","mode":3,"bucket_ms":100,"sequence":109,"run_start_micros":1788887902483083,"scheduled_at_micros":1788887913483083,"fired_at_micros":1788887913492290,"drift_micros":9207}]}}
1788887915367933 {"observation":{"deletes":[],"inserts":[{"id":413,"run_id":"idle-anchored-10000","mode":3,"bucket_ms":10000,"sequence":0,"run_start_micros":1788887903514660,"scheduled_at_micros":1788887913514660,"fired_at_micros":1788887913522710,"drift_micros":8050}]}}
1788887915385339 {"observation":{"deletes":[],"inserts":[{"id":414,"run_id":"idle-interval-500","mode":1,"bucket_ms":500,"sequence":20,"run_start_micros":1788887902802197,"scheduled_at_micros":1788887913302197,"fired_at_micros":1788887913538820,"drift_micros":236623}]}}
1788887915404182 {"observation":{"deletes":[],"inserts":[{"id":415,"run_id":"idle-interval-100","mode":1,"bucket_ms":100,"sequence":100,"run_start_micros":1788887902528990,"scheduled_at_micros":1788887912628990,"fired_at_micros":1788887913538939,"drift_micros":909949}]}}
1788887915423402 {"observation":{"deletes":[],"inserts":[{"id":416,"run_id":"idle-oneshot-100","mode":0,"bucket_ms":100,"sequence":101,"run_start_micros":1788887902435256,"scheduled_at_micros":1788887912635256,"fired_at_micros":1788887913554394,"drift_micros":919138}]}}
1788887915443518 {"observation":{"deletes":[],"inserts":[{"id":417,"run_id":"idle-anchored-100","mode":3,"bucket_ms":100,"sequence":110,"run_start_micros":1788887902483083,"scheduled_at_micros":1788887913583083,"fired_at_micros":1788887913584531,"drift_micros":1448}]}}
1788887915461362 {"observation":{"deletes":[],"inserts":[{"id":418,"run_id":"idle-interval-100","mode":1,"bucket_ms":100,"sequence":101,"run_start_micros":1788887902528990,"scheduled_at_micros":1788887912728990,"fired_at_micros":1788887913646686,"drift_micros":917696}]}}
1788887915478876 {"observation":{"deletes":[],"inserts":[{"id":419,"run_id":"idle-oneshot-100","mode":0,"bucket_ms":100,"sequence":102,"run_start_micros":1788887902435256,"scheduled_at_micros":1788887912735256,"fired_at_micros":1788887913661459,"drift_micros":926203}]}}
1788887915498032 {"observation":{"deletes":[],"inserts":[{"id":420,"run_id":"idle-anchored-100","mode":3,"bucket_ms":100,"sequence":111,"run_start_micros":1788887902483083,"scheduled_at_micros":1788887913683083,"fired_at_micros":1788887913692368,"drift_micros":9285}]}}
1788887915665899 {"observation":{"deletes":[],"inserts":[{"id":421,"run_id":"idle-interval-10000","mode":1,"bucket_ms":10000,"sequence":0,"run_start_micros":1788887903704748,"scheduled_at_micros":1788887913704748,"fired_at_micros":1788887913708525,"drift_micros":3777}]}}
1788887915682617 {"observation":{"deletes":[],"inserts":[{"id":422,"run_id":"idle-interval-100","mode":1,"bucket_ms":100,"sequence":102,"run_start_micros":1788887902528990,"scheduled_at_micros":1788887912828990,"fired_at_micros":1788887913754912,"drift_micros":925922}]}}
1788887915699878 {"observation":{"deletes":[],"inserts":[{"id":423,"run_id":"idle-anchored-500","mode":3,"bucket_ms":500,"sequence":21,"run_start_micros":1788887902755558,"scheduled_at_micros":1788887913755558,"fired_at_micros":1788887913770867,"drift_micros":15309}]}}
1788887915716871 {"observation":{"deletes":[],"inserts":[{"id":424,"run_id":"idle-oneshot-100","mode":0,"bucket_ms":100,"sequence":103,"run_start_micros":1788887902435256,"scheduled_at_micros":1788887912835256,"fired_at_micros":1788887913770970,"drift_micros":935714}]}}
1788887915735175 {"observation":{"deletes":[],"inserts":[{"id":425,"run_id":"idle-anchored-100","mode":3,"bucket_ms":100,"sequence":112,"run_start_micros":1788887902483083,"scheduled_at_micros":1788887913783083,"fired_at_micros":1788887913786339,"drift_micros":3256}]}}
1788887915752113 {"observation":{"deletes":[],"inserts":[{"id":426,"run_id":"idle-interval-100","mode":1,"bucket_ms":100,"sequence":103,"run_start_micros":1788887902528990,"scheduled_at_micros":1788887912928990,"fired_at_micros":1788887913864536,"drift_micros":935546}]}}
1788887915770183 {"observation":{"deletes":[],"inserts":[{"id":427,"run_id":"idle-oneshot-100","mode":0,"bucket_ms":100,"sequence":104,"run_start_micros":1788887902435256,"scheduled_at_micros":1788887912935256,"fired_at_micros":1788887913879869,"drift_micros":944613}]}}
1788887915787661 {"observation":{"deletes":[],"inserts":[{"id":428,"run_id":"idle-anchored-100","mode":3,"bucket_ms":100,"sequence":113,"run_start_micros":1788887902483083,"scheduled_at_micros":1788887913883083,"fired_at_micros":1788887913895587,"drift_micros":12504}]}}
1788887915805409 {"observation":{"deletes":[],"inserts":[{"id":429,"run_id":"idle-oneshot-500","mode":0,"bucket_ms":500,"sequence":21,"run_start_micros":1788887902710258,"scheduled_at_micros":1788887913710258,"fired_at_micros":1788887913974144,"drift_micros":263886}]}}
1788887915822988 {"observation":{"deletes":[],"inserts":[{"id":430,"run_id":"idle-interval-100","mode":1,"bucket_ms":100,"sequence":104,"run_start_micros":1788887902528990,"scheduled_at_micros":1788887913028990,"fired_at_micros":1788887913974266,"drift_micros":945276}]}}
1788887915840257 {"observation":{"deletes":[],"inserts":[{"id":431,"run_id":"idle-oneshot-100","mode":0,"bucket_ms":100,"sequence":105,"run_start_micros":1788887902435256,"scheduled_at_micros":1788887913035256,"fired_at_micros":1788887913989761,"drift_micros":954505}]}}
1788887915858708 {"observation":{"deletes":[],"inserts":[{"id":432,"run_id":"idle-anchored-100","mode":3,"bucket_ms":100,"sequence":114,"run_start_micros":1788887902483083,"scheduled_at_micros":1788887913983083,"fired_at_micros":1788887913989882,"drift_micros":6799}]}}
1788887915878522 {"observation":{"deletes":[],"inserts":[{"id":433,"run_id":"idle-interval-500","mode":1,"bucket_ms":500,"sequence":21,"run_start_micros":1788887902802197,"scheduled_at_micros":1788887913802197,"fired_at_micros":1788887914053052,"drift_micros":250855}]}}
1788887916047040 {"observation":{"deletes":[],"inserts":[{"id":434,"run_id":"idle-anchored-1000","mode":3,"bucket_ms":1000,"sequence":10,"run_start_micros":1788887903070531,"scheduled_at_micros":1788887914070531,"fired_at_micros":1788887914083884,"drift_micros":13353}]}}
1788887916067757 {"observation":{"deletes":[],"inserts":[{"id":435,"run_id":"idle-interval-100","mode":1,"bucket_ms":100,"sequence":105,"run_start_micros":1788887902528990,"scheduled_at_micros":1788887913128990,"fired_at_micros":1788887914083977,"drift_micros":954987}]}}
1788887916086538 {"observation":{"deletes":[],"inserts":[{"id":436,"run_id":"idle-anchored-100","mode":3,"bucket_ms":100,"sequence":115,"run_start_micros":1788887902483083,"scheduled_at_micros":1788887914083083,"fired_at_micros":1788887914084026,"drift_micros":943}]}}
1788887916105861 {"observation":{"deletes":[],"inserts":[{"id":437,"run_id":"idle-oneshot-100","mode":0,"bucket_ms":100,"sequence":106,"run_start_micros":1788887902435256,"scheduled_at_micros":1788887913135256,"fired_at_micros":1788887914099119,"drift_micros":963863}]}}
1788887916125389 {"observation":{"deletes":[],"inserts":[{"id":438,"run_id":"idle-oneshot-1000","mode":0,"bucket_ms":1000,"sequence":10,"run_start_micros":1788887903021315,"scheduled_at_micros":1788887914021315,"fired_at_micros":1788887914146492,"drift_micros":125177}]}}
1788887916144042 {"observation":{"deletes":[],"inserts":[{"id":439,"run_id":"idle-anchored-100","mode":3,"bucket_ms":100,"sequence":116,"run_start_micros":1788887902483083,"scheduled_at_micros":1788887914183083,"fired_at_micros":1788887914193346,"drift_micros":10263}]}}
1788887916162976 {"observation":{"deletes":[],"inserts":[{"id":440,"run_id":"idle-interval-100","mode":1,"bucket_ms":100,"sequence":106,"run_start_micros":1788887902528990,"scheduled_at_micros":1788887913228990,"fired_at_micros":1788887914193501,"drift_micros":964511}]}}
1788887916182830 {"observation":{"deletes":[],"inserts":[{"id":441,"run_id":"idle-oneshot-100","mode":0,"bucket_ms":100,"sequence":107,"run_start_micros":1788887902435256,"scheduled_at_micros":1788887913235256,"fired_at_micros":1788887914209125,"drift_micros":973869}]}}
1788887916201482 {"observation":{"deletes":[],"inserts":[{"id":442,"run_id":"idle-anchored-500","mode":3,"bucket_ms":500,"sequence":22,"run_start_micros":1788887902755558,"scheduled_at_micros":1788887914255558,"fired_at_micros":1788887914270755,"drift_micros":15197}]}}
1788887916219082 {"observation":{"deletes":[],"inserts":[{"id":443,"run_id":"idle-anchored-100","mode":3,"bucket_ms":100,"sequence":117,"run_start_micros":1788887902483083,"scheduled_at_micros":1788887914283083,"fired_at_micros":1788887914286826,"drift_micros":3743}]}}
1788887916239141 {"observation":{"deletes":[],"inserts":[{"id":444,"run_id":"idle-interval-100","mode":1,"bucket_ms":100,"sequence":107,"run_start_micros":1788887902528990,"scheduled_at_micros":1788887913328990,"fired_at_micros":1788887914302429,"drift_micros":973439}]}}
1788887916407539 {"observation":{"deletes":[],"inserts":[{"id":445,"run_id":"idle-oneshot-100","mode":0,"bucket_ms":100,"sequence":108,"run_start_micros":1788887902435256,"scheduled_at_micros":1788887913335256,"fired_at_micros":1788887914318523,"drift_micros":983267}]}}
1788887916427474 {"observation":{"deletes":[],"inserts":[{"id":446,"run_id":"idle-interval-1000","mode":1,"bucket_ms":1000,"sequence":10,"run_start_micros":1788887903272705,"scheduled_at_micros":1788887914272705,"fired_at_micros":1788887914379887,"drift_micros":107182}]}}
1788887916446434 {"observation":{"deletes":[],"inserts":[{"id":447,"run_id":"idle-anchored-100","mode":3,"bucket_ms":100,"sequence":118,"run_start_micros":1788887902483083,"scheduled_at_micros":1788887914383083,"fired_at_micros":1788887914395519,"drift_micros":12436}]}}
1788887916464317 {"observation":{"deletes":[],"inserts":[{"id":448,"run_id":"idle-interval-100","mode":1,"bucket_ms":100,"sequence":108,"run_start_micros":1788887902528990,"scheduled_at_micros":1788887913428990,"fired_at_micros":1788887914410908,"drift_micros":981918}]}}
1788887916484650 {"observation":{"deletes":[],"inserts":[{"id":449,"run_id":"idle-oneshot-100","mode":0,"bucket_ms":100,"sequence":109,"run_start_micros":1788887902435256,"scheduled_at_micros":1788887913435256,"fired_at_micros":1788887914426122,"drift_micros":990866}]}}
1788887916504551 {"observation":{"deletes":[],"inserts":[{"id":450,"run_id":"idle-interval-work50-1000","mode":1,"bucket_ms":1000,"sequence":8,"run_start_micros":1788887905341007,"scheduled_at_micros":1788887914341007,"fired_at_micros":1788887914442168,"drift_micros":101161}]}}
1788887916526332 {"observation":{"deletes":[],"inserts":[{"id":451,"run_id":"idle-oneshot-500","mode":0,"bucket_ms":500,"sequence":22,"run_start_micros":1788887902710258,"scheduled_at_micros":1788887914210258,"fired_at_micros":1788887914489193,"drift_micros":278935}]}}
1788887916548583 {"observation":{"deletes":[],"inserts":[{"id":452,"run_id":"idle-anchored-100","mode":3,"bucket_ms":100,"sequence":119,"run_start_micros":1788887902483083,"scheduled_at_micros":1788887914483083,"fired_at_micros":1788887914489337,"drift_micros":6254}]}}
1788887916566582 {"observation":{"deletes":[],"inserts":[{"id":453,"run_id":"idle-interval-100","mode":1,"bucket_ms":100,"sequence":109,"run_start_micros":1788887902528990,"scheduled_at_micros":1788887913528990,"fired_at_micros":1788887914520560,"drift_micros":991570}]}}
1788887916585209 {"observation":{"deletes":[],"inserts":[{"id":454,"run_id":"idle-oneshot-100","mode":0,"bucket_ms":100,"sequence":110,"run_start_micros":1788887902435256,"scheduled_at_micros":1788887913535256,"fired_at_micros":1788887914535412,"drift_micros":1000156}]}}
1788887916757248 {"observation":{"deletes":[],"inserts":[{"id":455,"run_id":"idle-interval-500","mode":1,"bucket_ms":500,"sequence":22,"run_start_micros":1788887902802197,"scheduled_at_micros":1788887914302197,"fired_at_micros":1788887914566180,"drift_micros":263983}]}}
1788887916777370 {"observation":{"deletes":[],"inserts":[{"id":456,"run_id":"idle-anchored-100","mode":3,"bucket_ms":100,"sequence":120,"run_start_micros":1788887902483083,"scheduled_at_micros":1788887914583083,"fired_at_micros":1788887914597794,"drift_micros":14711}]}}
1788887916810046 {"observation":{"deletes":[],"inserts":[{"id":457,"run_id":"idle-interval-100","mode":1,"bucket_ms":100,"sequence":110,"run_start_micros":1788887902528990,"scheduled_at_micros":1788887913628990,"fired_at_micros":1788887914629305,"drift_micros":1000315}]}}
1788887916833136 {"observation":{"deletes":[],"inserts":[{"id":458,"run_id":"idle-oneshot-100","mode":0,"bucket_ms":100,"sequence":111,"run_start_micros":1788887902435256,"scheduled_at_micros":1788887913635256,"fired_at_micros":1788887914645388,"drift_micros":1010132}]}}
1788887916855442 {"observation":{"deletes":[],"inserts":[{"id":459,"run_id":"idle-anchored-100","mode":3,"bucket_ms":100,"sequence":121,"run_start_micros":1788887902483083,"scheduled_at_micros":1788887914683083,"fired_at_micros":1788887914692340,"drift_micros":9257}]}}
1788887916875005 {"observation":{"deletes":[],"inserts":[{"id":460,"run_id":"idle-interval-100","mode":1,"bucket_ms":100,"sequence":111,"run_start_micros":1788887902528990,"scheduled_at_micros":1788887913728990,"fired_at_micros":1788887914739377,"drift_micros":1010387}]}}
1788887916895950 {"observation":{"deletes":[],"inserts":[{"id":461,"run_id":"idle-oneshot-100","mode":0,"bucket_ms":100,"sequence":112,"run_start_micros":1788887902435256,"scheduled_at_micros":1788887913735256,"fired_at_micros":1788887914754710,"drift_micros":1019454}]}}
1788887916915362 {"observation":{"deletes":[],"inserts":[{"id":462,"run_id":"idle-anchored-500","mode":3,"bucket_ms":500,"sequence":23,"run_start_micros":1788887902755558,"scheduled_at_micros":1788887914755558,"fired_at_micros":1788887914770135,"drift_micros":14577}]}}
1788887916934571 {"observation":{"deletes":[],"inserts":[{"id":463,"run_id":"idle-anchored-100","mode":3,"bucket_ms":100,"sequence":122,"run_start_micros":1788887902483083,"scheduled_at_micros":1788887914783083,"fired_at_micros":1788887914785223,"drift_micros":2140}]}}
1788887917111307 {"observation":{"deletes":[],"inserts":[{"id":464,"run_id":"idle-interval-100","mode":1,"bucket_ms":100,"sequence":112,"run_start_micros":1788887902528990,"scheduled_at_micros":1788887913828990,"fired_at_micros":1788887914845959,"drift_micros":1016969}]}}
1788887917130474 {"observation":{"deletes":[],"inserts":[{"id":465,"run_id":"idle-oneshot-100","mode":0,"bucket_ms":100,"sequence":113,"run_start_micros":1788887902435256,"scheduled_at_micros":1788887913835256,"fired_at_micros":1788887914862076,"drift_micros":1026820}]}}
1788887917148749 {"observation":{"deletes":[],"inserts":[{"id":466,"run_id":"idle-anchored-100","mode":3,"bucket_ms":100,"sequence":123,"run_start_micros":1788887902483083,"scheduled_at_micros":1788887914883083,"fired_at_micros":1788887914893015,"drift_micros":9932}]}}
1788887917166634 {"observation":{"deletes":[],"inserts":[{"id":467,"run_id":"idle-interval-100","mode":1,"bucket_ms":100,"sequence":113,"run_start_micros":1788887902528990,"scheduled_at_micros":1788887913928990,"fired_at_micros":1788887914955627,"drift_micros":1026637}]}}
1788887917183838 {"observation":{"deletes":[],"inserts":[{"id":468,"run_id":"idle-oneshot-100","mode":0,"bucket_ms":100,"sequence":114,"run_start_micros":1788887902435256,"scheduled_at_micros":1788887913935256,"fired_at_micros":1788887914971216,"drift_micros":1035960}]}}
1788887917202365 {"observation":{"deletes":[],"inserts":[{"id":469,"run_id":"idle-anchored-100","mode":3,"bucket_ms":100,"sequence":124,"run_start_micros":1788887902483083,"scheduled_at_micros":1788887914983083,"fired_at_micros":1788887914986600,"drift_micros":3517}]}}
1788887917223269 {"observation":{"deletes":[],"inserts":[{"id":470,"run_id":"idle-oneshot-500","mode":0,"bucket_ms":500,"sequence":23,"run_start_micros":1788887902710258,"scheduled_at_micros":1788887914710258,"fired_at_micros":1788887915002204,"drift_micros":291946}]}}
1788887917241114 {"observation":{"deletes":[],"inserts":[{"id":471,"run_id":"idle-interval-100","mode":1,"bucket_ms":100,"sequence":114,"run_start_micros":1788887902528990,"scheduled_at_micros":1788887914028990,"fired_at_micros":1788887915064922,"drift_micros":1035932}]}}
1788887917421387 {"observation":{"deletes":[],"inserts":[{"id":472,"run_id":"idle-interval-500","mode":1,"bucket_ms":500,"sequence":23,"run_start_micros":1788887902802197,"scheduled_at_micros":1788887914802197,"fired_at_micros":1788887915080688,"drift_micros":278491}]}}
1788887917441094 {"observation":{"deletes":[],"inserts":[{"id":473,"run_id":"idle-anchored-1000","mode":3,"bucket_ms":1000,"sequence":11,"run_start_micros":1788887903070531,"scheduled_at_micros":1788887915070531,"fired_at_micros":1788887915080828,"drift_micros":10297}]}}
1788887917459845 {"observation":{"deletes":[],"inserts":[{"id":474,"run_id":"idle-oneshot-100","mode":0,"bucket_ms":100,"sequence":115,"run_start_micros":1788887902435256,"scheduled_at_micros":1788887914035256,"fired_at_micros":1788887915080892,"drift_micros":1045636}]}}
1788887917476834 {"observation":{"deletes":[],"inserts":[{"id":475,"run_id":"idle-anchored-100","mode":3,"bucket_ms":100,"sequence":125,"run_start_micros":1788887902483083,"scheduled_at_micros":1788887915083083,"fired_at_micros":1788887915096244,"drift_micros":13161}]}}
1788887917493421 {"observation":{"deletes":[],"inserts":[{"id":476,"run_id":"idle-oneshot-1000","mode":0,"bucket_ms":1000,"sequence":11,"run_start_micros":1788887903021315,"scheduled_at_micros":1788887915021315,"fired_at_micros":1788887915159425,"drift_micros":138110}]}}
1788887917513613 {"observation":{"deletes":[],"inserts":[{"id":477,"run_id":"idle-interval-100","mode":1,"bucket_ms":100,"sequence":115,"run_start_micros":1788887902528990,"scheduled_at_micros":1788887914128990,"fired_at_micros":1788887915175830,"drift_micros":1046840}]}}
1788887917531619 {"observation":{"deletes":[],"inserts":[{"id":478,"run_id":"idle-oneshot-100","mode":0,"bucket_ms":100,"sequence":116,"run_start_micros":1788887902435256,"scheduled_at_micros":1788887914135256,"fired_at_micros":1788887915191558,"drift_micros":1056302}]}}
1788887917549541 {"observation":{"deletes":[],"inserts":[{"id":479,"run_id":"idle-anchored-100","mode":3,"bucket_ms":100,"sequence":126,"run_start_micros":1788887902483083,"scheduled_at_micros":1788887915183083,"fired_at_micros":1788887915191633,"drift_micros":8550}]}}
1788887917712862 {"observation":{"deletes":[],"inserts":[{"id":480,"run_id":"idle-anchored-500","mode":3,"bucket_ms":500,"sequence":24,"run_start_micros":1788887902755558,"scheduled_at_micros":1788887915255558,"fired_at_micros":1788887915268401,"drift_micros":12843}]}}
1788887917729566 {"observation":{"deletes":[],"inserts":[{"id":481,"run_id":"idle-interval-100","mode":1,"bucket_ms":100,"sequence":116,"run_start_micros":1788887902528990,"scheduled_at_micros":1788887914228990,"fired_at_micros":1788887915285060,"drift_micros":1056070}]}}
1788887917747480 {"observation":{"deletes":[],"inserts":[{"id":482,"run_id":"idle-anchored-100","mode":3,"bucket_ms":100,"sequence":127,"run_start_micros":1788887902483083,"scheduled_at_micros":1788887915283083,"fired_at_micros":1788887915285209,"drift_micros":2126}]}}
1788887917766061 {"observation":{"deletes":[],"inserts":[{"id":483,"run_id":"idle-oneshot-100","mode":0,"bucket_ms":100,"sequence":117,"run_start_micros":1788887902435256,"scheduled_at_micros":1788887914235256,"fired_at_micros":1788887915300588,"drift_micros":1065332}]}}
1788887917782892 {"observation":{"deletes":[],"inserts":[{"id":484,"run_id":"idle-interval-1000","mode":1,"bucket_ms":1000,"sequence":11,"run_start_micros":1788887903272705,"scheduled_at_micros":1788887915272705,"fired_at_micros":1788887915393617,"drift_micros":120912}]}}
1788887917800310 {"observation":{"deletes":[],"inserts":[{"id":485,"run_id":"idle-anchored-100","mode":3,"bucket_ms":100,"sequence":128,"run_start_micros":1788887902483083,"scheduled_at_micros":1788887915383083,"fired_at_micros":1788887915393786,"drift_micros":10703}]}}
1788887917960856 {"observation":{"deletes":[],"inserts":[{"id":486,"run_id":"idle-interval-100","mode":1,"bucket_ms":100,"sequence":117,"run_start_micros":1788887902528990,"scheduled_at_micros":1788887914328990,"fired_at_micros":1788887915393869,"drift_micros":1064879}]}}
1788887917980994 {"observation":{"deletes":[],"inserts":[{"id":487,"run_id":"idle-oneshot-100","mode":0,"bucket_ms":100,"sequence":118,"run_start_micros":1788887902435256,"scheduled_at_micros":1788887914335256,"fired_at_micros":1788887915409533,"drift_micros":1074277}]}}
1788887917998480 {"observation":{"deletes":[],"inserts":[{"id":488,"run_id":"idle-interval-work50-1000","mode":1,"bucket_ms":1000,"sequence":9,"run_start_micros":1788887905341007,"scheduled_at_micros":1788887915341007,"fired_at_micros":1788887915456848,"drift_micros":115841}]}}
1788887918018781 {"observation":{"deletes":[],"inserts":[{"id":489,"run_id":"idle-anchored-100","mode":3,"bucket_ms":100,"sequence":129,"run_start_micros":1788887902483083,"scheduled_at_micros":1788887915483083,"fired_at_micros":1788887915488034,"drift_micros":4951}]}}
1788887918036474 {"observation":{"deletes":[],"inserts":[{"id":490,"run_id":"idle-interval-100","mode":1,"bucket_ms":100,"sequence":118,"run_start_micros":1788887902528990,"scheduled_at_micros":1788887914428990,"fired_at_micros":1788887915503607,"drift_micros":1074617}]}}
1788887918055915 {"observation":{"deletes":[],"inserts":[{"id":491,"run_id":"idle-oneshot-500","mode":0,"bucket_ms":500,"sequence":24,"run_start_micros":1788887902710258,"scheduled_at_micros":1788887915210258,"fired_at_micros":1788887915503721,"drift_micros":293463}]}}
1788887918227387 {"observation":{"deletes":[],"inserts":[{"id":492,"run_id":"idle-oneshot-100","mode":0,"bucket_ms":100,"sequence":119,"run_start_micros":1788887902435256,"scheduled_at_micros":1788887914435256,"fired_at_micros":1788887915519055,"drift_micros":1083799}]}}
1788887918245916 {"observation":{"deletes":[],"inserts":[{"id":493,"run_id":"idle-interval-500","mode":1,"bucket_ms":500,"sequence":24,"run_start_micros":1788887902802197,"scheduled_at_micros":1788887915302197,"fired_at_micros":1788887915595970,"drift_micros":293773}]}}
1788887918265085 {"observation":{"deletes":[],"inserts":[{"id":494,"run_id":"idle-anchored-100","mode":3,"bucket_ms":100,"sequence":130,"run_start_micros":1788887902483083,"scheduled_at_micros":1788887915583083,"fired_at_micros":1788887915596122,"drift_micros":13039}]}}
1788887918285518 {"observation":{"deletes":[],"inserts":[{"id":495,"run_id":"idle-interval-100","mode":1,"bucket_ms":100,"sequence":119,"run_start_micros":1788887902528990,"scheduled_at_micros":1788887914528990,"fired_at_micros":1788887915612249,"drift_micros":1083259}]}}
1788887918305150 {"observation":{"deletes":[],"inserts":[{"id":496,"run_id":"idle-oneshot-100","mode":0,"bucket_ms":100,"sequence":120,"run_start_micros":1788887902435256,"scheduled_at_micros":1788887914535256,"fired_at_micros":1788887915627656,"drift_micros":1092400}]}}
1788887918324739 {"observation":{"deletes":[],"inserts":[{"id":497,"run_id":"idle-anchored-100","mode":3,"bucket_ms":100,"sequence":131,"run_start_micros":1788887902483083,"scheduled_at_micros":1788887915683083,"fired_at_micros":1788887915689433,"drift_micros":6350}]}}
1788887918343464 {"observation":{"deletes":[],"inserts":[{"id":498,"run_id":"idle-interval-100","mode":1,"bucket_ms":100,"sequence":120,"run_start_micros":1788887902528990,"scheduled_at_micros":1788887914628990,"fired_at_micros":1788887915719475,"drift_micros":1090485}]}}
1788887918506732 {"observation":{"deletes":[],"inserts":[{"id":499,"run_id":"idle-oneshot-100","mode":0,"bucket_ms":100,"sequence":121,"run_start_micros":1788887902435256,"scheduled_at_micros":1788887914635256,"fired_at_micros":1788887915735518,"drift_micros":1100262}]}}
1788887918524345 {"observation":{"deletes":[],"inserts":[{"id":500,"run_id":"idle-anchored-500","mode":3,"bucket_ms":500,"sequence":25,"run_start_micros":1788887902755558,"scheduled_at_micros":1788887915755558,"fired_at_micros":1788887915766457,"drift_micros":10899}]}}
1788887918542072 {"observation":{"deletes":[],"inserts":[{"id":501,"run_id":"idle-anchored-100","mode":3,"bucket_ms":100,"sequence":132,"run_start_micros":1788887902483083,"scheduled_at_micros":1788887915783083,"fired_at_micros":1788887915796858,"drift_micros":13775}]}}
1788887918560153 {"observation":{"deletes":[],"inserts":[{"id":502,"run_id":"idle-interval-100","mode":1,"bucket_ms":100,"sequence":121,"run_start_micros":1788887902528990,"scheduled_at_micros":1788887914728990,"fired_at_micros":1788887915828479,"drift_micros":1099489}]}}
1788887918577803 {"observation":{"deletes":[],"inserts":[{"id":503,"run_id":"idle-oneshot-100","mode":0,"bucket_ms":100,"sequence":122,"run_start_micros":1788887902435256,"scheduled_at_micros":1788887914735256,"fired_at_micros":1788887915844115,"drift_micros":1108859}]}}
1788887918596413 {"observation":{"deletes":[],"inserts":[{"id":504,"run_id":"idle-anchored-100","mode":3,"bucket_ms":100,"sequence":133,"run_start_micros":1788887902483083,"scheduled_at_micros":1788887915883083,"fired_at_micros":1788887915890256,"drift_micros":7173}]}}
1788887918615116 {"observation":{"deletes":[],"inserts":[{"id":505,"run_id":"idle-interval-100","mode":1,"bucket_ms":100,"sequence":122,"run_start_micros":1788887902528990,"scheduled_at_micros":1788887914828990,"fired_at_micros":1788887915936648,"drift_micros":1107658}]}}
1788887918781082 {"observation":{"deletes":[],"inserts":[{"id":506,"run_id":"idle-oneshot-100","mode":0,"bucket_ms":100,"sequence":123,"run_start_micros":1788887902435256,"scheduled_at_micros":1788887914835256,"fired_at_micros":1788887915952851,"drift_micros":1117595}]}}
1788887918799778 {"observation":{"deletes":[],"inserts":[{"id":507,"run_id":"idle-anchored-100","mode":3,"bucket_ms":100,"sequence":134,"run_start_micros":1788887902483083,"scheduled_at_micros":1788887915983083,"fired_at_micros":1788887915984421,"drift_micros":1338}]}}
1788887918816533 {"observation":{"deletes":[],"inserts":[{"id":508,"run_id":"idle-oneshot-500","mode":0,"bucket_ms":500,"sequence":25,"run_start_micros":1788887902710258,"scheduled_at_micros":1788887915710258,"fired_at_micros":1788887916014957,"drift_micros":304699}]}}
1788887918833095 {"observation":{"deletes":[],"inserts":[{"id":509,"run_id":"idle-interval-100","mode":1,"bucket_ms":100,"sequence":123,"run_start_micros":1788887902528990,"scheduled_at_micros":1788887914928990,"fired_at_micros":1788887916046475,"drift_micros":1117485}]}}
1788887918851222 {"observation":{"deletes":[],"inserts":[{"id":510,"run_id":"idle-oneshot-100","mode":0,"bucket_ms":100,"sequence":124,"run_start_micros":1788887902435256,"scheduled_at_micros":1788887914935256,"fired_at_micros":1788887916062867,"drift_micros":1127611}]}}
1788887918869541 {"observation":{"deletes":[],"inserts":[{"id":511,"run_id":"idle-anchored-1000","mode":3,"bucket_ms":1000,"sequence":12,"run_start_micros":1788887903070531,"scheduled_at_micros":1788887916070531,"fired_at_micros":1788887916078285,"drift_micros":7754}]}}
1788887919036730 {"observation":{"deletes":[],"inserts":[{"id":512,"run_id":"idle-anchored-100","mode":3,"bucket_ms":100,"sequence":135,"run_start_micros":1788887902483083,"scheduled_at_micros":1788887916083083,"fired_at_micros":1788887916094036,"drift_micros":10953}]}}
1788887919054805 {"observation":{"deletes":[],"inserts":[{"id":513,"run_id":"idle-interval-500","mode":1,"bucket_ms":500,"sequence":25,"run_start_micros":1788887902802197,"scheduled_at_micros":1788887915802197,"fired_at_micros":1788887916109579,"drift_micros":307382}]}}
1788887919071971 {"observation":{"deletes":[],"inserts":[{"id":514,"run_id":"idle-interval-100","mode":1,"bucket_ms":100,"sequence":124,"run_start_micros":1788887902528990,"scheduled_at_micros":1788887915028990,"fired_at_micros":1788887916155843,"drift_micros":1126853}]}}
1788887919091459 {"observation":{"deletes":[],"inserts":[{"id":515,"run_id":"idle-oneshot-1000","mode":0,"bucket_ms":1000,"sequence":12,"run_start_micros":1788887903021315,"scheduled_at_micros":1788887916021315,"fired_at_micros":1788887916171118,"drift_micros":149803}]}}
1788887919108260 {"observation":{"deletes":[],"inserts":[{"id":516,"run_id":"idle-oneshot-100","mode":0,"bucket_ms":100,"sequence":125,"run_start_micros":1788887902435256,"scheduled_at_micros":1788887915035256,"fired_at_micros":1788887916171273,"drift_micros":1136017}]}}
1788887919270916 {"observation":{"deletes":[],"inserts":[{"id":517,"run_id":"idle-anchored-100","mode":3,"bucket_ms":100,"sequence":136,"run_start_micros":1788887902483083,"scheduled_at_micros":1788887916183083,"fired_at_micros":1788887916186672,"drift_micros":3589}]}}
1788887919290871 {"observation":{"deletes":[],"inserts":[{"id":518,"run_id":"idle-anchored-500","mode":3,"bucket_ms":500,"sequence":26,"run_start_micros":1788887902755558,"scheduled_at_micros":1788887916255558,"fired_at_micros":1788887916263877,"drift_micros":8319}]}}
1788887919307643 {"observation":{"deletes":[],"inserts":[{"id":519,"run_id":"idle-interval-100","mode":1,"bucket_ms":100,"sequence":125,"run_start_micros":1788887902528990,"scheduled_at_micros":1788887915128990,"fired_at_micros":1788887916264007,"drift_micros":1135017}]}}
1788887919325270 {"observation":{"deletes":[],"inserts":[{"id":520,"run_id":"idle-oneshot-100","mode":0,"bucket_ms":100,"sequence":126,"run_start_micros":1788887902435256,"scheduled_at_micros":1788887915135256,"fired_at_micros":1788887916279693,"drift_micros":1144437}]}}
1788887919343356 {"observation":{"deletes":[],"inserts":[{"id":521,"run_id":"idle-anchored-100","mode":3,"bucket_ms":100,"sequence":137,"run_start_micros":1788887902483083,"scheduled_at_micros":1788887916283083,"fired_at_micros":1788887916295318,"drift_micros":12235}]}}
1788887919361710 {"observation":{"deletes":[],"inserts":[{"id":522,"run_id":"idle-interval-100","mode":1,"bucket_ms":100,"sequence":126,"run_start_micros":1788887902528990,"scheduled_at_micros":1788887915228990,"fired_at_micros":1788887916372013,"drift_micros":1143023}]}}
1788887919380414 {"observation":{"deletes":[],"inserts":[{"id":523,"run_id":"idle-oneshot-100","mode":0,"bucket_ms":100,"sequence":127,"run_start_micros":1788887902435256,"scheduled_at_micros":1788887915235256,"fired_at_micros":1788887916386925,"drift_micros":1151669}]}}
1788887919550576 {"observation":{"deletes":[],"inserts":[{"id":524,"run_id":"idle-anchored-100","mode":3,"bucket_ms":100,"sequence":138,"run_start_micros":1788887902483083,"scheduled_at_micros":1788887916383083,"fired_at_micros":1788887916387043,"drift_micros":3960}]}}
1788887919567542 {"observation":{"deletes":[],"inserts":[{"id":525,"run_id":"idle-interval-1000","mode":1,"bucket_ms":1000,"sequence":12,"run_start_micros":1788887903272705,"scheduled_at_micros":1788887916272705,"fired_at_micros":1788887916402393,"drift_micros":129688}]}}
1788887919584673 {"observation":{"deletes":[],"inserts":[{"id":526,"run_id":"idle-interval-work50-1000","mode":1,"bucket_ms":1000,"sequence":10,"run_start_micros":1788887905341007,"scheduled_at_micros":1788887916341007,"fired_at_micros":1788887916466053,"drift_micros":125046}]}}
1788887919603617 {"observation":{"deletes":[],"inserts":[{"id":527,"run_id":"idle-interval-100","mode":1,"bucket_ms":100,"sequence":127,"run_start_micros":1788887902528990,"scheduled_at_micros":1788887915328990,"fired_at_micros":1788887916481180,"drift_micros":1152190}]}}
1788887919621552 {"observation":{"deletes":[],"inserts":[{"id":528,"run_id":"idle-anchored-100","mode":3,"bucket_ms":100,"sequence":139,"run_start_micros":1788887902483083,"scheduled_at_micros":1788887916483083,"fired_at_micros":1788887916496939,"drift_micros":13856}]}}
1788887919640363 {"observation":{"deletes":[],"inserts":[{"id":529,"run_id":"idle-oneshot-100","mode":0,"bucket_ms":100,"sequence":128,"run_start_micros":1788887902435256,"scheduled_at_micros":1788887915335256,"fired_at_micros":1788887916497139,"drift_micros":1161883}]}}
1788887919656783 {"observation":{"deletes":[],"inserts":[{"id":530,"run_id":"idle-oneshot-500","mode":0,"bucket_ms":500,"sequence":26,"run_start_micros":1788887902710258,"scheduled_at_micros":1788887916210258,"fired_at_micros":1788887916527748,"drift_micros":317490}]}}
1788887919825021 {"observation":{"deletes":[],"inserts":[{"id":531,"run_id":"idle-interval-100","mode":1,"bucket_ms":100,"sequence":128,"run_start_micros":1788887902528990,"scheduled_at_micros":1788887915428990,"fired_at_micros":1788887916588607,"drift_micros":1159617}]}}
1788887919843871 {"observation":{"deletes":[],"inserts":[{"id":532,"run_id":"idle-anchored-100","mode":3,"bucket_ms":100,"sequence":140,"run_start_micros":1788887902483083,"scheduled_at_micros":1788887916583083,"fired_at_micros":1788887916588793,"drift_micros":5710}]}}
1788887919863412 {"observation":{"deletes":[],"inserts":[{"id":533,"run_id":"idle-oneshot-100","mode":0,"bucket_ms":100,"sequence":129,"run_start_micros":1788887902435256,"scheduled_at_micros":1788887915435256,"fired_at_micros":1788887916604238,"drift_micros":1168982}]}}
1788887919881684 {"observation":{"deletes":[],"inserts":[{"id":534,"run_id":"idle-interval-500","mode":1,"bucket_ms":500,"sequence":26,"run_start_micros":1788887902802197,"scheduled_at_micros":1788887916302197,"fired_at_micros":1788887916620301,"drift_micros":318104}]}}
1788887919899956 {"observation":{"deletes":[],"inserts":[{"id":535,"run_id":"idle-anchored-100","mode":3,"bucket_ms":100,"sequence":141,"run_start_micros":1788887902483083,"scheduled_at_micros":1788887916683083,"fired_at_micros":1788887916697794,"drift_micros":14711}]}}
1788887919918316 {"observation":{"deletes":[],"inserts":[{"id":536,"run_id":"idle-interval-100","mode":1,"bucket_ms":100,"sequence":129,"run_start_micros":1788887902528990,"scheduled_at_micros":1788887915528990,"fired_at_micros":1788887916697919,"drift_micros":1168929}]}}
1788887920092218 {"observation":{"deletes":[],"inserts":[{"id":537,"run_id":"idle-oneshot-100","mode":0,"bucket_ms":100,"sequence":130,"run_start_micros":1788887902435256,"scheduled_at_micros":1788887915535256,"fired_at_micros":1788887916713539,"drift_micros":1178283}]}}
1788887920111500 {"observation":{"deletes":[],"inserts":[{"id":538,"run_id":"idle-anchored-500","mode":3,"bucket_ms":500,"sequence":27,"run_start_micros":1788887902755558,"scheduled_at_micros":1788887916755558,"fired_at_micros":1788887916761074,"drift_micros":5516}]}}
1788887920130675 {"observation":{"deletes":[],"inserts":[{"id":539,"run_id":"idle-anchored-100","mode":3,"bucket_ms":100,"sequence":142,"run_start_micros":1788887902483083,"scheduled_at_micros":1788887916783083,"fired_at_micros":1788887916791273,"drift_micros":8190}]}}
1788887920149534 {"observation":{"deletes":[],"inserts":[{"id":540,"run_id":"idle-interval-100","mode":1,"bucket_ms":100,"sequence":130,"run_start_micros":1788887902528990,"scheduled_at_micros":1788887915628990,"fired_at_micros":1788887916807251,"drift_micros":1178261}]}}
1788887920169308 {"observation":{"deletes":[],"inserts":[{"id":541,"run_id":"idle-oneshot-100","mode":0,"bucket_ms":100,"sequence":131,"run_start_micros":1788887902435256,"scheduled_at_micros":1788887915635256,"fired_at_micros":1788887916822278,"drift_micros":1187022}]}}
1788887920186696 {"observation":{"deletes":[],"inserts":[{"id":542,"run_id":"idle-anchored-100","mode":3,"bucket_ms":100,"sequence":143,"run_start_micros":1788887902483083,"scheduled_at_micros":1788887916883083,"fired_at_micros":1788887916885793,"drift_micros":2710}]}}
1788887920204133 {"observation":{"deletes":[],"inserts":[{"id":543,"run_id":"idle-interval-100","mode":1,"bucket_ms":100,"sequence":131,"run_start_micros":1788887902528990,"scheduled_at_micros":1788887915728990,"fired_at_micros":1788887916917019,"drift_micros":1188029}]}}
1788887920371616 {"observation":{"deletes":[],"inserts":[{"id":544,"run_id":"idle-oneshot-100","mode":0,"bucket_ms":100,"sequence":132,"run_start_micros":1788887902435256,"scheduled_at_micros":1788887915735256,"fired_at_micros":1788887916932105,"drift_micros":1196849}]}}
1788887920388526 {"observation":{"deletes":[],"inserts":[{"id":545,"run_id":"idle-anchored-100","mode":3,"bucket_ms":100,"sequence":144,"run_start_micros":1788887902483083,"scheduled_at_micros":1788887916983083,"fired_at_micros":1788887916993518,"drift_micros":10435}]}}
1788887920405937 {"observation":{"deletes":[],"inserts":[{"id":546,"run_id":"idle-interval-100","mode":1,"bucket_ms":100,"sequence":132,"run_start_micros":1788887902528990,"scheduled_at_micros":1788887915828990,"fired_at_micros":1788887917024137,"drift_micros":1195147}]}}
1788887920424024 {"observation":{"deletes":[],"inserts":[{"id":547,"run_id":"idle-oneshot-500","mode":0,"bucket_ms":500,"sequence":27,"run_start_micros":1788887902710258,"scheduled_at_micros":1788887916710258,"fired_at_micros":1788887917040220,"drift_micros":329962}]}}
1788887920442329 {"observation":{"deletes":[],"inserts":[{"id":548,"run_id":"idle-oneshot-100","mode":0,"bucket_ms":100,"sequence":133,"run_start_micros":1788887902435256,"scheduled_at_micros":1788887915835256,"fired_at_micros":1788887917040350,"drift_micros":1205094}]}}
1788887920610534 {"observation":{"deletes":[],"inserts":[{"id":549,"run_id":"idle-anchored-1000","mode":3,"bucket_ms":1000,"sequence":13,"run_start_micros":1788887903070531,"scheduled_at_micros":1788887917070531,"fired_at_micros":1788887917085647,"drift_micros":15116}]}}
1788887920631012 {"observation":{"deletes":[],"inserts":[{"id":550,"run_id":"idle-anchored-100","mode":3,"bucket_ms":100,"sequence":145,"run_start_micros":1788887902483083,"scheduled_at_micros":1788887917083083,"fired_at_micros":1788887917085771,"drift_micros":2688}]}}
1788887920653875 {"observation":{"deletes":[],"inserts":[{"id":551,"run_id":"idle-interval-500","mode":1,"bucket_ms":500,"sequence":27,"run_start_micros":1788887902802197,"scheduled_at_micros":1788887916802197,"fired_at_micros":1788887917131865,"drift_micros":329668}]}}
1788887920673071 {"observation":{"deletes":[],"inserts":[{"id":552,"run_id":"idle-interval-100","mode":1,"bucket_ms":100,"sequence":133,"run_start_micros":1788887902528990,"scheduled_at_micros":1788887915928990,"fired_at_micros":1788887917132019,"drift_micros":1203029}]}}
1788887920694140 {"observation":{"deletes":[],"inserts":[{"id":553,"run_id":"idle-oneshot-100","mode":0,"bucket_ms":100,"sequence":134,"run_start_micros":1788887902435256,"scheduled_at_micros":1788887915935256,"fired_at_micros":1788887917147908,"drift_micros":1212652}]}}
1788887920864472 {"observation":{"deletes":[],"inserts":[{"id":554,"run_id":"idle-oneshot-1000","mode":0,"bucket_ms":1000,"sequence":13,"run_start_micros":1788887903021315,"scheduled_at_micros":1788887917021315,"fired_at_micros":1788887917179369,"drift_micros":158054}]}}
1788887920884071 {"observation":{"deletes":[],"inserts":[{"id":555,"run_id":"idle-anchored-100","mode":3,"bucket_ms":100,"sequence":146,"run_start_micros":1788887902483083,"scheduled_at_micros":1788887917183083,"fired_at_micros":1788887917194228,"drift_micros":11145}]}}
1788887920902914 {"observation":{"deletes":[],"inserts":[{"id":556,"run_id":"idle-interval-100","mode":1,"bucket_ms":100,"sequence":134,"run_start_micros":1788887902528990,"scheduled_at_micros":1788887916028990,"fired_at_micros":1788887917240569,"drift_micros":1211579}]}}
1788887920924545 {"observation":{"deletes":[],"inserts":[{"id":557,"run_id":"idle-oneshot-100","mode":0,"bucket_ms":100,"sequence":135,"run_start_micros":1788887902435256,"scheduled_at_micros":1788887916035256,"fired_at_micros":1788887917255808,"drift_micros":1220552}]}}
1788887921097697 {"observation":{"deletes":[],"inserts":[{"id":558,"run_id":"idle-anchored-500","mode":3,"bucket_ms":500,"sequence":28,"run_start_micros":1788887902755558,"scheduled_at_micros":1788887917255558,"fired_at_micros":1788887917255939,"drift_micros":381}]}}
1788887921118141 {"observation":{"deletes":[],"inserts":[{"id":559,"run_id":"idle-anchored-100","mode":3,"bucket_ms":100,"sequence":147,"run_start_micros":1788887902483083,"scheduled_at_micros":1788887917283083,"fired_at_micros":1788887917286582,"drift_micros":3499}]}}
1788887921137588 {"observation":{"deletes":[],"inserts":[{"id":560,"run_id":"idle-interval-100","mode":1,"bucket_ms":100,"sequence":135,"run_start_micros":1788887902528990,"scheduled_at_micros":1788887916128990,"fired_at_micros":1788887917350005,"drift_micros":1221015}]}}
1788887921156751 {"observation":{"deletes":[],"inserts":[{"id":561,"run_id":"idle-oneshot-100","mode":0,"bucket_ms":100,"sequence":136,"run_start_micros":1788887902435256,"scheduled_at_micros":1788887916135256,"fired_at_micros":1788887917364937,"drift_micros":1229681}]}}
1788887921332705 {"observation":{"deletes":[],"inserts":[{"id":562,"run_id":"idle-anchored-100","mode":3,"bucket_ms":100,"sequence":148,"run_start_micros":1788887902483083,"scheduled_at_micros":1788887917383083,"fired_at_micros":1788887917396382,"drift_micros":13299}]}}
1788887921352780 {"observation":{"deletes":[],"inserts":[{"id":563,"run_id":"idle-interval-1000","mode":1,"bucket_ms":1000,"sequence":13,"run_start_micros":1788887903272705,"scheduled_at_micros":1788887917272705,"fired_at_micros":1788887917412050,"drift_micros":139345}]}}
1788887921373574 {"observation":{"deletes":[],"inserts":[{"id":564,"run_id":"idle-interval-100","mode":1,"bucket_ms":100,"sequence":136,"run_start_micros":1788887902528990,"scheduled_at_micros":1788887916228990,"fired_at_micros":1788887917458759,"drift_micros":1229769}]}}
1788887921546910 {"observation":{"deletes":[],"inserts":[{"id":565,"run_id":"idle-oneshot-100","mode":0,"bucket_ms":100,"sequence":137,"run_start_micros":1788887902435256,"scheduled_at_micros":1788887916235256,"fired_at_micros":1788887917474124,"drift_micros":1238868}]}}
1788887921565787 {"observation":{"deletes":[],"inserts":[{"id":566,"run_id":"idle-interval-work50-1000","mode":1,"bucket_ms":1000,"sequence":11,"run_start_micros":1788887905341007,"scheduled_at_micros":1788887917341007,"fired_at_micros":1788887917474229,"drift_micros":133222}]}}
1788887921584719 {"observation":{"deletes":[],"inserts":[{"id":567,"run_id":"idle-anchored-100","mode":3,"bucket_ms":100,"sequence":149,"run_start_micros":1788887902483083,"scheduled_at_micros":1788887917483083,"fired_at_micros":1788887917489433,"drift_micros":6350}]}}
1788887921610541 {"observation":{"deletes":[],"inserts":[{"id":568,"run_id":"idle-oneshot-500","mode":0,"bucket_ms":500,"sequence":28,"run_start_micros":1788887902710258,"scheduled_at_micros":1788887917210258,"fired_at_micros":1788887917551756,"drift_micros":341498}]}}
1788887921773481 {"observation":{"deletes":[],"inserts":[{"id":569,"run_id":"idle-interval-100","mode":1,"bucket_ms":100,"sequence":137,"run_start_micros":1788887902528990,"scheduled_at_micros":1788887916328990,"fired_at_micros":1788887917566926,"drift_micros":1237936}]}}
1788887921792282 {"observation":{"deletes":[],"inserts":[{"id":570,"run_id":"idle-oneshot-100","mode":0,"bucket_ms":100,"sequence":138,"run_start_micros":1788887902435256,"scheduled_at_micros":1788887916335256,"fired_at_micros":1788887917582802,"drift_micros":1247546}]}}
1788887921811233 {"observation":{"deletes":[],"inserts":[{"id":571,"run_id":"idle-anchored-100","mode":3,"bucket_ms":100,"sequence":150,"run_start_micros":1788887902483083,"scheduled_at_micros":1788887917583083,"fired_at_micros":1788887917598862,"drift_micros":15779}]}}
1788887921831044 {"observation":{"deletes":[],"inserts":[{"id":572,"run_id":"idle-interval-500","mode":1,"bucket_ms":500,"sequence":28,"run_start_micros":1788887902802197,"scheduled_at_micros":1788887917302197,"fired_at_micros":1788887917646696,"drift_micros":344499}]}}
1788887921850628 {"observation":{"deletes":[],"inserts":[{"id":573,"run_id":"idle-interval-100","mode":1,"bucket_ms":100,"sequence":138,"run_start_micros":1788887902528990,"scheduled_at_micros":1788887916428990,"fired_at_micros":1788887917677626,"drift_micros":1248636}]}}
1788887922034247 {"observation":{"deletes":[],"inserts":[{"id":574,"run_id":"idle-oneshot-100","mode":0,"bucket_ms":100,"sequence":139,"run_start_micros":1788887902435256,"scheduled_at_micros":1788887916435256,"fired_at_micros":1788887917693636,"drift_micros":1258380}]}}
1788887922061567 {"observation":{"deletes":[],"inserts":[{"id":575,"run_id":"idle-anchored-100","mode":3,"bucket_ms":100,"sequence":151,"run_start_micros":1788887902483083,"scheduled_at_micros":1788887917683083,"fired_at_micros":1788887917693825,"drift_micros":10742}]}}
1788887922084245 {"observation":{"deletes":[],"inserts":[{"id":576,"run_id":"idle-anchored-500","mode":3,"bucket_ms":500,"sequence":29,"run_start_micros":1788887902755558,"scheduled_at_micros":1788887917755558,"fired_at_micros":1788887917770889,"drift_micros":15331}]}}
1788887922104233 {"observation":{"deletes":[],"inserts":[{"id":577,"run_id":"idle-interval-100","mode":1,"bucket_ms":100,"sequence":139,"run_start_micros":1788887902528990,"scheduled_at_micros":1788887916528990,"fired_at_micros":1788887917786464,"drift_micros":1257474}]}}
1788887922124486 {"observation":{"deletes":[],"inserts":[{"id":578,"run_id":"idle-anchored-100","mode":3,"bucket_ms":100,"sequence":152,"run_start_micros":1788887902483083,"scheduled_at_micros":1788887917783083,"fired_at_micros":1788887917786581,"drift_micros":3498}]}}
1788887922304817 {"observation":{"deletes":[],"inserts":[{"id":579,"run_id":"idle-oneshot-100","mode":0,"bucket_ms":100,"sequence":140,"run_start_micros":1788887902435256,"scheduled_at_micros":1788887916535256,"fired_at_micros":1788887917801974,"drift_micros":1266718}]}}
1788887922325451 {"observation":{"deletes":[],"inserts":[{"id":580,"run_id":"idle-anchored-100","mode":3,"bucket_ms":100,"sequence":153,"run_start_micros":1788887902483083,"scheduled_at_micros":1788887917883083,"fired_at_micros":1788887917896914,"drift_micros":13831}]}}
1788887922343337 {"observation":{"deletes":[],"inserts":[{"id":581,"run_id":"idle-interval-100","mode":1,"bucket_ms":100,"sequence":140,"run_start_micros":1788887902528990,"scheduled_at_micros":1788887916628990,"fired_at_micros":1788887917897075,"drift_micros":1268085}]}}
1788887922360869 {"observation":{"deletes":[],"inserts":[{"id":582,"run_id":"idle-oneshot-100","mode":0,"bucket_ms":100,"sequence":141,"run_start_micros":1788887902435256,"scheduled_at_micros":1788887916635256,"fired_at_micros":1788887917912582,"drift_micros":1277326}]}}
1788887922532624 {"observation":{"deletes":[],"inserts":[{"id":583,"run_id":"idle-anchored-100","mode":3,"bucket_ms":100,"sequence":154,"run_start_micros":1788887902483083,"scheduled_at_micros":1788887917983083,"fired_at_micros":1788887917989856,"drift_micros":6773}]}}
1788887922551864 {"observation":{"deletes":[],"inserts":[{"id":584,"run_id":"idle-interval-100","mode":1,"bucket_ms":100,"sequence":141,"run_start_micros":1788887902528990,"scheduled_at_micros":1788887916728990,"fired_at_micros":1788887918005583,"drift_micros":1276593}]}}
1788887922569413 {"observation":{"deletes":[],"inserts":[{"id":585,"run_id":"idle-oneshot-100","mode":0,"bucket_ms":100,"sequence":142,"run_start_micros":1788887902435256,"scheduled_at_micros":1788887916735256,"fired_at_micros":1788887918020520,"drift_micros":1285264}]}}
1788887922736022 {"observation":{"deletes":[],"inserts":[{"id":586,"run_id":"idle-oneshot-500","mode":0,"bucket_ms":500,"sequence":29,"run_start_micros":1788887902710258,"scheduled_at_micros":1788887917710258,"fired_at_micros":1788887918066581,"drift_micros":356323}]}}
1788887922755498 {"observation":{"deletes":[],"inserts":[{"id":587,"run_id":"idle-anchored-1000","mode":3,"bucket_ms":1000,"sequence":14,"run_start_micros":1788887903070531,"scheduled_at_micros":1788887918070531,"fired_at_micros":1788887918082728,"drift_micros":12197}]}}
1788887922775617 {"observation":{"deletes":[],"inserts":[{"id":588,"run_id":"idle-anchored-100","mode":3,"bucket_ms":100,"sequence":155,"run_start_micros":1788887902483083,"scheduled_at_micros":1788887918083083,"fired_at_micros":1788887918098175,"drift_micros":15092}]}}
1788887922797450 {"observation":{"deletes":[],"inserts":[{"id":589,"run_id":"idle-interval-100","mode":1,"bucket_ms":100,"sequence":142,"run_start_micros":1788887902528990,"scheduled_at_micros":1788887916828990,"fired_at_micros":1788887918114140,"drift_micros":1285150}]}}
1788887922817707 {"observation":{"deletes":[],"inserts":[{"id":590,"run_id":"idle-oneshot-100","mode":0,"bucket_ms":100,"sequence":143,"run_start_micros":1788887902435256,"scheduled_at_micros":1788887916835256,"fired_at_micros":1788887918129670,"drift_micros":1294414}]}}
1788887922988069 {"observation":{"deletes":[],"inserts":[{"id":591,"run_id":"idle-interval-500","mode":1,"bucket_ms":500,"sequence":29,"run_start_micros":1788887902802197,"scheduled_at_micros":1788887917802197,"fired_at_micros":1788887918160800,"drift_micros":358603}]}}
1788887923006264 {"observation":{"deletes":[],"inserts":[{"id":592,"run_id":"idle-oneshot-1000","mode":0,"bucket_ms":1000,"sequence":14,"run_start_micros":1788887903021315,"scheduled_at_micros":1788887918021315,"fired_at_micros":1788887918191469,"drift_micros":170154}]}}
1788887923026500 {"observation":{"deletes":[],"inserts":[{"id":593,"run_id":"idle-anchored-100","mode":3,"bucket_ms":100,"sequence":156,"run_start_micros":1788887902483083,"scheduled_at_micros":1788887918183083,"fired_at_micros":1788887918191587,"drift_micros":8504}]}}
1788887923044390 {"observation":{"deletes":[],"inserts":[{"id":594,"run_id":"idle-interval-100","mode":1,"bucket_ms":100,"sequence":143,"run_start_micros":1788887902528990,"scheduled_at_micros":1788887916928990,"fired_at_micros":1788887918223469,"drift_micros":1294479}]}}
1788887923064147 {"observation":{"deletes":[],"inserts":[{"id":595,"run_id":"idle-oneshot-100","mode":0,"bucket_ms":100,"sequence":144,"run_start_micros":1788887902435256,"scheduled_at_micros":1788887916935256,"fired_at_micros":1788887918239049,"drift_micros":1303793}]}}
1788887923237326 {"observation":{"deletes":[],"inserts":[{"id":596,"run_id":"idle-anchored-500","mode":3,"bucket_ms":500,"sequence":30,"run_start_micros":1788887902755558,"scheduled_at_micros":1788887918255558,"fired_at_micros":1788887918269742,"drift_micros":14184}]}}
1788887923256471 {"observation":{"deletes":[],"inserts":[{"id":597,"run_id":"idle-anchored-100","mode":3,"bucket_ms":100,"sequence":157,"run_start_micros":1788887902483083,"scheduled_at_micros":1788887918283083,"fired_at_micros":1788887918285658,"drift_micros":2575}]}}
1788887923274736 {"observation":{"deletes":[],"inserts":[{"id":598,"run_id":"idle-interval-100","mode":1,"bucket_ms":100,"sequence":144,"run_start_micros":1788887902528990,"scheduled_at_micros":1788887917028990,"fired_at_micros":1788887918331237,"drift_micros":1302247}]}}
1788887923293162 {"observation":{"deletes":[],"inserts":[{"id":599,"run_id":"idle-oneshot-100","mode":0,"bucket_ms":100,"sequence":145,"run_start_micros":1788887902435256,"scheduled_at_micros":1788887917035256,"fired_at_micros":1788887918346819,"drift_micros":1311563}]}}
1788887923456250 {"observation":{"deletes":[],"inserts":[{"id":600,"run_id":"idle-anchored-100","mode":3,"bucket_ms":100,"sequence":158,"run_start_micros":1788887902483083,"scheduled_at_micros":1788887918383083,"fired_at_micros":1788887918393502,"drift_micros":10419}]}}
1788887923474320 {"observation":{"deletes":[],"inserts":[{"id":601,"run_id":"idle-interval-1000","mode":1,"bucket_ms":1000,"sequence":14,"run_start_micros":1788887903272705,"scheduled_at_micros":1788887918272705,"fired_at_micros":1788887918425042,"drift_micros":152337}]}}
1788887923492798 {"observation":{"deletes":[],"inserts":[{"id":602,"run_id":"idle-interval-100","mode":1,"bucket_ms":100,"sequence":145,"run_start_micros":1788887902528990,"scheduled_at_micros":1788887917128990,"fired_at_micros":1788887918440984,"drift_micros":1311994}]}}
1788887923510597 {"observation":{"deletes":[],"inserts":[{"id":603,"run_id":"idle-oneshot-100","mode":0,"bucket_ms":100,"sequence":146,"run_start_micros":1788887902435256,"scheduled_at_micros":1788887917135256,"fired_at_micros":1788887918456058,"drift_micros":1320802}]}}
1788887923679695 {"observation":{"deletes":[],"inserts":[{"id":604,"run_id":"idle-interval-work50-1000","mode":1,"bucket_ms":1000,"sequence":12,"run_start_micros":1788887905341007,"scheduled_at_micros":1788887918341007,"fired_at_micros":1788887918487062,"drift_micros":146055}]}}
1788887923699033 {"observation":{"deletes":[],"inserts":[{"id":605,"run_id":"idle-anchored-100","mode":3,"bucket_ms":100,"sequence":159,"run_start_micros":1788887902483083,"scheduled_at_micros":1788887918483083,"fired_at_micros":1788887918487219,"drift_micros":4136}]}}
1788887923717141 {"observation":{"deletes":[],"inserts":[{"id":606,"run_id":"idle-interval-100","mode":1,"bucket_ms":100,"sequence":146,"run_start_micros":1788887902528990,"scheduled_at_micros":1788887917228990,"fired_at_micros":1788887918549207,"drift_micros":1320217}]}}
1788887923737310 {"observation":{"deletes":[],"inserts":[{"id":607,"run_id":"idle-oneshot-100","mode":0,"bucket_ms":100,"sequence":147,"run_start_micros":1788887902435256,"scheduled_at_micros":1788887917235256,"fired_at_micros":1788887918565848,"drift_micros":1330592}]}}
1788887923755423 {"observation":{"deletes":[],"inserts":[{"id":608,"run_id":"idle-oneshot-500","mode":0,"bucket_ms":500,"sequence":30,"run_start_micros":1788887902710258,"scheduled_at_micros":1788887918210258,"fired_at_micros":1788887918581598,"drift_micros":371340}]}}
1788887923922130 {"observation":{"deletes":[],"inserts":[{"id":609,"run_id":"idle-anchored-100","mode":3,"bucket_ms":100,"sequence":160,"run_start_micros":1788887902483083,"scheduled_at_micros":1788887918583083,"fired_at_micros":1788887918596752,"drift_micros":13669}]}}
1788887923941945 {"observation":{"deletes":[],"inserts":[{"id":610,"run_id":"idle-interval-100","mode":1,"bucket_ms":100,"sequence":147,"run_start_micros":1788887902528990,"scheduled_at_micros":1788887917328990,"fired_at_micros":1788887918660427,"drift_micros":1331437}]}}
1788887923961111 {"observation":{"deletes":[],"inserts":[{"id":611,"run_id":"idle-interval-500","mode":1,"bucket_ms":500,"sequence":30,"run_start_micros":1788887902802197,"scheduled_at_micros":1788887918302197,"fired_at_micros":1788887918676520,"drift_micros":374323}]}}
1788887924139037 {"observation":{"deletes":[],"inserts":[{"id":612,"run_id":"idle-oneshot-100","mode":0,"bucket_ms":100,"sequence":148,"run_start_micros":1788887902435256,"scheduled_at_micros":1788887917335256,"fired_at_micros":1788887918676625,"drift_micros":1341369}]}}
1788887924159019 {"observation":{"deletes":[],"inserts":[{"id":613,"run_id":"idle-anchored-100","mode":3,"bucket_ms":100,"sequence":161,"run_start_micros":1788887902483083,"scheduled_at_micros":1788887918683083,"fired_at_micros":1788887918692108,"drift_micros":9025}]}}
1788887924179342 {"observation":{"deletes":[],"inserts":[{"id":614,"run_id":"idle-anchored-500","mode":3,"bucket_ms":500,"sequence":31,"run_start_micros":1788887902755558,"scheduled_at_micros":1788887918755558,"fired_at_micros":1788887918770044,"drift_micros":14486}]}}
1788887924355782 {"observation":{"deletes":[],"inserts":[{"id":615,"run_id":"idle-interval-100","mode":1,"bucket_ms":100,"sequence":148,"run_start_micros":1788887902528990,"scheduled_at_micros":1788887917428990,"fired_at_micros":1788887918770168,"drift_micros":1341178}]}}
1788887924376487 {"observation":{"deletes":[],"inserts":[{"id":616,"run_id":"idle-oneshot-100","mode":0,"bucket_ms":100,"sequence":149,"run_start_micros":1788887902435256,"scheduled_at_micros":1788887917435256,"fired_at_micros":1788887918785635,"drift_micros":1350379}]}}
1788887924548212 {"observation":{"deletes":[],"inserts":[{"id":617,"run_id":"idle-anchored-100","mode":3,"bucket_ms":100,"sequence":162,"run_start_micros":1788887902483083,"scheduled_at_micros":1788887918783083,"fired_at_micros":1788887918785754,"drift_micros":2671}]}}
1788887924568562 {"observation":{"deletes":[],"inserts":[{"id":618,"run_id":"idle-interval-100","mode":1,"bucket_ms":100,"sequence":149,"run_start_micros":1788887902528990,"scheduled_at_micros":1788887917528990,"fired_at_micros":1788887918879154,"drift_micros":1350164}]}}
1788887924588785 {"observation":{"deletes":[],"inserts":[{"id":619,"run_id":"idle-anchored-100","mode":3,"bucket_ms":100,"sequence":163,"run_start_micros":1788887902483083,"scheduled_at_micros":1788887918883083,"fired_at_micros":1788887918894181,"drift_micros":11098}]}}
1788887924607860 {"observation":{"deletes":[],"inserts":[{"id":620,"run_id":"idle-oneshot-100","mode":0,"bucket_ms":100,"sequence":150,"run_start_micros":1788887902435256,"scheduled_at_micros":1788887917535256,"fired_at_micros":1788887918894296,"drift_micros":1359040}]}}
1788887924776567 {"observation":{"deletes":[],"inserts":[{"id":621,"run_id":"idle-interval-100","mode":1,"bucket_ms":100,"sequence":150,"run_start_micros":1788887902528990,"scheduled_at_micros":1788887917628990,"fired_at_micros":1788887918987898,"drift_micros":1358908}]}}
1788887924796068 {"observation":{"deletes":[],"inserts":[{"id":622,"run_id":"idle-anchored-100","mode":3,"bucket_ms":100,"sequence":164,"run_start_micros":1788887902483083,"scheduled_at_micros":1788887918983083,"fired_at_micros":1788887918988022,"drift_micros":4939}]}}
1788887924813976 {"observation":{"deletes":[],"inserts":[{"id":623,"run_id":"idle-oneshot-100","mode":0,"bucket_ms":100,"sequence":151,"run_start_micros":1788887902435256,"scheduled_at_micros":1788887917635256,"fired_at_micros":1788887919003421,"drift_micros":1368165}]}}
1788887924982348 {"observation":{"deletes":[],"inserts":[{"id":624,"run_id":"idle-anchored-1000","mode":3,"bucket_ms":1000,"sequence":15,"run_start_micros":1788887903070531,"scheduled_at_micros":1788887919070531,"fired_at_micros":1788887919080990,"drift_micros":10459}]}}
1788887925001662 {"observation":{"deletes":[],"inserts":[{"id":625,"run_id":"idle-oneshot-500","mode":0,"bucket_ms":500,"sequence":31,"run_start_micros":1788887902710258,"scheduled_at_micros":1788887918710258,"fired_at_micros":1788887919096731,"drift_micros":386473}]}}
1788887925021797 {"observation":{"deletes":[],"inserts":[{"id":626,"run_id":"idle-anchored-100","mode":3,"bucket_ms":100,"sequence":165,"run_start_micros":1788887902483083,"scheduled_at_micros":1788887919083083,"fired_at_micros":1788887919096847,"drift_micros":13764}]}}
1788887925040030 {"observation":{"deletes":[],"inserts":[{"id":627,"run_id":"idle-interval-100","mode":1,"bucket_ms":100,"sequence":151,"run_start_micros":1788887902528990,"scheduled_at_micros":1788887917728990,"fired_at_micros":1788887919096927,"drift_micros":1367937}]}}
1788887925058141 {"observation":{"deletes":[],"inserts":[{"id":628,"run_id":"idle-oneshot-100","mode":0,"bucket_ms":100,"sequence":152,"run_start_micros":1788887902435256,"scheduled_at_micros":1788887917735256,"fired_at_micros":1788887919111862,"drift_micros":1376606}]}}
1788887925224497 {"observation":{"deletes":[],"inserts":[{"id":629,"run_id":"idle-interval-500","mode":1,"bucket_ms":500,"sequence":31,"run_start_micros":1788887902802197,"scheduled_at_micros":1788887918802197,"fired_at_micros":1788887919191103,"drift_micros":388906}]}}
1788887925242649 {"observation":{"deletes":[],"inserts":[{"id":630,"run_id":"idle-anchored-100","mode":3,"bucket_ms":100,"sequence":166,"run_start_micros":1788887902483083,"scheduled_at_micros":1788887919183083,"fired_at_micros":1788887919191270,"drift_micros":8187}]}}
1788887925266839 {"observation":{"deletes":[],"inserts":[{"id":631,"run_id":"idle-oneshot-1000","mode":0,"bucket_ms":1000,"sequence":15,"run_start_micros":1788887903021315,"scheduled_at_micros":1788887919021315,"fired_at_micros":1788887919192119,"drift_micros":170804}]}}
1788887925286892 {"observation":{"deletes":[],"inserts":[{"id":632,"run_id":"idle-interval-100","mode":1,"bucket_ms":100,"sequence":152,"run_start_micros":1788887902528990,"scheduled_at_micros":1788887917828990,"fired_at_micros":1788887919206711,"drift_micros":1377721}]}}
1788887925455554 {"observation":{"deletes":[],"inserts":[{"id":633,"run_id":"idle-oneshot-100","mode":0,"bucket_ms":100,"sequence":153,"run_start_micros":1788887902435256,"scheduled_at_micros":1788887917835256,"fired_at_micros":1788887919222370,"drift_micros":1387114}]}}
1788887925473661 {"observation":{"deletes":[],"inserts":[{"id":634,"run_id":"idle-anchored-500","mode":3,"bucket_ms":500,"sequence":32,"run_start_micros":1788887902755558,"scheduled_at_micros":1788887919255558,"fired_at_micros":1788887919269687,"drift_micros":14129}]}}
1788887925491095 {"observation":{"deletes":[],"inserts":[{"id":635,"run_id":"idle-anchored-100","mode":3,"bucket_ms":100,"sequence":167,"run_start_micros":1788887902483083,"scheduled_at_micros":1788887919283083,"fired_at_micros":1788887919285394,"drift_micros":2311}]}}
1788887925508716 {"observation":{"deletes":[],"inserts":[{"id":636,"run_id":"idle-interval-100","mode":1,"bucket_ms":100,"sequence":153,"run_start_micros":1788887902528990,"scheduled_at_micros":1788887917928990,"fired_at_micros":1788887919316335,"drift_micros":1387345}]}}
1788887925677826 {"observation":{"deletes":[],"inserts":[{"id":637,"run_id":"idle-oneshot-100","mode":0,"bucket_ms":100,"sequence":154,"run_start_micros":1788887902435256,"scheduled_at_micros":1788887917935256,"fired_at_micros":1788887919332403,"drift_micros":1397147}]}}
1788887925696186 {"observation":{"deletes":[],"inserts":[{"id":638,"run_id":"idle-anchored-100","mode":3,"bucket_ms":100,"sequence":168,"run_start_micros":1788887902483083,"scheduled_at_micros":1788887919383083,"fired_at_micros":1788887919394653,"drift_micros":11570}]}}
1788887925715030 {"observation":{"deletes":[],"inserts":[{"id":639,"run_id":"idle-interval-100","mode":1,"bucket_ms":100,"sequence":154,"run_start_micros":1788887902528990,"scheduled_at_micros":1788887918028990,"fired_at_micros":1788887919426563,"drift_micros":1397573}]}}
1788887925883898 {"observation":{"deletes":[],"inserts":[{"id":640,"run_id":"idle-interval-1000","mode":1,"bucket_ms":1000,"sequence":15,"run_start_micros":1788887903272705,"scheduled_at_micros":1788887919272705,"fired_at_micros":1788887919426684,"drift_micros":153979}]}}
1788887925902333 {"observation":{"deletes":[],"inserts":[{"id":641,"run_id":"idle-oneshot-100","mode":0,"bucket_ms":100,"sequence":155,"run_start_micros":1788887902435256,"scheduled_at_micros":1788887918035256,"fired_at_micros":1788887919441885,"drift_micros":1406629}]}}
1788887925921834 {"observation":{"deletes":[],"inserts":[{"id":642,"run_id":"idle-anchored-100","mode":3,"bucket_ms":100,"sequence":169,"run_start_micros":1788887902483083,"scheduled_at_micros":1788887919483083,"fired_at_micros":1788887919488958,"drift_micros":5875}]}}
1788887926101177 {"observation":{"deletes":[],"inserts":[{"id":643,"run_id":"idle-interval-work50-1000","mode":1,"bucket_ms":1000,"sequence":13,"run_start_micros":1788887905341007,"scheduled_at_micros":1788887919341007,"fired_at_micros":1788887919489055,"drift_micros":148048}]}}
1788887926121444 {"observation":{"deletes":[],"inserts":[{"id":644,"run_id":"idle-interval-100","mode":1,"bucket_ms":100,"sequence":155,"run_start_micros":1788887902528990,"scheduled_at_micros":1788887918128990,"fired_at_micros":1788887919535131,"drift_micros":1406141}]}}
1788887926141458 {"observation":{"deletes":[],"inserts":[{"id":645,"run_id":"idle-oneshot-100","mode":0,"bucket_ms":100,"sequence":156,"run_start_micros":1788887902435256,"scheduled_at_micros":1788887918135256,"fired_at_micros":1788887919550693,"drift_micros":1415437}]}}
1788887926316570 {"observation":{"deletes":[],"inserts":[{"id":646,"run_id":"idle-anchored-100","mode":3,"bucket_ms":100,"sequence":170,"run_start_micros":1788887902483083,"scheduled_at_micros":1788887919583083,"fired_at_micros":1788887919597253,"drift_micros":14170}]}}
1788887926338028 {"observation":{"deletes":[],"inserts":[{"id":647,"run_id":"idle-oneshot-500","mode":0,"bucket_ms":500,"sequence":32,"run_start_micros":1788887902710258,"scheduled_at_micros":1788887919210258,"fired_at_micros":1788887919612433,"drift_micros":402175}]}}
1788887926357733 {"observation":{"deletes":[],"inserts":[{"id":648,"run_id":"idle-interval-100","mode":1,"bucket_ms":100,"sequence":156,"run_start_micros":1788887902528990,"scheduled_at_micros":1788887918228990,"fired_at_micros":1788887919643787,"drift_micros":1414797}]}}
1788887926523927 {"observation":{"deletes":[],"inserts":[{"id":649,"run_id":"idle-oneshot-100","mode":0,"bucket_ms":100,"sequence":157,"run_start_micros":1788887902435256,"scheduled_at_micros":1788887918235256,"fired_at_micros":1788887919658930,"drift_micros":1423674}]}}
1788887926542985 {"observation":{"deletes":[],"inserts":[{"id":650,"run_id":"idle-anchored-100","mode":3,"bucket_ms":100,"sequence":171,"run_start_micros":1788887902483083,"scheduled_at_micros":1788887919683083,"fired_at_micros":1788887919690202,"drift_micros":7119}]}}
1788887926562277 {"observation":{"deletes":[],"inserts":[{"id":651,"run_id":"idle-interval-500","mode":1,"bucket_ms":500,"sequence":32,"run_start_micros":1788887902802197,"scheduled_at_micros":1788887919302197,"fired_at_micros":1788887919705789,"drift_micros":403592}]}}
1788887926731159 {"observation":{"deletes":[],"inserts":[{"id":652,"run_id":"idle-interval-100","mode":1,"bucket_ms":100,"sequence":157,"run_start_micros":1788887902528990,"scheduled_at_micros":1788887918328990,"fired_at_micros":1788887919752818,"drift_micros":1423828}]}}
1788887926751033 {"observation":{"deletes":[],"inserts":[{"id":653,"run_id":"idle-anchored-500","mode":3,"bucket_ms":500,"sequence":33,"run_start_micros":1788887902755558,"scheduled_at_micros":1788887919755558,"fired_at_micros":1788887919767849,"drift_micros":12291}]}}
1788887926768492 {"observation":{"deletes":[],"inserts":[{"id":654,"run_id":"idle-oneshot-100","mode":0,"bucket_ms":100,"sequence":158,"run_start_micros":1788887902435256,"scheduled_at_micros":1788887918335256,"fired_at_micros":1788887919767948,"drift_micros":1432692}]}}
1788887926787788 {"observation":{"deletes":[],"inserts":[{"id":655,"run_id":"idle-anchored-100","mode":3,"bucket_ms":100,"sequence":172,"run_start_micros":1788887902483083,"scheduled_at_micros":1788887919783083,"fired_at_micros":1788887919799145,"drift_micros":16062}]}}
1788887926954075 {"observation":{"deletes":[],"inserts":[{"id":656,"run_id":"idle-interval-100","mode":1,"bucket_ms":100,"sequence":158,"run_start_micros":1788887902528990,"scheduled_at_micros":1788887918428990,"fired_at_micros":1788887919861176,"drift_micros":1432186}]}}
1788887926972282 {"observation":{"deletes":[],"inserts":[{"id":657,"run_id":"idle-oneshot-100","mode":0,"bucket_ms":100,"sequence":159,"run_start_micros":1788887902435256,"scheduled_at_micros":1788887918435256,"fired_at_micros":1788887919876254,"drift_micros":1440998}]}}
1788887926990864 {"observation":{"deletes":[],"inserts":[{"id":658,"run_id":"idle-anchored-100","mode":3,"bucket_ms":100,"sequence":173,"run_start_micros":1788887902483083,"scheduled_at_micros":1788887919883083,"fired_at_micros":1788887919892505,"drift_micros":9422}]}}
1788887927009859 {"observation":{"deletes":[],"inserts":[{"id":659,"run_id":"idle-interval-100","mode":1,"bucket_ms":100,"sequence":159,"run_start_micros":1788887902528990,"scheduled_at_micros":1788887918528990,"fired_at_micros":1788887919970398,"drift_micros":1441408}]}}
1788887927174075 {"observation":{"deletes":[],"inserts":[{"id":660,"run_id":"idle-oneshot-100","mode":0,"bucket_ms":100,"sequence":160,"run_start_micros":1788887902435256,"scheduled_at_micros":1788887918535256,"fired_at_micros":1788887919985555,"drift_micros":1450299}]}}
1788887927192963 {"observation":{"deletes":[],"inserts":[{"id":661,"run_id":"idle-anchored-100","mode":3,"bucket_ms":100,"sequence":174,"run_start_micros":1788887902483083,"scheduled_at_micros":1788887919983083,"fired_at_micros":1788887919985656,"drift_micros":2573}]}}
1788887927212342 {"observation":{"deletes":[],"inserts":[{"id":662,"run_id":"idle-anchored-1000","mode":3,"bucket_ms":1000,"sequence":16,"run_start_micros":1788887903070531,"scheduled_at_micros":1788887920070531,"fired_at_micros":1788887920078369,"drift_micros":7838}]}}
1788887927230150 {"observation":{"deletes":[],"inserts":[{"id":663,"run_id":"idle-interval-100","mode":1,"bucket_ms":100,"sequence":160,"run_start_micros":1788887902528990,"scheduled_at_micros":1788887918628990,"fired_at_micros":1788887920078538,"drift_micros":1449548}]}}
1788887927395234 {"observation":{"deletes":[],"inserts":[{"id":664,"run_id":"idle-anchored-100","mode":3,"bucket_ms":100,"sequence":175,"run_start_micros":1788887902483083,"scheduled_at_micros":1788887920083083,"fired_at_micros":1788887920093763,"drift_micros":10680}]}}
1788887927415143 {"observation":{"deletes":[],"inserts":[{"id":665,"run_id":"idle-oneshot-100","mode":0,"bucket_ms":100,"sequence":161,"run_start_micros":1788887902435256,"scheduled_at_micros":1788887918635256,"fired_at_micros":1788887920093890,"drift_micros":1458634}]}}
1788887927436757 {"observation":{"deletes":[],"inserts":[{"id":666,"run_id":"idle-oneshot-500","mode":0,"bucket_ms":500,"sequence":33,"run_start_micros":1788887902710258,"scheduled_at_micros":1788887919710258,"fired_at_micros":1788887920126064,"drift_micros":415806}]}}
1788887927454842 {"observation":{"deletes":[],"inserts":[{"id":667,"run_id":"idle-interval-100","mode":1,"bucket_ms":100,"sequence":161,"run_start_micros":1788887902528990,"scheduled_at_micros":1788887918728990,"fired_at_micros":1788887920187113,"drift_micros":1458123}]}}
1788887927623689 {"observation":{"deletes":[],"inserts":[{"id":668,"run_id":"idle-anchored-100","mode":3,"bucket_ms":100,"sequence":176,"run_start_micros":1788887902483083,"scheduled_at_micros":1788887920183083,"fired_at_micros":1788887920187263,"drift_micros":4180}]}}
1788887927643511 {"observation":{"deletes":[],"inserts":[{"id":669,"run_id":"idle-oneshot-1000","mode":0,"bucket_ms":1000,"sequence":16,"run_start_micros":1788887903021315,"scheduled_at_micros":1788887920021315,"fired_at_micros":1788887920202220,"drift_micros":180905}]}}
1788887927664010 {"observation":{"deletes":[],"inserts":[{"id":670,"run_id":"idle-oneshot-100","mode":0,"bucket_ms":100,"sequence":162,"run_start_micros":1788887902435256,"scheduled_at_micros":1788887918735256,"fired_at_micros":1788887920202370,"drift_micros":1467114}]}}
1788887927839818 {"observation":{"deletes":[],"inserts":[{"id":671,"run_id":"idle-interval-500","mode":1,"bucket_ms":500,"sequence":33,"run_start_micros":1788887902802197,"scheduled_at_micros":1788887919802197,"fired_at_micros":1788887920218530,"drift_micros":416333}]}}
1788887927861477 {"observation":{"deletes":[],"inserts":[{"id":672,"run_id":"idle-anchored-500","mode":3,"bucket_ms":500,"sequence":34,"run_start_micros":1788887902755558,"scheduled_at_micros":1788887920255558,"fired_at_micros":1788887920264999,"drift_micros":9441}]}}
1788887927880344 {"observation":{"deletes":[],"inserts":[{"id":673,"run_id":"idle-anchored-100","mode":3,"bucket_ms":100,"sequence":177,"run_start_micros":1788887902483083,"scheduled_at_micros":1788887920283083,"fired_at_micros":1788887920296829,"drift_micros":13746}]}}
1788887927897541 {"observation":{"deletes":[],"inserts":[{"id":674,"run_id":"idle-interval-100","mode":1,"bucket_ms":100,"sequence":162,"run_start_micros":1788887902528990,"scheduled_at_micros":1788887918828990,"fired_at_micros":1788887920296946,"drift_micros":1467956}]}}
1788887928066705 {"observation":{"deletes":[],"inserts":[{"id":675,"run_id":"idle-oneshot-100","mode":0,"bucket_ms":100,"sequence":163,"run_start_micros":1788887902435256,"scheduled_at_micros":1788887918835256,"fired_at_micros":1788887920312747,"drift_micros":1477491}]}}
1788887928085342 {"observation":{"deletes":[],"inserts":[{"id":676,"run_id":"idle-anchored-100","mode":3,"bucket_ms":100,"sequence":178,"run_start_micros":1788887902483083,"scheduled_at_micros":1788887920383083,"fired_at_micros":1788887920390779,"drift_micros":7696}]}}
1788887928108902 {"observation":{"deletes":[],"inserts":[{"id":677,"run_id":"idle-interval-100","mode":1,"bucket_ms":100,"sequence":163,"run_start_micros":1788887902528990,"scheduled_at_micros":1788887918928990,"fired_at_micros":1788887920406244,"drift_micros":1477254}]}}
1788887928129104 {"observation":{"deletes":[],"inserts":[{"id":678,"run_id":"idle-oneshot-100","mode":0,"bucket_ms":100,"sequence":164,"run_start_micros":1788887902435256,"scheduled_at_micros":1788887918935256,"fired_at_micros":1788887920422002,"drift_micros":1486746}]}}
1788887928146696 {"observation":{"deletes":[],"inserts":[{"id":679,"run_id":"idle-interval-1000","mode":1,"bucket_ms":1000,"sequence":16,"run_start_micros":1788887903272705,"scheduled_at_micros":1788887920272705,"fired_at_micros":1788887920437603,"drift_micros":164898}]}}
1788887928312866 {"observation":{"deletes":[],"inserts":[{"id":680,"run_id":"idle-anchored-100","mode":3,"bucket_ms":100,"sequence":179,"run_start_micros":1788887902483083,"scheduled_at_micros":1788887920483083,"fired_at_micros":1788887920484575,"drift_micros":1492}]}}
1788887928331797 {"observation":{"deletes":[],"inserts":[{"id":681,"run_id":"idle-interval-work50-1000","mode":1,"bucket_ms":1000,"sequence":14,"run_start_micros":1788887905341007,"scheduled_at_micros":1788887920341007,"fired_at_micros":1788887920500628,"drift_micros":159621}]}}
1788887928352449 {"observation":{"deletes":[],"inserts":[{"id":682,"run_id":"idle-interval-100","mode":1,"bucket_ms":100,"sequence":164,"run_start_micros":1788887902528990,"scheduled_at_micros":1788887919028990,"fired_at_micros":1788887920516165,"drift_micros":1487175}]}}
1788887928514773 {"observation":{"deletes":[],"inserts":[{"id":683,"run_id":"idle-oneshot-100","mode":0,"bucket_ms":100,"sequence":165,"run_start_micros":1788887902435256,"scheduled_at_micros":1788887919035256,"fired_at_micros":1788887920531829,"drift_micros":1496573}]}}
1788887928535447 {"observation":{"deletes":[],"inserts":[{"id":684,"run_id":"idle-anchored-100","mode":3,"bucket_ms":100,"sequence":180,"run_start_micros":1788887902483083,"scheduled_at_micros":1788887920583083,"fired_at_micros":1788887920594641,"drift_micros":11558}]}}
1788887928554076 {"observation":{"deletes":[],"inserts":[{"id":685,"run_id":"idle-interval-100","mode":1,"bucket_ms":100,"sequence":165,"run_start_micros":1788887902528990,"scheduled_at_micros":1788887919128990,"fired_at_micros":1788887920626206,"drift_micros":1497216}]}}
1788887928571159 {"observation":{"deletes":[],"inserts":[{"id":686,"run_id":"idle-oneshot-500","mode":0,"bucket_ms":500,"sequence":34,"run_start_micros":1788887902710258,"scheduled_at_micros":1788887920210258,"fired_at_micros":1788887920641422,"drift_micros":431164}]}}
1788887928740256 {"observation":{"deletes":[],"inserts":[{"id":687,"run_id":"idle-oneshot-100","mode":0,"bucket_ms":100,"sequence":166,"run_start_micros":1788887902435256,"scheduled_at_micros":1788887919135256,"fired_at_micros":1788887920641592,"drift_micros":1506336}]}}
1788887928758663 {"observation":{"deletes":[],"inserts":[{"id":688,"run_id":"idle-anchored-100","mode":3,"bucket_ms":100,"sequence":181,"run_start_micros":1788887902483083,"scheduled_at_micros":1788887920683083,"fired_at_micros":1788887920688283,"drift_micros":5200}]}}
1788887928778424 {"observation":{"deletes":[],"inserts":[{"id":689,"run_id":"idle-interval-500","mode":1,"bucket_ms":500,"sequence":34,"run_start_micros":1788887902802197,"scheduled_at_micros":1788887920302197,"fired_at_micros":1788887920720821,"drift_micros":418624}]}}
1788887928958119 {"observation":{"deletes":[],"inserts":[{"id":690,"run_id":"idle-interval-100","mode":1,"bucket_ms":100,"sequence":166,"run_start_micros":1788887902528990,"scheduled_at_micros":1788887919228990,"fired_at_micros":1788887920736390,"drift_micros":1507400}]}}
1788887928983937 {"observation":{"deletes":[],"inserts":[{"id":691,"run_id":"idle-oneshot-100","mode":0,"bucket_ms":100,"sequence":167,"run_start_micros":1788887902435256,"scheduled_at_micros":1788887919235256,"fired_at_micros":1788887920752010,"drift_micros":1516754}]}}
1788887929159447 {"observation":{"deletes":[],"inserts":[{"id":692,"run_id":"idle-anchored-500","mode":3,"bucket_ms":500,"sequence":35,"run_start_micros":1788887902755558,"scheduled_at_micros":1788887920755558,"fired_at_micros":1788887920767135,"drift_micros":11577}]}}
1788887929180435 {"observation":{"deletes":[],"inserts":[{"id":693,"run_id":"idle-anchored-100","mode":3,"bucket_ms":100,"sequence":182,"run_start_micros":1788887902483083,"scheduled_at_micros":1788887920783083,"fired_at_micros":1788887920799207,"drift_micros":16124}]}}
1788887929200655 {"observation":{"deletes":[],"inserts":[{"id":694,"run_id":"idle-interval-100","mode":1,"bucket_ms":100,"sequence":167,"run_start_micros":1788887902528990,"scheduled_at_micros":1788887919328990,"fired_at_micros":1788887920846592,"drift_micros":1517602}]}}
1788887929367604 {"observation":{"deletes":[],"inserts":[{"id":695,"run_id":"idle-oneshot-100","mode":0,"bucket_ms":100,"sequence":168,"run_start_micros":1788887902435256,"scheduled_at_micros":1788887919335256,"fired_at_micros":1788887920862106,"drift_micros":1526850}]}}
1788887929392203 {"observation":{"deletes":[],"inserts":[{"id":696,"run_id":"idle-anchored-100","mode":3,"bucket_ms":100,"sequence":183,"run_start_micros":1788887902483083,"scheduled_at_micros":1788887920883083,"fired_at_micros":1788887920893031,"drift_micros":9948}]}}
1788887929562524 {"observation":{"deletes":[],"inserts":[{"id":697,"run_id":"idle-interval-100","mode":1,"bucket_ms":100,"sequence":168,"run_start_micros":1788887902528990,"scheduled_at_micros":1788887919428990,"fired_at_micros":1788887920954998,"drift_micros":1526008}]}}
1788887929583913 {"observation":{"deletes":[],"inserts":[{"id":698,"run_id":"idle-oneshot-100","mode":0,"bucket_ms":100,"sequence":169,"run_start_micros":1788887902435256,"scheduled_at_micros":1788887919435256,"fired_at_micros":1788887920970618,"drift_micros":1535362}]}}
1788887929759441 {"observation":{"deletes":[],"inserts":[{"id":699,"run_id":"idle-anchored-100","mode":3,"bucket_ms":100,"sequence":184,"run_start_micros":1788887902483083,"scheduled_at_micros":1788887920983083,"fired_at_micros":1788887920986080,"drift_micros":2997}]}}
1788887929781100 {"observation":{"deletes":[],"inserts":[{"id":700,"run_id":"idle-interval-100","mode":1,"bucket_ms":100,"sequence":169,"run_start_micros":1788887902528990,"scheduled_at_micros":1788887919528990,"fired_at_micros":1788887921063883,"drift_micros":1534893}]}}
1788887929952227 {"observation":{"deletes":[],"inserts":[{"id":701,"run_id":"idle-anchored-1000","mode":3,"bucket_ms":1000,"sequence":17,"run_start_micros":1788887903070531,"scheduled_at_micros":1788887921070531,"fired_at_micros":1788887921079539,"drift_micros":9008}]}}
1788887929971598 {"observation":{"deletes":[],"inserts":[{"id":702,"run_id":"idle-oneshot-100","mode":0,"bucket_ms":100,"sequence":170,"run_start_micros":1788887902435256,"scheduled_at_micros":1788887919535256,"fired_at_micros":1788887921079673,"drift_micros":1544417}]}}
1788887930141195 {"observation":{"deletes":[],"inserts":[{"id":703,"run_id":"idle-anchored-100","mode":3,"bucket_ms":100,"sequence":185,"run_start_micros":1788887902483083,"scheduled_at_micros":1788887921083083,"fired_at_micros":1788887921095186,"drift_micros":12103}]}}
1788887930159774 {"observation":{"deletes":[],"inserts":[{"id":704,"run_id":"idle-oneshot-500","mode":0,"bucket_ms":500,"sequence":35,"run_start_micros":1788887902710258,"scheduled_at_micros":1788887920710258,"fired_at_micros":1788887921156653,"drift_micros":446395}]}}
1788887930178235 {"observation":{"deletes":[],"inserts":[{"id":705,"run_id":"idle-interval-100","mode":1,"bucket_ms":100,"sequence":170,"run_start_micros":1788887902528990,"scheduled_at_micros":1788887919628990,"fired_at_micros":1788887921171674,"drift_micros":1542684}]}}
1788887930352930 {"observation":{"deletes":[],"inserts":[{"id":706,"run_id":"idle-oneshot-100","mode":0,"bucket_ms":100,"sequence":171,"run_start_micros":1788887902435256,"scheduled_at_micros":1788887919635256,"fired_at_micros":1788887921186882,"drift_micros":1551626}]}}
1788887930372863 {"observation":{"deletes":[],"inserts":[{"id":707,"run_id":"idle-anchored-100","mode":3,"bucket_ms":100,"sequence":186,"run_start_micros":1788887902483083,"scheduled_at_micros":1788887921183083,"fired_at_micros":1788887921187017,"drift_micros":3934}]}}
1788887930543366 {"observation":{"deletes":[],"inserts":[{"id":708,"run_id":"idle-oneshot-1000","mode":0,"bucket_ms":1000,"sequence":17,"run_start_micros":1788887903021315,"scheduled_at_micros":1788887921021315,"fired_at_micros":1788887921218062,"drift_micros":196747}]}}
1788887930563439 {"observation":{"deletes":[],"inserts":[{"id":709,"run_id":"idle-interval-500","mode":1,"bucket_ms":500,"sequence":35,"run_start_micros":1788887902802197,"scheduled_at_micros":1788887920802197,"fired_at_micros":1788887921233659,"drift_micros":431462}]}}
1788887930736698 {"observation":{"deletes":[],"inserts":[{"id":710,"run_id":"idle-anchored-500","mode":3,"bucket_ms":500,"sequence":36,"run_start_micros":1788887902755558,"scheduled_at_micros":1788887921255558,"fired_at_micros":1788887921265098,"drift_micros":9540}]}}
1788887930754503 {"observation":{"deletes":[],"inserts":[{"id":711,"run_id":"idle-interval-100","mode":1,"bucket_ms":100,"sequence":171,"run_start_micros":1788887902528990,"scheduled_at_micros":1788887919728990,"fired_at_micros":1788887921280689,"drift_micros":1551699}]}}
1788887930773461 {"observation":{"deletes":[],"inserts":[{"id":712,"run_id":"idle-anchored-100","mode":3,"bucket_ms":100,"sequence":187,"run_start_micros":1788887902483083,"scheduled_at_micros":1788887921283083,"fired_at_micros":1788887921295893,"drift_micros":12810}]}}
1788887930937748 {"observation":{"deletes":[],"inserts":[{"id":713,"run_id":"idle-oneshot-100","mode":0,"bucket_ms":100,"sequence":172,"run_start_micros":1788887902435256,"scheduled_at_micros":1788887919735256,"fired_at_micros":1788887921296046,"drift_micros":1560790}]}}
1788887930960324 {"observation":{"deletes":[],"inserts":[{"id":714,"run_id":"idle-interval-100","mode":1,"bucket_ms":100,"sequence":172,"run_start_micros":1788887902528990,"scheduled_at_micros":1788887919828990,"fired_at_micros":1788887921390319,"drift_micros":1561329}]}}
1788887930979581 {"observation":{"deletes":[],"inserts":[{"id":715,"run_id":"idle-anchored-100","mode":3,"bucket_ms":100,"sequence":188,"run_start_micros":1788887902483083,"scheduled_at_micros":1788887921383083,"fired_at_micros":1788887921390473,"drift_micros":7390}]}}
1788887930997327 {"observation":{"deletes":[],"inserts":[{"id":716,"run_id":"idle-oneshot-100","mode":0,"bucket_ms":100,"sequence":173,"run_start_micros":1788887902435256,"scheduled_at_micros":1788887919835256,"fired_at_micros":1788887921405865,"drift_micros":1570609}]}}
1788887931166261 {"observation":{"deletes":[],"inserts":[{"id":717,"run_id":"idle-interval-1000","mode":1,"bucket_ms":1000,"sequence":17,"run_start_micros":1788887903272705,"scheduled_at_micros":1788887921272705,"fired_at_micros":1788887921453147,"drift_micros":180442}]}}
1788887931185954 {"observation":{"deletes":[],"inserts":[{"id":718,"run_id":"idle-anchored-100","mode":3,"bucket_ms":100,"sequence":189,"run_start_micros":1788887902483083,"scheduled_at_micros":1788887921483083,"fired_at_micros":1788887921484621,"drift_micros":1538}]}}
1788887931204031 {"observation":{"deletes":[],"inserts":[{"id":719,"run_id":"idle-interval-100","mode":1,"bucket_ms":100,"sequence":173,"run_start_micros":1788887902528990,"scheduled_at_micros":1788887919928990,"fired_at_micros":1788887921499997,"drift_micros":1571007}]}}
1788887931370500 {"observation":{"deletes":[],"inserts":[{"id":720,"run_id":"idle-interval-work50-1000","mode":1,"bucket_ms":1000,"sequence":15,"run_start_micros":1788887905341007,"scheduled_at_micros":1788887921341007,"fired_at_micros":1788887921516087,"drift_micros":175080}]}}
1788887931388815 {"observation":{"deletes":[],"inserts":[{"id":721,"run_id":"idle-oneshot-100","mode":0,"bucket_ms":100,"sequence":174,"run_start_micros":1788887902435256,"scheduled_at_micros":1788887919935256,"fired_at_micros":1788887921516224,"drift_micros":1580968}]}}
1788887931406108 {"observation":{"deletes":[],"inserts":[{"id":722,"run_id":"idle-anchored-100","mode":3,"bucket_ms":100,"sequence":190,"run_start_micros":1788887902483083,"scheduled_at_micros":1788887921583083,"fired_at_micros":1788887921593430,"drift_micros":10347}]}}
1788887931569304 {"observation":{"deletes":[],"inserts":[{"id":723,"run_id":"idle-interval-100","mode":1,"bucket_ms":100,"sequence":174,"run_start_micros":1788887902528990,"scheduled_at_micros":1788887920028990,"fired_at_micros":1788887921609547,"drift_micros":1580557}]}}
1788887931588759 {"observation":{"deletes":[],"inserts":[{"id":724,"run_id":"idle-oneshot-100","mode":0,"bucket_ms":100,"sequence":175,"run_start_micros":1788887902435256,"scheduled_at_micros":1788887920035256,"fired_at_micros":1788887921625120,"drift_micros":1589864}]}}
1788887931607729 {"observation":{"deletes":[],"inserts":[{"id":725,"run_id":"idle-oneshot-500","mode":0,"bucket_ms":500,"sequence":36,"run_start_micros":1788887902710258,"scheduled_at_micros":1788887921210258,"fired_at_micros":1788887921671169,"drift_micros":460911}]}}
1788887931772197 {"observation":{"deletes":[],"inserts":[{"id":726,"run_id":"idle-anchored-100","mode":3,"bucket_ms":100,"sequence":191,"run_start_micros":1788887902483083,"scheduled_at_micros":1788887921683083,"fired_at_micros":1788887921687229,"drift_micros":4146}]}}
1788887931791972 {"observation":{"deletes":[],"inserts":[{"id":727,"run_id":"idle-interval-100","mode":1,"bucket_ms":100,"sequence":175,"run_start_micros":1788887902528990,"scheduled_at_micros":1788887920128990,"fired_at_micros":1788887921717682,"drift_micros":1588692}]}}
1788887931809150 {"observation":{"deletes":[],"inserts":[{"id":728,"run_id":"idle-oneshot-100","mode":0,"bucket_ms":100,"sequence":176,"run_start_micros":1788887902435256,"scheduled_at_micros":1788887920135256,"fired_at_micros":1788887921733913,"drift_micros":1598657}]}}
1788887931977413 {"observation":{"deletes":[],"inserts":[{"id":729,"run_id":"idle-interval-500","mode":1,"bucket_ms":500,"sequence":36,"run_start_micros":1788887902802197,"scheduled_at_micros":1788887921302197,"fired_at_micros":1788887921749503,"drift_micros":447306}]}}
1788887932000354 {"observation":{"deletes":[],"inserts":[{"id":730,"run_id":"idle-anchored-500","mode":3,"bucket_ms":500,"sequence":37,"run_start_micros":1788887902755558,"scheduled_at_micros":1788887921755558,"fired_at_micros":1788887921764886,"drift_micros":9328}]}}
1788887932018707 {"observation":{"deletes":[],"inserts":[{"id":731,"run_id":"idle-anchored-100","mode":3,"bucket_ms":100,"sequence":192,"run_start_micros":1788887902483083,"scheduled_at_micros":1788887921783083,"fired_at_micros":1788887921795945,"drift_micros":12862}]}}
1788887932195035 {"observation":{"deletes":[],"inserts":[{"id":732,"run_id":"idle-interval-100","mode":1,"bucket_ms":100,"sequence":176,"run_start_micros":1788887902528990,"scheduled_at_micros":1788887920228990,"fired_at_micros":1788887921825855,"drift_micros":1596865}]}}
1788887932214271 {"observation":{"deletes":[],"inserts":[{"id":733,"run_id":"idle-oneshot-100","mode":0,"bucket_ms":100,"sequence":177,"run_start_micros":1788887902435256,"scheduled_at_micros":1788887920235256,"fired_at_micros":1788887921841546,"drift_micros":1606290}]}}
1788887932380715 {"observation":{"deletes":[],"inserts":[{"id":734,"run_id":"idle-anchored-100","mode":3,"bucket_ms":100,"sequence":193,"run_start_micros":1788887902483083,"scheduled_at_micros":1788887921883083,"fired_at_micros":1788887921887771,"drift_micros":4688}]}}
1788887932408586 {"observation":{"deletes":[],"inserts":[{"id":735,"run_id":"idle-interval-100","mode":1,"bucket_ms":100,"sequence":177,"run_start_micros":1788887902528990,"scheduled_at_micros":1788887920328990,"fired_at_micros":1788887921934471,"drift_micros":1605481}]}}
1788887932575091 {"observation":{"deletes":[],"inserts":[{"id":736,"run_id":"idle-oneshot-100","mode":0,"bucket_ms":100,"sequence":178,"run_start_micros":1788887902435256,"scheduled_at_micros":1788887920335256,"fired_at_micros":1788887921949711,"drift_micros":1614455}]}}
1788887932594879 {"observation":{"deletes":[],"inserts":[{"id":737,"run_id":"idle-anchored-100","mode":3,"bucket_ms":100,"sequence":194,"run_start_micros":1788887902483083,"scheduled_at_micros":1788887921983083,"fired_at_micros":1788887921997169,"drift_micros":14086}]}}
1788887932613297 {"observation":{"deletes":[],"inserts":[{"id":738,"run_id":"idle-interval-100","mode":1,"bucket_ms":100,"sequence":178,"run_start_micros":1788887902528990,"scheduled_at_micros":1788887920428990,"fired_at_micros":1788887922043779,"drift_micros":1614789}]}}
1788887932786836 {"observation":{"deletes":[],"inserts":[{"id":739,"run_id":"idle-oneshot-100","mode":0,"bucket_ms":100,"sequence":179,"run_start_micros":1788887902435256,"scheduled_at_micros":1788887920435256,"fired_at_micros":1788887922059451,"drift_micros":1624195}]}}
1788887932805600 {"observation":{"deletes":[],"inserts":[{"id":740,"run_id":"idle-anchored-1000","mode":3,"bucket_ms":1000,"sequence":18,"run_start_micros":1788887903070531,"scheduled_at_micros":1788887922070531,"fired_at_micros":1788887922074736,"drift_micros":4205}]}}
1788887932977845 {"observation":{"deletes":[],"inserts":[{"id":741,"run_id":"idle-anchored-100","mode":3,"bucket_ms":100,"sequence":195,"run_start_micros":1788887902483083,"scheduled_at_micros":1788887922083083,"fired_at_micros":1788887922090350,"drift_micros":7267}]}}
1788887932997479 {"observation":{"deletes":[],"inserts":[{"id":742,"run_id":"idle-interval-100","mode":1,"bucket_ms":100,"sequence":179,"run_start_micros":1788887902528990,"scheduled_at_micros":1788887920528990,"fired_at_micros":1788887922153833,"drift_micros":1624843}]}}
1788887933016993 {"observation":{"deletes":[],"inserts":[{"id":743,"run_id":"idle-oneshot-100","mode":0,"bucket_ms":100,"sequence":180,"run_start_micros":1788887902435256,"scheduled_at_micros":1788887920535256,"fired_at_micros":1788887922169321,"drift_micros":1634065}]}}
1788887933182913 {"observation":{"deletes":[],"inserts":[{"id":744,"run_id":"idle-oneshot-500","mode":0,"bucket_ms":500,"sequence":37,"run_start_micros":1788887902710258,"scheduled_at_micros":1788887921710258,"fired_at_micros":1788887922184637,"drift_micros":474379}]}}
1788887933350086 {"observation":{"deletes":[],"inserts":[{"id":745,"run_id":"idle-anchored-100","mode":3,"bucket_ms":100,"sequence":196,"run_start_micros":1788887902483083,"scheduled_at_micros":1788887922183083,"fired_at_micros":1788887922184776,"drift_micros":1693}]}}
1788887933372090 {"observation":{"deletes":[],"inserts":[{"id":746,"run_id":"idle-oneshot-1000","mode":0,"bucket_ms":1000,"sequence":18,"run_start_micros":1788887903021315,"scheduled_at_micros":1788887922021315,"fired_at_micros":1788887922231466,"drift_micros":210151}]}}
1788887933542532 {"observation":{"deletes":[],"inserts":[{"id":747,"run_id":"idle-interval-500","mode":1,"bucket_ms":500,"sequence":37,"run_start_micros":1788887902802197,"scheduled_at_micros":1788887921802197,"fired_at_micros":1788887922262274,"drift_micros":460077}]}}
1788887933562189 {"observation":{"deletes":[],"inserts":[{"id":748,"run_id":"idle-interval-100","mode":1,"bucket_ms":100,"sequence":180,"run_start_micros":1788887902528990,"scheduled_at_micros":1788887920628990,"fired_at_micros":1788887922262459,"drift_micros":1633469}]}}
1788887933737192 {"observation":{"deletes":[],"inserts":[{"id":749,"run_id":"idle-anchored-500","mode":3,"bucket_ms":500,"sequence":38,"run_start_micros":1788887902755558,"scheduled_at_micros":1788887922255558,"fired_at_micros":1788887922262526,"drift_micros":6968}]}}
1788887933755354 {"observation":{"deletes":[],"inserts":[{"id":750,"run_id":"idle-oneshot-100","mode":0,"bucket_ms":100,"sequence":181,"run_start_micros":1788887902435256,"scheduled_at_micros":1788887920635256,"fired_at_micros":1788887922277914,"drift_micros":1642658}]}}
1788887933776149 {"observation":{"deletes":[],"inserts":[{"id":751,"run_id":"idle-anchored-100","mode":3,"bucket_ms":100,"sequence":197,"run_start_micros":1788887902483083,"scheduled_at_micros":1788887922283083,"fired_at_micros":1788887922293493,"drift_micros":10410}]}}
1788887933944700 {"observation":{"deletes":[],"inserts":[{"id":752,"run_id":"idle-interval-100","mode":1,"bucket_ms":100,"sequence":181,"run_start_micros":1788887902528990,"scheduled_at_micros":1788887920728990,"fired_at_micros":1788887922370002,"drift_micros":1641012}]}}
1788887933965290 {"observation":{"deletes":[],"inserts":[{"id":753,"run_id":"idle-oneshot-100","mode":0,"bucket_ms":100,"sequence":182,"run_start_micros":1788887902435256,"scheduled_at_micros":1788887920735256,"fired_at_micros":1788887922385549,"drift_micros":1650293}]}}
1788887933984285 {"observation":{"deletes":[],"inserts":[{"id":754,"run_id":"idle-anchored-100","mode":3,"bucket_ms":100,"sequence":198,"run_start_micros":1788887902483083,"scheduled_at_micros":1788887922383083,"fired_at_micros":1788887922385676,"drift_micros":2593}]}}
1788887934152209 {"observation":{"deletes":[],"inserts":[{"id":755,"run_id":"idle-interval-1000","mode":1,"bucket_ms":1000,"sequence":18,"run_start_micros":1788887903272705,"scheduled_at_micros":1788887922272705,"fired_at_micros":1788887922463485,"drift_micros":190780}]}}
1788887934172666 {"observation":{"deletes":[],"inserts":[{"id":756,"run_id":"idle-interval-100","mode":1,"bucket_ms":100,"sequence":182,"run_start_micros":1788887902528990,"scheduled_at_micros":1788887920828990,"fired_at_micros":1788887922479338,"drift_micros":1650348}]}}
1788887934195571 {"observation":{"deletes":[],"inserts":[{"id":757,"run_id":"idle-anchored-100","mode":3,"bucket_ms":100,"sequence":199,"run_start_micros":1788887902483083,"scheduled_at_micros":1788887922483083,"fired_at_micros":1788887922494337,"drift_micros":11254}]}}
1788887934214036 {"observation":{"deletes":[],"inserts":[{"id":758,"run_id":"idle-oneshot-100","mode":0,"bucket_ms":100,"sequence":183,"run_start_micros":1788887902435256,"scheduled_at_micros":1788887920835256,"fired_at_micros":1788887922494412,"drift_micros":1659156}]}}
1788887934382697 {"observation":{"deletes":[],"inserts":[{"id":759,"run_id":"idle-interval-work50-1000","mode":1,"bucket_ms":1000,"sequence":16,"run_start_micros":1788887905341007,"scheduled_at_micros":1788887922341007,"fired_at_micros":1788887922526529,"drift_micros":185522}]}}
1788887934401213 {"observation":{"deletes":[],"inserts":[{"id":760,"run_id":"idle-interval-100","mode":1,"bucket_ms":100,"sequence":183,"run_start_micros":1788887902528990,"scheduled_at_micros":1788887920928990,"fired_at_micros":1788887922588593,"drift_micros":1659603}]}}
1788887934421741 {"observation":{"deletes":[],"inserts":[{"id":761,"run_id":"idle-anchored-100","mode":3,"bucket_ms":100,"sequence":200,"run_start_micros":1788887902483083,"scheduled_at_micros":1788887922583083,"fired_at_micros":1788887922588709,"drift_micros":5626}]}}
1788887934591777 {"observation":{"deletes":[],"inserts":[{"id":762,"run_id":"idle-oneshot-100","mode":0,"bucket_ms":100,"sequence":184,"run_start_micros":1788887902435256,"scheduled_at_micros":1788887920935256,"fired_at_micros":1788887922603602,"drift_micros":1668346}]}}
1788887934609214 {"observation":{"deletes":[],"inserts":[{"id":763,"run_id":"idle-anchored-100","mode":3,"bucket_ms":100,"sequence":201,"run_start_micros":1788887902483083,"scheduled_at_micros":1788887922683083,"fired_at_micros":1788887922696123,"drift_micros":13040}]}}
1788887934627536 {"observation":{"deletes":[],"inserts":[{"id":764,"run_id":"idle-oneshot-500","mode":0,"bucket_ms":500,"sequence":38,"run_start_micros":1788887902710258,"scheduled_at_micros":1788887922210258,"fired_at_micros":1788887922696241,"drift_micros":485983}]}}
1788887934796425 {"observation":{"deletes":[],"inserts":[{"id":765,"run_id":"idle-interval-100","mode":1,"bucket_ms":100,"sequence":184,"run_start_micros":1788887902528990,"scheduled_at_micros":1788887921028990,"fired_at_micros":1788887922696347,"drift_micros":1667357}]}}
1788887934814352 {"observation":{"deletes":[],"inserts":[{"id":766,"run_id":"idle-oneshot-100","mode":0,"bucket_ms":100,"sequence":185,"run_start_micros":1788887902435256,"scheduled_at_micros":1788887921035256,"fired_at_micros":1788887922711962,"drift_micros":1676706}]}}
1788887934832534 {"observation":{"deletes":[],"inserts":[{"id":767,"run_id":"idle-anchored-500","mode":3,"bucket_ms":500,"sequence":39,"run_start_micros":1788887902755558,"scheduled_at_micros":1788887922755558,"fired_at_micros":1788887922756746,"drift_micros":1188}]}}
1788887935000147 {"observation":{"deletes":[],"inserts":[{"id":768,"run_id":"idle-interval-500","mode":1,"bucket_ms":500,"sequence":38,"run_start_micros":1788887902802197,"scheduled_at_micros":1788887922302197,"fired_at_micros":1788887922772380,"drift_micros":470183}]}}
1788887935021239 {"observation":{"deletes":[],"inserts":[{"id":769,"run_id":"idle-anchored-100","mode":3,"bucket_ms":100,"sequence":202,"run_start_micros":1788887902483083,"scheduled_at_micros":1788887922783083,"fired_at_micros":1788887922787904,"drift_micros":4821}]}}
1788887935040415 {"observation":{"deletes":[],"inserts":[{"id":770,"run_id":"idle-interval-100","mode":1,"bucket_ms":100,"sequence":185,"run_start_micros":1788887902528990,"scheduled_at_micros":1788887921128990,"fired_at_micros":1788887922803165,"drift_micros":1674175}]}}
1788887935209547 {"observation":{"deletes":[],"inserts":[{"id":771,"run_id":"idle-oneshot-100","mode":0,"bucket_ms":100,"sequence":186,"run_start_micros":1788887902435256,"scheduled_at_micros":1788887921135256,"fired_at_micros":1788887922818774,"drift_micros":1683518}]}}
1788887935228340 {"observation":{"deletes":[],"inserts":[{"id":772,"run_id":"idle-anchored-100","mode":3,"bucket_ms":100,"sequence":203,"run_start_micros":1788887902483083,"scheduled_at_micros":1788887922883083,"fired_at_micros":1788887922896031,"drift_micros":12948}]}}
1788887935245901 {"observation":{"deletes":[],"inserts":[{"id":773,"run_id":"idle-interval-100","mode":1,"bucket_ms":100,"sequence":186,"run_start_micros":1788887902528990,"scheduled_at_micros":1788887921228990,"fired_at_micros":1788887922912855,"drift_micros":1683865}]}}
1788887935416391 {"observation":{"deletes":[],"inserts":[{"id":774,"run_id":"idle-oneshot-100","mode":0,"bucket_ms":100,"sequence":187,"run_start_micros":1788887902435256,"scheduled_at_micros":1788887921235256,"fired_at_micros":1788887922928292,"drift_micros":1693036}]}}
1788887935435083 {"observation":{"deletes":[],"inserts":[{"id":775,"run_id":"idle-anchored-100","mode":3,"bucket_ms":100,"sequence":204,"run_start_micros":1788887902483083,"scheduled_at_micros":1788887922983083,"fired_at_micros":1788887922990857,"drift_micros":7774}]}}
1788887935451879 {"observation":{"deletes":[],"inserts":[{"id":776,"run_id":"idle-interval-100","mode":1,"bucket_ms":100,"sequence":187,"run_start_micros":1788887902528990,"scheduled_at_micros":1788887921328990,"fired_at_micros":1788887923021867,"drift_micros":1692877}]}}
1788887935470842 {"observation":{"deletes":[],"inserts":[{"id":777,"run_id":"idle-oneshot-100","mode":0,"bucket_ms":100,"sequence":188,"run_start_micros":1788887902435256,"scheduled_at_micros":1788887921335256,"fired_at_micros":1788887923037438,"drift_micros":1702182}]}}
1788887935633704 {"observation":{"deletes":[],"inserts":[{"id":778,"run_id":"idle-anchored-1000","mode":3,"bucket_ms":1000,"sequence":19,"run_start_micros":1788887903070531,"scheduled_at_micros":1788887923070531,"fired_at_micros":1788887923083380,"drift_micros":12849}]}}
1788887935653501 {"observation":{"deletes":[],"inserts":[{"id":779,"run_id":"idle-anchored-100","mode":3,"bucket_ms":100,"sequence":205,"run_start_micros":1788887902483083,"scheduled_at_micros":1788887923083083,"fired_at_micros":1788887923083936,"drift_micros":853}]}}
1788887935671139 {"observation":{"deletes":[],"inserts":[{"id":780,"run_id":"idle-interval-100","mode":1,"bucket_ms":100,"sequence":188,"run_start_micros":1788887902528990,"scheduled_at_micros":1788887921428990,"fired_at_micros":1788887923129233,"drift_micros":1700243}]}}
1788887935834386 {"observation":{"deletes":[],"inserts":[{"id":781,"run_id":"idle-oneshot-100","mode":0,"bucket_ms":100,"sequence":189,"run_start_micros":1788887902435256,"scheduled_at_micros":1788887921435256,"fired_at_micros":1788887923144897,"drift_micros":1709641}]}}
1788887935851767 {"observation":{"deletes":[],"inserts":[{"id":782,"run_id":"idle-anchored-100","mode":3,"bucket_ms":100,"sequence":206,"run_start_micros":1788887902483083,"scheduled_at_micros":1788887923183083,"fired_at_micros":1788887923191561,"drift_micros":8478}]}}
1788887935870303 {"observation":{"deletes":[],"inserts":[{"id":783,"run_id":"idle-oneshot-500","mode":0,"bucket_ms":500,"sequence":39,"run_start_micros":1788887902710258,"scheduled_at_micros":1788887922710258,"fired_at_micros":1788887923207201,"drift_micros":496943}]}}
1788887936039365 {"observation":{"deletes":[],"inserts":[{"id":784,"run_id":"idle-interval-100","mode":1,"bucket_ms":100,"sequence":189,"run_start_micros":1788887902528990,"scheduled_at_micros":1788887921528990,"fired_at_micros":1788887923237937,"drift_micros":1708947}]}}
1788887936057867 {"observation":{"deletes":[],"inserts":[{"id":785,"run_id":"idle-oneshot-1000","mode":0,"bucket_ms":1000,"sequence":19,"run_start_micros":1788887903021315,"scheduled_at_micros":1788887923021315,"fired_at_micros":1788887923238130,"drift_micros":216815}]}}
1788887936075389 {"observation":{"deletes":[],"inserts":[{"id":786,"run_id":"idle-oneshot-100","mode":0,"bucket_ms":100,"sequence":190,"run_start_micros":1788887902435256,"scheduled_at_micros":1788887921535256,"fired_at_micros":1788887923253509,"drift_micros":1718253}]}}
1788887936248177 {"observation":{"deletes":[],"inserts":[{"id":787,"run_id":"idle-anchored-500","mode":3,"bucket_ms":500,"sequence":40,"run_start_micros":1788887902755558,"scheduled_at_micros":1788887923255558,"fired_at_micros":1788887923269050,"drift_micros":13492}]}}
1788887936268074 {"observation":{"deletes":[],"inserts":[{"id":788,"run_id":"idle-interval-500","mode":1,"bucket_ms":500,"sequence":39,"run_start_micros":1788887902802197,"scheduled_at_micros":1788887922802197,"fired_at_micros":1788887923284283,"drift_micros":482086}]}}
1788887936286725 {"observation":{"deletes":[],"inserts":[{"id":789,"run_id":"idle-anchored-100","mode":3,"bucket_ms":100,"sequence":207,"run_start_micros":1788887902483083,"scheduled_at_micros":1788887923283083,"fired_at_micros":1788887923284405,"drift_micros":1322}]}}
1788887936303894 {"observation":{"deletes":[],"inserts":[{"id":790,"run_id":"idle-interval-100","mode":1,"bucket_ms":100,"sequence":190,"run_start_micros":1788887902528990,"scheduled_at_micros":1788887921628990,"fired_at_micros":1788887923346680,"drift_micros":1717690}]}}
1788887936472108 {"observation":{"deletes":[],"inserts":[{"id":791,"run_id":"idle-oneshot-100","mode":0,"bucket_ms":100,"sequence":191,"run_start_micros":1788887902435256,"scheduled_at_micros":1788887921635256,"fired_at_micros":1788887923362192,"drift_micros":1726936}]}}
1788887936491526 {"observation":{"deletes":[],"inserts":[{"id":792,"run_id":"idle-anchored-100","mode":3,"bucket_ms":100,"sequence":208,"run_start_micros":1788887902483083,"scheduled_at_micros":1788887923383083,"fired_at_micros":1788887923394154,"drift_micros":11071}]}}
1788887936666547 {"observation":{"deletes":[],"inserts":[{"id":793,"run_id":"idle-interval-100","mode":1,"bucket_ms":100,"sequence":191,"run_start_micros":1788887902528990,"scheduled_at_micros":1788887921728990,"fired_at_micros":1788887923458633,"drift_micros":1729643}]}}
1788887936686513 {"observation":{"deletes":[],"inserts":[{"id":794,"run_id":"idle-oneshot-100","mode":0,"bucket_ms":100,"sequence":192,"run_start_micros":1788887902435256,"scheduled_at_micros":1788887921735256,"fired_at_micros":1788887923474135,"drift_micros":1738879}]}}
1788887936858685 {"observation":{"deletes":[],"inserts":[{"id":795,"run_id":"idle-interval-1000","mode":1,"bucket_ms":1000,"sequence":19,"run_start_micros":1788887903272705,"scheduled_at_micros":1788887923272705,"fired_at_micros":1788887923474305,"drift_micros":201600}]}}
1788887937023902 {"observation":{"deletes":[],"inserts":[{"id":796,"run_id":"idle-oneshot-10000","mode":0,"bucket_ms":10000,"sequence":1,"run_start_micros":1788887903469408,"scheduled_at_micros":1788887923469408,"fired_at_micros":1788887923489384,"drift_micros":19976}]}}
1788887937192426 {"observation":{"deletes":[],"inserts":[{"id":797,"run_id":"idle-anchored-100","mode":3,"bucket_ms":100,"sequence":209,"run_start_micros":1788887902483083,"scheduled_at_micros":1788887923483083,"fired_at_micros":1788887923489572,"drift_micros":6489}]}}
1788887937501878 {"observation":{"deletes":[],"inserts":[{"id":798,"run_id":"idle-anchored-10000","mode":3,"bucket_ms":10000,"sequence":1,"run_start_micros":1788887903514660,"scheduled_at_micros":1788887923514660,"fired_at_micros":1788887923521288,"drift_micros":6628}]}}
1788887937672117 {"observation":{"deletes":[],"inserts":[{"id":799,"run_id":"idle-interval-work50-1000","mode":1,"bucket_ms":1000,"sequence":17,"run_start_micros":1788887905341007,"scheduled_at_micros":1788887923341007,"fired_at_micros":1788887923536482,"drift_micros":195475}]}}
1788887938138936 {"observation":{"deletes":[],"inserts":[{"id":800,"run_id":"idle-interval-100","mode":1,"bucket_ms":100,"sequence":192,"run_start_micros":1788887902528990,"scheduled_at_micros":1788887921828990,"fired_at_micros":1788887923568240,"drift_micros":1739250}]}}
1788887938161805 {"observation":{"deletes":[],"inserts":[{"id":801,"run_id":"idle-oneshot-100","mode":0,"bucket_ms":100,"sequence":193,"run_start_micros":1788887902435256,"scheduled_at_micros":1788887921835256,"fired_at_micros":1788887923584243,"drift_micros":1748987}]}}
1788887938183142 {"observation":{"deletes":[],"inserts":[{"id":802,"run_id":"idle-anchored-100","mode":3,"bucket_ms":100,"sequence":210,"run_start_micros":1788887902483083,"scheduled_at_micros":1788887923583083,"fired_at_micros":1788887923584305,"drift_micros":1222}]}}
1788887938204689 {"observation":{"deletes":[],"inserts":[{"id":803,"run_id":"idle-interval-100","mode":1,"bucket_ms":100,"sequence":193,"run_start_micros":1788887902528990,"scheduled_at_micros":1788887921928990,"fired_at_micros":1788887923678264,"drift_micros":1749274}]}}
1788887938228900 {"observation":{"deletes":[],"inserts":[{"id":804,"run_id":"idle-anchored-100","mode":3,"bucket_ms":100,"sequence":211,"run_start_micros":1788887902483083,"scheduled_at_micros":1788887923683083,"fired_at_micros":1788887923694431,"drift_micros":11348}]}}
1788887938250413 {"observation":{"deletes":[],"inserts":[{"id":805,"run_id":"idle-oneshot-100","mode":0,"bucket_ms":100,"sequence":194,"run_start_micros":1788887902435256,"scheduled_at_micros":1788887921935256,"fired_at_micros":1788887923694567,"drift_micros":1759311}]}}
1788887938273608 {"observation":{"deletes":[],"inserts":[{"id":806,"run_id":"idle-oneshot-500","mode":0,"bucket_ms":500,"sequence":40,"run_start_micros":1788887902710258,"scheduled_at_micros":1788887923210258,"fired_at_micros":1788887923710538,"drift_micros":500280}]}}
1788887938449275 {"observation":{"deletes":[],"inserts":[{"id":807,"run_id":"idle-interval-10000","mode":1,"bucket_ms":10000,"sequence":1,"run_start_micros":1788887903704748,"scheduled_at_micros":1788887923704748,"fired_at_micros":1788887923710711,"drift_micros":5963}]}}
1788887938471337 {"observation":{"deletes":[],"inserts":[{"id":808,"run_id":"idle-anchored-500","mode":3,"bucket_ms":500,"sequence":41,"run_start_micros":1788887902755558,"scheduled_at_micros":1788887923755558,"fired_at_micros":1788887923756559,"drift_micros":1001}]}}
1788887938492706 {"observation":{"deletes":[],"inserts":[{"id":809,"run_id":"idle-interval-100","mode":1,"bucket_ms":100,"sequence":194,"run_start_micros":1788887902528990,"scheduled_at_micros":1788887922028990,"fired_at_micros":1788887923786970,"drift_micros":1757980}]}}
1788887938514287 {"observation":{"deletes":[],"inserts":[{"id":810,"run_id":"idle-anchored-100","mode":3,"bucket_ms":100,"sequence":212,"run_start_micros":1788887902483083,"scheduled_at_micros":1788887923783083,"fired_at_micros":1788887923787085,"drift_micros":4002}]}}
1788887938533223 {"observation":{"deletes":[],"inserts":[{"id":811,"run_id":"idle-interval-500","mode":1,"bucket_ms":500,"sequence":40,"run_start_micros":1788887902802197,"scheduled_at_micros":1788887923302197,"fired_at_micros":1788887923787131,"drift_micros":484934}]}}
1788887938552422 {"observation":{"deletes":[],"inserts":[{"id":812,"run_id":"idle-oneshot-100","mode":0,"bucket_ms":100,"sequence":195,"run_start_micros":1788887902435256,"scheduled_at_micros":1788887922035256,"fired_at_micros":1788887923803369,"drift_micros":1768113}]}}
1788887938723270 {"observation":{"deletes":[],"inserts":[{"id":813,"run_id":"idle-anchored-100","mode":3,"bucket_ms":100,"sequence":213,"run_start_micros":1788887902483083,"scheduled_at_micros":1788887923883083,"fired_at_micros":1788887923898548,"drift_micros":15465}]}}
1788887938743498 {"observation":{"deletes":[],"inserts":[{"id":814,"run_id":"idle-interval-100","mode":1,"bucket_ms":100,"sequence":195,"run_start_micros":1788887902528990,"scheduled_at_micros":1788887922128990,"fired_at_micros":1788887923898651,"drift_micros":1769661}]}}
1788887938766185 {"observation":{"deletes":[],"inserts":[{"id":815,"run_id":"idle-oneshot-100","mode":0,"bucket_ms":100,"sequence":196,"run_start_micros":1788887902435256,"scheduled_at_micros":1788887922135256,"fired_at_micros":1788887923914410,"drift_micros":1779154}]}}
1788887938784783 {"observation":{"deletes":[],"inserts":[{"id":816,"run_id":"idle-anchored-100","mode":3,"bucket_ms":100,"sequence":214,"run_start_micros":1788887902483083,"scheduled_at_micros":1788887923983083,"fired_at_micros":1788887923993275,"drift_micros":10192}]}}
1788887938803103 {"observation":{"deletes":[],"inserts":[{"id":817,"run_id":"idle-interval-100","mode":1,"bucket_ms":100,"sequence":196,"run_start_micros":1788887902528990,"scheduled_at_micros":1788887922228990,"fired_at_micros":1788887924008751,"drift_micros":1779761}]}}
1788887938822813 {"observation":{"deletes":[],"inserts":[{"id":818,"run_id":"idle-oneshot-100","mode":0,"bucket_ms":100,"sequence":197,"run_start_micros":1788887902435256,"scheduled_at_micros":1788887922235256,"fired_at_micros":1788887924024301,"drift_micros":1789045}]}}
1788887938997810 {"observation":{"deletes":[],"inserts":[{"id":819,"run_id":"idle-anchored-1000","mode":3,"bucket_ms":1000,"sequence":20,"run_start_micros":1788887903070531,"scheduled_at_micros":1788887924070531,"fired_at_micros":1788887924085918,"drift_micros":15387}]}}
1788887939019401 {"observation":{"deletes":[],"inserts":[{"id":820,"run_id":"idle-anchored-100","mode":3,"bucket_ms":100,"sequence":215,"run_start_micros":1788887902483083,"scheduled_at_micros":1788887924083083,"fired_at_micros":1788887924086036,"drift_micros":2953}]}}
1788887939040125 {"observation":{"deletes":[],"inserts":[{"id":821,"run_id":"idle-interval-100","mode":1,"bucket_ms":100,"sequence":197,"run_start_micros":1788887902528990,"scheduled_at_micros":1788887922328990,"fired_at_micros":1788887924117104,"drift_micros":1788114}]}}
1788887939059807 {"observation":{"deletes":[],"inserts":[{"id":822,"run_id":"idle-oneshot-100","mode":0,"bucket_ms":100,"sequence":198,"run_start_micros":1788887902435256,"scheduled_at_micros":1788887922335256,"fired_at_micros":1788887924132596,"drift_micros":1797340}]}}
1788887939078823 {"observation":{"deletes":[],"inserts":[{"id":823,"run_id":"idle-anchored-100","mode":3,"bucket_ms":100,"sequence":216,"run_start_micros":1788887902483083,"scheduled_at_micros":1788887924183083,"fired_at_micros":1788887924194977,"drift_micros":11894}]}}
1788887939097505 {"observation":{"deletes":[],"inserts":[{"id":824,"run_id":"idle-oneshot-500","mode":0,"bucket_ms":500,"sequence":41,"run_start_micros":1788887902710258,"scheduled_at_micros":1788887923710258,"fired_at_micros":1788887924211654,"drift_micros":501396}]}}
1788887939268726 {"observation":{"deletes":[],"inserts":[{"id":825,"run_id":"idle-interval-100","mode":1,"bucket_ms":100,"sequence":198,"run_start_micros":1788887902528990,"scheduled_at_micros":1788887922428990,"fired_at_micros":1788887924227014,"drift_micros":1798024}]}}
1788887939292024 {"observation":{"deletes":[],"inserts":[{"id":826,"run_id":"idle-oneshot-100","mode":0,"bucket_ms":100,"sequence":199,"run_start_micros":1788887902435256,"scheduled_at_micros":1788887922435256,"fired_at_micros":1788887924242210,"drift_micros":1806954}]}}
1788887939310774 {"observation":{"deletes":[],"inserts":[{"id":827,"run_id":"idle-oneshot-1000","mode":0,"bucket_ms":1000,"sequence":20,"run_start_micros":1788887903021315,"scheduled_at_micros":1788887924021315,"fired_at_micros":1788887924242332,"drift_micros":221017}]}}
1788887939329101 {"observation":{"deletes":[],"inserts":[{"id":828,"run_id":"idle-anchored-500","mode":3,"bucket_ms":500,"sequence":42,"run_start_micros":1788887902755558,"scheduled_at_micros":1788887924255558,"fired_at_micros":1788887924258044,"drift_micros":2486}]}}
1788887939349241 {"observation":{"deletes":[],"inserts":[{"id":829,"run_id":"idle-anchored-100","mode":3,"bucket_ms":100,"sequence":217,"run_start_micros":1788887902483083,"scheduled_at_micros":1788887924283083,"fired_at_micros":1788887924289072,"drift_micros":5989}]}}
1788887939516015 {"observation":{"deletes":[],"inserts":[{"id":830,"run_id":"idle-interval-500","mode":1,"bucket_ms":500,"sequence":41,"run_start_micros":1788887902802197,"scheduled_at_micros":1788887923802197,"fired_at_micros":1788887924289201,"drift_micros":487004}]}}
1788887939536504 {"observation":{"deletes":[],"inserts":[{"id":831,"run_id":"idle-interval-100","mode":1,"bucket_ms":100,"sequence":199,"run_start_micros":1788887902528990,"scheduled_at_micros":1788887922528990,"fired_at_micros":1788887924334822,"drift_micros":1805832}]}}
1788887939556224 {"observation":{"deletes":[],"inserts":[{"id":832,"run_id":"idle-oneshot-100","mode":0,"bucket_ms":100,"sequence":200,"run_start_micros":1788887902435256,"scheduled_at_micros":1788887922535256,"fired_at_micros":1788887924349898,"drift_micros":1814642}]}}
1788887939575166 {"observation":{"deletes":[],"inserts":[{"id":833,"run_id":"idle-anchored-100","mode":3,"bucket_ms":100,"sequence":218,"run_start_micros":1788887902483083,"scheduled_at_micros":1788887924383083,"fired_at_micros":1788887924396897,"drift_micros":13814}]}}
1788887939594635 {"observation":{"deletes":[],"inserts":[{"id":834,"run_id":"idle-interval-100","mode":1,"bucket_ms":100,"sequence":200,"run_start_micros":1788887902528990,"scheduled_at_micros":1788887922628990,"fired_at_micros":1788887924443513,"drift_micros":1814523}]}}
1788887939765575 {"observation":{"deletes":[],"inserts":[{"id":835,"run_id":"idle-oneshot-100","mode":0,"bucket_ms":100,"sequence":201,"run_start_micros":1788887902435256,"scheduled_at_micros":1788887922635256,"fired_at_micros":1788887924459384,"drift_micros":1824128}]}}
1788887939787713 {"observation":{"deletes":[],"inserts":[{"id":836,"run_id":"idle-interval-1000","mode":1,"bucket_ms":1000,"sequence":20,"run_start_micros":1788887903272705,"scheduled_at_micros":1788887924272705,"fired_at_micros":1788887924490405,"drift_micros":217700}]}}
1788887939810732 {"observation":{"deletes":[],"inserts":[{"id":837,"run_id":"idle-anchored-100","mode":3,"bucket_ms":100,"sequence":219,"run_start_micros":1788887902483083,"scheduled_at_micros":1788887924483083,"fired_at_micros":1788887924490532,"drift_micros":7449}]}}
1788887939830419 {"observation":{"deletes":[],"inserts":[{"id":838,"run_id":"idle-interval-work50-1000","mode":1,"bucket_ms":1000,"sequence":18,"run_start_micros":1788887905341007,"scheduled_at_micros":1788887924341007,"fired_at_micros":1788887924552014,"drift_micros":211007}]}}
1788887939849685 {"observation":{"deletes":[],"inserts":[{"id":839,"run_id":"idle-interval-100","mode":1,"bucket_ms":100,"sequence":201,"run_start_micros":1788887902528990,"scheduled_at_micros":1788887922728990,"fired_at_micros":1788887924552238,"drift_micros":1823248}]}}
1788887940023577 {"observation":{"deletes":[],"inserts":[{"id":840,"run_id":"idle-oneshot-100","mode":0,"bucket_ms":100,"sequence":202,"run_start_micros":1788887902435256,"scheduled_at_micros":1788887922735256,"fired_at_micros":1788887924568124,"drift_micros":1832868}]}}
1788887940045655 {"observation":{"deletes":[],"inserts":[{"id":841,"run_id":"idle-anchored-100","mode":3,"bucket_ms":100,"sequence":220,"run_start_micros":1788887902483083,"scheduled_at_micros":1788887924583083,"fired_at_micros":1788887924584113,"drift_micros":1030}]}}
1788887940223019 {"observation":{"deletes":[],"inserts":[{"id":842,"run_id":"idle-interval-100","mode":1,"bucket_ms":100,"sequence":202,"run_start_micros":1788887902528990,"scheduled_at_micros":1788887922828990,"fired_at_micros":1788887924662160,"drift_micros":1833170}]}}
1788887940243997 {"observation":{"deletes":[],"inserts":[{"id":843,"run_id":"idle-oneshot-100","mode":0,"bucket_ms":100,"sequence":203,"run_start_micros":1788887902435256,"scheduled_at_micros":1788887922835256,"fired_at_micros":1788887924677634,"drift_micros":1842378}]}}
1788887940263005 {"observation":{"deletes":[],"inserts":[{"id":844,"run_id":"idle-anchored-100","mode":3,"bucket_ms":100,"sequence":221,"run_start_micros":1788887902483083,"scheduled_at_micros":1788887924683083,"fired_at_micros":1788887924693409,"drift_micros":10326}]}}
1788887940428540 {"observation":{"deletes":[],"inserts":[{"id":845,"run_id":"idle-oneshot-500","mode":0,"bucket_ms":500,"sequence":42,"run_start_micros":1788887902710258,"scheduled_at_micros":1788887924210258,"fired_at_micros":1788887924724513,"drift_micros":514255}]}}
1788887940448256 {"observation":{"deletes":[],"inserts":[{"id":846,"run_id":"idle-anchored-500","mode":3,"bucket_ms":500,"sequence":43,"run_start_micros":1788887902755558,"scheduled_at_micros":1788887924755558,"fired_at_micros":1788887924770774,"drift_micros":15216}]}}
1788887940466475 {"observation":{"deletes":[],"inserts":[{"id":847,"run_id":"idle-interval-100","mode":1,"bucket_ms":100,"sequence":203,"run_start_micros":1788887902528990,"scheduled_at_micros":1788887922928990,"fired_at_micros":1788887924770998,"drift_micros":1842008}]}}
1788887940635359 {"observation":{"deletes":[],"inserts":[{"id":848,"run_id":"idle-oneshot-100","mode":0,"bucket_ms":100,"sequence":204,"run_start_micros":1788887902435256,"scheduled_at_micros":1788887922935256,"fired_at_micros":1788887924786368,"drift_micros":1851112}]}}
1788887940655909 {"observation":{"deletes":[],"inserts":[{"id":849,"run_id":"idle-anchored-100","mode":3,"bucket_ms":100,"sequence":222,"run_start_micros":1788887902483083,"scheduled_at_micros":1788887924783083,"fired_at_micros":1788887924786485,"drift_micros":3402}]}}
1788887940824259 {"observation":{"deletes":[],"inserts":[{"id":850,"run_id":"idle-interval-500","mode":1,"bucket_ms":500,"sequence":42,"run_start_micros":1788887902802197,"scheduled_at_micros":1788887924302197,"fired_at_micros":1788887924802986,"drift_micros":500789}]}}
1788887940846606 {"observation":{"deletes":[],"inserts":[{"id":851,"run_id":"idle-interval-100","mode":1,"bucket_ms":100,"sequence":204,"run_start_micros":1788887902528990,"scheduled_at_micros":1788887923028990,"fired_at_micros":1788887924880754,"drift_micros":1851764}]}}
1788887941014426 {"observation":{"deletes":[],"inserts":[{"id":852,"run_id":"idle-anchored-100","mode":3,"bucket_ms":100,"sequence":223,"run_start_micros":1788887902483083,"scheduled_at_micros":1788887924883083,"fired_at_micros":1788887924896361,"drift_micros":13278}]}}
1788887941045934 {"observation":{"deletes":[],"inserts":[{"id":853,"run_id":"idle-oneshot-100","mode":0,"bucket_ms":100,"sequence":205,"run_start_micros":1788887902435256,"scheduled_at_micros":1788887923035256,"fired_at_micros":1788887924896448,"drift_micros":1861192}]}}
1788887941211002 {"observation":{"deletes":[],"inserts":[{"id":854,"run_id":"idle-interval-100","mode":1,"bucket_ms":100,"sequence":205,"run_start_micros":1788887902528990,"scheduled_at_micros":1788887923128990,"fired_at_micros":1788887924989650,"drift_micros":1860660}]}}
1788887941230392 {"observation":{"deletes":[],"inserts":[{"id":855,"run_id":"idle-anchored-100","mode":3,"bucket_ms":100,"sequence":224,"run_start_micros":1788887902483083,"scheduled_at_micros":1788887924983083,"fired_at_micros":1788887924989819,"drift_micros":6736}]}}
1788887941558679 {"observation":{"deletes":[],"inserts":[{"id":856,"run_id":"idle-oneshot-100","mode":0,"bucket_ms":100,"sequence":206,"run_start_micros":1788887902435256,"scheduled_at_micros":1788887923135256,"fired_at_micros":1788887925005606,"drift_micros":1870350}]}}
1788887941730168 {"observation":{"deletes":[],"inserts":[{"id":857,"run_id":"idle-anchored-1000","mode":3,"bucket_ms":1000,"sequence":21,"run_start_micros":1788887903070531,"scheduled_at_micros":1788887925070531,"fired_at_micros":1788887925082097,"drift_micros":11566}]}}
1788887942480781 {"observation":{"deletes":[],"inserts":[{"id":858,"run_id":"idle-anchored-100","mode":3,"bucket_ms":100,"sequence":225,"run_start_micros":1788887902483083,"scheduled_at_micros":1788887925083083,"fired_at_micros":1788887925097496,"drift_micros":14413}]}}
1788887942500108 {"observation":{"deletes":[],"inserts":[{"id":859,"run_id":"idle-interval-100","mode":1,"bucket_ms":100,"sequence":206,"run_start_micros":1788887902528990,"scheduled_at_micros":1788887923228990,"fired_at_micros":1788887925097590,"drift_micros":1868600}]}}
1788887942520022 {"observation":{"deletes":[],"inserts":[{"id":860,"run_id":"idle-oneshot-100","mode":0,"bucket_ms":100,"sequence":207,"run_start_micros":1788887902435256,"scheduled_at_micros":1788887923235256,"fired_at_micros":1788887925113055,"drift_micros":1877799}]}}
1788887942538886 {"observation":{"deletes":[],"inserts":[{"id":861,"run_id":"idle-anchored-100","mode":3,"bucket_ms":100,"sequence":226,"run_start_micros":1788887902483083,"scheduled_at_micros":1788887925183083,"fired_at_micros":1788887925191267,"drift_micros":8184}]}}
1788887942558925 {"observation":{"deletes":[],"inserts":[{"id":862,"run_id":"idle-interval-100","mode":1,"bucket_ms":100,"sequence":207,"run_start_micros":1788887902528990,"scheduled_at_micros":1788887923328990,"fired_at_micros":1788887925206600,"drift_micros":1877610}]}}
1788887942576725 {"observation":{"deletes":[],"inserts":[{"id":863,"run_id":"idle-oneshot-100","mode":0,"bucket_ms":100,"sequence":208,"run_start_micros":1788887902435256,"scheduled_at_micros":1788887923335256,"fired_at_micros":1788887925222204,"drift_micros":1886948}]}}
1788887942593641 {"observation":{"deletes":[],"inserts":[{"id":864,"run_id":"idle-oneshot-500","mode":0,"bucket_ms":500,"sequence":43,"run_start_micros":1788887902710258,"scheduled_at_micros":1788887924710258,"fired_at_micros":1788887925238088,"drift_micros":527830}]}}
1788887942610731 {"observation":{"deletes":[],"inserts":[{"id":865,"run_id":"idle-oneshot-1000","mode":0,"bucket_ms":1000,"sequence":21,"run_start_micros":1788887903021315,"scheduled_at_micros":1788887925021315,"fired_at_micros":1788887925254098,"drift_micros":232783}]}}
1788887942628300 {"observation":{"deletes":[],"inserts":[{"id":866,"run_id":"idle-anchored-500","mode":3,"bucket_ms":500,"sequence":44,"run_start_micros":1788887902755558,"scheduled_at_micros":1788887925255558,"fired_at_micros":1788887925269650,"drift_micros":14092}]}}
1788887942794196 {"observation":{"deletes":[],"inserts":[{"id":867,"run_id":"idle-anchored-100","mode":3,"bucket_ms":100,"sequence":227,"run_start_micros":1788887902483083,"scheduled_at_micros":1788887925283083,"fired_at_micros":1788887925285528,"drift_micros":2445}]}}
1788887942814473 {"observation":{"deletes":[],"inserts":[{"id":868,"run_id":"idle-interval-500","mode":1,"bucket_ms":500,"sequence":43,"run_start_micros":1788887902802197,"scheduled_at_micros":1788887924802197,"fired_at_micros":1788887925316186,"drift_micros":513989}]}}
1788887942835546 {"observation":{"deletes":[],"inserts":[{"id":869,"run_id":"idle-interval-100","mode":1,"bucket_ms":100,"sequence":208,"run_start_micros":1788887902528990,"scheduled_at_micros":1788887923428990,"fired_at_micros":1788887925316298,"drift_micros":1887308}]}}
1788887942856433 {"observation":{"deletes":[],"inserts":[{"id":870,"run_id":"idle-oneshot-100","mode":0,"bucket_ms":100,"sequence":209,"run_start_micros":1788887902435256,"scheduled_at_micros":1788887923435256,"fired_at_micros":1788887925332298,"drift_micros":1897042}]}}
1788887942876534 {"observation":{"deletes":[],"inserts":[{"id":871,"run_id":"idle-anchored-100","mode":3,"bucket_ms":100,"sequence":228,"run_start_micros":1788887902483083,"scheduled_at_micros":1788887925383083,"fired_at_micros":1788887925394274,"drift_micros":11191}]}}
1788887942897857 {"observation":{"deletes":[],"inserts":[{"id":872,"run_id":"idle-interval-100","mode":1,"bucket_ms":100,"sequence":209,"run_start_micros":1788887902528990,"scheduled_at_micros":1788887923528990,"fired_at_micros":1788887925425606,"drift_micros":1896616}]}}
1788887942919944 {"observation":{"deletes":[],"inserts":[{"id":873,"run_id":"idle-oneshot-100","mode":0,"bucket_ms":100,"sequence":210,"run_start_micros":1788887902435256,"scheduled_at_micros":1788887923535256,"fired_at_micros":1788887925441182,"drift_micros":1905926}]}}
1788887942939825 {"observation":{"deletes":[],"inserts":[{"id":874,"run_id":"idle-anchored-100","mode":3,"bucket_ms":100,"sequence":229,"run_start_micros":1788887902483083,"scheduled_at_micros":1788887925483083,"fired_at_micros":1788887925487037,"drift_micros":3954}]}}
1788887943108314 {"observation":{"deletes":[],"inserts":[{"id":875,"run_id":"idle-interval-1000","mode":1,"bucket_ms":1000,"sequence":21,"run_start_micros":1788887903272705,"scheduled_at_micros":1788887925272705,"fired_at_micros":1788887925501737,"drift_micros":229032}]}}
1788887943129194 {"observation":{"deletes":[],"inserts":[{"id":876,"run_id":"idle-interval-100","mode":1,"bucket_ms":100,"sequence":210,"run_start_micros":1788887902528990,"scheduled_at_micros":1788887923628990,"fired_at_micros":1788887925532392,"drift_micros":1903402}]}}
1788887943152127 {"observation":{"deletes":[],"inserts":[{"id":877,"run_id":"idle-oneshot-100","mode":0,"bucket_ms":100,"sequence":211,"run_start_micros":1788887902435256,"scheduled_at_micros":1788887923635256,"fired_at_micros":1788887925548995,"drift_micros":1913739}]}}
1788887943174638 {"observation":{"deletes":[],"inserts":[{"id":878,"run_id":"idle-interval-work50-1000","mode":1,"bucket_ms":1000,"sequence":19,"run_start_micros":1788887905341007,"scheduled_at_micros":1788887925341007,"fired_at_micros":1788887925564950,"drift_micros":223943}]}}
1788887943199539 {"observation":{"deletes":[],"inserts":[{"id":879,"run_id":"idle-anchored-100","mode":3,"bucket_ms":100,"sequence":230,"run_start_micros":1788887902483083,"scheduled_at_micros":1788887925583083,"fired_at_micros":1788887925595770,"drift_micros":12687}]}}
1788887943370210 {"observation":{"deletes":[],"inserts":[{"id":880,"run_id":"idle-interval-100","mode":1,"bucket_ms":100,"sequence":211,"run_start_micros":1788887902528990,"scheduled_at_micros":1788887923728990,"fired_at_micros":1788887925642433,"drift_micros":1913443}]}}
1788887943388748 {"observation":{"deletes":[],"inserts":[{"id":881,"run_id":"idle-oneshot-100","mode":0,"bucket_ms":100,"sequence":212,"run_start_micros":1788887902435256,"scheduled_at_micros":1788887923735256,"fired_at_micros":1788887925658481,"drift_micros":1923225}]}}
1788887943411832 {"observation":{"deletes":[],"inserts":[{"id":882,"run_id":"idle-anchored-100","mode":3,"bucket_ms":100,"sequence":231,"run_start_micros":1788887902483083,"scheduled_at_micros":1788887925683083,"fired_at_micros":1788887925689219,"drift_micros":6136}]}}
1788887943433671 {"observation":{"deletes":[],"inserts":[{"id":883,"run_id":"idle-oneshot-500","mode":0,"bucket_ms":500,"sequence":44,"run_start_micros":1788887902710258,"scheduled_at_micros":1788887925210258,"fired_at_micros":1788887925751634,"drift_micros":541376}]}}
1788887943604307 {"observation":{"deletes":[],"inserts":[{"id":884,"run_id":"idle-interval-100","mode":1,"bucket_ms":100,"sequence":212,"run_start_micros":1788887902528990,"scheduled_at_micros":1788887923828990,"fired_at_micros":1788887925751764,"drift_micros":1922774}]}}
1788887943624990 {"observation":{"deletes":[],"inserts":[{"id":885,"run_id":"idle-anchored-500","mode":3,"bucket_ms":500,"sequence":45,"run_start_micros":1788887902755558,"scheduled_at_micros":1788887925755558,"fired_at_micros":1788887925767614,"drift_micros":12056}]}}
1788887943643995 {"observation":{"deletes":[],"inserts":[{"id":886,"run_id":"idle-oneshot-100","mode":0,"bucket_ms":100,"sequence":213,"run_start_micros":1788887902435256,"scheduled_at_micros":1788887923835256,"fired_at_micros":1788887925767685,"drift_micros":1932429}]}}
1788887943666303 {"observation":{"deletes":[],"inserts":[{"id":887,"run_id":"idle-anchored-100","mode":3,"bucket_ms":100,"sequence":232,"run_start_micros":1788887902483083,"scheduled_at_micros":1788887925783083,"fired_at_micros":1788887925798223,"drift_micros":15140}]}}
1788887943687156 {"observation":{"deletes":[],"inserts":[{"id":888,"run_id":"idle-interval-500","mode":1,"bucket_ms":500,"sequence":44,"run_start_micros":1788887902802197,"scheduled_at_micros":1788887925302197,"fired_at_micros":1788887925828393,"drift_micros":526196}]}}
1788887943706135 {"observation":{"deletes":[],"inserts":[{"id":889,"run_id":"idle-interval-100","mode":1,"bucket_ms":100,"sequence":213,"run_start_micros":1788887902528990,"scheduled_at_micros":1788887923928990,"fired_at_micros":1788887925859774,"drift_micros":1930784}]}}
1788887943871555 {"observation":{"deletes":[],"inserts":[{"id":890,"run_id":"idle-oneshot-100","mode":0,"bucket_ms":100,"sequence":214,"run_start_micros":1788887902435256,"scheduled_at_micros":1788887923935256,"fired_at_micros":1788887925875881,"drift_micros":1940625}]}}
1788887943889329 {"observation":{"deletes":[],"inserts":[{"id":891,"run_id":"idle-anchored-100","mode":3,"bucket_ms":100,"sequence":233,"run_start_micros":1788887902483083,"scheduled_at_micros":1788887925883083,"fired_at_micros":1788887925892061,"drift_micros":8978}]}}
1788887943911615 {"observation":{"deletes":[],"inserts":[{"id":892,"run_id":"idle-interval-100","mode":1,"bucket_ms":100,"sequence":214,"run_start_micros":1788887902528990,"scheduled_at_micros":1788887924028990,"fired_at_micros":1788887925969792,"drift_micros":1940802}]}}
1788887943932006 {"observation":{"deletes":[],"inserts":[{"id":893,"run_id":"idle-oneshot-100","mode":0,"bucket_ms":100,"sequence":215,"run_start_micros":1788887902435256,"scheduled_at_micros":1788887924035256,"fired_at_micros":1788887925984951,"drift_micros":1949695}]}}
1788887944100795 {"observation":{"deletes":[],"inserts":[{"id":894,"run_id":"idle-anchored-100","mode":3,"bucket_ms":100,"sequence":234,"run_start_micros":1788887902483083,"scheduled_at_micros":1788887925983083,"fired_at_micros":1788887925985096,"drift_micros":2013}]}}
1788887944121342 {"observation":{"deletes":[],"inserts":[{"id":895,"run_id":"idle-anchored-1000","mode":3,"bucket_ms":1000,"sequence":22,"run_start_micros":1788887903070531,"scheduled_at_micros":1788887926070531,"fired_at_micros":1788887926078752,"drift_micros":8221}]}}
1788887944141745 {"observation":{"deletes":[],"inserts":[{"id":896,"run_id":"idle-interval-100","mode":1,"bucket_ms":100,"sequence":215,"run_start_micros":1788887902528990,"scheduled_at_micros":1788887924128990,"fired_at_micros":1788887926078865,"drift_micros":1949875}]}}
1788887944160961 {"observation":{"deletes":[],"inserts":[{"id":897,"run_id":"idle-anchored-100","mode":3,"bucket_ms":100,"sequence":235,"run_start_micros":1788887902483083,"scheduled_at_micros":1788887926083083,"fired_at_micros":1788887926094672,"drift_micros":11589}]}}
1788887944331741 {"observation":{"deletes":[],"inserts":[{"id":898,"run_id":"idle-oneshot-100","mode":0,"bucket_ms":100,"sequence":216,"run_start_micros":1788887902435256,"scheduled_at_micros":1788887924135256,"fired_at_micros":1788887926094853,"drift_micros":1959597}]}}
1788887944354182 {"observation":{"deletes":[],"inserts":[{"id":899,"run_id":"idle-interval-100","mode":1,"bucket_ms":100,"sequence":216,"run_start_micros":1788887902528990,"scheduled_at_micros":1788887924228990,"fired_at_micros":1788887926187663,"drift_micros":1958673}]}}
1788887944374343 {"observation":{"deletes":[],"inserts":[{"id":900,"run_id":"idle-anchored-100","mode":3,"bucket_ms":100,"sequence":236,"run_start_micros":1788887902483083,"scheduled_at_micros":1788887926183083,"fired_at_micros":1788887926187785,"drift_micros":4702}]}}
1788887944545353 {"observation":{"deletes":[],"inserts":[{"id":901,"run_id":"idle-oneshot-100","mode":0,"bucket_ms":100,"sequence":217,"run_start_micros":1788887902435256,"scheduled_at_micros":1788887924235256,"fired_at_micros":1788887926202913,"drift_micros":1967657}]}}
1788887944568268 {"observation":{"deletes":[],"inserts":[{"id":902,"run_id":"idle-oneshot-500","mode":0,"bucket_ms":500,"sequence":45,"run_start_micros":1788887902710258,"scheduled_at_micros":1788887925710258,"fired_at_micros":1788887926264321,"drift_micros":554063}]}}
1788887944586198 {"observation":{"deletes":[],"inserts":[{"id":903,"run_id":"idle-oneshot-1000","mode":0,"bucket_ms":1000,"sequence":22,"run_start_micros":1788887903021315,"scheduled_at_micros":1788887926021315,"fired_at_micros":1788887926264483,"drift_micros":243168}]}}
1788887944755008 {"observation":{"deletes":[],"inserts":[{"id":904,"run_id":"idle-anchored-500","mode":3,"bucket_ms":500,"sequence":46,"run_start_micros":1788887902755558,"scheduled_at_micros":1788887926255558,"fired_at_micros":1788887926264551,"drift_micros":8993}]}}
1788887944774671 {"observation":{"deletes":[],"inserts":[{"id":905,"run_id":"idle-anchored-100","mode":3,"bucket_ms":100,"sequence":237,"run_start_micros":1788887902483083,"scheduled_at_micros":1788887926283083,"fired_at_micros":1788887926295627,"drift_micros":12544}]}}
1788887944793526 {"observation":{"deletes":[],"inserts":[{"id":906,"run_id":"idle-interval-100","mode":1,"bucket_ms":100,"sequence":217,"run_start_micros":1788887902528990,"scheduled_at_micros":1788887924328990,"fired_at_micros":1788887926295775,"drift_micros":1966785}]}}
1788887944810281 {"observation":{"deletes":[],"inserts":[{"id":907,"run_id":"idle-oneshot-100","mode":0,"bucket_ms":100,"sequence":218,"run_start_micros":1788887902435256,"scheduled_at_micros":1788887924335256,"fired_at_micros":1788887926311230,"drift_micros":1975974}]}}
1788887944972961 {"observation":{"deletes":[],"inserts":[{"id":908,"run_id":"idle-interval-500","mode":1,"bucket_ms":500,"sequence":45,"run_start_micros":1788887902802197,"scheduled_at_micros":1788887925802197,"fired_at_micros":1788887926342789,"drift_micros":540592}]}}
1788887944993599 {"observation":{"deletes":[],"inserts":[{"id":909,"run_id":"idle-anchored-100","mode":3,"bucket_ms":100,"sequence":238,"run_start_micros":1788887902483083,"scheduled_at_micros":1788887926383083,"fired_at_micros":1788887926389169,"drift_micros":6086}]}}
1788887945012807 {"observation":{"deletes":[],"inserts":[{"id":910,"run_id":"idle-interval-100","mode":1,"bucket_ms":100,"sequence":218,"run_start_micros":1788887902528990,"scheduled_at_micros":1788887924428990,"fired_at_micros":1788887926404141,"drift_micros":1975151}]}}
1788887945179427 {"observation":{"deletes":[],"inserts":[{"id":911,"run_id":"idle-oneshot-100","mode":0,"bucket_ms":100,"sequence":219,"run_start_micros":1788887902435256,"scheduled_at_micros":1788887924435256,"fired_at_micros":1788887926419826,"drift_micros":1984570}]}}
1788887945200287 {"observation":{"deletes":[],"inserts":[{"id":912,"run_id":"idle-anchored-100","mode":3,"bucket_ms":100,"sequence":239,"run_start_micros":1788887902483083,"scheduled_at_micros":1788887926483083,"fired_at_micros":1788887926498230,"drift_micros":15147}]}}
1788887945218211 {"observation":{"deletes":[],"inserts":[{"id":913,"run_id":"idle-interval-1000","mode":1,"bucket_ms":1000,"sequence":22,"run_start_micros":1788887903272705,"scheduled_at_micros":1788887926272705,"fired_at_micros":1788887926513505,"drift_micros":240800}]}}
1788887945379371 {"observation":{"deletes":[],"inserts":[{"id":914,"run_id":"idle-interval-100","mode":1,"bucket_ms":100,"sequence":219,"run_start_micros":1788887902528990,"scheduled_at_micros":1788887924528990,"fired_at_micros":1788887926513666,"drift_micros":1984676}]}}
1788887945400833 {"observation":{"deletes":[],"inserts":[{"id":915,"run_id":"idle-oneshot-100","mode":0,"bucket_ms":100,"sequence":220,"run_start_micros":1788887902435256,"scheduled_at_micros":1788887924535256,"fired_at_micros":1788887926529017,"drift_micros":1993761}]}}
1788887945568382 {"observation":{"deletes":[],"inserts":[{"id":916,"run_id":"idle-interval-work50-1000","mode":1,"bucket_ms":1000,"sequence":20,"run_start_micros":1788887905341007,"scheduled_at_micros":1788887926341007,"fired_at_micros":1788887926575551,"drift_micros":234544}]}}
1788887945736638 {"observation":{"deletes":[],"inserts":[{"id":917,"run_id":"idle-anchored-100","mode":3,"bucket_ms":100,"sequence":240,"run_start_micros":1788887902483083,"scheduled_at_micros":1788887926583083,"fired_at_micros":1788887926590510,"drift_micros":7427}]}}
1788887945911590 {"observation":{"deletes":[],"inserts":[{"id":918,"run_id":"idle-interval-100","mode":1,"bucket_ms":100,"sequence":220,"run_start_micros":1788887902528990,"scheduled_at_micros":1788887924628990,"fired_at_micros":1788887926621712,"drift_micros":1992722}]}}
1788887946085249 {"observation":{"deletes":[],"inserts":[{"id":919,"run_id":"idle-oneshot-100","mode":0,"bucket_ms":100,"sequence":221,"run_start_micros":1788887902435256,"scheduled_at_micros":1788887924635256,"fired_at_micros":1788887926637242,"drift_micros":2001986}]}}
1788887946255083 {"observation":{"deletes":[],"inserts":[{"id":920,"run_id":"idle-anchored-100","mode":3,"bucket_ms":100,"sequence":241,"run_start_micros":1788887902483083,"scheduled_at_micros":1788887926683083,"fired_at_micros":1788887926684318,"drift_micros":1235}]}}
1788887946421872 {"observation":{"deletes":[],"inserts":[{"id":921,"run_id":"idle-interval-100","mode":1,"bucket_ms":100,"sequence":221,"run_start_micros":1788887902528990,"scheduled_at_micros":1788887924728990,"fired_at_micros":1788887926730891,"drift_micros":2001901}]}}
1788887946592765 {"observation":{"deletes":[],"inserts":[{"id":922,"run_id":"idle-oneshot-100","mode":0,"bucket_ms":100,"sequence":222,"run_start_micros":1788887902435256,"scheduled_at_micros":1788887924735256,"fired_at_micros":1788887926746445,"drift_micros":2011189}]}}
1788887946759668 {"observation":{"deletes":[],"inserts":[{"id":923,"run_id":"idle-anchored-500","mode":3,"bucket_ms":500,"sequence":47,"run_start_micros":1788887902755558,"scheduled_at_micros":1788887926755558,"fired_at_micros":1788887926762200,"drift_micros":6642}]}}
1788887947077194 {"observation":{"deletes":[],"inserts":[{"id":924,"run_id":"idle-oneshot-500","mode":0,"bucket_ms":500,"sequence":46,"run_start_micros":1788887902710258,"scheduled_at_micros":1788887926210258,"fired_at_micros":1788887926778270,"drift_micros":568012}]}}
1788887947095545 {"observation":{"deletes":[],"inserts":[{"id":925,"run_id":"idle-anchored-100","mode":3,"bucket_ms":100,"sequence":242,"run_start_micros":1788887902483083,"scheduled_at_micros":1788887926783083,"fired_at_micros":1788887926793253,"drift_micros":10170}]}}
1788887947116755 {"observation":{"deletes":[],"inserts":[{"id":926,"run_id":"idle-interval-100","mode":1,"bucket_ms":100,"sequence":222,"run_start_micros":1788887902528990,"scheduled_at_micros":1788887924828990,"fired_at_micros":1788887926839849,"drift_micros":2010859}]}}
1788887947138348 {"observation":{"deletes":[],"inserts":[{"id":927,"run_id":"idle-interval-500","mode":1,"bucket_ms":500,"sequence":46,"run_start_micros":1788887902802197,"scheduled_at_micros":1788887926302197,"fired_at_micros":1788887926856078,"drift_micros":553881}]}}
1788887947159395 {"observation":{"deletes":[],"inserts":[{"id":928,"run_id":"idle-oneshot-100","mode":0,"bucket_ms":100,"sequence":223,"run_start_micros":1788887902435256,"scheduled_at_micros":1788887924835256,"fired_at_micros":1788887926856204,"drift_micros":2020948}]}}
1788887947178682 {"observation":{"deletes":[],"inserts":[{"id":929,"run_id":"idle-anchored-100","mode":3,"bucket_ms":100,"sequence":243,"run_start_micros":1788887902483083,"scheduled_at_micros":1788887926883083,"fired_at_micros":1788887926888714,"drift_micros":5631}]}}
1788887947199521 {"observation":{"deletes":[],"inserts":[{"id":930,"run_id":"idle-interval-100","mode":1,"bucket_ms":100,"sequence":223,"run_start_micros":1788887902528990,"scheduled_at_micros":1788887924928990,"fired_at_micros":1788887926950616,"drift_micros":2021626}]}}
1788887947217858 {"observation":{"deletes":[],"inserts":[{"id":931,"run_id":"idle-oneshot-100","mode":0,"bucket_ms":100,"sequence":224,"run_start_micros":1788887902435256,"scheduled_at_micros":1788887924935256,"fired_at_micros":1788887926965830,"drift_micros":2030574}]}}
1788887947390319 {"observation":{"deletes":[],"inserts":[{"id":932,"run_id":"idle-anchored-100","mode":3,"bucket_ms":100,"sequence":244,"run_start_micros":1788887902483083,"scheduled_at_micros":1788887926983083,"fired_at_micros":1788887926997327,"drift_micros":14244}]}}
1788887947410479 {"observation":{"deletes":[],"inserts":[{"id":933,"run_id":"idle-interval-100","mode":1,"bucket_ms":100,"sequence":224,"run_start_micros":1788887902528990,"scheduled_at_micros":1788887925028990,"fired_at_micros":1788887927059647,"drift_micros":2030657}]}}
1788887947429304 {"observation":{"deletes":[],"inserts":[{"id":934,"run_id":"idle-oneshot-100","mode":0,"bucket_ms":100,"sequence":225,"run_start_micros":1788887902435256,"scheduled_at_micros":1788887925035256,"fired_at_micros":1788887927075246,"drift_micros":2039990}]}}
1788887947449716 {"observation":{"deletes":[],"inserts":[{"id":935,"run_id":"idle-anchored-1000","mode":3,"bucket_ms":1000,"sequence":23,"run_start_micros":1788887903070531,"scheduled_at_micros":1788887927070531,"fired_at_micros":1788887927075363,"drift_micros":4832}]}}
1788887947467669 {"observation":{"deletes":[],"inserts":[{"id":936,"run_id":"idle-anchored-100","mode":3,"bucket_ms":100,"sequence":245,"run_start_micros":1788887902483083,"scheduled_at_micros":1788887927083083,"fired_at_micros":1788887927090647,"drift_micros":7564}]}}
1788887947488033 {"observation":{"deletes":[],"inserts":[{"id":937,"run_id":"idle-interval-100","mode":1,"bucket_ms":100,"sequence":225,"run_start_micros":1788887902528990,"scheduled_at_micros":1788887925128990,"fired_at_micros":1788887927168689,"drift_micros":2039699}]}}
1788887947505837 {"observation":{"deletes":[],"inserts":[{"id":938,"run_id":"idle-oneshot-100","mode":0,"bucket_ms":100,"sequence":226,"run_start_micros":1788887902435256,"scheduled_at_micros":1788887925135256,"fired_at_micros":1788887927184751,"drift_micros":2049495}]}}
1788887947671896 {"observation":{"deletes":[],"inserts":[{"id":939,"run_id":"idle-anchored-100","mode":3,"bucket_ms":100,"sequence":246,"run_start_micros":1788887902483083,"scheduled_at_micros":1788887927183083,"fired_at_micros":1788887927184880,"drift_micros":1797}]}}
1788887947690409 {"observation":{"deletes":[],"inserts":[{"id":940,"run_id":"idle-anchored-500","mode":3,"bucket_ms":500,"sequence":48,"run_start_micros":1788887902755558,"scheduled_at_micros":1788887927255558,"fired_at_micros":1788887927261358,"drift_micros":5800}]}}
1788887947707918 {"observation":{"deletes":[],"inserts":[{"id":941,"run_id":"idle-oneshot-1000","mode":0,"bucket_ms":1000,"sequence":23,"run_start_micros":1788887903021315,"scheduled_at_micros":1788887927021315,"fired_at_micros":1788887927277689,"drift_micros":256374}]}}
1788887947725822 {"observation":{"deletes":[],"inserts":[{"id":942,"run_id":"idle-interval-100","mode":1,"bucket_ms":100,"sequence":226,"run_start_micros":1788887902528990,"scheduled_at_micros":1788887925228990,"fired_at_micros":1788887927277807,"drift_micros":2048817}]}}
1788887947743629 {"observation":{"deletes":[],"inserts":[{"id":943,"run_id":"idle-oneshot-500","mode":0,"bucket_ms":500,"sequence":47,"run_start_micros":1788887902710258,"scheduled_at_micros":1788887926710258,"fired_at_micros":1788887927293280,"drift_micros":583022}]}}
1788887947761153 {"observation":{"deletes":[],"inserts":[{"id":944,"run_id":"idle-anchored-100","mode":3,"bucket_ms":100,"sequence":247,"run_start_micros":1788887902483083,"scheduled_at_micros":1788887927283083,"fired_at_micros":1788887927293386,"drift_micros":10303}]}}
1788887947780833 {"observation":{"deletes":[],"inserts":[{"id":945,"run_id":"idle-oneshot-100","mode":0,"bucket_ms":100,"sequence":227,"run_start_micros":1788887902435256,"scheduled_at_micros":1788887925235256,"fired_at_micros":1788887927293472,"drift_micros":2058216}]}}
1788887947947899 {"observation":{"deletes":[],"inserts":[{"id":946,"run_id":"idle-interval-500","mode":1,"bucket_ms":500,"sequence":47,"run_start_micros":1788887902802197,"scheduled_at_micros":1788887926802197,"fired_at_micros":1788887927370385,"drift_micros":568188}]}}
1788887947966238 {"observation":{"deletes":[],"inserts":[{"id":947,"run_id":"idle-interval-100","mode":1,"bucket_ms":100,"sequence":227,"run_start_micros":1788887902528990,"scheduled_at_micros":1788887925328990,"fired_at_micros":1788887927386472,"drift_micros":2057482}]}}
1788887947984576 {"observation":{"deletes":[],"inserts":[{"id":948,"run_id":"idle-anchored-100","mode":3,"bucket_ms":100,"sequence":248,"run_start_micros":1788887902483083,"scheduled_at_micros":1788887927383083,"fired_at_micros":1788887927386541,"drift_micros":3458}]}}
1788887948002457 {"observation":{"deletes":[],"inserts":[{"id":949,"run_id":"idle-oneshot-100","mode":0,"bucket_ms":100,"sequence":228,"run_start_micros":1788887902435256,"scheduled_at_micros":1788887925335256,"fired_at_micros":1788887927402114,"drift_micros":2066858}]}}
1788887948020272 {"observation":{"deletes":[],"inserts":[{"id":950,"run_id":"idle-anchored-100","mode":3,"bucket_ms":100,"sequence":249,"run_start_micros":1788887902483083,"scheduled_at_micros":1788887927483083,"fired_at_micros":1788887927496202,"drift_micros":13119}]}}
1788887948037509 {"observation":{"deletes":[],"inserts":[{"id":951,"run_id":"idle-interval-100","mode":1,"bucket_ms":100,"sequence":228,"run_start_micros":1788887902528990,"scheduled_at_micros":1788887925428990,"fired_at_micros":1788887927496374,"drift_micros":2067384}]}}
1788887948200326 {"observation":{"deletes":[],"inserts":[{"id":952,"run_id":"idle-oneshot-100","mode":0,"bucket_ms":100,"sequence":229,"run_start_micros":1788887902435256,"scheduled_at_micros":1788887925435256,"fired_at_micros":1788887927511865,"drift_micros":2076609}]}}
1788887948218728 {"observation":{"deletes":[],"inserts":[{"id":953,"run_id":"idle-interval-1000","mode":1,"bucket_ms":1000,"sequence":23,"run_start_micros":1788887903272705,"scheduled_at_micros":1788887927272705,"fired_at_micros":1788887927527510,"drift_micros":254805}]}}
1788887948236370 {"observation":{"deletes":[],"inserts":[{"id":954,"run_id":"idle-interval-work50-1000","mode":1,"bucket_ms":1000,"sequence":21,"run_start_micros":1788887905341007,"scheduled_at_micros":1788887927341007,"fired_at_micros":1788887927589947,"drift_micros":248940}]}}
1788887948253993 {"observation":{"deletes":[],"inserts":[{"id":955,"run_id":"idle-anchored-100","mode":3,"bucket_ms":100,"sequence":250,"run_start_micros":1788887902483083,"scheduled_at_micros":1788887927583083,"fired_at_micros":1788887927590111,"drift_micros":7028}]}}
1788887948273596 {"observation":{"deletes":[],"inserts":[{"id":956,"run_id":"idle-interval-100","mode":1,"bucket_ms":100,"sequence":229,"run_start_micros":1788887902528990,"scheduled_at_micros":1788887925528990,"fired_at_micros":1788887927605545,"drift_micros":2076555}]}}
1788887948438714 {"observation":{"deletes":[],"inserts":[{"id":957,"run_id":"idle-oneshot-100","mode":0,"bucket_ms":100,"sequence":230,"run_start_micros":1788887902435256,"scheduled_at_micros":1788887925535256,"fired_at_micros":1788887927621328,"drift_micros":2086072}]}}
1788887948457626 {"observation":{"deletes":[],"inserts":[{"id":958,"run_id":"idle-anchored-100","mode":3,"bucket_ms":100,"sequence":251,"run_start_micros":1788887902483083,"scheduled_at_micros":1788887927683083,"fired_at_micros":1788887927684521,"drift_micros":1438}]}}
1788887948476041 {"observation":{"deletes":[],"inserts":[{"id":959,"run_id":"idle-interval-100","mode":1,"bucket_ms":100,"sequence":230,"run_start_micros":1788887902528990,"scheduled_at_micros":1788887925628990,"fired_at_micros":1788887927715483,"drift_micros":2086493}]}}
1788887948495812 {"observation":{"deletes":[],"inserts":[{"id":960,"run_id":"idle-oneshot-100","mode":0,"bucket_ms":100,"sequence":231,"run_start_micros":1788887902435256,"scheduled_at_micros":1788887925635256,"fired_at_micros":1788887927731159,"drift_micros":2095903}]}}
1788887948664980 {"observation":{"deletes":[],"inserts":[{"id":961,"run_id":"idle-anchored-500","mode":3,"bucket_ms":500,"sequence":49,"run_start_micros":1788887902755558,"scheduled_at_micros":1788887927755558,"fired_at_micros":1788887927760951,"drift_micros":5393}]}}
1788887948683130 {"observation":{"deletes":[],"inserts":[{"id":962,"run_id":"idle-anchored-100","mode":3,"bucket_ms":100,"sequence":252,"run_start_micros":1788887902483083,"scheduled_at_micros":1788887927783083,"fired_at_micros":1788887927791628,"drift_micros":8545}]}}
1788887948702419 {"observation":{"deletes":[],"inserts":[{"id":963,"run_id":"idle-oneshot-500","mode":0,"bucket_ms":500,"sequence":48,"run_start_micros":1788887902710258,"scheduled_at_micros":1788887927210258,"fired_at_micros":1788887927807603,"drift_micros":597345}]}}
1788887948721218 {"observation":{"deletes":[],"inserts":[{"id":964,"run_id":"idle-interval-100","mode":1,"bucket_ms":100,"sequence":231,"run_start_micros":1788887902528990,"scheduled_at_micros":1788887925728990,"fired_at_micros":1788887927823266,"drift_micros":2094276}]}}
1788887948895217 {"observation":{"deletes":[],"inserts":[{"id":965,"run_id":"idle-oneshot-100","mode":0,"bucket_ms":100,"sequence":232,"run_start_micros":1788887902435256,"scheduled_at_micros":1788887925735256,"fired_at_micros":1788887927838452,"drift_micros":2103196}]}}
1788887948914981 {"observation":{"deletes":[],"inserts":[{"id":966,"run_id":"idle-interval-500","mode":1,"bucket_ms":500,"sequence":48,"run_start_micros":1788887902802197,"scheduled_at_micros":1788887927302197,"fired_at_micros":1788887927885054,"drift_micros":582857}]}}
1788887948933921 {"observation":{"deletes":[],"inserts":[{"id":967,"run_id":"idle-anchored-100","mode":3,"bucket_ms":100,"sequence":253,"run_start_micros":1788887902483083,"scheduled_at_micros":1788887927883083,"fired_at_micros":1788887927885221,"drift_micros":2138}]}}
1788887949105736 {"observation":{"deletes":[],"inserts":[{"id":968,"run_id":"idle-interval-100","mode":1,"bucket_ms":100,"sequence":232,"run_start_micros":1788887902528990,"scheduled_at_micros":1788887925828990,"fired_at_micros":1788887927932885,"drift_micros":2103895}]}}
1788887949125934 {"observation":{"deletes":[],"inserts":[{"id":969,"run_id":"idle-oneshot-100","mode":0,"bucket_ms":100,"sequence":233,"run_start_micros":1788887902435256,"scheduled_at_micros":1788887925835256,"fired_at_micros":1788887927948089,"drift_micros":2112833}]}}
1788887949145003 {"observation":{"deletes":[],"inserts":[{"id":970,"run_id":"idle-anchored-100","mode":3,"bucket_ms":100,"sequence":254,"run_start_micros":1788887902483083,"scheduled_at_micros":1788887927983083,"fired_at_micros":1788887927995439,"drift_micros":12356}]}}
1788887949317517 {"observation":{"deletes":[],"inserts":[{"id":971,"run_id":"idle-interval-100","mode":1,"bucket_ms":100,"sequence":233,"run_start_micros":1788887902528990,"scheduled_at_micros":1788887925928990,"fired_at_micros":1788887928042156,"drift_micros":2113166}]}}
1788887949336514 {"observation":{"deletes":[],"inserts":[{"id":972,"run_id":"idle-oneshot-100","mode":0,"bucket_ms":100,"sequence":234,"run_start_micros":1788887902435256,"scheduled_at_micros":1788887925935256,"fired_at_micros":1788887928058048,"drift_micros":2122792}]}}
1788887949506195 {"observation":{"deletes":[],"inserts":[{"id":973,"run_id":"idle-anchored-1000","mode":3,"bucket_ms":1000,"sequence":24,"run_start_micros":1788887903070531,"scheduled_at_micros":1788887928070531,"fired_at_micros":1788887928072896,"drift_micros":2365}]}}
1788887949524958 {"observation":{"deletes":[],"inserts":[{"id":974,"run_id":"idle-anchored-100","mode":3,"bucket_ms":100,"sequence":255,"run_start_micros":1788887902483083,"scheduled_at_micros":1788887928083083,"fired_at_micros":1788887928088490,"drift_micros":5407}]}}
1788887949686557 {"observation":{"deletes":[],"inserts":[{"id":975,"run_id":"idle-interval-100","mode":1,"bucket_ms":100,"sequence":234,"run_start_micros":1788887902528990,"scheduled_at_micros":1788887926028990,"fired_at_micros":1788887928150511,"drift_micros":2121521}]}}
1788887949853672 {"observation":{"deletes":[],"inserts":[{"id":976,"run_id":"idle-oneshot-100","mode":0,"bucket_ms":100,"sequence":235,"run_start_micros":1788887902435256,"scheduled_at_micros":1788887926035256,"fired_at_micros":1788887928165753,"drift_micros":2130497}]}}
1788887949872444 {"observation":{"deletes":[],"inserts":[{"id":977,"run_id":"idle-anchored-100","mode":3,"bucket_ms":100,"sequence":256,"run_start_micros":1788887902483083,"scheduled_at_micros":1788887928183083,"fired_at_micros":1788887928197064,"drift_micros":13981}]}}
1788887950041374 {"observation":{"deletes":[],"inserts":[{"id":978,"run_id":"idle-interval-100","mode":1,"bucket_ms":100,"sequence":235,"run_start_micros":1788887902528990,"scheduled_at_micros":1788887926128990,"fired_at_micros":1788887928261187,"drift_micros":2132197}]}}
1788887950209397 {"observation":{"deletes":[],"inserts":[{"id":979,"run_id":"idle-anchored-500","mode":3,"bucket_ms":500,"sequence":50,"run_start_micros":1788887902755558,"scheduled_at_micros":1788887928255558,"fired_at_micros":1788887928261298,"drift_micros":5740}]}}
1788887950381738 {"observation":{"deletes":[],"inserts":[{"id":980,"run_id":"idle-oneshot-100","mode":0,"bucket_ms":100,"sequence":236,"run_start_micros":1788887902435256,"scheduled_at_micros":1788887926135256,"fired_at_micros":1788887928276764,"drift_micros":2141508}]}}
1788887950545015 {"observation":{"deletes":[],"inserts":[{"id":981,"run_id":"idle-oneshot-1000","mode":0,"bucket_ms":1000,"sequence":24,"run_start_micros":1788887903021315,"scheduled_at_micros":1788887928021315,"fired_at_micros":1788887928291927,"drift_micros":270612}]}}
1788887950717453 {"observation":{"deletes":[],"inserts":[{"id":982,"run_id":"idle-anchored-100","mode":3,"bucket_ms":100,"sequence":257,"run_start_micros":1788887902483083,"scheduled_at_micros":1788887928283083,"fired_at_micros":1788887928291988,"drift_micros":8905}]}}
1788887951029533 {"observation":{"deletes":[],"inserts":[{"id":983,"run_id":"idle-oneshot-500","mode":0,"bucket_ms":500,"sequence":49,"run_start_micros":1788887902710258,"scheduled_at_micros":1788887927710258,"fired_at_micros":1788887928308107,"drift_micros":597849}]}}
1788887951339143 {"observation":{"deletes":[],"inserts":[{"id":984,"run_id":"idle-interval-100","mode":1,"bucket_ms":100,"sequence":236,"run_start_micros":1788887902528990,"scheduled_at_micros":1788887926228990,"fired_at_micros":1788887928371424,"drift_micros":2142434}]}}
1788887951358010 {"observation":{"deletes":[],"inserts":[{"id":985,"run_id":"idle-oneshot-100","mode":0,"bucket_ms":100,"sequence":237,"run_start_micros":1788887902435256,"scheduled_at_micros":1788887926235256,"fired_at_micros":1788887928386367,"drift_micros":2151111}]}}
1788887951377066 {"observation":{"deletes":[],"inserts":[{"id":986,"run_id":"idle-anchored-100","mode":3,"bucket_ms":100,"sequence":258,"run_start_micros":1788887902483083,"scheduled_at_micros":1788887928383083,"fired_at_micros":1788887928386441,"drift_micros":3358}]}}
1788887951396396 {"observation":{"deletes":[],"inserts":[{"id":987,"run_id":"idle-interval-500","mode":1,"bucket_ms":500,"sequence":49,"run_start_micros":1788887902802197,"scheduled_at_micros":1788887927802197,"fired_at_micros":1788887928386505,"drift_micros":584308}]}}
1788887951413285 {"observation":{"deletes":[],"inserts":[{"id":988,"run_id":"idle-interval-100","mode":1,"bucket_ms":100,"sequence":237,"run_start_micros":1788887902528990,"scheduled_at_micros":1788887926328990,"fired_at_micros":1788887928479033,"drift_micros":2150043}]}}
1788887951431862 {"observation":{"deletes":[],"inserts":[{"id":989,"run_id":"idle-anchored-100","mode":3,"bucket_ms":100,"sequence":259,"run_start_micros":1788887902483083,"scheduled_at_micros":1788887928483083,"fired_at_micros":1788887928494228,"drift_micros":11145}]}}
1788887951449353 {"observation":{"deletes":[],"inserts":[{"id":990,"run_id":"idle-oneshot-100","mode":0,"bucket_ms":100,"sequence":238,"run_start_micros":1788887902435256,"scheduled_at_micros":1788887926335256,"fired_at_micros":1788887928494373,"drift_micros":2159117}]}}
1788887951467473 {"observation":{"deletes":[],"inserts":[{"id":991,"run_id":"idle-interval-1000","mode":1,"bucket_ms":1000,"sequence":24,"run_start_micros":1788887903272705,"scheduled_at_micros":1788887928272705,"fired_at_micros":1788887928540937,"drift_micros":268232}]}}
1788887951628471 {"observation":{"deletes":[],"inserts":[{"id":992,"run_id":"idle-interval-100","mode":1,"bucket_ms":100,"sequence":238,"run_start_micros":1788887902528990,"scheduled_at_micros":1788887926428990,"fired_at_micros":1788887928587536,"drift_micros":2158546}]}}
1788887951646996 {"observation":{"deletes":[],"inserts":[{"id":993,"run_id":"idle-anchored-100","mode":3,"bucket_ms":100,"sequence":260,"run_start_micros":1788887902483083,"scheduled_at_micros":1788887928583083,"fired_at_micros":1788887928587647,"drift_micros":4564}]}}
1788887951672241 {"observation":{"deletes":[],"inserts":[{"id":994,"run_id":"idle-interval-work50-1000","mode":1,"bucket_ms":1000,"sequence":22,"run_start_micros":1788887905341007,"scheduled_at_micros":1788887928341007,"fired_at_micros":1788887928603077,"drift_micros":262070}]}}
1788887951696571 {"observation":{"deletes":[],"inserts":[{"id":995,"run_id":"idle-oneshot-100","mode":0,"bucket_ms":100,"sequence":239,"run_start_micros":1788887902435256,"scheduled_at_micros":1788887926435256,"fired_at_micros":1788887928603160,"drift_micros":2167904}]}}
1788887951719060 {"observation":{"deletes":[],"inserts":[{"id":996,"run_id":"idle-anchored-100","mode":3,"bucket_ms":100,"sequence":261,"run_start_micros":1788887902483083,"scheduled_at_micros":1788887928683083,"fired_at_micros":1788887928697590,"drift_micros":14507}]}}
1788887951739333 {"observation":{"deletes":[],"inserts":[{"id":997,"run_id":"idle-interval-100","mode":1,"bucket_ms":100,"sequence":239,"run_start_micros":1788887902528990,"scheduled_at_micros":1788887926528990,"fired_at_micros":1788887928697754,"drift_micros":2168764}]}}
1788887951912220 {"observation":{"deletes":[],"inserts":[{"id":998,"run_id":"idle-oneshot-100","mode":0,"bucket_ms":100,"sequence":240,"run_start_micros":1788887902435256,"scheduled_at_micros":1788887926535256,"fired_at_micros":1788887928712761,"drift_micros":2177505}]}}
1788887951931367 {"observation":{"deletes":[],"inserts":[{"id":999,"run_id":"idle-anchored-500","mode":3,"bucket_ms":500,"sequence":51,"run_start_micros":1788887902755558,"scheduled_at_micros":1788887928755558,"fired_at_micros":1788887928759817,"drift_micros":4259}]}}
1788887951950531 {"observation":{"deletes":[],"inserts":[{"id":1000,"run_id":"idle-anchored-100","mode":3,"bucket_ms":100,"sequence":262,"run_start_micros":1788887902483083,"scheduled_at_micros":1788887928783083,"fired_at_micros":1788887928790763,"drift_micros":7680}]}}
1788887951969816 {"observation":{"deletes":[],"inserts":[{"id":1001,"run_id":"idle-interval-100","mode":1,"bucket_ms":100,"sequence":240,"run_start_micros":1788887902528990,"scheduled_at_micros":1788887926628990,"fired_at_micros":1788887928806539,"drift_micros":2177549}]}}
1788887951990048 {"observation":{"deletes":[],"inserts":[{"id":1002,"run_id":"idle-oneshot-500","mode":0,"bucket_ms":500,"sequence":50,"run_start_micros":1788887902710258,"scheduled_at_micros":1788887928210258,"fired_at_micros":1788887928822106,"drift_micros":611848}]}}
1788887952157720 {"observation":{"deletes":[],"inserts":[{"id":1003,"run_id":"idle-oneshot-100","mode":0,"bucket_ms":100,"sequence":241,"run_start_micros":1788887902435256,"scheduled_at_micros":1788887926635256,"fired_at_micros":1788887928822250,"drift_micros":2186994}]}}
1788887952175368 {"observation":{"deletes":[],"inserts":[{"id":1004,"run_id":"idle-anchored-100","mode":3,"bucket_ms":100,"sequence":263,"run_start_micros":1788887902483083,"scheduled_at_micros":1788887928883083,"fired_at_micros":1788887928884219,"drift_micros":1136}]}}
1788887952199783 {"observation":{"deletes":[],"inserts":[{"id":1005,"run_id":"idle-interval-500","mode":1,"bucket_ms":500,"sequence":50,"run_start_micros":1788887902802197,"scheduled_at_micros":1788887928302197,"fired_at_micros":1788887928899537,"drift_micros":597340}]}}
1788887952364477 {"observation":{"deletes":[],"inserts":[{"id":1006,"run_id":"idle-interval-100","mode":1,"bucket_ms":100,"sequence":241,"run_start_micros":1788887902528990,"scheduled_at_micros":1788887926728990,"fired_at_micros":1788887928916025,"drift_micros":2187035}]}}
1788887952384560 {"observation":{"deletes":[],"inserts":[{"id":1007,"run_id":"idle-oneshot-100","mode":0,"bucket_ms":100,"sequence":242,"run_start_micros":1788887902435256,"scheduled_at_micros":1788887926735256,"fired_at_micros":1788887928931971,"drift_micros":2196715}]}}
1788887952403452 {"observation":{"deletes":[],"inserts":[{"id":1008,"run_id":"idle-anchored-100","mode":3,"bucket_ms":100,"sequence":264,"run_start_micros":1788887902483083,"scheduled_at_micros":1788887928983083,"fired_at_micros":1788887928993946,"drift_micros":10863}]}}
1788887952570642 {"observation":{"deletes":[],"inserts":[{"id":1009,"run_id":"idle-interval-100","mode":1,"bucket_ms":100,"sequence":242,"run_start_micros":1788887902528990,"scheduled_at_micros":1788887926828990,"fired_at_micros":1788887929024150,"drift_micros":2195160}]}}
1788887952739723 {"observation":{"deletes":[],"inserts":[{"id":1010,"run_id":"idle-oneshot-100","mode":0,"bucket_ms":100,"sequence":243,"run_start_micros":1788887902435256,"scheduled_at_micros":1788887926835256,"fired_at_micros":1788887929039830,"drift_micros":2204574}]}}
1788887952905953 {"observation":{"deletes":[],"inserts":[{"id":1011,"run_id":"idle-anchored-1000","mode":3,"bucket_ms":1000,"sequence":25,"run_start_micros":1788887903070531,"scheduled_at_micros":1788887929070531,"fired_at_micros":1788887929086443,"drift_micros":15912}]}}
1788887953229190 {"observation":{"deletes":[],"inserts":[{"id":1012,"run_id":"idle-anchored-100","mode":3,"bucket_ms":100,"sequence":265,"run_start_micros":1788887902483083,"scheduled_at_micros":1788887929083083,"fired_at_micros":1788887929086556,"drift_micros":3473}]}}
1788887953253463 {"observation":{"deletes":[],"inserts":[{"id":1013,"run_id":"idle-interval-100","mode":1,"bucket_ms":100,"sequence":243,"run_start_micros":1788887902528990,"scheduled_at_micros":1788887926928990,"fired_at_micros":1788887929131914,"drift_micros":2202924}]}}
1788887953272293 {"observation":{"deletes":[],"inserts":[{"id":1014,"run_id":"idle-oneshot-100","mode":0,"bucket_ms":100,"sequence":244,"run_start_micros":1788887902435256,"scheduled_at_micros":1788887926935256,"fired_at_micros":1788887929147521,"drift_micros":2212265}]}}
1788887953293187 {"observation":{"deletes":[],"inserts":[{"id":1015,"run_id":"idle-anchored-100","mode":3,"bucket_ms":100,"sequence":266,"run_start_micros":1788887902483083,"scheduled_at_micros":1788887929183083,"fired_at_micros":1788887929194889,"drift_micros":11806}]}}
1788887953316718 {"observation":{"deletes":[],"inserts":[{"id":1016,"run_id":"idle-interval-100","mode":1,"bucket_ms":100,"sequence":244,"run_start_micros":1788887902528990,"scheduled_at_micros":1788887927028990,"fired_at_micros":1788887929242047,"drift_micros":2213057}]}}
1788887953338032 {"observation":{"deletes":[],"inserts":[{"id":1017,"run_id":"idle-oneshot-100","mode":0,"bucket_ms":100,"sequence":245,"run_start_micros":1788887902435256,"scheduled_at_micros":1788887927035256,"fired_at_micros":1788887929257815,"drift_micros":2222559}]}}
1788887953357485 {"observation":{"deletes":[],"inserts":[{"id":1018,"run_id":"idle-anchored-500","mode":3,"bucket_ms":500,"sequence":52,"run_start_micros":1788887902755558,"scheduled_at_micros":1788887929255558,"fired_at_micros":1788887929257922,"drift_micros":2364}]}}
1788887953376608 {"observation":{"deletes":[],"inserts":[{"id":1019,"run_id":"idle-anchored-100","mode":3,"bucket_ms":100,"sequence":267,"run_start_micros":1788887902483083,"scheduled_at_micros":1788887929283083,"fired_at_micros":1788887929288234,"drift_micros":5151}]}}
1788887953545484 {"observation":{"deletes":[],"inserts":[{"id":1020,"run_id":"idle-oneshot-1000","mode":0,"bucket_ms":1000,"sequence":25,"run_start_micros":1788887903021315,"scheduled_at_micros":1788887929021315,"fired_at_micros":1788887929303675,"drift_micros":282360}]}}
1788887953567492 {"observation":{"deletes":[],"inserts":[{"id":1021,"run_id":"idle-oneshot-500","mode":0,"bucket_ms":500,"sequence":51,"run_start_micros":1788887902710258,"scheduled_at_micros":1788887928710258,"fired_at_micros":1788887929335810,"drift_micros":625552}]}}
1788887953590896 {"observation":{"deletes":[],"inserts":[{"id":1022,"run_id":"idle-interval-100","mode":1,"bucket_ms":100,"sequence":245,"run_start_micros":1788887902528990,"scheduled_at_micros":1788887927128990,"fired_at_micros":1788887929350498,"drift_micros":2221508}]}}
1788887953611281 {"observation":{"deletes":[],"inserts":[{"id":1023,"run_id":"idle-oneshot-100","mode":0,"bucket_ms":100,"sequence":246,"run_start_micros":1788887902435256,"scheduled_at_micros":1788887927135256,"fired_at_micros":1788887929366070,"drift_micros":2230814}]}}
1788887953633291 {"observation":{"deletes":[],"inserts":[{"id":1024,"run_id":"idle-anchored-100","mode":3,"bucket_ms":100,"sequence":268,"run_start_micros":1788887902483083,"scheduled_at_micros":1788887929383083,"fired_at_micros":1788887929397322,"drift_micros":14239}]}}
1788887953805030 {"observation":{"deletes":[],"inserts":[{"id":1025,"run_id":"idle-interval-500","mode":1,"bucket_ms":500,"sequence":51,"run_start_micros":1788887902802197,"scheduled_at_micros":1788887928802197,"fired_at_micros":1788887929413098,"drift_micros":610901}]}}
1788887953826435 {"observation":{"deletes":[],"inserts":[{"id":1026,"run_id":"idle-interval-100","mode":1,"bucket_ms":100,"sequence":246,"run_start_micros":1788887902528990,"scheduled_at_micros":1788887927228990,"fired_at_micros":1788887929459540,"drift_micros":2230550}]}}
1788887953848924 {"observation":{"deletes":[],"inserts":[{"id":1027,"run_id":"idle-oneshot-100","mode":0,"bucket_ms":100,"sequence":247,"run_start_micros":1788887902435256,"scheduled_at_micros":1788887927235256,"fired_at_micros":1788887929475070,"drift_micros":2239814}]}}
1788887954017788 {"observation":{"deletes":[],"inserts":[{"id":1028,"run_id":"idle-anchored-100","mode":3,"bucket_ms":100,"sequence":269,"run_start_micros":1788887902483083,"scheduled_at_micros":1788887929483083,"fired_at_micros":1788887929490729,"drift_micros":7646}]}}
1788887954039856 {"observation":{"deletes":[],"inserts":[{"id":1029,"run_id":"idle-interval-1000","mode":1,"bucket_ms":1000,"sequence":25,"run_start_micros":1788887903272705,"scheduled_at_micros":1788887929272705,"fired_at_micros":1788887929552326,"drift_micros":279621}]}}
1788887954063979 {"observation":{"deletes":[],"inserts":[{"id":1030,"run_id":"idle-interval-100","mode":1,"bucket_ms":100,"sequence":247,"run_start_micros":1788887902528990,"scheduled_at_micros":1788887927328990,"fired_at_micros":1788887929567527,"drift_micros":2238537}]}}
1788887954231595 {"observation":{"deletes":[],"inserts":[{"id":1031,"run_id":"idle-oneshot-100","mode":0,"bucket_ms":100,"sequence":248,"run_start_micros":1788887902435256,"scheduled_at_micros":1788887927335256,"fired_at_micros":1788887929583056,"drift_micros":2247800}]}}
1788887954400056 {"observation":{"deletes":[],"inserts":[{"id":1032,"run_id":"idle-anchored-100","mode":3,"bucket_ms":100,"sequence":270,"run_start_micros":1788887902483083,"scheduled_at_micros":1788887929583083,"fired_at_micros":1788887929584240,"drift_micros":1157}]}}
1788887954570755 {"observation":{"deletes":[],"inserts":[{"id":1033,"run_id":"idle-interval-work50-1000","mode":1,"bucket_ms":1000,"sequence":23,"run_start_micros":1788887905341007,"scheduled_at_micros":1788887929341007,"fired_at_micros":1788887929613720,"drift_micros":272713}]}}
1788887954592388 {"observation":{"deletes":[],"inserts":[{"id":1034,"run_id":"idle-interval-100","mode":1,"bucket_ms":100,"sequence":248,"run_start_micros":1788887902528990,"scheduled_at_micros":1788887927428990,"fired_at_micros":1788887929676520,"drift_micros":2247530}]}}
1788887954761698 {"observation":{"deletes":[],"inserts":[{"id":1035,"run_id":"idle-oneshot-100","mode":0,"bucket_ms":100,"sequence":249,"run_start_micros":1788887902435256,"scheduled_at_micros":1788887927435256,"fired_at_micros":1788887929692148,"drift_micros":2256892}]}}
1788887954929509 {"observation":{"deletes":[],"inserts":[{"id":1036,"run_id":"idle-anchored-100","mode":3,"bucket_ms":100,"sequence":271,"run_start_micros":1788887902483083,"scheduled_at_micros":1788887929683083,"fired_at_micros":1788887929692270,"drift_micros":9187}]}}
1788887955100762 {"observation":{"deletes":[],"inserts":[{"id":1037,"run_id":"idle-anchored-500","mode":3,"bucket_ms":500,"sequence":53,"run_start_micros":1788887902755558,"scheduled_at_micros":1788887929755558,"fired_at_micros":1788887929769931,"drift_micros":14373}]}}
1788887955417600 {"observation":{"deletes":[],"inserts":[{"id":1038,"run_id":"idle-interval-100","mode":1,"bucket_ms":100,"sequence":249,"run_start_micros":1788887902528990,"scheduled_at_micros":1788887927528990,"fired_at_micros":1788887929786439,"drift_micros":2257449}]}}
1788887956172142 {"observation":{"deletes":[],"inserts":[{"id":1039,"run_id":"idle-anchored-100","mode":3,"bucket_ms":100,"sequence":272,"run_start_micros":1788887902483083,"scheduled_at_micros":1788887929783083,"fired_at_micros":1788887929786585,"drift_micros":3502}]}}
1788887956780280 {"observation":{"deletes":[],"inserts":[{"id":1040,"run_id":"idle-oneshot-100","mode":0,"bucket_ms":100,"sequence":250,"run_start_micros":1788887902435256,"scheduled_at_micros":1788887927535256,"fired_at_micros":1788887929802037,"drift_micros":2266781}]}}
1788887956802674 {"observation":{"deletes":[],"inserts":[{"id":1041,"run_id":"idle-oneshot-500","mode":0,"bucket_ms":500,"sequence":52,"run_start_micros":1788887902710258,"scheduled_at_micros":1788887929210258,"fired_at_micros":1788887929848969,"drift_micros":638711}]}}
1788887956826475 {"observation":{"deletes":[],"inserts":[{"id":1042,"run_id":"idle-anchored-100","mode":3,"bucket_ms":100,"sequence":273,"run_start_micros":1788887902483083,"scheduled_at_micros":1788887929883083,"fired_at_micros":1788887929896235,"drift_micros":13152}]}}
1788887956850261 {"observation":{"deletes":[],"inserts":[{"id":1043,"run_id":"idle-interval-100","mode":1,"bucket_ms":100,"sequence":250,"run_start_micros":1788887902528990,"scheduled_at_micros":1788887927628990,"fired_at_micros":1788887929896378,"drift_micros":2267388}]}}
1788887956872784 {"observation":{"deletes":[],"inserts":[{"id":1044,"run_id":"idle-oneshot-100","mode":0,"bucket_ms":100,"sequence":251,"run_start_micros":1788887902435256,"scheduled_at_micros":1788887927635256,"fired_at_micros":1788887929911433,"drift_micros":2276177}]}}
1788887956894324 {"observation":{"deletes":[],"inserts":[{"id":1045,"run_id":"idle-interval-500","mode":1,"bucket_ms":500,"sequence":52,"run_start_micros":1788887902802197,"scheduled_at_micros":1788887929302197,"fired_at_micros":1788887929926979,"drift_micros":624782}]}}
1788887956914022 {"observation":{"deletes":[],"inserts":[{"id":1046,"run_id":"idle-anchored-100","mode":3,"bucket_ms":100,"sequence":274,"run_start_micros":1788887902483083,"scheduled_at_micros":1788887929983083,"fired_at_micros":1788887929990310,"drift_micros":7227}]}}
1788887957091362 {"observation":{"deletes":[],"inserts":[{"id":1047,"run_id":"idle-interval-100","mode":1,"bucket_ms":100,"sequence":251,"run_start_micros":1788887902528990,"scheduled_at_micros":1788887927728990,"fired_at_micros":1788887930005379,"drift_micros":2276389}]}}
1788887957114346 {"observation":{"deletes":[],"inserts":[{"id":1048,"run_id":"idle-oneshot-100","mode":0,"bucket_ms":100,"sequence":252,"run_start_micros":1788887902435256,"scheduled_at_micros":1788887927735256,"fired_at_micros":1788887930020481,"drift_micros":2285225}]}}
1788887957137019 {"observation":{"deletes":[],"inserts":[{"id":1049,"run_id":"idle-anchored-1000","mode":3,"bucket_ms":1000,"sequence":26,"run_start_micros":1788887903070531,"scheduled_at_micros":1788887930070531,"fired_at_micros":1788887930082840,"drift_micros":12309}]}}
1788887957156017 {"observation":{"deletes":[],"inserts":[{"id":1050,"run_id":"idle-anchored-100","mode":3,"bucket_ms":100,"sequence":275,"run_start_micros":1788887902483083,"scheduled_at_micros":1788887930083083,"fired_at_micros":1788887930098552,"drift_micros":15469}]}}
1788887957175057 {"observation":{"deletes":[],"inserts":[{"id":1051,"run_id":"idle-interval-100","mode":1,"bucket_ms":100,"sequence":252,"run_start_micros":1788887902528990,"scheduled_at_micros":1788887927828990,"fired_at_micros":1788887930114192,"drift_micros":2285202}]}}
1788887957193663 {"observation":{"deletes":[],"inserts":[{"id":1052,"run_id":"idle-oneshot-100","mode":0,"bucket_ms":100,"sequence":253,"run_start_micros":1788887902435256,"scheduled_at_micros":1788887927835256,"fired_at_micros":1788887930129327,"drift_micros":2294071}]}}
1788887957360550 {"observation":{"deletes":[],"inserts":[{"id":1053,"run_id":"idle-anchored-100","mode":3,"bucket_ms":100,"sequence":276,"run_start_micros":1788887902483083,"scheduled_at_micros":1788887930183083,"fired_at_micros":1788887930191345,"drift_micros":8262}]}}
1788887957378269 {"observation":{"deletes":[],"inserts":[{"id":1054,"run_id":"idle-interval-100","mode":1,"bucket_ms":100,"sequence":253,"run_start_micros":1788887902528990,"scheduled_at_micros":1788887927928990,"fired_at_micros":1788887930222073,"drift_micros":2293083}]}}
1788887957399565 {"observation":{"deletes":[],"inserts":[{"id":1055,"run_id":"idle-oneshot-100","mode":0,"bucket_ms":100,"sequence":254,"run_start_micros":1788887902435256,"scheduled_at_micros":1788887927935256,"fired_at_micros":1788887930238136,"drift_micros":2302880}]}}
1788887957418067 {"observation":{"deletes":[],"inserts":[{"id":1056,"run_id":"idle-anchored-500","mode":3,"bucket_ms":500,"sequence":54,"run_start_micros":1788887902755558,"scheduled_at_micros":1788887930255558,"fired_at_micros":1788887930268763,"drift_micros":13205}]}}
1788887957436406 {"observation":{"deletes":[],"inserts":[{"id":1057,"run_id":"idle-anchored-100","mode":3,"bucket_ms":100,"sequence":277,"run_start_micros":1788887902483083,"scheduled_at_micros":1788887930283083,"fired_at_micros":1788887930284405,"drift_micros":1322}]}}
1788887957601628 {"observation":{"deletes":[],"inserts":[{"id":1058,"run_id":"idle-oneshot-1000","mode":0,"bucket_ms":1000,"sequence":26,"run_start_micros":1788887903021315,"scheduled_at_micros":1788887930021315,"fired_at_micros":1788887930315771,"drift_micros":294456}]}}
1788887957619661 {"observation":{"deletes":[],"inserts":[{"id":1059,"run_id":"idle-interval-100","mode":1,"bucket_ms":100,"sequence":254,"run_start_micros":1788887902528990,"scheduled_at_micros":1788887928028990,"fired_at_micros":1788887930331409,"drift_micros":2302419}]}}
1788887957636809 {"observation":{"deletes":[],"inserts":[{"id":1060,"run_id":"idle-oneshot-100","mode":0,"bucket_ms":100,"sequence":255,"run_start_micros":1788887902435256,"scheduled_at_micros":1788887928035256,"fired_at_micros":1788887930347014,"drift_micros":2311758}]}}
1788887957653535 {"observation":{"deletes":[],"inserts":[{"id":1061,"run_id":"idle-oneshot-500","mode":0,"bucket_ms":500,"sequence":53,"run_start_micros":1788887902710258,"scheduled_at_micros":1788887929710258,"fired_at_micros":1788887930362914,"drift_micros":652656}]}}
1788887957821074 {"observation":{"deletes":[],"inserts":[{"id":1062,"run_id":"idle-anchored-100","mode":3,"bucket_ms":100,"sequence":278,"run_start_micros":1788887902483083,"scheduled_at_micros":1788887930383083,"fired_at_micros":1788887930393769,"drift_micros":10686}]}}
1788887957840107 {"observation":{"deletes":[],"inserts":[{"id":1063,"run_id":"idle-interval-500","mode":1,"bucket_ms":500,"sequence":53,"run_start_micros":1788887902802197,"scheduled_at_micros":1788887929802197,"fired_at_micros":1788887930440811,"drift_micros":638614}]}}
1788887957859730 {"observation":{"deletes":[],"inserts":[{"id":1064,"run_id":"idle-interval-100","mode":1,"bucket_ms":100,"sequence":255,"run_start_micros":1788887902528990,"scheduled_at_micros":1788887928128990,"fired_at_micros":1788887930440945,"drift_micros":2311955}]}}
1788887958028799 {"observation":{"deletes":[],"inserts":[{"id":1065,"run_id":"idle-oneshot-100","mode":0,"bucket_ms":100,"sequence":256,"run_start_micros":1788887902435256,"scheduled_at_micros":1788887928135256,"fired_at_micros":1788887930456380,"drift_micros":2321124}]}}
1788887958046954 {"observation":{"deletes":[],"inserts":[{"id":1066,"run_id":"idle-anchored-100","mode":3,"bucket_ms":100,"sequence":279,"run_start_micros":1788887902483083,"scheduled_at_micros":1788887930483083,"fired_at_micros":1788887930487684,"drift_micros":4601}]}}
1788887958214756 {"observation":{"deletes":[],"inserts":[{"id":1067,"run_id":"idle-interval-100","mode":1,"bucket_ms":100,"sequence":256,"run_start_micros":1788887902528990,"scheduled_at_micros":1788887928228990,"fired_at_micros":1788887930551126,"drift_micros":2322136}]}}
1788887958388181 {"observation":{"deletes":[],"inserts":[{"id":1068,"run_id":"idle-interval-1000","mode":1,"bucket_ms":1000,"sequence":26,"run_start_micros":1788887903272705,"scheduled_at_micros":1788887930272705,"fired_at_micros":1788887930567065,"drift_micros":294360}]}}
1788887958849885 {"observation":{"deletes":[],"inserts":[{"id":1069,"run_id":"idle-oneshot-100","mode":0,"bucket_ms":100,"sequence":257,"run_start_micros":1788887902435256,"scheduled_at_micros":1788887928235256,"fired_at_micros":1788887930567185,"drift_micros":2331929}]}}
1788887959465750 {"observation":{"deletes":[],"inserts":[{"id":1070,"run_id":"idle-anchored-100","mode":3,"bucket_ms":100,"sequence":280,"run_start_micros":1788887902483083,"scheduled_at_micros":1788887930583083,"fired_at_micros":1788887930599702,"drift_micros":16619}]}}
1788887959484953 {"observation":{"deletes":[],"inserts":[{"id":1071,"run_id":"idle-interval-work50-1000","mode":1,"bucket_ms":1000,"sequence":24,"run_start_micros":1788887905341007,"scheduled_at_micros":1788887930341007,"fired_at_micros":1788887930615239,"drift_micros":274232}]}}
1788887959506232 {"observation":{"deletes":[],"inserts":[{"id":1072,"run_id":"idle-interval-100","mode":1,"bucket_ms":100,"sequence":257,"run_start_micros":1788887902528990,"scheduled_at_micros":1788887928328990,"fired_at_micros":1788887930662638,"drift_micros":2333648}]}}
1788887959526429 {"observation":{"deletes":[],"inserts":[{"id":1073,"run_id":"idle-oneshot-100","mode":0,"bucket_ms":100,"sequence":258,"run_start_micros":1788887902435256,"scheduled_at_micros":1788887928335256,"fired_at_micros":1788887930678937,"drift_micros":2343681}]}}
1788887959546301 {"observation":{"deletes":[],"inserts":[{"id":1074,"run_id":"idle-anchored-100","mode":3,"bucket_ms":100,"sequence":281,"run_start_micros":1788887902483083,"scheduled_at_micros":1788887930683083,"fired_at_micros":1788887930694546,"drift_micros":11463}]}}
1788887959565682 {"observation":{"deletes":[],"inserts":[{"id":1075,"run_id":"idle-anchored-500","mode":3,"bucket_ms":500,"sequence":55,"run_start_micros":1788887902755558,"scheduled_at_micros":1788887930755558,"fired_at_micros":1788887930756857,"drift_micros":1299}]}}
1788887959584454 {"observation":{"deletes":[],"inserts":[{"id":1076,"run_id":"idle-interval-100","mode":1,"bucket_ms":100,"sequence":258,"run_start_micros":1788887902528990,"scheduled_at_micros":1788887928428990,"fired_at_micros":1788887930772011,"drift_micros":2343021}]}}
1788887959602812 {"observation":{"deletes":[],"inserts":[{"id":1077,"run_id":"idle-oneshot-100","mode":0,"bucket_ms":100,"sequence":259,"run_start_micros":1788887902435256,"scheduled_at_micros":1788887928435256,"fired_at_micros":1788887930788299,"drift_micros":2353043}]}}
1788887959621218 {"observation":{"deletes":[],"inserts":[{"id":1078,"run_id":"idle-anchored-100","mode":3,"bucket_ms":100,"sequence":282,"run_start_micros":1788887902483083,"scheduled_at_micros":1788887930783083,"fired_at_micros":1788887930788426,"drift_micros":5343}]}}
1788887959792432 {"observation":{"deletes":[],"inserts":[{"id":1079,"run_id":"idle-oneshot-500","mode":0,"bucket_ms":500,"sequence":54,"run_start_micros":1788887902710258,"scheduled_at_micros":1788887930210258,"fired_at_micros":1788887930867656,"drift_micros":657398}]}}
1788887959812356 {"observation":{"deletes":[],"inserts":[{"id":1080,"run_id":"idle-interval-100","mode":1,"bucket_ms":100,"sequence":259,"run_start_micros":1788887902528990,"scheduled_at_micros":1788887928528990,"fired_at_micros":1788887930883190,"drift_micros":2354200}]}}
1788887959831705 {"observation":{"deletes":[],"inserts":[{"id":1081,"run_id":"idle-anchored-100","mode":3,"bucket_ms":100,"sequence":283,"run_start_micros":1788887902483083,"scheduled_at_micros":1788887930883083,"fired_at_micros":1788887930899043,"drift_micros":15960}]}}
1788887959855573 {"observation":{"deletes":[],"inserts":[{"id":1082,"run_id":"idle-oneshot-100","mode":0,"bucket_ms":100,"sequence":260,"run_start_micros":1788887902435256,"scheduled_at_micros":1788887928535256,"fired_at_micros":1788887930899114,"drift_micros":2363858}]}}
1788887959875682 {"observation":{"deletes":[],"inserts":[{"id":1083,"run_id":"idle-interval-500","mode":1,"bucket_ms":500,"sequence":54,"run_start_micros":1788887902802197,"scheduled_at_micros":1788887930302197,"fired_at_micros":1788887930946734,"drift_micros":644537}]}}
1788887960047054 {"observation":{"deletes":[],"inserts":[{"id":1084,"run_id":"idle-interval-100","mode":1,"bucket_ms":100,"sequence":260,"run_start_micros":1788887902528990,"scheduled_at_micros":1788887928628990,"fired_at_micros":1788887930993574,"drift_micros":2364584}]}}
1788887960065675 {"observation":{"deletes":[],"inserts":[{"id":1085,"run_id":"idle-anchored-100","mode":3,"bucket_ms":100,"sequence":284,"run_start_micros":1788887902483083,"scheduled_at_micros":1788887930983083,"fired_at_micros":1788887930993721,"drift_micros":10638}]}}
1788887960084510 {"observation":{"deletes":[],"inserts":[{"id":1086,"run_id":"idle-oneshot-100","mode":0,"bucket_ms":100,"sequence":261,"run_start_micros":1788887902435256,"scheduled_at_micros":1788887928635256,"fired_at_micros":1788887931009201,"drift_micros":2373945}]}}
1788887960103477 {"observation":{"deletes":[],"inserts":[{"id":1087,"run_id":"idle-anchored-1000","mode":3,"bucket_ms":1000,"sequence":27,"run_start_micros":1788887903070531,"scheduled_at_micros":1788887931070531,"fired_at_micros":1788887931072806,"drift_micros":2275}]}}
1788887960122599 {"observation":{"deletes":[],"inserts":[{"id":1088,"run_id":"idle-anchored-100","mode":3,"bucket_ms":100,"sequence":285,"run_start_micros":1788887902483083,"scheduled_at_micros":1788887931083083,"fired_at_micros":1788887931088959,"drift_micros":5876}]}}
1788887960141162 {"observation":{"deletes":[],"inserts":[{"id":1089,"run_id":"idle-interval-100","mode":1,"bucket_ms":100,"sequence":261,"run_start_micros":1788887902528990,"scheduled_at_micros":1788887928728990,"fired_at_micros":1788887931104052,"drift_micros":2375062}]}}
1788887960160096 {"observation":{"deletes":[],"inserts":[{"id":1090,"run_id":"idle-oneshot-100","mode":0,"bucket_ms":100,"sequence":262,"run_start_micros":1788887902435256,"scheduled_at_micros":1788887928735256,"fired_at_micros":1788887931119711,"drift_micros":2384455}]}}
1788887960177993 {"observation":{"deletes":[],"inserts":[{"id":1091,"run_id":"idle-anchored-100","mode":3,"bucket_ms":100,"sequence":286,"run_start_micros":1788887902483083,"scheduled_at_micros":1788887931183083,"fired_at_micros":1788887931196800,"drift_micros":13717}]}}
1788887960340684 {"observation":{"deletes":[],"inserts":[{"id":1092,"run_id":"idle-interval-100","mode":1,"bucket_ms":100,"sequence":262,"run_start_micros":1788887902528990,"scheduled_at_micros":1788887928828990,"fired_at_micros":1788887931212393,"drift_micros":2383403}]}}
1788887960358514 {"observation":{"deletes":[],"inserts":[{"id":1093,"run_id":"idle-oneshot-100","mode":0,"bucket_ms":100,"sequence":263,"run_start_micros":1788887902435256,"scheduled_at_micros":1788887928835256,"fired_at_micros":1788887931228459,"drift_micros":2393203}]}}
1788887960375233 {"observation":{"deletes":[],"inserts":[{"id":1094,"run_id":"idle-anchored-500","mode":3,"bucket_ms":500,"sequence":56,"run_start_micros":1788887902755558,"scheduled_at_micros":1788887931255558,"fired_at_micros":1788887931259390,"drift_micros":3832}]}}
1788887960393074 {"observation":{"deletes":[],"inserts":[{"id":1095,"run_id":"idle-anchored-100","mode":3,"bucket_ms":100,"sequence":287,"run_start_micros":1788887902483083,"scheduled_at_micros":1788887931283083,"fired_at_micros":1788887931290725,"drift_micros":7642}]}}
1788887960409678 {"observation":{"deletes":[],"inserts":[{"id":1096,"run_id":"idle-interval-100","mode":1,"bucket_ms":100,"sequence":263,"run_start_micros":1788887902528990,"scheduled_at_micros":1788887928928990,"fired_at_micros":1788887931322200,"drift_micros":2393210}]}}
1788887960426673 {"observation":{"deletes":[],"inserts":[{"id":1097,"run_id":"idle-oneshot-1000","mode":0,"bucket_ms":1000,"sequence":27,"run_start_micros":1788887903021315,"scheduled_at_micros":1788887931021315,"fired_at_micros":1788887931322348,"drift_micros":301033}]}}
1788887960443405 {"observation":{"deletes":[],"inserts":[{"id":1098,"run_id":"idle-oneshot-100","mode":0,"bucket_ms":100,"sequence":264,"run_start_micros":1788887902435256,"scheduled_at_micros":1788887928935256,"fired_at_micros":1788887931337798,"drift_micros":2402542}]}}
1788887960611056 {"observation":{"deletes":[],"inserts":[{"id":1099,"run_id":"idle-oneshot-500","mode":0,"bucket_ms":500,"sequence":55,"run_start_micros":1788887902710258,"scheduled_at_micros":1788887930710258,"fired_at_micros":1788887931368980,"drift_micros":658722}]}}
1788887960627966 {"observation":{"deletes":[],"inserts":[{"id":1100,"run_id":"idle-anchored-100","mode":3,"bucket_ms":100,"sequence":288,"run_start_micros":1788887902483083,"scheduled_at_micros":1788887931383083,"fired_at_micros":1788887931384494,"drift_micros":1411}]}}
1788887960646146 {"observation":{"deletes":[],"inserts":[{"id":1101,"run_id":"idle-interval-100","mode":1,"bucket_ms":100,"sequence":264,"run_start_micros":1788887902528990,"scheduled_at_micros":1788887929028990,"fired_at_micros":1788887931431940,"drift_micros":2402950}]}}
1788887960663516 {"observation":{"deletes":[],"inserts":[{"id":1102,"run_id":"idle-oneshot-100","mode":0,"bucket_ms":100,"sequence":265,"run_start_micros":1788887902435256,"scheduled_at_micros":1788887929035256,"fired_at_micros":1788887931446882,"drift_micros":2411626}]}}
1788887960680246 {"observation":{"deletes":[],"inserts":[{"id":1103,"run_id":"idle-interval-500","mode":1,"bucket_ms":500,"sequence":55,"run_start_micros":1788887902802197,"scheduled_at_micros":1788887930802197,"fired_at_micros":1788887931462419,"drift_micros":660222}]}}
1788887960843335 {"observation":{"deletes":[],"inserts":[{"id":1104,"run_id":"idle-anchored-100","mode":3,"bucket_ms":100,"sequence":289,"run_start_micros":1788887902483083,"scheduled_at_micros":1788887931483083,"fired_at_micros":1788887931493632,"drift_micros":10549}]}}
1788887960863349 {"observation":{"deletes":[],"inserts":[{"id":1105,"run_id":"idle-interval-100","mode":1,"bucket_ms":100,"sequence":265,"run_start_micros":1788887902528990,"scheduled_at_micros":1788887929128990,"fired_at_micros":1788887931539945,"drift_micros":2410955}]}}
1788887960879690 {"observation":{"deletes":[],"inserts":[{"id":1106,"run_id":"idle-oneshot-100","mode":0,"bucket_ms":100,"sequence":266,"run_start_micros":1788887902435256,"scheduled_at_micros":1788887929135256,"fired_at_micros":1788887931555535,"drift_micros":2420279}]}}
1788887960896195 {"observation":{"deletes":[],"inserts":[{"id":1107,"run_id":"idle-interval-1000","mode":1,"bucket_ms":1000,"sequence":27,"run_start_micros":1788887903272705,"scheduled_at_micros":1788887931272705,"fired_at_micros":1788887931571493,"drift_micros":298788}]}}
1788887961064823 {"observation":{"deletes":[],"inserts":[{"id":1108,"run_id":"idle-anchored-100","mode":3,"bucket_ms":100,"sequence":290,"run_start_micros":1788887902483083,"scheduled_at_micros":1788887931583083,"fired_at_micros":1788887931588096,"drift_micros":5013}]}}
1788887961084427 {"observation":{"deletes":[],"inserts":[{"id":1109,"run_id":"idle-interval-work50-1000","mode":1,"bucket_ms":1000,"sequence":25,"run_start_micros":1788887905341007,"scheduled_at_micros":1788887931341007,"fired_at_micros":1788887931618755,"drift_micros":277748}]}}
1788887961103207 {"observation":{"deletes":[],"inserts":[{"id":1110,"run_id":"idle-interval-100","mode":1,"bucket_ms":100,"sequence":266,"run_start_micros":1788887902528990,"scheduled_at_micros":1788887929228990,"fired_at_micros":1788887931650104,"drift_micros":2421114}]}}
1788887961122641 {"observation":{"deletes":[],"inserts":[{"id":1111,"run_id":"idle-oneshot-100","mode":0,"bucket_ms":100,"sequence":267,"run_start_micros":1788887902435256,"scheduled_at_micros":1788887929235256,"fired_at_micros":1788887931665556,"drift_micros":2430300}]}}
1788887961295311 {"observation":{"deletes":[],"inserts":[{"id":1112,"run_id":"idle-anchored-100","mode":3,"bucket_ms":100,"sequence":291,"run_start_micros":1788887902483083,"scheduled_at_micros":1788887931683083,"fired_at_micros":1788887931696780,"drift_micros":13697}]}}
1788887961314440 {"observation":{"deletes":[],"inserts":[{"id":1113,"run_id":"idle-interval-100","mode":1,"bucket_ms":100,"sequence":267,"run_start_micros":1788887902528990,"scheduled_at_micros":1788887929328990,"fired_at_micros":1788887931759094,"drift_micros":2430104}]}}
1788887961333204 {"observation":{"deletes":[],"inserts":[{"id":1114,"run_id":"idle-anchored-500","mode":3,"bucket_ms":500,"sequence":57,"run_start_micros":1788887902755558,"scheduled_at_micros":1788887931755558,"fired_at_micros":1788887931759223,"drift_micros":3665}]}}
1788887961504777 {"observation":{"deletes":[],"inserts":[{"id":1115,"run_id":"idle-oneshot-100","mode":0,"bucket_ms":100,"sequence":268,"run_start_micros":1788887902435256,"scheduled_at_micros":1788887929335256,"fired_at_micros":1788887931774391,"drift_micros":2439135}]}}
1788887961524654 {"observation":{"deletes":[],"inserts":[{"id":1116,"run_id":"idle-anchored-100","mode":3,"bucket_ms":100,"sequence":292,"run_start_micros":1788887902483083,"scheduled_at_micros":1788887931783083,"fired_at_micros":1788887931789580,"drift_micros":6497}]}}
1788887961542647 {"observation":{"deletes":[],"inserts":[{"id":1117,"run_id":"idle-interval-100","mode":1,"bucket_ms":100,"sequence":268,"run_start_micros":1788887902528990,"scheduled_at_micros":1788887929428990,"fired_at_micros":1788887931868298,"drift_micros":2439308}]}}
1788887961706111 {"observation":{"deletes":[],"inserts":[{"id":1118,"run_id":"idle-oneshot-500","mode":0,"bucket_ms":500,"sequence":56,"run_start_micros":1788887902710258,"scheduled_at_micros":1788887931210258,"fired_at_micros":1788887931883811,"drift_micros":673553}]}}
1788887961724596 {"observation":{"deletes":[],"inserts":[{"id":1119,"run_id":"idle-oneshot-100","mode":0,"bucket_ms":100,"sequence":269,"run_start_micros":1788887902435256,"scheduled_at_micros":1788887929435256,"fired_at_micros":1788887931883926,"drift_micros":2448670}]}}
1788887961885189 {"observation":{"deletes":[],"inserts":[{"id":1120,"run_id":"idle-anchored-100","mode":3,"bucket_ms":100,"sequence":293,"run_start_micros":1788887902483083,"scheduled_at_micros":1788887931883083,"fired_at_micros":1788887931883987,"drift_micros":904}]}}
1788887962052662 {"observation":{"deletes":[],"inserts":[{"id":1121,"run_id":"idle-interval-500","mode":1,"bucket_ms":500,"sequence":56,"run_start_micros":1788887902802197,"scheduled_at_micros":1788887931302197,"fired_at_micros":1788887931978328,"drift_micros":676131}]}}
1788887962367254 {"observation":{"deletes":[],"inserts":[{"id":1122,"run_id":"idle-interval-100","mode":1,"bucket_ms":100,"sequence":269,"run_start_micros":1788887902528990,"scheduled_at_micros":1788887929528990,"fired_at_micros":1788887931978499,"drift_micros":2449509}]}}
1788887962385431 {"observation":{"deletes":[],"inserts":[{"id":1123,"run_id":"idle-anchored-100","mode":3,"bucket_ms":100,"sequence":294,"run_start_micros":1788887902483083,"scheduled_at_micros":1788887931983083,"fired_at_micros":1788887931994932,"drift_micros":11849}]}}
1788887962403443 {"observation":{"deletes":[],"inserts":[{"id":1124,"run_id":"idle-oneshot-100","mode":0,"bucket_ms":100,"sequence":270,"run_start_micros":1788887902435256,"scheduled_at_micros":1788887929535256,"fired_at_micros":1788887931995067,"drift_micros":2459811}]}}
1788887962421362 {"observation":{"deletes":[],"inserts":[{"id":1125,"run_id":"idle-anchored-1000","mode":3,"bucket_ms":1000,"sequence":28,"run_start_micros":1788887903070531,"scheduled_at_micros":1788887932070531,"fired_at_micros":1788887932072630,"drift_micros":2099}]}}
1788887962438429 {"observation":{"deletes":[],"inserts":[{"id":1126,"run_id":"idle-interval-100","mode":1,"bucket_ms":100,"sequence":270,"run_start_micros":1788887902528990,"scheduled_at_micros":1788887929628990,"fired_at_micros":1788887932088279,"drift_micros":2459289}]}}
1788887962455032 {"observation":{"deletes":[],"inserts":[{"id":1127,"run_id":"idle-anchored-100","mode":3,"bucket_ms":100,"sequence":295,"run_start_micros":1788887902483083,"scheduled_at_micros":1788887932083083,"fired_at_micros":1788887932088428,"drift_micros":5345}]}}
1788887962472098 {"observation":{"deletes":[],"inserts":[{"id":1128,"run_id":"idle-oneshot-100","mode":0,"bucket_ms":100,"sequence":271,"run_start_micros":1788887902435256,"scheduled_at_micros":1788887929635256,"fired_at_micros":1788887932103703,"drift_micros":2468447}]}}
1788887962489747 {"observation":{"deletes":[],"inserts":[{"id":1129,"run_id":"idle-anchored-100","mode":3,"bucket_ms":100,"sequence":296,"run_start_micros":1788887902483083,"scheduled_at_micros":1788887932183083,"fired_at_micros":1788887932195782,"drift_micros":12699}]}}
1788887962507702 {"observation":{"deletes":[],"inserts":[{"id":1130,"run_id":"idle-interval-100","mode":1,"bucket_ms":100,"sequence":271,"run_start_micros":1788887902528990,"scheduled_at_micros":1788887929728990,"fired_at_micros":1788887932195902,"drift_micros":2466912}]}}
1788887962531405 {"observation":{"deletes":[],"inserts":[{"id":1131,"run_id":"idle-oneshot-100","mode":0,"bucket_ms":100,"sequence":272,"run_start_micros":1788887902435256,"scheduled_at_micros":1788887929735256,"fired_at_micros":1788887932210921,"drift_micros":2475665}]}}
1788887962549415 {"observation":{"deletes":[],"inserts":[{"id":1132,"run_id":"idle-anchored-500","mode":3,"bucket_ms":500,"sequence":58,"run_start_micros":1788887902755558,"scheduled_at_micros":1788887932255558,"fired_at_micros":1788887932256915,"drift_micros":1357}]}}
1788887962567545 {"observation":{"deletes":[],"inserts":[{"id":1133,"run_id":"idle-anchored-100","mode":3,"bucket_ms":100,"sequence":297,"run_start_micros":1788887902483083,"scheduled_at_micros":1788887932283083,"fired_at_micros":1788887932287672,"drift_micros":4589}]}}
1788887962730894 {"observation":{"deletes":[],"inserts":[{"id":1134,"run_id":"idle-interval-100","mode":1,"bucket_ms":100,"sequence":272,"run_start_micros":1788887902528990,"scheduled_at_micros":1788887929828990,"fired_at_micros":1788887932303181,"drift_micros":2474191}]}}
1788887962748392 {"observation":{"deletes":[],"inserts":[{"id":1135,"run_id":"idle-oneshot-100","mode":0,"bucket_ms":100,"sequence":273,"run_start_micros":1788887902435256,"scheduled_at_micros":1788887929835256,"fired_at_micros":1788887932318331,"drift_micros":2483075}]}}
1788887962766359 {"observation":{"deletes":[],"inserts":[{"id":1136,"run_id":"idle-oneshot-1000","mode":0,"bucket_ms":1000,"sequence":28,"run_start_micros":1788887903021315,"scheduled_at_micros":1788887932021315,"fired_at_micros":1788887932333880,"drift_micros":312565}]}}
1788887962783690 {"observation":{"deletes":[],"inserts":[{"id":1137,"run_id":"idle-anchored-100","mode":3,"bucket_ms":100,"sequence":298,"run_start_micros":1788887902483083,"scheduled_at_micros":1788887932383083,"fired_at_micros":1788887932396015,"drift_micros":12932}]}}
1788887962801683 {"observation":{"deletes":[],"inserts":[{"id":1138,"run_id":"idle-oneshot-500","mode":0,"bucket_ms":500,"sequence":57,"run_start_micros":1788887902710258,"scheduled_at_micros":1788887931710258,"fired_at_micros":1788887932396189,"drift_micros":685931}]}}
1788887962819010 {"observation":{"deletes":[],"inserts":[{"id":1139,"run_id":"idle-interval-100","mode":1,"bucket_ms":100,"sequence":273,"run_start_micros":1788887902528990,"scheduled_at_micros":1788887929928990,"fired_at_micros":1788887932411615,"drift_micros":2482625}]}}
1788887962836045 {"observation":{"deletes":[],"inserts":[{"id":1140,"run_id":"idle-oneshot-100","mode":0,"bucket_ms":100,"sequence":274,"run_start_micros":1788887902435256,"scheduled_at_micros":1788887929935256,"fired_at_micros":1788887932427164,"drift_micros":2491908}]}}
1788887962854001 {"observation":{"deletes":[],"inserts":[{"id":1141,"run_id":"idle-interval-500","mode":1,"bucket_ms":500,"sequence":57,"run_start_micros":1788887902802197,"scheduled_at_micros":1788887931802197,"fired_at_micros":1788887932489650,"drift_micros":687453}]}}
1788887962872619 {"observation":{"deletes":[],"inserts":[{"id":1142,"run_id":"idle-anchored-100","mode":3,"bucket_ms":100,"sequence":299,"run_start_micros":1788887902483083,"scheduled_at_micros":1788887932483083,"fired_at_micros":1788887932489805,"drift_micros":6722}]}}
1788887962889663 {"observation":{"deletes":[],"inserts":[{"id":1143,"run_id":"idle-interval-100","mode":1,"bucket_ms":100,"sequence":274,"run_start_micros":1788887902528990,"scheduled_at_micros":1788887930028990,"fired_at_micros":1788887932520820,"drift_micros":2491830}]}}
1788887962908295 {"observation":{"deletes":[],"inserts":[{"id":1144,"run_id":"idle-oneshot-100","mode":0,"bucket_ms":100,"sequence":275,"run_start_micros":1788887902435256,"scheduled_at_micros":1788887930035256,"fired_at_micros":1788887932536410,"drift_micros":2501154}]}}
1788887963071168 {"observation":{"deletes":[],"inserts":[{"id":1145,"run_id":"idle-interval-1000","mode":1,"bucket_ms":1000,"sequence":28,"run_start_micros":1788887903272705,"scheduled_at_micros":1788887932272705,"fired_at_micros":1788887932582769,"drift_micros":310064}]}}
1788887963088916 {"observation":{"deletes":[],"inserts":[{"id":1146,"run_id":"idle-anchored-100","mode":3,"bucket_ms":100,"sequence":300,"run_start_micros":1788887902483083,"scheduled_at_micros":1788887932583083,"fired_at_micros":1788887932598898,"drift_micros":15815}]}}
1788887963107422 {"observation":{"deletes":[],"inserts":[{"id":1147,"run_id":"idle-interval-work50-1000","mode":1,"bucket_ms":1000,"sequence":26,"run_start_micros":1788887905341007,"scheduled_at_micros":1788887932341007,"fired_at_micros":1788887932630077,"drift_micros":289070}]}}
1788887963126383 {"observation":{"deletes":[],"inserts":[{"id":1148,"run_id":"idle-interval-100","mode":1,"bucket_ms":100,"sequence":275,"run_start_micros":1788887902528990,"scheduled_at_micros":1788887930128990,"fired_at_micros":1788887932630228,"drift_micros":2501238}]}}
1788887963145635 {"observation":{"deletes":[],"inserts":[{"id":1149,"run_id":"idle-oneshot-100","mode":0,"bucket_ms":100,"sequence":276,"run_start_micros":1788887902435256,"scheduled_at_micros":1788887930135256,"fired_at_micros":1788887932645275,"drift_micros":2510019}]}}
1788887963163845 {"observation":{"deletes":[],"inserts":[{"id":1150,"run_id":"idle-anchored-100","mode":3,"bucket_ms":100,"sequence":301,"run_start_micros":1788887902483083,"scheduled_at_micros":1788887932683083,"fired_at_micros":1788887932690992,"drift_micros":7909}]}}
1788887963183198 {"observation":{"deletes":[],"inserts":[{"id":1151,"run_id":"idle-interval-100","mode":1,"bucket_ms":100,"sequence":276,"run_start_micros":1788887902528990,"scheduled_at_micros":1788887930228990,"fired_at_micros":1788887932737809,"drift_micros":2508819}]}}
1788887963353413 {"observation":{"deletes":[],"inserts":[{"id":1152,"run_id":"idle-oneshot-100","mode":0,"bucket_ms":100,"sequence":277,"run_start_micros":1788887902435256,"scheduled_at_micros":1788887930235256,"fired_at_micros":1788887932753054,"drift_micros":2517798}]}}
1788887963376317 {"observation":{"deletes":[],"inserts":[{"id":1153,"run_id":"idle-anchored-500","mode":3,"bucket_ms":500,"sequence":59,"run_start_micros":1788887902755558,"scheduled_at_micros":1788887932755558,"fired_at_micros":1788887932768672,"drift_micros":13114}]}}
1788887963394559 {"observation":{"deletes":[],"inserts":[{"id":1154,"run_id":"idle-anchored-100","mode":3,"bucket_ms":100,"sequence":302,"run_start_micros":1788887902483083,"scheduled_at_micros":1788887932783083,"fired_at_micros":1788887932784461,"drift_micros":1378}]}}
1788887963413375 {"observation":{"deletes":[],"inserts":[{"id":1155,"run_id":"idle-interval-100","mode":1,"bucket_ms":100,"sequence":277,"run_start_micros":1788887902528990,"scheduled_at_micros":1788887930328990,"fired_at_micros":1788887932848029,"drift_micros":2519039}]}}
1788887963432380 {"observation":{"deletes":[],"inserts":[{"id":1156,"run_id":"idle-oneshot-100","mode":0,"bucket_ms":100,"sequence":278,"run_start_micros":1788887902435256,"scheduled_at_micros":1788887930335256,"fired_at_micros":1788887932864209,"drift_micros":2528953}]}}
1788887963604239 {"observation":{"deletes":[],"inserts":[{"id":1157,"run_id":"idle-anchored-100","mode":3,"bucket_ms":100,"sequence":303,"run_start_micros":1788887902483083,"scheduled_at_micros":1788887932883083,"fired_at_micros":1788887932895715,"drift_micros":12632}]}}
1788887963623548 {"observation":{"deletes":[],"inserts":[{"id":1158,"run_id":"idle-oneshot-500","mode":0,"bucket_ms":500,"sequence":58,"run_start_micros":1788887902710258,"scheduled_at_micros":1788887932210258,"fired_at_micros":1788887932911755,"drift_micros":701497}]}}
1788887963643477 {"observation":{"deletes":[],"inserts":[{"id":1159,"run_id":"idle-interval-100","mode":1,"bucket_ms":100,"sequence":278,"run_start_micros":1788887902528990,"scheduled_at_micros":1788887930428990,"fired_at_micros":1788887932958609,"drift_micros":2529619}]}}
1788887963662642 {"observation":{"deletes":[],"inserts":[{"id":1160,"run_id":"idle-oneshot-100","mode":0,"bucket_ms":100,"sequence":279,"run_start_micros":1788887902435256,"scheduled_at_micros":1788887930435256,"fired_at_micros":1788887932974261,"drift_micros":2539005}]}}
1788887963682439 {"observation":{"deletes":[],"inserts":[{"id":1161,"run_id":"idle-anchored-100","mode":3,"bucket_ms":100,"sequence":304,"run_start_micros":1788887902483083,"scheduled_at_micros":1788887932983083,"fired_at_micros":1788887932989306,"drift_micros":6223}]}}
1788887963701925 {"observation":{"deletes":[],"inserts":[{"id":1162,"run_id":"idle-interval-500","mode":1,"bucket_ms":500,"sequence":58,"run_start_micros":1788887902802197,"scheduled_at_micros":1788887932302197,"fired_at_micros":1788887933004914,"drift_micros":702717}]}}
1788887963868628 {"observation":{"deletes":[],"inserts":[{"id":1163,"run_id":"idle-interval-100","mode":1,"bucket_ms":100,"sequence":279,"run_start_micros":1788887902528990,"scheduled_at_micros":1788887930528990,"fired_at_micros":1788887933067297,"drift_micros":2538307}]}}
1788887963886726 {"observation":{"deletes":[],"inserts":[{"id":1164,"run_id":"idle-anchored-1000","mode":3,"bucket_ms":1000,"sequence":29,"run_start_micros":1788887903070531,"scheduled_at_micros":1788887933070531,"fired_at_micros":1788887933082446,"drift_micros":11915}]}}
1788887963903588 {"observation":{"deletes":[],"inserts":[{"id":1165,"run_id":"idle-oneshot-100","mode":0,"bucket_ms":100,"sequence":280,"run_start_micros":1788887902435256,"scheduled_at_micros":1788887930535256,"fired_at_micros":1788887933082562,"drift_micros":2547306}]}}
1788887963920890 {"observation":{"deletes":[],"inserts":[{"id":1166,"run_id":"idle-anchored-100","mode":3,"bucket_ms":100,"sequence":305,"run_start_micros":1788887902483083,"scheduled_at_micros":1788887933083083,"fired_at_micros":1788887933098157,"drift_micros":15074}]}}
1788887964088692 {"observation":{"deletes":[],"inserts":[{"id":1167,"run_id":"idle-interval-100","mode":1,"bucket_ms":100,"sequence":280,"run_start_micros":1788887902528990,"scheduled_at_micros":1788887930628990,"fired_at_micros":1788887933176220,"drift_micros":2547230}]}}
1788887964107245 {"observation":{"deletes":[],"inserts":[{"id":1168,"run_id":"idle-oneshot-100","mode":0,"bucket_ms":100,"sequence":281,"run_start_micros":1788887902435256,"scheduled_at_micros":1788887930635256,"fired_at_micros":1788887933191982,"drift_micros":2556726}]}}
1788887964125474 {"observation":{"deletes":[],"inserts":[{"id":1169,"run_id":"idle-anchored-100","mode":3,"bucket_ms":100,"sequence":306,"run_start_micros":1788887902483083,"scheduled_at_micros":1788887933183083,"fired_at_micros":1788887933192185,"drift_micros":9102}]}}
1788887964143341 {"observation":{"deletes":[],"inserts":[{"id":1170,"run_id":"idle-anchored-500","mode":3,"bucket_ms":500,"sequence":60,"run_start_micros":1788887902755558,"scheduled_at_micros":1788887933255558,"fired_at_micros":1788887933269910,"drift_micros":14352}]}}
1788887964306392 {"observation":{"deletes":[],"inserts":[{"id":1171,"run_id":"idle-interval-100","mode":1,"bucket_ms":100,"sequence":281,"run_start_micros":1788887902528990,"scheduled_at_micros":1788887930728990,"fired_at_micros":1788887933285549,"drift_micros":2556559}]}}
1788887964325850 {"observation":{"deletes":[],"inserts":[{"id":1172,"run_id":"idle-anchored-100","mode":3,"bucket_ms":100,"sequence":307,"run_start_micros":1788887902483083,"scheduled_at_micros":1788887933283083,"fired_at_micros":1788887933285640,"drift_micros":2557}]}}
1788887964344061 {"observation":{"deletes":[],"inserts":[{"id":1173,"run_id":"idle-oneshot-100","mode":0,"bucket_ms":100,"sequence":282,"run_start_micros":1788887902435256,"scheduled_at_micros":1788887930735256,"fired_at_micros":1788887933301200,"drift_micros":2565944}]}}
1788887964507488 {"observation":{"deletes":[],"inserts":[{"id":1174,"run_id":"idle-oneshot-1000","mode":0,"bucket_ms":1000,"sequence":29,"run_start_micros":1788887903021315,"scheduled_at_micros":1788887933021315,"fired_at_micros":1788887933348997,"drift_micros":327682}]}}
1788887964679647 {"observation":{"deletes":[],"inserts":[{"id":1175,"run_id":"idle-anchored-100","mode":3,"bucket_ms":100,"sequence":308,"run_start_micros":1788887902483083,"scheduled_at_micros":1788887933383083,"fired_at_micros":1788887933395657,"drift_micros":12574}]}}
1788887964996091 {"observation":{"deletes":[],"inserts":[{"id":1176,"run_id":"idle-interval-100","mode":1,"bucket_ms":100,"sequence":282,"run_start_micros":1788887902528990,"scheduled_at_micros":1788887930828990,"fired_at_micros":1788887933395819,"drift_micros":2566829}]}}
1788887965319757 {"observation":{"deletes":[],"inserts":[{"id":1177,"run_id":"idle-oneshot-100","mode":0,"bucket_ms":100,"sequence":283,"run_start_micros":1788887902435256,"scheduled_at_micros":1788887930835256,"fired_at_micros":1788887933411758,"drift_micros":2576502}]}}
1788887966078474 {"observation":{"deletes":[],"inserts":[{"id":1178,"run_id":"idle-oneshot-500","mode":0,"bucket_ms":500,"sequence":59,"run_start_micros":1788887902710258,"scheduled_at_micros":1788887932710258,"fired_at_micros":1788887933426944,"drift_micros":716686}]}}
1788887966097758 {"observation":{"deletes":[],"inserts":[{"id":1179,"run_id":"idle-anchored-100","mode":3,"bucket_ms":100,"sequence":309,"run_start_micros":1788887902483083,"scheduled_at_micros":1788887933483083,"fired_at_micros":1788887933488386,"drift_micros":5303}]}}
1788887966120556 {"observation":{"deletes":[],"inserts":[{"id":1180,"run_id":"idle-oneshot-10000","mode":0,"bucket_ms":10000,"sequence":2,"run_start_micros":1788887903469408,"scheduled_at_micros":1788887933469408,"fired_at_micros":1788887933504162,"drift_micros":34754}]}}
1788887966143735 {"observation":{"deletes":[],"inserts":[{"id":1181,"run_id":"idle-interval-100","mode":1,"bucket_ms":100,"sequence":283,"run_start_micros":1788887902528990,"scheduled_at_micros":1788887930928990,"fired_at_micros":1788887933504310,"drift_micros":2575320}]}}
1788887966166868 {"observation":{"deletes":[],"inserts":[{"id":1182,"run_id":"idle-interval-500","mode":1,"bucket_ms":500,"sequence":59,"run_start_micros":1788887902802197,"scheduled_at_micros":1788887932802197,"fired_at_micros":1788887933519774,"drift_micros":717577}]}}
1788887966189075 {"observation":{"deletes":[],"inserts":[{"id":1183,"run_id":"idle-oneshot-100","mode":0,"bucket_ms":100,"sequence":284,"run_start_micros":1788887902435256,"scheduled_at_micros":1788887930935256,"fired_at_micros":1788887933519876,"drift_micros":2584620}]}}
1788887966210124 {"observation":{"deletes":[],"inserts":[{"id":1184,"run_id":"idle-anchored-10000","mode":3,"bucket_ms":10000,"sequence":2,"run_start_micros":1788887903514660,"scheduled_at_micros":1788887933514660,"fired_at_micros":1788887933519939,"drift_micros":5279}]}}
1788887966229770 {"observation":{"deletes":[],"inserts":[{"id":1185,"run_id":"idle-interval-1000","mode":1,"bucket_ms":1000,"sequence":29,"run_start_micros":1788887903272705,"scheduled_at_micros":1788887933272705,"fired_at_micros":1788887933584288,"drift_micros":311583}]}}
1788887966252084 {"observation":{"deletes":[],"inserts":[{"id":1186,"run_id":"idle-anchored-100","mode":3,"bucket_ms":100,"sequence":310,"run_start_micros":1788887902483083,"scheduled_at_micros":1788887933583083,"fired_at_micros":1788887933584404,"drift_micros":1321}]}}
1788887966424615 {"observation":{"deletes":[],"inserts":[{"id":1187,"run_id":"idle-interval-100","mode":1,"bucket_ms":100,"sequence":284,"run_start_micros":1788887902528990,"scheduled_at_micros":1788887931028990,"fired_at_micros":1788887933614773,"drift_micros":2585783}]}}
1788887966446210 {"observation":{"deletes":[],"inserts":[{"id":1188,"run_id":"idle-oneshot-100","mode":0,"bucket_ms":100,"sequence":285,"run_start_micros":1788887902435256,"scheduled_at_micros":1788887931035256,"fired_at_micros":1788887933631375,"drift_micros":2596119}]}}
1788887966465509 {"observation":{"deletes":[],"inserts":[{"id":1189,"run_id":"idle-interval-work50-1000","mode":1,"bucket_ms":1000,"sequence":27,"run_start_micros":1788887905341007,"scheduled_at_micros":1788887933341007,"fired_at_micros":1788887933631496,"drift_micros":290489}]}}
1788887966483774 {"observation":{"deletes":[],"inserts":[{"id":1190,"run_id":"idle-anchored-100","mode":3,"bucket_ms":100,"sequence":311,"run_start_micros":1788887902483083,"scheduled_at_micros":1788887933683083,"fired_at_micros":1788887933693107,"drift_micros":10024}]}}
1788887966503254 {"observation":{"deletes":[],"inserts":[{"id":1191,"run_id":"idle-interval-10000","mode":1,"bucket_ms":10000,"sequence":2,"run_start_micros":1788887903704748,"scheduled_at_micros":1788887933704748,"fired_at_micros":1788887933724246,"drift_micros":19498}]}}
1788887966520925 {"observation":{"deletes":[],"inserts":[{"id":1192,"run_id":"idle-interval-100","mode":1,"bucket_ms":100,"sequence":285,"run_start_micros":1788887902528990,"scheduled_at_micros":1788887931128990,"fired_at_micros":1788887933724352,"drift_micros":2595362}]}}
1788887966538832 {"observation":{"deletes":[],"inserts":[{"id":1193,"run_id":"idle-oneshot-100","mode":0,"bucket_ms":100,"sequence":286,"run_start_micros":1788887902435256,"scheduled_at_micros":1788887931135256,"fired_at_micros":1788887933740325,"drift_micros":2605069}]}}
1788887966557381 {"observation":{"deletes":[],"inserts":[{"id":1194,"run_id":"idle-anchored-500","mode":3,"bucket_ms":500,"sequence":61,"run_start_micros":1788887902755558,"scheduled_at_micros":1788887933755558,"fired_at_micros":1788887933756465,"drift_micros":907}]}}
1788887966578265 {"observation":{"deletes":[],"inserts":[{"id":1195,"run_id":"idle-anchored-100","mode":3,"bucket_ms":100,"sequence":312,"run_start_micros":1788887902483083,"scheduled_at_micros":1788887933783083,"fired_at_micros":1788887933788117,"drift_micros":5034}]}}
1788887966747183 {"observation":{"deletes":[],"inserts":[{"id":1196,"run_id":"idle-interval-100","mode":1,"bucket_ms":100,"sequence":286,"run_start_micros":1788887902528990,"scheduled_at_micros":1788887931228990,"fired_at_micros":1788887933834479,"drift_micros":2605489}]}}
1788887966766386 {"observation":{"deletes":[],"inserts":[{"id":1197,"run_id":"idle-oneshot-100","mode":0,"bucket_ms":100,"sequence":287,"run_start_micros":1788887902435256,"scheduled_at_micros":1788887931235256,"fired_at_micros":1788887933849699,"drift_micros":2614443}]}}
1788887966786468 {"observation":{"deletes":[],"inserts":[{"id":1198,"run_id":"idle-anchored-100","mode":3,"bucket_ms":100,"sequence":313,"run_start_micros":1788887902483083,"scheduled_at_micros":1788887933883083,"fired_at_micros":1788887933896277,"drift_micros":13194}]}}
1788887966805532 {"observation":{"deletes":[],"inserts":[{"id":1199,"run_id":"idle-oneshot-30000","mode":0,"bucket_ms":30000,"sequence":0,"run_start_micros":1788887903907541,"scheduled_at_micros":1788887933907541,"fired_at_micros":1788887933912538,"drift_micros":4997}]}}
1788887966825803 {"observation":{"deletes":[],"inserts":[{"id":1200,"run_id":"idle-oneshot-500","mode":0,"bucket_ms":500,"sequence":60,"run_start_micros":1788887902710258,"scheduled_at_micros":1788887933210258,"fired_at_micros":1788887933928168,"drift_micros":717910}]}}
1788887966847227 {"observation":{"deletes":[],"inserts":[{"id":1201,"run_id":"idle-interval-100","mode":1,"bucket_ms":100,"sequence":287,"run_start_micros":1788887902528990,"scheduled_at_micros":1788887931328990,"fired_at_micros":1788887933943468,"drift_micros":2614478}]}}
1788887966864608 {"observation":{"deletes":[],"inserts":[{"id":1202,"run_id":"idle-oneshot-100","mode":0,"bucket_ms":100,"sequence":288,"run_start_micros":1788887902435256,"scheduled_at_micros":1788887931335256,"fired_at_micros":1788887933958988,"drift_micros":2623732}]}}
1788887966882341 {"observation":{"deletes":[],"inserts":[{"id":1203,"run_id":"idle-anchored-100","mode":3,"bucket_ms":100,"sequence":314,"run_start_micros":1788887902483083,"scheduled_at_micros":1788887933983083,"fired_at_micros":1788887933989464,"drift_micros":6381}]}}
1788887967044242 {"observation":{"deletes":[],"inserts":[{"id":1204,"run_id":"idle-interval-500","mode":1,"bucket_ms":500,"sequence":60,"run_start_micros":1788887902802197,"scheduled_at_micros":1788887933302197,"fired_at_micros":1788887934021137,"drift_micros":718940}]}}
1788887967062546 {"observation":{"deletes":[],"inserts":[{"id":1205,"run_id":"idle-interval-100","mode":1,"bucket_ms":100,"sequence":288,"run_start_micros":1788887902528990,"scheduled_at_micros":1788887931428990,"fired_at_micros":1788887934051684,"drift_micros":2622694}]}}
1788887967084827 {"observation":{"deletes":[],"inserts":[{"id":1206,"run_id":"idle-oneshot-100","mode":0,"bucket_ms":100,"sequence":289,"run_start_micros":1788887902435256,"scheduled_at_micros":1788887931435256,"fired_at_micros":1788887934067594,"drift_micros":2632338}]}}
1788887967108239 {"observation":{"deletes":[],"inserts":[{"id":1207,"run_id":"idle-anchored-1000","mode":3,"bucket_ms":1000,"sequence":30,"run_start_micros":1788887903070531,"scheduled_at_micros":1788887934070531,"fired_at_micros":1788887934083414,"drift_micros":12883}]}}
1788887967286922 {"observation":{"deletes":[],"inserts":[{"id":1208,"run_id":"idle-anchored-100","mode":3,"bucket_ms":100,"sequence":315,"run_start_micros":1788887902483083,"scheduled_at_micros":1788887934083083,"fired_at_micros":1788887934084059,"drift_micros":976}]}}
1788887967311438 {"observation":{"deletes":[],"inserts":[{"id":1209,"run_id":"idle-anchored-30000","mode":3,"bucket_ms":30000,"sequence":0,"run_start_micros":1788887904109510,"scheduled_at_micros":1788887934109510,"fired_at_micros":1788887934113931,"drift_micros":4421}]}}
1788887967333523 {"observation":{"deletes":[],"inserts":[{"id":1210,"run_id":"idle-interval-100","mode":1,"bucket_ms":100,"sequence":289,"run_start_micros":1788887902528990,"scheduled_at_micros":1788887931528990,"fired_at_micros":1788887934161296,"drift_micros":2632306}]}}
1788887967361009 {"observation":{"deletes":[],"inserts":[{"id":1211,"run_id":"idle-interval-30000","mode":1,"bucket_ms":30000,"sequence":0,"run_start_micros":1788887904154249,"scheduled_at_micros":1788887934154249,"fired_at_micros":1788887934161458,"drift_micros":7209}]}}
1788887967536706 {"observation":{"deletes":[],"inserts":[{"id":1212,"run_id":"idle-oneshot-100","mode":0,"bucket_ms":100,"sequence":290,"run_start_micros":1788887902435256,"scheduled_at_micros":1788887931535256,"fired_at_micros":1788887934177938,"drift_micros":2642682}]}}
1788887967557194 {"observation":{"deletes":[],"inserts":[{"id":1213,"run_id":"idle-anchored-100","mode":3,"bucket_ms":100,"sequence":316,"run_start_micros":1788887902483083,"scheduled_at_micros":1788887934183083,"fired_at_micros":1788887934193890,"drift_micros":10807}]}}
1788887967580327 {"observation":{"deletes":[],"inserts":[{"id":1214,"run_id":"idle-anchored-500","mode":3,"bucket_ms":500,"sequence":62,"run_start_micros":1788887902755558,"scheduled_at_micros":1788887934255558,"fired_at_micros":1788887934256908,"drift_micros":1350}]}}
1788887967606950 {"observation":{"deletes":[],"inserts":[{"id":1215,"run_id":"idle-interval-100","mode":1,"bucket_ms":100,"sequence":290,"run_start_micros":1788887902528990,"scheduled_at_micros":1788887931628990,"fired_at_micros":1788887934272437,"drift_micros":2643447}]}}
1788887967625969 {"observation":{"deletes":[],"inserts":[{"id":1216,"run_id":"idle-oneshot-100","mode":0,"bucket_ms":100,"sequence":291,"run_start_micros":1788887902435256,"scheduled_at_micros":1788887931635256,"fired_at_micros":1788887934288670,"drift_micros":2653414}]}}
1788887967791323 {"observation":{"deletes":[],"inserts":[{"id":1217,"run_id":"idle-anchored-100","mode":3,"bucket_ms":100,"sequence":317,"run_start_micros":1788887902483083,"scheduled_at_micros":1788887934283083,"fired_at_micros":1788887934288828,"drift_micros":5745}]}}
1788887967811213 {"observation":{"deletes":[],"inserts":[{"id":1218,"run_id":"idle-oneshot-1000","mode":0,"bucket_ms":1000,"sequence":30,"run_start_micros":1788887903021315,"scheduled_at_micros":1788887934021315,"fired_at_micros":1788887934350064,"drift_micros":328749}]}}
1788887967831364 {"observation":{"deletes":[],"inserts":[{"id":1219,"run_id":"idle-interval-100","mode":1,"bucket_ms":100,"sequence":291,"run_start_micros":1788887902528990,"scheduled_at_micros":1788887931728990,"fired_at_micros":1788887934380698,"drift_micros":2651708}]}}
1788887967850648 {"observation":{"deletes":[],"inserts":[{"id":1220,"run_id":"idle-anchored-100","mode":3,"bucket_ms":100,"sequence":318,"run_start_micros":1788887902483083,"scheduled_at_micros":1788887934383083,"fired_at_micros":1788887934396207,"drift_micros":13124}]}}
1788887968018086 {"observation":{"deletes":[],"inserts":[{"id":1221,"run_id":"idle-oneshot-100","mode":0,"bucket_ms":100,"sequence":292,"run_start_micros":1788887902435256,"scheduled_at_micros":1788887931735256,"fired_at_micros":1788887934396387,"drift_micros":2661131}]}}
1788887968042543 {"observation":{"deletes":[],"inserts":[{"id":1222,"run_id":"idle-oneshot-500","mode":0,"bucket_ms":500,"sequence":61,"run_start_micros":1788887902710258,"scheduled_at_micros":1788887933710258,"fired_at_micros":1788887934442352,"drift_micros":732094}]}}
1788887968066240 {"observation":{"deletes":[],"inserts":[{"id":1223,"run_id":"idle-interval-100","mode":1,"bucket_ms":100,"sequence":292,"run_start_micros":1788887902528990,"scheduled_at_micros":1788887931828990,"fired_at_micros":1788887934488839,"drift_micros":2659849}]}}
1788887968234899 {"observation":{"deletes":[],"inserts":[{"id":1224,"run_id":"idle-anchored-100","mode":3,"bucket_ms":100,"sequence":319,"run_start_micros":1788887902483083,"scheduled_at_micros":1788887934483083,"fired_at_micros":1788887934488957,"drift_micros":5874}]}}
1788887968253568 {"observation":{"deletes":[],"inserts":[{"id":1225,"run_id":"idle-oneshot-100","mode":0,"bucket_ms":100,"sequence":293,"run_start_micros":1788887902435256,"scheduled_at_micros":1788887931835256,"fired_at_micros":1788887934503990,"drift_micros":2668734}]}}
1788887968271904 {"observation":{"deletes":[],"inserts":[{"id":1226,"run_id":"idle-interval-500","mode":1,"bucket_ms":500,"sequence":61,"run_start_micros":1788887902802197,"scheduled_at_micros":1788887933802197,"fired_at_micros":1788887934535148,"drift_micros":732951}]}}
1788887968444159 {"observation":{"deletes":[],"inserts":[{"id":1227,"run_id":"idle-anchored-100","mode":3,"bucket_ms":100,"sequence":320,"run_start_micros":1788887902483083,"scheduled_at_micros":1788887934583083,"fired_at_micros":1788887934596913,"drift_micros":13830}]}}
1788887968658679 {"observation":{"deletes":[],"inserts":[{"id":1228,"run_id":"idle-interval-1000","mode":1,"bucket_ms":1000,"sequence":30,"run_start_micros":1788887903272705,"scheduled_at_micros":1788887934272705,"fired_at_micros":1788887934597043,"drift_micros":324338}]}}
1788887968679538 {"observation":{"deletes":[],"inserts":[{"id":1229,"run_id":"idle-interval-100","mode":1,"bucket_ms":100,"sequence":293,"run_start_micros":1788887902528990,"scheduled_at_micros":1788887931928990,"fired_at_micros":1788887934597117,"drift_micros":2668127}]}}
1788887968852770 {"observation":{"deletes":[],"inserts":[{"id":1230,"run_id":"idle-oneshot-100","mode":0,"bucket_ms":100,"sequence":294,"run_start_micros":1788887902435256,"scheduled_at_micros":1788887931935256,"fired_at_micros":1788887934612350,"drift_micros":2677094}]}}
1788887969018112 {"observation":{"deletes":[],"inserts":[{"id":1231,"run_id":"idle-interval-work50-1000","mode":1,"bucket_ms":1000,"sequence":28,"run_start_micros":1788887905341007,"scheduled_at_micros":1788887934341007,"fired_at_micros":1788887934644455,"drift_micros":303448}]}}
1788887969192590 {"observation":{"deletes":[],"inserts":[{"id":1232,"run_id":"idle-anchored-100","mode":3,"bucket_ms":100,"sequence":321,"run_start_micros":1788887902483083,"scheduled_at_micros":1788887934683083,"fired_at_micros":1788887934691133,"drift_micros":8050}]}}
1788887969358898 {"observation":{"deletes":[],"inserts":[{"id":1233,"run_id":"idle-interval-100","mode":1,"bucket_ms":100,"sequence":294,"run_start_micros":1788887902528990,"scheduled_at_micros":1788887932028990,"fired_at_micros":1788887934707198,"drift_micros":2678208}]}}
1788887969686061 {"observation":{"deletes":[],"inserts":[{"id":1234,"run_id":"idle-oneshot-100","mode":0,"bucket_ms":100,"sequence":295,"run_start_micros":1788887902435256,"scheduled_at_micros":1788887932035256,"fired_at_micros":1788887934723022,"drift_micros":2687766}]}}
1788887970000151 {"observation":{"deletes":[],"inserts":[{"id":1235,"run_id":"idle-anchored-500","mode":3,"bucket_ms":500,"sequence":63,"run_start_micros":1788887902755558,"scheduled_at_micros":1788887934755558,"fired_at_micros":1788887934769601,"drift_micros":14043}]}}
1788887970308703 {"observation":{"deletes":[],"inserts":[{"id":1236,"run_id":"idle-anchored-100","mode":3,"bucket_ms":100,"sequence":322,"run_start_micros":1788887902483083,"scheduled_at_micros":1788887934783083,"fired_at_micros":1788887934784820,"drift_micros":1737}]}}
1788887970327848 {"observation":{"deletes":[],"inserts":[{"id":1237,"run_id":"idle-interval-100","mode":1,"bucket_ms":100,"sequence":295,"run_start_micros":1788887902528990,"scheduled_at_micros":1788887932128990,"fired_at_micros":1788887934816497,"drift_micros":2687507}]}}
1788887970345730 {"observation":{"deletes":[],"inserts":[{"id":1238,"run_id":"idle-oneshot-100","mode":0,"bucket_ms":100,"sequence":296,"run_start_micros":1788887902435256,"scheduled_at_micros":1788887932135256,"fired_at_micros":1788887934832642,"drift_micros":2697386}]}}
1788887970366334 {"observation":{"deletes":[],"inserts":[{"id":1239,"run_id":"idle-anchored-100","mode":3,"bucket_ms":100,"sequence":323,"run_start_micros":1788887902483083,"scheduled_at_micros":1788887934883083,"fired_at_micros":1788887934895623,"drift_micros":12540}]}}
1788887970385662 {"observation":{"deletes":[],"inserts":[{"id":1240,"run_id":"idle-interval-100","mode":1,"bucket_ms":100,"sequence":296,"run_start_micros":1788887902528990,"scheduled_at_micros":1788887932228990,"fired_at_micros":1788887934926845,"drift_micros":2697855}]}}
1788887970404321 {"observation":{"deletes":[],"inserts":[{"id":1241,"run_id":"idle-oneshot-100","mode":0,"bucket_ms":100,"sequence":297,"run_start_micros":1788887902435256,"scheduled_at_micros":1788887932235256,"fired_at_micros":1788887934942209,"drift_micros":2706953}]}}
1788887970423541 {"observation":{"deletes":[],"inserts":[{"id":1242,"run_id":"idle-oneshot-500","mode":0,"bucket_ms":500,"sequence":62,"run_start_micros":1788887902710258,"scheduled_at_micros":1788887934210258,"fired_at_micros":1788887934942910,"drift_micros":732652}]}}
1788887970443480 {"observation":{"deletes":[],"inserts":[{"id":1243,"run_id":"idle-anchored-100","mode":3,"bucket_ms":100,"sequence":324,"run_start_micros":1788887902483083,"scheduled_at_micros":1788887934983083,"fired_at_micros":1788887934988632,"drift_micros":5549}]}}
1788887970465827 {"observation":{"deletes":[],"inserts":[{"id":1244,"run_id":"idle-interval-100","mode":1,"bucket_ms":100,"sequence":297,"run_start_micros":1788887902528990,"scheduled_at_micros":1788887932328990,"fired_at_micros":1788887935034896,"drift_micros":2705906}]}}
1788887970632245 {"observation":{"deletes":[],"inserts":[{"id":1245,"run_id":"idle-interval-500","mode":1,"bucket_ms":500,"sequence":62,"run_start_micros":1788887902802197,"scheduled_at_micros":1788887934302197,"fired_at_micros":1788887935050570,"drift_micros":748373}]}}
1788887970650924 {"observation":{"deletes":[],"inserts":[{"id":1246,"run_id":"idle-oneshot-100","mode":0,"bucket_ms":100,"sequence":298,"run_start_micros":1788887902435256,"scheduled_at_micros":1788887932335256,"fired_at_micros":1788887935050732,"drift_micros":2715476}]}}
1788887970671515 {"observation":{"deletes":[],"inserts":[{"id":1247,"run_id":"idle-anchored-1000","mode":3,"bucket_ms":1000,"sequence":31,"run_start_micros":1788887903070531,"scheduled_at_micros":1788887935070531,"fired_at_micros":1788887935081916,"drift_micros":11385}]}}
1788887970697198 {"observation":{"deletes":[],"inserts":[{"id":1248,"run_id":"idle-anchored-100","mode":3,"bucket_ms":100,"sequence":325,"run_start_micros":1788887902483083,"scheduled_at_micros":1788887935083083,"fired_at_micros":1788887935097387,"drift_micros":14304}]}}
1788887970719142 {"observation":{"deletes":[],"inserts":[{"id":1249,"run_id":"idle-interval-100","mode":1,"bucket_ms":100,"sequence":298,"run_start_micros":1788887902528990,"scheduled_at_micros":1788887932428990,"fired_at_micros":1788887935143422,"drift_micros":2714432}]}}
1788887970894059 {"observation":{"deletes":[],"inserts":[{"id":1250,"run_id":"idle-oneshot-100","mode":0,"bucket_ms":100,"sequence":299,"run_start_micros":1788887902435256,"scheduled_at_micros":1788887932435256,"fired_at_micros":1788887935159597,"drift_micros":2724341}]}}
1788887970917907 {"observation":{"deletes":[],"inserts":[{"id":1251,"run_id":"idle-anchored-100","mode":3,"bucket_ms":100,"sequence":326,"run_start_micros":1788887902483083,"scheduled_at_micros":1788887935183083,"fired_at_micros":1788887935190186,"drift_micros":7103}]}}
1788887970938496 {"observation":{"deletes":[],"inserts":[{"id":1252,"run_id":"idle-interval-100","mode":1,"bucket_ms":100,"sequence":299,"run_start_micros":1788887902528990,"scheduled_at_micros":1788887932528990,"fired_at_micros":1788887935252180,"drift_micros":2723190}]}}
1788887970962848 {"observation":{"deletes":[],"inserts":[{"id":1253,"run_id":"idle-anchored-500","mode":3,"bucket_ms":500,"sequence":64,"run_start_micros":1788887902755558,"scheduled_at_micros":1788887935255558,"fired_at_micros":1788887935268105,"drift_micros":12547}]}}
1788887970984571 {"observation":{"deletes":[],"inserts":[{"id":1254,"run_id":"idle-oneshot-100","mode":0,"bucket_ms":100,"sequence":300,"run_start_micros":1788887902435256,"scheduled_at_micros":1788887932535256,"fired_at_micros":1788887935268250,"drift_micros":2732994}]}}
1788887971153654 {"observation":{"deletes":[],"inserts":[{"id":1255,"run_id":"idle-anchored-100","mode":3,"bucket_ms":100,"sequence":327,"run_start_micros":1788887902483083,"scheduled_at_micros":1788887935283083,"fired_at_micros":1788887935298787,"drift_micros":15704}]}}
1788887971176775 {"observation":{"deletes":[],"inserts":[{"id":1256,"run_id":"idle-oneshot-1000","mode":0,"bucket_ms":1000,"sequence":31,"run_start_micros":1788887903021315,"scheduled_at_micros":1788887935021315,"fired_at_micros":1788887935361748,"drift_micros":340433}]}}
1788887971197814 {"observation":{"deletes":[],"inserts":[{"id":1257,"run_id":"idle-interval-100","mode":1,"bucket_ms":100,"sequence":300,"run_start_micros":1788887902528990,"scheduled_at_micros":1788887932628990,"fired_at_micros":1788887935361871,"drift_micros":2732881}]}}
1788887971217561 {"observation":{"deletes":[],"inserts":[{"id":1258,"run_id":"idle-oneshot-100","mode":0,"bucket_ms":100,"sequence":301,"run_start_micros":1788887902435256,"scheduled_at_micros":1788887932635256,"fired_at_micros":1788887935377287,"drift_micros":2742031}]}}
1788887971236734 {"observation":{"deletes":[],"inserts":[{"id":1259,"run_id":"idle-anchored-100","mode":3,"bucket_ms":100,"sequence":328,"run_start_micros":1788887902483083,"scheduled_at_micros":1788887935383083,"fired_at_micros":1788887935393877,"drift_micros":10794}]}}
1788887971401286 {"observation":{"deletes":[],"inserts":[{"id":1260,"run_id":"idle-oneshot-500","mode":0,"bucket_ms":500,"sequence":63,"run_start_micros":1788887902710258,"scheduled_at_micros":1788887934710258,"fired_at_micros":1788887935455397,"drift_micros":745139}]}}
1788887971422408 {"observation":{"deletes":[],"inserts":[{"id":1261,"run_id":"idle-interval-100","mode":1,"bucket_ms":100,"sequence":301,"run_start_micros":1788887902528990,"scheduled_at_micros":1788887932728990,"fired_at_micros":1788887935471097,"drift_micros":2742107}]}}
1788887971444831 {"observation":{"deletes":[],"inserts":[{"id":1262,"run_id":"idle-oneshot-100","mode":0,"bucket_ms":100,"sequence":302,"run_start_micros":1788887902435256,"scheduled_at_micros":1788887932735256,"fired_at_micros":1788887935486665,"drift_micros":2751409}]}}
1788887971620279 {"observation":{"deletes":[],"inserts":[{"id":1263,"run_id":"idle-anchored-100","mode":3,"bucket_ms":100,"sequence":329,"run_start_micros":1788887902483083,"scheduled_at_micros":1788887935483083,"fired_at_micros":1788887935486744,"drift_micros":3661}]}}
1788887971644286 {"observation":{"deletes":[],"inserts":[{"id":1264,"run_id":"idle-interval-500","mode":1,"bucket_ms":500,"sequence":63,"run_start_micros":1788887902802197,"scheduled_at_micros":1788887934802197,"fired_at_micros":1788887935564469,"drift_micros":762272}]}}
1788887971816293 {"observation":{"deletes":[],"inserts":[{"id":1265,"run_id":"idle-interval-100","mode":1,"bucket_ms":100,"sequence":302,"run_start_micros":1788887902528990,"scheduled_at_micros":1788887932828990,"fired_at_micros":1788887935579721,"drift_micros":2750731}]}}
1788887971835480 {"observation":{"deletes":[],"inserts":[{"id":1266,"run_id":"idle-anchored-100","mode":3,"bucket_ms":100,"sequence":330,"run_start_micros":1788887902483083,"scheduled_at_micros":1788887935583083,"fired_at_micros":1788887935594863,"drift_micros":11780}]}}
1788887971855009 {"observation":{"deletes":[],"inserts":[{"id":1267,"run_id":"idle-oneshot-100","mode":0,"bucket_ms":100,"sequence":303,"run_start_micros":1788887902435256,"scheduled_at_micros":1788887932835256,"fired_at_micros":1788887935595000,"drift_micros":2759744}]}}
1788887971876841 {"observation":{"deletes":[],"inserts":[{"id":1268,"run_id":"idle-interval-1000","mode":1,"bucket_ms":1000,"sequence":31,"run_start_micros":1788887903272705,"scheduled_at_micros":1788887935272705,"fired_at_micros":1788887935610985,"drift_micros":338280}]}}
1788887972047451 {"observation":{"deletes":[],"inserts":[{"id":1269,"run_id":"idle-interval-work50-1000","mode":1,"bucket_ms":1000,"sequence":29,"run_start_micros":1788887905341007,"scheduled_at_micros":1788887935341007,"fired_at_micros":1788887935657984,"drift_micros":316977}]}}
1788887972067946 {"observation":{"deletes":[],"inserts":[{"id":1270,"run_id":"idle-interval-100","mode":1,"bucket_ms":100,"sequence":303,"run_start_micros":1788887902528990,"scheduled_at_micros":1788887932928990,"fired_at_micros":1788887935689671,"drift_micros":2760681}]}}
1788887972240435 {"observation":{"deletes":[],"inserts":[{"id":1271,"run_id":"idle-anchored-100","mode":3,"bucket_ms":100,"sequence":331,"run_start_micros":1788887902483083,"scheduled_at_micros":1788887935683083,"fired_at_micros":1788887935689826,"drift_micros":6743}]}}
1788887972262922 {"observation":{"deletes":[],"inserts":[{"id":1272,"run_id":"idle-oneshot-100","mode":0,"bucket_ms":100,"sequence":304,"run_start_micros":1788887902435256,"scheduled_at_micros":1788887932935256,"fired_at_micros":1788887935704872,"drift_micros":2769616}]}}
1788887972435905 {"observation":{"deletes":[],"inserts":[{"id":1273,"run_id":"idle-anchored-500","mode":3,"bucket_ms":500,"sequence":65,"run_start_micros":1788887902755558,"scheduled_at_micros":1788887935755558,"fired_at_micros":1788887935768335,"drift_micros":12777}]}}
1788887972456085 {"observation":{"deletes":[],"inserts":[{"id":1274,"run_id":"idle-anchored-100","mode":3,"bucket_ms":100,"sequence":332,"run_start_micros":1788887902483083,"scheduled_at_micros":1788887935783083,"fired_at_micros":1788887935799073,"drift_micros":15990}]}}
1788887972629604 {"observation":{"deletes":[],"inserts":[{"id":1275,"run_id":"idle-interval-100","mode":1,"bucket_ms":100,"sequence":304,"run_start_micros":1788887902528990,"scheduled_at_micros":1788887933028990,"fired_at_micros":1788887935799223,"drift_micros":2770233}]}}
1788887972803535 {"observation":{"deletes":[],"inserts":[{"id":1276,"run_id":"idle-oneshot-100","mode":0,"bucket_ms":100,"sequence":305,"run_start_micros":1788887902435256,"scheduled_at_micros":1788887933035256,"fired_at_micros":1788887935815071,"drift_micros":2779815}]}}
1788887973064489 {"observation":{"deletes":[],"inserts":[{"id":1277,"run_id":"idle-anchored-100","mode":3,"bucket_ms":100,"sequence":333,"run_start_micros":1788887902483083,"scheduled_at_micros":1788887935883083,"fired_at_micros":1788887935892603,"drift_micros":9520}]}}
1788887973235891 {"observation":{"deletes":[],"inserts":[{"id":1278,"run_id":"idle-interval-100","mode":1,"bucket_ms":100,"sequence":305,"run_start_micros":1788887902528990,"scheduled_at_micros":1788887933128990,"fired_at_micros":1788887935908163,"drift_micros":2779173}]}}
1788887973405380 {"observation":{"deletes":[],"inserts":[{"id":1279,"run_id":"idle-oneshot-100","mode":0,"bucket_ms":100,"sequence":306,"run_start_micros":1788887902435256,"scheduled_at_micros":1788887933135256,"fired_at_micros":1788887935923416,"drift_micros":2788160}]}}
1788887973572614 {"observation":{"deletes":[],"inserts":[{"id":1280,"run_id":"idle-oneshot-500","mode":0,"bucket_ms":500,"sequence":64,"run_start_micros":1788887902710258,"scheduled_at_micros":1788887935210258,"fired_at_micros":1788887935970836,"drift_micros":760578}]}}
1788887973745212 {"observation":{"deletes":[],"inserts":[{"id":1281,"run_id":"idle-anchored-100","mode":3,"bucket_ms":100,"sequence":334,"run_start_micros":1788887902483083,"scheduled_at_micros":1788887935983083,"fired_at_micros":1788887935986414,"drift_micros":3331}]}}
1788887973921833 {"observation":{"deletes":[],"inserts":[{"id":1282,"run_id":"idle-interval-100","mode":1,"bucket_ms":100,"sequence":306,"run_start_micros":1788887902528990,"scheduled_at_micros":1788887933228990,"fired_at_micros":1788887936017805,"drift_micros":2788815}]}}
1788887974230133 {"observation":{"deletes":[],"inserts":[{"id":1283,"run_id":"idle-oneshot-100","mode":0,"bucket_ms":100,"sequence":307,"run_start_micros":1788887902435256,"scheduled_at_micros":1788887933235256,"fired_at_micros":1788887936033747,"drift_micros":2798491}]}}
1788887974398832 {"observation":{"deletes":[],"inserts":[{"id":1284,"run_id":"idle-interval-500","mode":1,"bucket_ms":500,"sequence":64,"run_start_micros":1788887902802197,"scheduled_at_micros":1788887935302197,"fired_at_micros":1788887936080575,"drift_micros":778378}]}}
1788887974419269 {"observation":{"deletes":[],"inserts":[{"id":1285,"run_id":"idle-anchored-1000","mode":3,"bucket_ms":1000,"sequence":32,"run_start_micros":1788887903070531,"scheduled_at_micros":1788887936070531,"fired_at_micros":1788887936080729,"drift_micros":10198}]}}
1788887974586281 {"observation":{"deletes":[],"inserts":[{"id":1286,"run_id":"idle-anchored-100","mode":3,"bucket_ms":100,"sequence":335,"run_start_micros":1788887902483083,"scheduled_at_micros":1788887936083083,"fired_at_micros":1788887936095680,"drift_micros":12597}]}}
1788887974907296 {"observation":{"deletes":[],"inserts":[{"id":1287,"run_id":"idle-interval-100","mode":1,"bucket_ms":100,"sequence":307,"run_start_micros":1788887902528990,"scheduled_at_micros":1788887933328990,"fired_at_micros":1788887936126510,"drift_micros":2797520}]}}
1788887975074294 {"observation":{"deletes":[],"inserts":[{"id":1288,"run_id":"idle-oneshot-100","mode":0,"bucket_ms":100,"sequence":308,"run_start_micros":1788887902435256,"scheduled_at_micros":1788887933335256,"fired_at_micros":1788887936142609,"drift_micros":2807353}]}}
1788887975390831 {"observation":{"deletes":[],"inserts":[{"id":1289,"run_id":"idle-anchored-100","mode":3,"bucket_ms":100,"sequence":336,"run_start_micros":1788887902483083,"scheduled_at_micros":1788887936183083,"fired_at_micros":1788887936189134,"drift_micros":6051}]}}
1788887975701126 {"observation":{"deletes":[],"inserts":[{"id":1290,"run_id":"idle-interval-100","mode":1,"bucket_ms":100,"sequence":308,"run_start_micros":1788887902528990,"scheduled_at_micros":1788887933428990,"fired_at_micros":1788887936235241,"drift_micros":2806251}]}}
1788887975722101 {"observation":{"deletes":[],"inserts":[{"id":1291,"run_id":"idle-oneshot-100","mode":0,"bucket_ms":100,"sequence":309,"run_start_micros":1788887902435256,"scheduled_at_micros":1788887933435256,"fired_at_micros":1788887936251249,"drift_micros":2815993}]}}
1788887975743863 {"observation":{"deletes":[],"inserts":[{"id":1292,"run_id":"idle-anchored-500","mode":3,"bucket_ms":500,"sequence":66,"run_start_micros":1788887902755558,"scheduled_at_micros":1788887936255558,"fired_at_micros":1788887936267066,"drift_micros":11508}]}}
1788887975766010 {"observation":{"deletes":[],"inserts":[{"id":1293,"run_id":"idle-anchored-100","mode":3,"bucket_ms":100,"sequence":337,"run_start_micros":1788887902483083,"scheduled_at_micros":1788887936283083,"fired_at_micros":1788887936298702,"drift_micros":15619}]}}
1788887975785949 {"observation":{"deletes":[],"inserts":[{"id":1294,"run_id":"idle-interval-100","mode":1,"bucket_ms":100,"sequence":309,"run_start_micros":1788887902528990,"scheduled_at_micros":1788887933528990,"fired_at_micros":1788887936346838,"drift_micros":2817848}]}}
1788887975804647 {"observation":{"deletes":[],"inserts":[{"id":1295,"run_id":"idle-oneshot-100","mode":0,"bucket_ms":100,"sequence":310,"run_start_micros":1788887902435256,"scheduled_at_micros":1788887933535256,"fired_at_micros":1788887936362208,"drift_micros":2826952}]}}
1788887975822124 {"observation":{"deletes":[],"inserts":[{"id":1296,"run_id":"idle-oneshot-1000","mode":0,"bucket_ms":1000,"sequence":32,"run_start_micros":1788887903021315,"scheduled_at_micros":1788887936021315,"fired_at_micros":1788887936363129,"drift_micros":341814}]}}
1788887975991094 {"observation":{"deletes":[],"inserts":[{"id":1297,"run_id":"idle-anchored-100","mode":3,"bucket_ms":100,"sequence":338,"run_start_micros":1788887902483083,"scheduled_at_micros":1788887936383083,"fired_at_micros":1788887936393328,"drift_micros":10245}]}}
1788887976021523 {"observation":{"deletes":[],"inserts":[{"id":1298,"run_id":"idle-interval-100","mode":1,"bucket_ms":100,"sequence":310,"run_start_micros":1788887902528990,"scheduled_at_micros":1788887933628990,"fired_at_micros":1788887936454998,"drift_micros":2826008}]}}
1788887976045871 {"observation":{"deletes":[],"inserts":[{"id":1299,"run_id":"idle-oneshot-100","mode":0,"bucket_ms":100,"sequence":311,"run_start_micros":1788887902435256,"scheduled_at_micros":1788887933635256,"fired_at_micros":1788887936470500,"drift_micros":2835244}]}}
1788887976067498 {"observation":{"deletes":[],"inserts":[{"id":1300,"run_id":"idle-oneshot-500","mode":0,"bucket_ms":500,"sequence":65,"run_start_micros":1788887902710258,"scheduled_at_micros":1788887935710258,"fired_at_micros":1788887936486323,"drift_micros":776065}]}}
1788887976086197 {"observation":{"deletes":[],"inserts":[{"id":1301,"run_id":"idle-anchored-100","mode":3,"bucket_ms":100,"sequence":339,"run_start_micros":1788887902483083,"scheduled_at_micros":1788887936483083,"fired_at_micros":1788887936486458,"drift_micros":3375}]}}
1788887976106485 {"observation":{"deletes":[],"inserts":[{"id":1302,"run_id":"idle-interval-100","mode":1,"bucket_ms":100,"sequence":311,"run_start_micros":1788887902528990,"scheduled_at_micros":1788887933728990,"fired_at_micros":1788887936563447,"drift_micros":2834457}]}}
1788887976127902 {"observation":{"deletes":[],"inserts":[{"id":1303,"run_id":"idle-oneshot-100","mode":0,"bucket_ms":100,"sequence":312,"run_start_micros":1788887902435256,"scheduled_at_micros":1788887933735256,"fired_at_micros":1788887936579585,"drift_micros":2844329}]}}
1788887976146449 {"observation":{"deletes":[],"inserts":[{"id":1304,"run_id":"idle-interval-500","mode":1,"bucket_ms":500,"sequence":65,"run_start_micros":1788887902802197,"scheduled_at_micros":1788887935802197,"fired_at_micros":1788887936595200,"drift_micros":793003}]}}
1788887976314509 {"observation":{"deletes":[],"inserts":[{"id":1305,"run_id":"idle-anchored-100","mode":3,"bucket_ms":100,"sequence":340,"run_start_micros":1788887902483083,"scheduled_at_micros":1788887936583083,"fired_at_micros":1788887936595286,"drift_micros":12203}]}}
1788887976333630 {"observation":{"deletes":[],"inserts":[{"id":1306,"run_id":"idle-interval-1000","mode":1,"bucket_ms":1000,"sequence":32,"run_start_micros":1788887903272705,"scheduled_at_micros":1788887936272705,"fired_at_micros":1788887936625852,"drift_micros":353147}]}}
1788887976351169 {"observation":{"deletes":[],"inserts":[{"id":1307,"run_id":"idle-interval-work50-1000","mode":1,"bucket_ms":1000,"sequence":30,"run_start_micros":1788887905341007,"scheduled_at_micros":1788887936341007,"fired_at_micros":1788887936673100,"drift_micros":332093}]}}
1788887976369492 {"observation":{"deletes":[],"inserts":[{"id":1308,"run_id":"idle-interval-100","mode":1,"bucket_ms":100,"sequence":312,"run_start_micros":1788887902528990,"scheduled_at_micros":1788887933828990,"fired_at_micros":1788887936673347,"drift_micros":2844357}]}}
1788887976389602 {"observation":{"deletes":[],"inserts":[{"id":1309,"run_id":"idle-oneshot-100","mode":0,"bucket_ms":100,"sequence":313,"run_start_micros":1788887902435256,"scheduled_at_micros":1788887933835256,"fired_at_micros":1788887936688634,"drift_micros":2853378}]}}
1788887976407183 {"observation":{"deletes":[],"inserts":[{"id":1310,"run_id":"idle-anchored-100","mode":3,"bucket_ms":100,"sequence":341,"run_start_micros":1788887902483083,"scheduled_at_micros":1788887936683083,"fired_at_micros":1788887936688789,"drift_micros":5706}]}}
1788887976426014 {"observation":{"deletes":[],"inserts":[{"id":1311,"run_id":"idle-anchored-500","mode":3,"bucket_ms":500,"sequence":67,"run_start_micros":1788887902755558,"scheduled_at_micros":1788887936755558,"fired_at_micros":1788887936766573,"drift_micros":11015}]}}
1788887976589600 {"observation":{"deletes":[],"inserts":[{"id":1312,"run_id":"idle-interval-100","mode":1,"bucket_ms":100,"sequence":313,"run_start_micros":1788887902528990,"scheduled_at_micros":1788887933928990,"fired_at_micros":1788887936782882,"drift_micros":2853892}]}}
1788887976610853 {"observation":{"deletes":[],"inserts":[{"id":1313,"run_id":"idle-anchored-100","mode":3,"bucket_ms":100,"sequence":342,"run_start_micros":1788887902483083,"scheduled_at_micros":1788887936783083,"fired_at_micros":1788887936798966,"drift_micros":15883}]}}
1788887976633933 {"observation":{"deletes":[],"inserts":[{"id":1314,"run_id":"idle-oneshot-100","mode":0,"bucket_ms":100,"sequence":314,"run_start_micros":1788887902435256,"scheduled_at_micros":1788887933935256,"fired_at_micros":1788887936799044,"drift_micros":2863788}]}}
1788887976651054 {"observation":{"deletes":[],"inserts":[{"id":1315,"run_id":"idle-interval-100","mode":1,"bucket_ms":100,"sequence":314,"run_start_micros":1788887902528990,"scheduled_at_micros":1788887934028990,"fired_at_micros":1788887936893164,"drift_micros":2864174}]}}
1788887976668227 {"observation":{"deletes":[],"inserts":[{"id":1316,"run_id":"idle-anchored-100","mode":3,"bucket_ms":100,"sequence":343,"run_start_micros":1788887902483083,"scheduled_at_micros":1788887936883083,"fired_at_micros":1788887936893334,"drift_micros":10251}]}}
1788887976686702 {"observation":{"deletes":[],"inserts":[{"id":1317,"run_id":"idle-oneshot-100","mode":0,"bucket_ms":100,"sequence":315,"run_start_micros":1788887902435256,"scheduled_at_micros":1788887934035256,"fired_at_micros":1788887936908395,"drift_micros":2873139}]}}
1788887976704747 {"observation":{"deletes":[],"inserts":[{"id":1318,"run_id":"idle-anchored-100","mode":3,"bucket_ms":100,"sequence":344,"run_start_micros":1788887902483083,"scheduled_at_micros":1788887936983083,"fired_at_micros":1788887936986205,"drift_micros":3122}]}}
1788887976874486 {"observation":{"deletes":[],"inserts":[{"id":1319,"run_id":"idle-oneshot-500","mode":0,"bucket_ms":500,"sequence":66,"run_start_micros":1788887902710258,"scheduled_at_micros":1788887936210258,"fired_at_micros":1788887937001591,"drift_micros":791333}]}}
1788887976893672 {"observation":{"deletes":[],"inserts":[{"id":1320,"run_id":"idle-interval-100","mode":1,"bucket_ms":100,"sequence":315,"run_start_micros":1788887902528990,"scheduled_at_micros":1788887934128990,"fired_at_micros":1788887937001693,"drift_micros":2872703}]}}
1788887976913297 {"observation":{"deletes":[],"inserts":[{"id":1321,"run_id":"idle-oneshot-100","mode":0,"bucket_ms":100,"sequence":316,"run_start_micros":1788887902435256,"scheduled_at_micros":1788887934135256,"fired_at_micros":1788887937017126,"drift_micros":2881870}]}}
1788887976931355 {"observation":{"deletes":[],"inserts":[{"id":1322,"run_id":"idle-anchored-1000","mode":3,"bucket_ms":1000,"sequence":33,"run_start_micros":1788887903070531,"scheduled_at_micros":1788887937070531,"fired_at_micros":1788887937079585,"drift_micros":9054}]}}
1788887976950684 {"observation":{"deletes":[],"inserts":[{"id":1323,"run_id":"idle-anchored-100","mode":3,"bucket_ms":100,"sequence":345,"run_start_micros":1788887902483083,"scheduled_at_micros":1788887937083083,"fired_at_micros":1788887937094835,"drift_micros":11752}]}}
1788887977122371 {"observation":{"deletes":[],"inserts":[{"id":1324,"run_id":"idle-interval-500","mode":1,"bucket_ms":500,"sequence":66,"run_start_micros":1788887902802197,"scheduled_at_micros":1788887936302197,"fired_at_micros":1788887937110448,"drift_micros":808251}]}}
1788887977142892 {"observation":{"deletes":[],"inserts":[{"id":1325,"run_id":"idle-interval-100","mode":1,"bucket_ms":100,"sequence":316,"run_start_micros":1788887902528990,"scheduled_at_micros":1788887934228990,"fired_at_micros":1788887937110541,"drift_micros":2881551}]}}
1788887977160387 {"observation":{"deletes":[],"inserts":[{"id":1326,"run_id":"idle-oneshot-100","mode":0,"bucket_ms":100,"sequence":317,"run_start_micros":1788887902435256,"scheduled_at_micros":1788887934235256,"fired_at_micros":1788887937126597,"drift_micros":2891341}]}}
1788887977177896 {"observation":{"deletes":[],"inserts":[{"id":1327,"run_id":"idle-anchored-100","mode":3,"bucket_ms":100,"sequence":346,"run_start_micros":1788887902483083,"scheduled_at_micros":1788887937183083,"fired_at_micros":1788887937187434,"drift_micros":4351}]}}
1788887977197696 {"observation":{"deletes":[],"inserts":[{"id":1328,"run_id":"idle-interval-100","mode":1,"bucket_ms":100,"sequence":317,"run_start_micros":1788887902528990,"scheduled_at_micros":1788887934328990,"fired_at_micros":1788887937218924,"drift_micros":2889934}]}}
1788887977364006 {"observation":{"deletes":[],"inserts":[{"id":1329,"run_id":"idle-oneshot-100","mode":0,"bucket_ms":100,"sequence":318,"run_start_micros":1788887902435256,"scheduled_at_micros":1788887934335256,"fired_at_micros":1788887937234568,"drift_micros":2899312}]}}
1788887977385954 {"observation":{"deletes":[],"inserts":[{"id":1330,"run_id":"idle-anchored-500","mode":3,"bucket_ms":500,"sequence":68,"run_start_micros":1788887902755558,"scheduled_at_micros":1788887937255558,"fired_at_micros":1788887937266159,"drift_micros":10601}]}}
1788887977404063 {"observation":{"deletes":[],"inserts":[{"id":1331,"run_id":"idle-anchored-100","mode":3,"bucket_ms":100,"sequence":347,"run_start_micros":1788887902483083,"scheduled_at_micros":1788887937283083,"fired_at_micros":1788887937297264,"drift_micros":14181}]}}
1788887977570595 {"observation":{"deletes":[],"inserts":[{"id":1332,"run_id":"idle-interval-100","mode":1,"bucket_ms":100,"sequence":318,"run_start_micros":1788887902528990,"scheduled_at_micros":1788887934428990,"fired_at_micros":1788887937328721,"drift_micros":2899731}]}}
1788887977590583 {"observation":{"deletes":[],"inserts":[{"id":1333,"run_id":"idle-oneshot-100","mode":0,"bucket_ms":100,"sequence":319,"run_start_micros":1788887902435256,"scheduled_at_micros":1788887934435256,"fired_at_micros":1788887937344810,"drift_micros":2909554}]}}
1788887977610279 {"observation":{"deletes":[],"inserts":[{"id":1334,"run_id":"idle-oneshot-1000","mode":0,"bucket_ms":1000,"sequence":33,"run_start_micros":1788887903021315,"scheduled_at_micros":1788887937021315,"fired_at_micros":1788887937376037,"drift_micros":354722}]}}
1788887977780924 {"observation":{"deletes":[],"inserts":[{"id":1335,"run_id":"idle-anchored-100","mode":3,"bucket_ms":100,"sequence":348,"run_start_micros":1788887902483083,"scheduled_at_micros":1788887937383083,"fired_at_micros":1788887937391116,"drift_micros":8033}]}}
1788887977803221 {"observation":{"deletes":[],"inserts":[{"id":1336,"run_id":"idle-interval-100","mode":1,"bucket_ms":100,"sequence":319,"run_start_micros":1788887902528990,"scheduled_at_micros":1788887934528990,"fired_at_micros":1788887937436868,"drift_micros":2907878}]}}
1788887977821875 {"observation":{"deletes":[],"inserts":[{"id":1337,"run_id":"idle-oneshot-100","mode":0,"bucket_ms":100,"sequence":320,"run_start_micros":1788887902435256,"scheduled_at_micros":1788887934535256,"fired_at_micros":1788887937452524,"drift_micros":2917268}]}}
1788887977987051 {"observation":{"deletes":[],"inserts":[{"id":1338,"run_id":"idle-anchored-100","mode":3,"bucket_ms":100,"sequence":349,"run_start_micros":1788887902483083,"scheduled_at_micros":1788887937483083,"fired_at_micros":1788887937483963,"drift_micros":880}]}}
1788887978005268 {"observation":{"deletes":[],"inserts":[{"id":1339,"run_id":"idle-oneshot-500","mode":0,"bucket_ms":500,"sequence":67,"run_start_micros":1788887902710258,"scheduled_at_micros":1788887936710258,"fired_at_micros":1788887937515070,"drift_micros":804812}]}}
1788887978022637 {"observation":{"deletes":[],"inserts":[{"id":1340,"run_id":"idle-interval-100","mode":1,"bucket_ms":100,"sequence":320,"run_start_micros":1788887902528990,"scheduled_at_micros":1788887934628990,"fired_at_micros":1788887937545439,"drift_micros":2916449}]}}
1788887978190784 {"observation":{"deletes":[],"inserts":[{"id":1341,"run_id":"idle-oneshot-100","mode":0,"bucket_ms":100,"sequence":321,"run_start_micros":1788887902435256,"scheduled_at_micros":1788887934635256,"fired_at_micros":1788887937561592,"drift_micros":2926336}]}}
1788887978212596 {"observation":{"deletes":[],"inserts":[{"id":1342,"run_id":"idle-anchored-100","mode":3,"bucket_ms":100,"sequence":350,"run_start_micros":1788887902483083,"scheduled_at_micros":1788887937583083,"fired_at_micros":1788887937592876,"drift_micros":9793}]}}
1788887978387376 {"observation":{"deletes":[],"inserts":[{"id":1343,"run_id":"idle-interval-500","mode":1,"bucket_ms":500,"sequence":67,"run_start_micros":1788887902802197,"scheduled_at_micros":1788887936802197,"fired_at_micros":1788887937623785,"drift_micros":821588}]}}
1788887978407552 {"observation":{"deletes":[],"inserts":[{"id":1344,"run_id":"idle-interval-1000","mode":1,"bucket_ms":1000,"sequence":33,"run_start_micros":1788887903272705,"scheduled_at_micros":1788887937272705,"fired_at_micros":1788887937639747,"drift_micros":367042}]}}
1788887978578131 {"observation":{"deletes":[],"inserts":[{"id":1345,"run_id":"idle-interval-100","mode":1,"bucket_ms":100,"sequence":321,"run_start_micros":1788887902528990,"scheduled_at_micros":1788887934728990,"fired_at_micros":1788887937655211,"drift_micros":2926221}]}}
1788887978747563 {"observation":{"deletes":[],"inserts":[{"id":1346,"run_id":"idle-oneshot-100","mode":0,"bucket_ms":100,"sequence":322,"run_start_micros":1788887902435256,"scheduled_at_micros":1788887934735256,"fired_at_micros":1788887937671943,"drift_micros":2936687}]}}
1788887978767308 {"observation":{"deletes":[],"inserts":[{"id":1347,"run_id":"idle-interval-work50-1000","mode":1,"bucket_ms":1000,"sequence":31,"run_start_micros":1788887905341007,"scheduled_at_micros":1788887937341007,"fired_at_micros":1788887937687567,"drift_micros":346560}]}}
1788887978932247 {"observation":{"deletes":[],"inserts":[{"id":1348,"run_id":"idle-anchored-100","mode":3,"bucket_ms":100,"sequence":351,"run_start_micros":1788887902483083,"scheduled_at_micros":1788887937683083,"fired_at_micros":1788887937687722,"drift_micros":4639}]}}
1788887979397805 {"observation":{"deletes":[],"inserts":[{"id":1349,"run_id":"idle-anchored-500","mode":3,"bucket_ms":500,"sequence":69,"run_start_micros":1788887902755558,"scheduled_at_micros":1788887937755558,"fired_at_micros":1788887937764639,"drift_micros":9081}]}}
1788887979418054 {"observation":{"deletes":[],"inserts":[{"id":1350,"run_id":"idle-interval-100","mode":1,"bucket_ms":100,"sequence":322,"run_start_micros":1788887902528990,"scheduled_at_micros":1788887934828990,"fired_at_micros":1788887937764782,"drift_micros":2935792}]}}
1788887979439605 {"observation":{"deletes":[],"inserts":[{"id":1351,"run_id":"idle-oneshot-100","mode":0,"bucket_ms":100,"sequence":323,"run_start_micros":1788887902435256,"scheduled_at_micros":1788887934835256,"fired_at_micros":1788887937780376,"drift_micros":2945120}]}}
1788887979460269 {"observation":{"deletes":[],"inserts":[{"id":1352,"run_id":"idle-anchored-100","mode":3,"bucket_ms":100,"sequence":352,"run_start_micros":1788887902483083,"scheduled_at_micros":1788887937783083,"fired_at_micros":1788887937795897,"drift_micros":12814}]}}
1788887979482568 {"observation":{"deletes":[],"inserts":[{"id":1353,"run_id":"idle-interval-100","mode":1,"bucket_ms":100,"sequence":323,"run_start_micros":1788887902528990,"scheduled_at_micros":1788887934928990,"fired_at_micros":1788887937874691,"drift_micros":2945701}]}}
1788887979501464 {"observation":{"deletes":[],"inserts":[{"id":1354,"run_id":"idle-oneshot-100","mode":0,"bucket_ms":100,"sequence":324,"run_start_micros":1788887902435256,"scheduled_at_micros":1788887934935256,"fired_at_micros":1788887937889863,"drift_micros":2954607}]}}
1788887979522085 {"observation":{"deletes":[],"inserts":[{"id":1355,"run_id":"idle-anchored-100","mode":3,"bucket_ms":100,"sequence":353,"run_start_micros":1788887902483083,"scheduled_at_micros":1788887937883083,"fired_at_micros":1788887937889939,"drift_micros":6856}]}}
1788887979693652 {"observation":{"deletes":[],"inserts":[{"id":1356,"run_id":"idle-interval-100","mode":1,"bucket_ms":100,"sequence":324,"run_start_micros":1788887902528990,"scheduled_at_micros":1788887935028990,"fired_at_micros":1788887937984778,"drift_micros":2955788}]}}
1788887979714274 {"observation":{"deletes":[],"inserts":[{"id":1357,"run_id":"idle-anchored-100","mode":3,"bucket_ms":100,"sequence":354,"run_start_micros":1788887902483083,"scheduled_at_micros":1788887937983083,"fired_at_micros":1788887937984917,"drift_micros":1834}]}}
1788887979734727 {"observation":{"deletes":[],"inserts":[{"id":1358,"run_id":"idle-oneshot-100","mode":0,"bucket_ms":100,"sequence":325,"run_start_micros":1788887902435256,"scheduled_at_micros":1788887935035256,"fired_at_micros":1788887938000531,"drift_micros":2965275}]}}
1788887979754992 {"observation":{"deletes":[],"inserts":[{"id":1359,"run_id":"idle-oneshot-500","mode":0,"bucket_ms":500,"sequence":68,"run_start_micros":1788887902710258,"scheduled_at_micros":1788887937210258,"fired_at_micros":1788887938032059,"drift_micros":821801}]}}
1788887979776175 {"observation":{"deletes":[],"inserts":[{"id":1360,"run_id":"idle-anchored-1000","mode":3,"bucket_ms":1000,"sequence":34,"run_start_micros":1788887903070531,"scheduled_at_micros":1788887938070531,"fired_at_micros":1788887938078498,"drift_micros":7967}]}}
1788887979798867 {"observation":{"deletes":[],"inserts":[{"id":1361,"run_id":"idle-anchored-100","mode":3,"bucket_ms":100,"sequence":355,"run_start_micros":1788887902483083,"scheduled_at_micros":1788887938083083,"fired_at_micros":1788887938093576,"drift_micros":10493}]}}
1788887979818778 {"observation":{"deletes":[],"inserts":[{"id":1362,"run_id":"idle-interval-100","mode":1,"bucket_ms":100,"sequence":325,"run_start_micros":1788887902528990,"scheduled_at_micros":1788887935128990,"fired_at_micros":1788887938093674,"drift_micros":2964684}]}}
1788887979987902 {"observation":{"deletes":[],"inserts":[{"id":1363,"run_id":"idle-oneshot-100","mode":0,"bucket_ms":100,"sequence":326,"run_start_micros":1788887902435256,"scheduled_at_micros":1788887935135256,"fired_at_micros":1788887938109024,"drift_micros":2973768}]}}
1788887980009700 {"observation":{"deletes":[],"inserts":[{"id":1364,"run_id":"idle-interval-500","mode":1,"bucket_ms":500,"sequence":68,"run_start_micros":1788887902802197,"scheduled_at_micros":1788887937302197,"fired_at_micros":1788887938140795,"drift_micros":838598}]}}
1788887980028236 {"observation":{"deletes":[],"inserts":[{"id":1365,"run_id":"idle-anchored-100","mode":3,"bucket_ms":100,"sequence":356,"run_start_micros":1788887902483083,"scheduled_at_micros":1788887938183083,"fired_at_micros":1788887938186545,"drift_micros":3462}]}}
1788887980047972 {"observation":{"deletes":[],"inserts":[{"id":1366,"run_id":"idle-interval-100","mode":1,"bucket_ms":100,"sequence":326,"run_start_micros":1788887902528990,"scheduled_at_micros":1788887935228990,"fired_at_micros":1788887938202289,"drift_micros":2973299}]}}
1788887980067591 {"observation":{"deletes":[],"inserts":[{"id":1367,"run_id":"idle-oneshot-100","mode":0,"bucket_ms":100,"sequence":327,"run_start_micros":1788887902435256,"scheduled_at_micros":1788887935235256,"fired_at_micros":1788887938217749,"drift_micros":2982493}]}}
1788887980089081 {"observation":{"deletes":[],"inserts":[{"id":1368,"run_id":"idle-anchored-500","mode":3,"bucket_ms":500,"sequence":70,"run_start_micros":1788887902755558,"scheduled_at_micros":1788887938255558,"fired_at_micros":1788887938263438,"drift_micros":7880}]}}
1788887980108609 {"observation":{"deletes":[],"inserts":[{"id":1369,"run_id":"idle-anchored-100","mode":3,"bucket_ms":100,"sequence":357,"run_start_micros":1788887902483083,"scheduled_at_micros":1788887938283083,"fired_at_micros":1788887938294865,"drift_micros":11782}]}}
1788887980278501 {"observation":{"deletes":[],"inserts":[{"id":1370,"run_id":"idle-interval-100","mode":1,"bucket_ms":100,"sequence":327,"run_start_micros":1788887902528990,"scheduled_at_micros":1788887935328990,"fired_at_micros":1788887938309898,"drift_micros":2980908}]}}
1788887980297839 {"observation":{"deletes":[],"inserts":[{"id":1371,"run_id":"idle-oneshot-100","mode":0,"bucket_ms":100,"sequence":328,"run_start_micros":1788887902435256,"scheduled_at_micros":1788887935335256,"fired_at_micros":1788887938325606,"drift_micros":2990350}]}}
1788887980314821 {"observation":{"deletes":[],"inserts":[{"id":1372,"run_id":"idle-oneshot-1000","mode":0,"bucket_ms":1000,"sequence":34,"run_start_micros":1788887903021315,"scheduled_at_micros":1788887938021315,"fired_at_micros":1788887938387991,"drift_micros":366676}]}}
1788887980332127 {"observation":{"deletes":[],"inserts":[{"id":1373,"run_id":"idle-anchored-100","mode":3,"bucket_ms":100,"sequence":358,"run_start_micros":1788887902483083,"scheduled_at_micros":1788887938383083,"fired_at_micros":1788887938388114,"drift_micros":5031}]}}
1788887980350548 {"observation":{"deletes":[],"inserts":[{"id":1374,"run_id":"idle-interval-100","mode":1,"bucket_ms":100,"sequence":328,"run_start_micros":1788887902528990,"scheduled_at_micros":1788887935428990,"fired_at_micros":1788887938419663,"drift_micros":2990673}]}}
1788887980370242 {"observation":{"deletes":[],"inserts":[{"id":1375,"run_id":"idle-oneshot-100","mode":0,"bucket_ms":100,"sequence":329,"run_start_micros":1788887902435256,"scheduled_at_micros":1788887935435256,"fired_at_micros":1788887938435025,"drift_micros":2999769}]}}
1788887980535120 {"observation":{"deletes":[],"inserts":[{"id":1376,"run_id":"idle-anchored-100","mode":3,"bucket_ms":100,"sequence":359,"run_start_micros":1788887902483083,"scheduled_at_micros":1788887938483083,"fired_at_micros":1788887938496481,"drift_micros":13398}]}}
1788887980554520 {"observation":{"deletes":[],"inserts":[{"id":1377,"run_id":"idle-interval-100","mode":1,"bucket_ms":100,"sequence":329,"run_start_micros":1788887902528990,"scheduled_at_micros":1788887935528990,"fired_at_micros":1788887938527631,"drift_micros":2998641}]}}
1788887980573790 {"observation":{"deletes":[],"inserts":[{"id":1378,"run_id":"idle-oneshot-500","mode":0,"bucket_ms":500,"sequence":69,"run_start_micros":1788887902710258,"scheduled_at_micros":1788887937710258,"fired_at_micros":1788887938542777,"drift_micros":832519}]}}
1788887980592607 {"observation":{"deletes":[],"inserts":[{"id":1379,"run_id":"idle-oneshot-100","mode":0,"bucket_ms":100,"sequence":330,"run_start_micros":1788887902435256,"scheduled_at_micros":1788887935535256,"fired_at_micros":1788887938542910,"drift_micros":3007654}]}}
1788887980621190 {"observation":{"deletes":[],"inserts":[{"id":1380,"run_id":"idle-anchored-100","mode":3,"bucket_ms":100,"sequence":360,"run_start_micros":1788887902483083,"scheduled_at_micros":1788887938583083,"fired_at_micros":1788887938590015,"drift_micros":6932}]}}
1788887980785737 {"observation":{"deletes":[],"inserts":[{"id":1381,"run_id":"idle-interval-100","mode":1,"bucket_ms":100,"sequence":330,"run_start_micros":1788887902528990,"scheduled_at_micros":1788887935628990,"fired_at_micros":1788887938636801,"drift_micros":3007811}]}}
1788887980805083 {"observation":{"deletes":[],"inserts":[{"id":1382,"run_id":"idle-interval-1000","mode":1,"bucket_ms":1000,"sequence":34,"run_start_micros":1788887903272705,"scheduled_at_micros":1788887938272705,"fired_at_micros":1788887938651898,"drift_micros":379193}]}}
1788887980823841 {"observation":{"deletes":[],"inserts":[{"id":1383,"run_id":"idle-interval-500","mode":1,"bucket_ms":500,"sequence":69,"run_start_micros":1788887902802197,"scheduled_at_micros":1788887937802197,"fired_at_micros":1788887938651977,"drift_micros":849780}]}}
1788887980841091 {"observation":{"deletes":[],"inserts":[{"id":1384,"run_id":"idle-oneshot-100","mode":0,"bucket_ms":100,"sequence":331,"run_start_micros":1788887902435256,"scheduled_at_micros":1788887935635256,"fired_at_micros":1788887938652042,"drift_micros":3016786}]}}
1788887980858727 {"observation":{"deletes":[],"inserts":[{"id":1385,"run_id":"idle-anchored-100","mode":3,"bucket_ms":100,"sequence":361,"run_start_micros":1788887902483083,"scheduled_at_micros":1788887938683083,"fired_at_micros":1788887938698479,"drift_micros":15396}]}}
1788887981025778 {"observation":{"deletes":[],"inserts":[{"id":1386,"run_id":"idle-interval-work50-1000","mode":1,"bucket_ms":1000,"sequence":32,"run_start_micros":1788887905341007,"scheduled_at_micros":1788887938341007,"fired_at_micros":1788887938698629,"drift_micros":357622}]}}
1788887981043314 {"observation":{"deletes":[],"inserts":[{"id":1387,"run_id":"idle-interval-100","mode":1,"bucket_ms":100,"sequence":331,"run_start_micros":1788887902528990,"scheduled_at_micros":1788887935728990,"fired_at_micros":1788887938744617,"drift_micros":3015627}]}}
1788887981060237 {"observation":{"deletes":[],"inserts":[{"id":1388,"run_id":"idle-oneshot-100","mode":0,"bucket_ms":100,"sequence":332,"run_start_micros":1788887902435256,"scheduled_at_micros":1788887935735256,"fired_at_micros":1788887938759946,"drift_micros":3024690}]}}
1788887981078508 {"observation":{"deletes":[],"inserts":[{"id":1389,"run_id":"idle-anchored-500","mode":3,"bucket_ms":500,"sequence":71,"run_start_micros":1788887902755558,"scheduled_at_micros":1788887938755558,"fired_at_micros":1788887938760108,"drift_micros":4550}]}}
1788887981248010 {"observation":{"deletes":[],"inserts":[{"id":1390,"run_id":"idle-anchored-100","mode":3,"bucket_ms":100,"sequence":362,"run_start_micros":1788887902483083,"scheduled_at_micros":1788887938783083,"fired_at_micros":1788887938790834,"drift_micros":7751}]}}
1788887981267097 {"observation":{"deletes":[],"inserts":[{"id":1391,"run_id":"idle-interval-100","mode":1,"bucket_ms":100,"sequence":332,"run_start_micros":1788887902528990,"scheduled_at_micros":1788887935828990,"fired_at_micros":1788887938853067,"drift_micros":3024077}]}}
1788887981287242 {"observation":{"deletes":[],"inserts":[{"id":1392,"run_id":"idle-oneshot-100","mode":0,"bucket_ms":100,"sequence":333,"run_start_micros":1788887902435256,"scheduled_at_micros":1788887935835256,"fired_at_micros":1788887938869014,"drift_micros":3033758}]}}
1788887981461196 {"observation":{"deletes":[],"inserts":[{"id":1393,"run_id":"idle-anchored-100","mode":3,"bucket_ms":100,"sequence":363,"run_start_micros":1788887902483083,"scheduled_at_micros":1788887938883083,"fired_at_micros":1788887938885155,"drift_micros":2072}]}}
1788887981480964 {"observation":{"deletes":[],"inserts":[{"id":1394,"run_id":"idle-interval-100","mode":1,"bucket_ms":100,"sequence":333,"run_start_micros":1788887902528990,"scheduled_at_micros":1788887935928990,"fired_at_micros":1788887938963260,"drift_micros":3034270}]}}
1788887981653405 {"observation":{"deletes":[],"inserts":[{"id":1395,"run_id":"idle-oneshot-100","mode":0,"bucket_ms":100,"sequence":334,"run_start_micros":1788887902435256,"scheduled_at_micros":1788887935935256,"fired_at_micros":1788887938978692,"drift_micros":3043436}]}}
1788887981671799 {"observation":{"deletes":[],"inserts":[{"id":1396,"run_id":"idle-anchored-100","mode":3,"bucket_ms":100,"sequence":364,"run_start_micros":1788887902483083,"scheduled_at_micros":1788887938983083,"fired_at_micros":1788887938994508,"drift_micros":11425}]}}
1788887981689250 {"observation":{"deletes":[],"inserts":[{"id":1397,"run_id":"idle-oneshot-500","mode":0,"bucket_ms":500,"sequence":70,"run_start_micros":1788887902710258,"scheduled_at_micros":1788887938210258,"fired_at_micros":1788887939056615,"drift_micros":846357}]}}
1788887981855388 {"observation":{"deletes":[],"inserts":[{"id":1398,"run_id":"idle-interval-100","mode":1,"bucket_ms":100,"sequence":334,"run_start_micros":1788887902528990,"scheduled_at_micros":1788887936028990,"fired_at_micros":1788887939072291,"drift_micros":3043301}]}}
1788887981874580 {"observation":{"deletes":[],"inserts":[{"id":1399,"run_id":"idle-anchored-1000","mode":3,"bucket_ms":1000,"sequence":35,"run_start_micros":1788887903070531,"scheduled_at_micros":1788887939070531,"fired_at_micros":1788887939072464,"drift_micros":1933}]}}
1788887981892155 {"observation":{"deletes":[],"inserts":[{"id":1400,"run_id":"idle-oneshot-100","mode":0,"bucket_ms":100,"sequence":335,"run_start_micros":1788887902435256,"scheduled_at_micros":1788887936035256,"fired_at_micros":1788887939088290,"drift_micros":3053034}]}}
1788887982059315 {"observation":{"deletes":[],"inserts":[{"id":1401,"run_id":"idle-anchored-100","mode":3,"bucket_ms":100,"sequence":365,"run_start_micros":1788887902483083,"scheduled_at_micros":1788887939083083,"fired_at_micros":1788887939088415,"drift_micros":5332}]}}
1788887982077689 {"observation":{"deletes":[],"inserts":[{"id":1402,"run_id":"idle-interval-500","mode":1,"bucket_ms":500,"sequence":70,"run_start_micros":1788887902802197,"scheduled_at_micros":1788887938302197,"fired_at_micros":1788887939165325,"drift_micros":863128}]}}
1788887982244426 {"observation":{"deletes":[],"inserts":[{"id":1403,"run_id":"idle-interval-100","mode":1,"bucket_ms":100,"sequence":335,"run_start_micros":1788887902528990,"scheduled_at_micros":1788887936128990,"fired_at_micros":1788887939181498,"drift_micros":3052508}]}}
1788887982411761 {"observation":{"deletes":[],"inserts":[{"id":1404,"run_id":"idle-anchored-100","mode":3,"bucket_ms":100,"sequence":366,"run_start_micros":1788887902483083,"scheduled_at_micros":1788887939183083,"fired_at_micros":1788887939197067,"drift_micros":13984}]}}
1788887982430114 {"observation":{"deletes":[],"inserts":[{"id":1405,"run_id":"idle-oneshot-100","mode":0,"bucket_ms":100,"sequence":336,"run_start_micros":1788887902435256,"scheduled_at_micros":1788887936135256,"fired_at_micros":1788887939197157,"drift_micros":3061901}]}}
1788887982596300 {"observation":{"deletes":[],"inserts":[{"id":1406,"run_id":"idle-anchored-500","mode":3,"bucket_ms":500,"sequence":72,"run_start_micros":1788887902755558,"scheduled_at_micros":1788887939255558,"fired_at_micros":1788887939259060,"drift_micros":3502}]}}
1788887982614647 {"observation":{"deletes":[],"inserts":[{"id":1407,"run_id":"idle-interval-100","mode":1,"bucket_ms":100,"sequence":336,"run_start_micros":1788887902528990,"scheduled_at_micros":1788887936228990,"fired_at_micros":1788887939289850,"drift_micros":3060860}]}}
1788887982788328 {"observation":{"deletes":[],"inserts":[{"id":1408,"run_id":"idle-anchored-100","mode":3,"bucket_ms":100,"sequence":367,"run_start_micros":1788887902483083,"scheduled_at_micros":1788887939283083,"fired_at_micros":1788887939290007,"drift_micros":6924}]}}
1788887983109112 {"observation":{"deletes":[],"inserts":[{"id":1409,"run_id":"idle-oneshot-100","mode":0,"bucket_ms":100,"sequence":337,"run_start_micros":1788887902435256,"scheduled_at_micros":1788887936235256,"fired_at_micros":1788887939305499,"drift_micros":3070243}]}}
1788887983127813 {"observation":{"deletes":[],"inserts":[{"id":1410,"run_id":"idle-anchored-100","mode":3,"bucket_ms":100,"sequence":368,"run_start_micros":1788887902483083,"scheduled_at_micros":1788887939383083,"fired_at_micros":1788887939398891,"drift_micros":15808}]}}
1788887983150408 {"observation":{"deletes":[],"inserts":[{"id":1411,"run_id":"idle-oneshot-1000","mode":0,"bucket_ms":1000,"sequence":35,"run_start_micros":1788887903021315,"scheduled_at_micros":1788887939021315,"fired_at_micros":1788887939399004,"drift_micros":377689}]}}
1788887983173312 {"observation":{"deletes":[],"inserts":[{"id":1412,"run_id":"idle-interval-100","mode":1,"bucket_ms":100,"sequence":337,"run_start_micros":1788887902528990,"scheduled_at_micros":1788887936328990,"fired_at_micros":1788887939399053,"drift_micros":3070063}]}}
1788887983192542 {"observation":{"deletes":[],"inserts":[{"id":1413,"run_id":"idle-oneshot-100","mode":0,"bucket_ms":100,"sequence":338,"run_start_micros":1788887902435256,"scheduled_at_micros":1788887936335256,"fired_at_micros":1788887939415254,"drift_micros":3079998}]}}
1788887983213437 {"observation":{"deletes":[],"inserts":[{"id":1414,"run_id":"idle-anchored-100","mode":3,"bucket_ms":100,"sequence":369,"run_start_micros":1788887902483083,"scheduled_at_micros":1788887939483083,"fired_at_micros":1788887939495018,"drift_micros":11935}]}}
1788887983235826 {"observation":{"deletes":[],"inserts":[{"id":1415,"run_id":"idle-interval-100","mode":1,"bucket_ms":100,"sequence":338,"run_start_micros":1788887902528990,"scheduled_at_micros":1788887936428990,"fired_at_micros":1788887939510763,"drift_micros":3081773}]}}
1788887983256213 {"observation":{"deletes":[],"inserts":[{"id":1416,"run_id":"idle-oneshot-100","mode":0,"bucket_ms":100,"sequence":339,"run_start_micros":1788887902435256,"scheduled_at_micros":1788887936435256,"fired_at_micros":1788887939526441,"drift_micros":3091185}]}}
1788887983435692 {"observation":{"deletes":[],"inserts":[{"id":1417,"run_id":"idle-oneshot-500","mode":0,"bucket_ms":500,"sequence":71,"run_start_micros":1788887902710258,"scheduled_at_micros":1788887938710258,"fired_at_micros":1788887939571892,"drift_micros":861634}]}}
1788887983456849 {"observation":{"deletes":[],"inserts":[{"id":1418,"run_id":"idle-anchored-100","mode":3,"bucket_ms":100,"sequence":370,"run_start_micros":1788887902483083,"scheduled_at_micros":1788887939583083,"fired_at_micros":1788887939587941,"drift_micros":4858}]}}
1788887983475282 {"observation":{"deletes":[],"inserts":[{"id":1419,"run_id":"idle-interval-100","mode":1,"bucket_ms":100,"sequence":339,"run_start_micros":1788887902528990,"scheduled_at_micros":1788887936528990,"fired_at_micros":1788887939617718,"drift_micros":3088728}]}}
1788887983494310 {"observation":{"deletes":[],"inserts":[{"id":1420,"run_id":"idle-oneshot-100","mode":0,"bucket_ms":100,"sequence":340,"run_start_micros":1788887902435256,"scheduled_at_micros":1788887936535256,"fired_at_micros":1788887939633361,"drift_micros":3098105}]}}
1788887983515095 {"observation":{"deletes":[],"inserts":[{"id":1421,"run_id":"idle-interval-1000","mode":1,"bucket_ms":1000,"sequence":35,"run_start_micros":1788887903272705,"scheduled_at_micros":1788887939272705,"fired_at_micros":1788887939664567,"drift_micros":391862}]}}
1788887983533373 {"observation":{"deletes":[],"inserts":[{"id":1422,"run_id":"idle-interval-500","mode":1,"bucket_ms":500,"sequence":71,"run_start_micros":1788887902802197,"scheduled_at_micros":1788887938802197,"fired_at_micros":1788887939680658,"drift_micros":878461}]}}
1788887983551293 {"observation":{"deletes":[],"inserts":[{"id":1423,"run_id":"idle-anchored-100","mode":3,"bucket_ms":100,"sequence":371,"run_start_micros":1788887902483083,"scheduled_at_micros":1788887939683083,"fired_at_micros":1788887939696231,"drift_micros":13148}]}}
1788887983570659 {"observation":{"deletes":[],"inserts":[{"id":1424,"run_id":"idle-interval-work50-1000","mode":1,"bucket_ms":1000,"sequence":33,"run_start_micros":1788887905341007,"scheduled_at_micros":1788887939341007,"fired_at_micros":1788887939711284,"drift_micros":370277}]}}
1788887983734592 {"observation":{"deletes":[],"inserts":[{"id":1425,"run_id":"idle-interval-100","mode":1,"bucket_ms":100,"sequence":340,"run_start_micros":1788887902528990,"scheduled_at_micros":1788887936628990,"fired_at_micros":1788887939727475,"drift_micros":3098485}]}}
1788887983752904 {"observation":{"deletes":[],"inserts":[{"id":1426,"run_id":"idle-oneshot-100","mode":0,"bucket_ms":100,"sequence":341,"run_start_micros":1788887902435256,"scheduled_at_micros":1788887936635256,"fired_at_micros":1788887939743076,"drift_micros":3107820}]}}
1788887983770322 {"observation":{"deletes":[],"inserts":[{"id":1427,"run_id":"idle-anchored-500","mode":3,"bucket_ms":500,"sequence":73,"run_start_micros":1788887902755558,"scheduled_at_micros":1788887939755558,"fired_at_micros":1788887939758580,"drift_micros":3022}]}}
1788887983788316 {"observation":{"deletes":[],"inserts":[{"id":1428,"run_id":"idle-anchored-100","mode":3,"bucket_ms":100,"sequence":372,"run_start_micros":1788887902483083,"scheduled_at_micros":1788887939783083,"fired_at_micros":1788887939788672,"drift_micros":5589}]}}
1788887983805895 {"observation":{"deletes":[],"inserts":[{"id":1429,"run_id":"idle-interval-100","mode":1,"bucket_ms":100,"sequence":341,"run_start_micros":1788887902528990,"scheduled_at_micros":1788887936728990,"fired_at_micros":1788887939834281,"drift_micros":3105291}]}}
1788887983825046 {"observation":{"deletes":[],"inserts":[{"id":1430,"run_id":"idle-oneshot-100","mode":0,"bucket_ms":100,"sequence":342,"run_start_micros":1788887902435256,"scheduled_at_micros":1788887936735256,"fired_at_micros":1788887939849809,"drift_micros":3114553}]}}
1788887983842675 {"observation":{"deletes":[],"inserts":[{"id":1431,"run_id":"idle-anchored-100","mode":3,"bucket_ms":100,"sequence":373,"run_start_micros":1788887902483083,"scheduled_at_micros":1788887939883083,"fired_at_micros":1788887939896912,"drift_micros":13829}]}}
1788887984006700 {"observation":{"deletes":[],"inserts":[{"id":1432,"run_id":"idle-interval-100","mode":1,"bucket_ms":100,"sequence":342,"run_start_micros":1788887902528990,"scheduled_at_micros":1788887936828990,"fired_at_micros":1788887939943035,"drift_micros":3114045}]}}
1788887984024895 {"observation":{"deletes":[],"inserts":[{"id":1433,"run_id":"idle-oneshot-100","mode":0,"bucket_ms":100,"sequence":343,"run_start_micros":1788887902435256,"scheduled_at_micros":1788887936835256,"fired_at_micros":1788887939958704,"drift_micros":3123448}]}}
1788887984043335 {"observation":{"deletes":[],"inserts":[{"id":1434,"run_id":"idle-anchored-100","mode":3,"bucket_ms":100,"sequence":374,"run_start_micros":1788887902483083,"scheduled_at_micros":1788887939983083,"fired_at_micros":1788887939990691,"drift_micros":7608}]}}
1788887984060588 {"observation":{"deletes":[],"inserts":[{"id":1435,"run_id":"idle-interval-100","mode":1,"bucket_ms":100,"sequence":343,"run_start_micros":1788887902528990,"scheduled_at_micros":1788887936928990,"fired_at_micros":1788887940053240,"drift_micros":3124250}]}}
1788887984078156 {"observation":{"deletes":[],"inserts":[{"id":1436,"run_id":"idle-oneshot-100","mode":0,"bucket_ms":100,"sequence":344,"run_start_micros":1788887902435256,"scheduled_at_micros":1788887936935256,"fired_at_micros":1788887940069288,"drift_micros":3134032}]}}
1788887984096803 {"observation":{"deletes":[],"inserts":[{"id":1437,"run_id":"idle-anchored-1000","mode":3,"bucket_ms":1000,"sequence":36,"run_start_micros":1788887903070531,"scheduled_at_micros":1788887940070531,"fired_at_micros":1788887940084936,"drift_micros":14405}]}}
1788887984266660 {"observation":{"deletes":[],"inserts":[{"id":1438,"run_id":"idle-oneshot-500","mode":0,"bucket_ms":500,"sequence":72,"run_start_micros":1788887902710258,"scheduled_at_micros":1788887939210258,"fired_at_micros":1788887940085047,"drift_micros":874789}]}}
1788887984285737 {"observation":{"deletes":[],"inserts":[{"id":1439,"run_id":"idle-anchored-100","mode":3,"bucket_ms":100,"sequence":375,"run_start_micros":1788887902483083,"scheduled_at_micros":1788887940083083,"fired_at_micros":1788887940085101,"drift_micros":2018}]}}
1788887984305678 {"observation":{"deletes":[],"inserts":[{"id":1440,"run_id":"idle-interval-100","mode":1,"bucket_ms":100,"sequence":344,"run_start_micros":1788887902528990,"scheduled_at_micros":1788887937028990,"fired_at_micros":1788887940162028,"drift_micros":3133038}]}}
1788887984326330 {"observation":{"deletes":[],"inserts":[{"id":1441,"run_id":"idle-oneshot-100","mode":0,"bucket_ms":100,"sequence":345,"run_start_micros":1788887902435256,"scheduled_at_micros":1788887937035256,"fired_at_micros":1788887940178218,"drift_micros":3142962}]}}
1788887984345318 {"observation":{"deletes":[],"inserts":[{"id":1442,"run_id":"idle-interval-500","mode":1,"bucket_ms":500,"sequence":72,"run_start_micros":1788887902802197,"scheduled_at_micros":1788887939302197,"fired_at_micros":1788887940193807,"drift_micros":891610}]}}
1788887984517682 {"observation":{"deletes":[],"inserts":[{"id":1443,"run_id":"idle-anchored-100","mode":3,"bucket_ms":100,"sequence":376,"run_start_micros":1788887902483083,"scheduled_at_micros":1788887940183083,"fired_at_micros":1788887940193901,"drift_micros":10818}]}}
1788887984537378 {"observation":{"deletes":[],"inserts":[{"id":1444,"run_id":"idle-anchored-500","mode":3,"bucket_ms":500,"sequence":74,"run_start_micros":1788887902755558,"scheduled_at_micros":1788887940255558,"fired_at_micros":1788887940270726,"drift_micros":15168}]}}
1788887984559862 {"observation":{"deletes":[],"inserts":[{"id":1445,"run_id":"idle-interval-100","mode":1,"bucket_ms":100,"sequence":345,"run_start_micros":1788887902528990,"scheduled_at_micros":1788887937128990,"fired_at_micros":1788887940270847,"drift_micros":3141857}]}}
1788887984740491 {"observation":{"deletes":[],"inserts":[{"id":1446,"run_id":"idle-oneshot-100","mode":0,"bucket_ms":100,"sequence":346,"run_start_micros":1788887902435256,"scheduled_at_micros":1788887937135256,"fired_at_micros":1788887940286436,"drift_micros":3151180}]}}
1788887984761255 {"observation":{"deletes":[],"inserts":[{"id":1447,"run_id":"idle-anchored-100","mode":3,"bucket_ms":100,"sequence":377,"run_start_micros":1788887902483083,"scheduled_at_micros":1788887940283083,"fired_at_micros":1788887940286504,"drift_micros":3421}]}}
1788887984779457 {"observation":{"deletes":[],"inserts":[{"id":1448,"run_id":"idle-interval-100","mode":1,"bucket_ms":100,"sequence":346,"run_start_micros":1788887902528990,"scheduled_at_micros":1788887937228990,"fired_at_micros":1788887940379813,"drift_micros":3150823}]}}
1788887984943048 {"observation":{"deletes":[],"inserts":[{"id":1449,"run_id":"idle-anchored-100","mode":3,"bucket_ms":100,"sequence":378,"run_start_micros":1788887902483083,"scheduled_at_micros":1788887940383083,"fired_at_micros":1788887940395240,"drift_micros":12157}]}}
1788887984961776 {"observation":{"deletes":[],"inserts":[{"id":1450,"run_id":"idle-oneshot-100","mode":0,"bucket_ms":100,"sequence":347,"run_start_micros":1788887902435256,"scheduled_at_micros":1788887937235256,"fired_at_micros":1788887940395320,"drift_micros":3160064}]}}
1788887984978887 {"observation":{"deletes":[],"inserts":[{"id":1451,"run_id":"idle-oneshot-1000","mode":0,"bucket_ms":1000,"sequence":36,"run_start_micros":1788887903021315,"scheduled_at_micros":1788887940021315,"fired_at_micros":1788887940411176,"drift_micros":389861}]}}
1788887985143417 {"observation":{"deletes":[],"inserts":[{"id":1452,"run_id":"idle-interval-100","mode":1,"bucket_ms":100,"sequence":347,"run_start_micros":1788887902528990,"scheduled_at_micros":1788887937328990,"fired_at_micros":1788887940489630,"drift_micros":3160640}]}}
1788887985160856 {"observation":{"deletes":[],"inserts":[{"id":1453,"run_id":"idle-anchored-100","mode":3,"bucket_ms":100,"sequence":379,"run_start_micros":1788887902483083,"scheduled_at_micros":1788887940483083,"fired_at_micros":1788887940489752,"drift_micros":6669}]}}
1788887985328338 {"observation":{"deletes":[],"inserts":[{"id":1454,"run_id":"idle-oneshot-100","mode":0,"bucket_ms":100,"sequence":348,"run_start_micros":1788887902435256,"scheduled_at_micros":1788887937335256,"fired_at_micros":1788887940504783,"drift_micros":3169527}]}}
1788887985347611 {"observation":{"deletes":[],"inserts":[{"id":1455,"run_id":"idle-anchored-100","mode":3,"bucket_ms":100,"sequence":380,"run_start_micros":1788887902483083,"scheduled_at_micros":1788887940583083,"fired_at_micros":1788887940598072,"drift_micros":14989}]}}
1788887985670407 {"observation":{"deletes":[],"inserts":[{"id":1456,"run_id":"idle-oneshot-500","mode":0,"bucket_ms":500,"sequence":73,"run_start_micros":1788887902710258,"scheduled_at_micros":1788887939710258,"fired_at_micros":1788887940598241,"drift_micros":887983}]}}
1788887986001970 {"observation":{"deletes":[],"inserts":[{"id":1457,"run_id":"idle-interval-100","mode":1,"bucket_ms":100,"sequence":348,"run_start_micros":1788887902528990,"scheduled_at_micros":1788887937428990,"fired_at_micros":1788887940598334,"drift_micros":3169344}]}}
1788887986169636 {"observation":{"deletes":[],"inserts":[{"id":1458,"run_id":"idle-oneshot-100","mode":0,"bucket_ms":100,"sequence":349,"run_start_micros":1788887902435256,"scheduled_at_micros":1788887937435256,"fired_at_micros":1788887940613714,"drift_micros":3178458}]}}
1788887986188381 {"observation":{"deletes":[],"inserts":[{"id":1459,"run_id":"idle-interval-1000","mode":1,"bucket_ms":1000,"sequence":36,"run_start_micros":1788887903272705,"scheduled_at_micros":1788887940272705,"fired_at_micros":1788887940676273,"drift_micros":403568}]}}
1788887986501543 {"observation":{"deletes":[],"inserts":[{"id":1460,"run_id":"idle-anchored-100","mode":3,"bucket_ms":100,"sequence":381,"run_start_micros":1788887902483083,"scheduled_at_micros":1788887940683083,"fired_at_micros":1788887940691377,"drift_micros":8294}]}}
1788887986669734 {"observation":{"deletes":[],"inserts":[{"id":1461,"run_id":"idle-interval-500","mode":1,"bucket_ms":500,"sequence":73,"run_start_micros":1788887902802197,"scheduled_at_micros":1788887939802197,"fired_at_micros":1788887940707067,"drift_micros":904870}]}}
1788887986833543 {"observation":{"deletes":[],"inserts":[{"id":1462,"run_id":"idle-interval-100","mode":1,"bucket_ms":100,"sequence":349,"run_start_micros":1788887902528990,"scheduled_at_micros":1788887937528990,"fired_at_micros":1788887940707145,"drift_micros":3178155}]}}
1788887987148851 {"observation":{"deletes":[],"inserts":[{"id":1463,"run_id":"idle-interval-work50-1000","mode":1,"bucket_ms":1000,"sequence":34,"run_start_micros":1788887905341007,"scheduled_at_micros":1788887940341007,"fired_at_micros":1788887940722097,"drift_micros":381090}]}}
1788887987166002 {"observation":{"deletes":[],"inserts":[{"id":1464,"run_id":"idle-oneshot-100","mode":0,"bucket_ms":100,"sequence":350,"run_start_micros":1788887902435256,"scheduled_at_micros":1788887937535256,"fired_at_micros":1788887940722200,"drift_micros":3186944}]}}
1788887987185263 {"observation":{"deletes":[],"inserts":[{"id":1465,"run_id":"idle-anchored-500","mode":3,"bucket_ms":500,"sequence":75,"run_start_micros":1788887902755558,"scheduled_at_micros":1788887940755558,"fired_at_micros":1788887940768349,"drift_micros":12791}]}}
1788887987210362 {"observation":{"deletes":[],"inserts":[{"id":1466,"run_id":"idle-anchored-100","mode":3,"bucket_ms":100,"sequence":382,"run_start_micros":1788887902483083,"scheduled_at_micros":1788887940783083,"fired_at_micros":1788887940783908,"drift_micros":825}]}}
1788887987228790 {"observation":{"deletes":[],"inserts":[{"id":1467,"run_id":"idle-interval-100","mode":1,"bucket_ms":100,"sequence":350,"run_start_micros":1788887902528990,"scheduled_at_micros":1788887937628990,"fired_at_micros":1788887940815410,"drift_micros":3186420}]}}
1788887987249016 {"observation":{"deletes":[],"inserts":[{"id":1468,"run_id":"idle-oneshot-100","mode":0,"bucket_ms":100,"sequence":351,"run_start_micros":1788887902435256,"scheduled_at_micros":1788887937635256,"fired_at_micros":1788887940830956,"drift_micros":3195700}]}}
1788887987271225 {"observation":{"deletes":[],"inserts":[{"id":1469,"run_id":"idle-anchored-100","mode":3,"bucket_ms":100,"sequence":383,"run_start_micros":1788887902483083,"scheduled_at_micros":1788887940883083,"fired_at_micros":1788887940894698,"drift_micros":11615}]}}
1788887987293037 {"observation":{"deletes":[],"inserts":[{"id":1470,"run_id":"idle-interval-100","mode":1,"bucket_ms":100,"sequence":351,"run_start_micros":1788887902528990,"scheduled_at_micros":1788887937728990,"fired_at_micros":1788887940924845,"drift_micros":3195855}]}}
1788887987461781 {"observation":{"deletes":[],"inserts":[{"id":1471,"run_id":"idle-oneshot-100","mode":0,"bucket_ms":100,"sequence":352,"run_start_micros":1788887902435256,"scheduled_at_micros":1788887937735256,"fired_at_micros":1788887940940020,"drift_micros":3204764}]}}
1788887987480121 {"observation":{"deletes":[],"inserts":[{"id":1472,"run_id":"idle-anchored-100","mode":3,"bucket_ms":100,"sequence":384,"run_start_micros":1788887902483083,"scheduled_at_micros":1788887940983083,"fired_at_micros":1788887940986231,"drift_micros":3148}]}}
1788887987499268 {"observation":{"deletes":[],"inserts":[{"id":1473,"run_id":"idle-interval-100","mode":1,"bucket_ms":100,"sequence":352,"run_start_micros":1788887902528990,"scheduled_at_micros":1788887937828990,"fired_at_micros":1788887941032275,"drift_micros":3203285}]}}
1788887987517934 {"observation":{"deletes":[],"inserts":[{"id":1474,"run_id":"idle-oneshot-100","mode":0,"bucket_ms":100,"sequence":353,"run_start_micros":1788887902435256,"scheduled_at_micros":1788887937835256,"fired_at_micros":1788887941047911,"drift_micros":3212655}]}}
1788887987535475 {"observation":{"deletes":[],"inserts":[{"id":1475,"run_id":"idle-anchored-1000","mode":3,"bucket_ms":1000,"sequence":37,"run_start_micros":1788887903070531,"scheduled_at_micros":1788887941070531,"fired_at_micros":1788887941079050,"drift_micros":8519}]}}
1788887987552797 {"observation":{"deletes":[],"inserts":[{"id":1476,"run_id":"idle-anchored-100","mode":3,"bucket_ms":100,"sequence":385,"run_start_micros":1788887902483083,"scheduled_at_micros":1788887941083083,"fired_at_micros":1788887941094318,"drift_micros":11235}]}}
1788887987569842 {"observation":{"deletes":[],"inserts":[{"id":1477,"run_id":"idle-oneshot-500","mode":0,"bucket_ms":500,"sequence":74,"run_start_micros":1788887902710258,"scheduled_at_micros":1788887940210258,"fired_at_micros":1788887941110819,"drift_micros":900561}]}}
1788887987589142 {"observation":{"deletes":[],"inserts":[{"id":1478,"run_id":"idle-interval-100","mode":1,"bucket_ms":100,"sequence":353,"run_start_micros":1788887902528990,"scheduled_at_micros":1788887937928990,"fired_at_micros":1788887941142419,"drift_micros":3213429}]}}
1788887987755204 {"observation":{"deletes":[],"inserts":[{"id":1479,"run_id":"idle-oneshot-100","mode":0,"bucket_ms":100,"sequence":354,"run_start_micros":1788887902435256,"scheduled_at_micros":1788887937935256,"fired_at_micros":1788887941158197,"drift_micros":3222941}]}}
1788887987774126 {"observation":{"deletes":[],"inserts":[{"id":1480,"run_id":"idle-anchored-100","mode":3,"bucket_ms":100,"sequence":386,"run_start_micros":1788887902483083,"scheduled_at_micros":1788887941183083,"fired_at_micros":1788887941189610,"drift_micros":6527}]}}
1788887987793780 {"observation":{"deletes":[],"inserts":[{"id":1481,"run_id":"idle-interval-500","mode":1,"bucket_ms":500,"sequence":74,"run_start_micros":1788887902802197,"scheduled_at_micros":1788887940302197,"fired_at_micros":1788887941220682,"drift_micros":918485}]}}
1788887987812218 {"observation":{"deletes":[],"inserts":[{"id":1482,"run_id":"idle-interval-100","mode":1,"bucket_ms":100,"sequence":354,"run_start_micros":1788887902528990,"scheduled_at_micros":1788887938028990,"fired_at_micros":1788887941251508,"drift_micros":3222518}]}}
1788887987830685 {"observation":{"deletes":[],"inserts":[{"id":1483,"run_id":"idle-anchored-500","mode":3,"bucket_ms":500,"sequence":76,"run_start_micros":1788887902755558,"scheduled_at_micros":1788887941255558,"fired_at_micros":1788887941267115,"drift_micros":11557}]}}
1788887987850182 {"observation":{"deletes":[],"inserts":[{"id":1484,"run_id":"idle-oneshot-100","mode":0,"bucket_ms":100,"sequence":355,"run_start_micros":1788887902435256,"scheduled_at_micros":1788887938035256,"fired_at_micros":1788887941267228,"drift_micros":3231972}]}}
1788887987869485 {"observation":{"deletes":[],"inserts":[{"id":1485,"run_id":"idle-anchored-100","mode":3,"bucket_ms":100,"sequence":387,"run_start_micros":1788887902483083,"scheduled_at_micros":1788887941283083,"fired_at_micros":1788887941298437,"drift_micros":15354}]}}
1788887988035593 {"observation":{"deletes":[],"inserts":[{"id":1486,"run_id":"idle-interval-100","mode":1,"bucket_ms":100,"sequence":355,"run_start_micros":1788887902528990,"scheduled_at_micros":1788887938128990,"fired_at_micros":1788887941361026,"drift_micros":3232036}]}}
1788887988054658 {"observation":{"deletes":[],"inserts":[{"id":1487,"run_id":"idle-oneshot-100","mode":0,"bucket_ms":100,"sequence":356,"run_start_micros":1788887902435256,"scheduled_at_micros":1788887938135256,"fired_at_micros":1788887941376322,"drift_micros":3241066}]}}
1788887988072039 {"observation":{"deletes":[],"inserts":[{"id":1488,"run_id":"idle-anchored-100","mode":3,"bucket_ms":100,"sequence":388,"run_start_micros":1788887902483083,"scheduled_at_micros":1788887941383083,"fired_at_micros":1788887941391824,"drift_micros":8741}]}}
1788887988090668 {"observation":{"deletes":[],"inserts":[{"id":1489,"run_id":"idle-oneshot-1000","mode":0,"bucket_ms":1000,"sequence":37,"run_start_micros":1788887903021315,"scheduled_at_micros":1788887941021315,"fired_at_micros":1788887941422611,"drift_micros":401296}]}}
1788887988109682 {"observation":{"deletes":[],"inserts":[{"id":1490,"run_id":"idle-interval-100","mode":1,"bucket_ms":100,"sequence":356,"run_start_micros":1788887902528990,"scheduled_at_micros":1788887938228990,"fired_at_micros":1788887941469731,"drift_micros":3240741}]}}
1788887988127191 {"observation":{"deletes":[],"inserts":[{"id":1491,"run_id":"idle-oneshot-100","mode":0,"bucket_ms":100,"sequence":357,"run_start_micros":1788887902435256,"scheduled_at_micros":1788887938235256,"fired_at_micros":1788887941485296,"drift_micros":3250040}]}}
1788887988146342 {"observation":{"deletes":[],"inserts":[{"id":1492,"run_id":"idle-anchored-100","mode":3,"bucket_ms":100,"sequence":389,"run_start_micros":1788887902483083,"scheduled_at_micros":1788887941483083,"fired_at_micros":1788887941485420,"drift_micros":2337}]}}
1788887988312529 {"observation":{"deletes":[],"inserts":[{"id":1493,"run_id":"idle-interval-100","mode":1,"bucket_ms":100,"sequence":357,"run_start_micros":1788887902528990,"scheduled_at_micros":1788887938328990,"fired_at_micros":1788887941580552,"drift_micros":3251562}]}}
1788887988330578 {"observation":{"deletes":[],"inserts":[{"id":1494,"run_id":"idle-anchored-100","mode":3,"bucket_ms":100,"sequence":390,"run_start_micros":1788887902483083,"scheduled_at_micros":1788887941583083,"fired_at_micros":1788887941595623,"drift_micros":12540}]}}
1788887988348846 {"observation":{"deletes":[],"inserts":[{"id":1495,"run_id":"idle-oneshot-100","mode":0,"bucket_ms":100,"sequence":358,"run_start_micros":1788887902435256,"scheduled_at_micros":1788887938335256,"fired_at_micros":1788887941595751,"drift_micros":3260495}]}}
1788887988366547 {"observation":{"deletes":[],"inserts":[{"id":1496,"run_id":"idle-oneshot-500","mode":0,"bucket_ms":500,"sequence":75,"run_start_micros":1788887902710258,"scheduled_at_micros":1788887940710258,"fired_at_micros":1788887941625935,"drift_micros":915677}]}}
1788887988384136 {"observation":{"deletes":[],"inserts":[{"id":1497,"run_id":"idle-interval-1000","mode":1,"bucket_ms":1000,"sequence":37,"run_start_micros":1788887903272705,"scheduled_at_micros":1788887941272705,"fired_at_micros":1788887941689175,"drift_micros":416470}]}}
1788887988552780 {"observation":{"deletes":[],"inserts":[{"id":1498,"run_id":"idle-interval-100","mode":1,"bucket_ms":100,"sequence":358,"run_start_micros":1788887902528990,"scheduled_at_micros":1788887938428990,"fired_at_micros":1788887941689331,"drift_micros":3260341}]}}
1788887988570777 {"observation":{"deletes":[],"inserts":[{"id":1499,"run_id":"idle-anchored-100","mode":3,"bucket_ms":100,"sequence":391,"run_start_micros":1788887902483083,"scheduled_at_micros":1788887941683083,"fired_at_micros":1788887941689389,"drift_micros":6306}]}}
1788887988588126 {"observation":{"deletes":[],"inserts":[{"id":1500,"run_id":"idle-oneshot-100","mode":0,"bucket_ms":100,"sequence":359,"run_start_micros":1788887902435256,"scheduled_at_micros":1788887938435256,"fired_at_micros":1788887941704407,"drift_micros":3269151}]}}
1788887988607110 {"observation":{"deletes":[],"inserts":[{"id":1501,"run_id":"idle-interval-500","mode":1,"bucket_ms":500,"sequence":75,"run_start_micros":1788887902802197,"scheduled_at_micros":1788887940802197,"fired_at_micros":1788887941735203,"drift_micros":933006}]}}
1788887988776600 {"observation":{"deletes":[],"inserts":[{"id":1502,"run_id":"idle-interval-work50-1000","mode":1,"bucket_ms":1000,"sequence":35,"run_start_micros":1788887905341007,"scheduled_at_micros":1788887941341007,"fired_at_micros":1788887941735348,"drift_micros":394341}]}}
1788887988796266 {"observation":{"deletes":[],"inserts":[{"id":1503,"run_id":"idle-anchored-500","mode":3,"bucket_ms":500,"sequence":77,"run_start_micros":1788887902755558,"scheduled_at_micros":1788887941755558,"fired_at_micros":1788887941766823,"drift_micros":11265}]}}
1788887988814853 {"observation":{"deletes":[],"inserts":[{"id":1504,"run_id":"idle-anchored-100","mode":3,"bucket_ms":100,"sequence":392,"run_start_micros":1788887902483083,"scheduled_at_micros":1788887941783083,"fired_at_micros":1788887941796905,"drift_micros":13822}]}}
1788887988834493 {"observation":{"deletes":[],"inserts":[{"id":1505,"run_id":"idle-interval-100","mode":1,"bucket_ms":100,"sequence":359,"run_start_micros":1788887902528990,"scheduled_at_micros":1788887938528990,"fired_at_micros":1788887941797059,"drift_micros":3268069}]}}
1788887989006385 {"observation":{"deletes":[],"inserts":[{"id":1506,"run_id":"idle-oneshot-100","mode":0,"bucket_ms":100,"sequence":360,"run_start_micros":1788887902435256,"scheduled_at_micros":1788887938535256,"fired_at_micros":1788887941812162,"drift_micros":3276906}]}}
1788887989024814 {"observation":{"deletes":[],"inserts":[{"id":1507,"run_id":"idle-anchored-100","mode":3,"bucket_ms":100,"sequence":393,"run_start_micros":1788887902483083,"scheduled_at_micros":1788887941883083,"fired_at_micros":1788887941890080,"drift_micros":6997}]}}
1788887989196516 {"observation":{"deletes":[],"inserts":[{"id":1508,"run_id":"idle-interval-100","mode":1,"bucket_ms":100,"sequence":360,"run_start_micros":1788887902528990,"scheduled_at_micros":1788887938628990,"fired_at_micros":1788887941905197,"drift_micros":3276207}]}}
1788887989216714 {"observation":{"deletes":[],"inserts":[{"id":1509,"run_id":"idle-oneshot-100","mode":0,"bucket_ms":100,"sequence":361,"run_start_micros":1788887902435256,"scheduled_at_micros":1788887938635256,"fired_at_micros":1788887941920869,"drift_micros":3285613}]}}
1788887989236300 {"observation":{"deletes":[],"inserts":[{"id":1510,"run_id":"idle-anchored-100","mode":3,"bucket_ms":100,"sequence":394,"run_start_micros":1788887902483083,"scheduled_at_micros":1788887941983083,"fired_at_micros":1788887941998001,"drift_micros":14918}]}}
1788887989402323 {"observation":{"deletes":[],"inserts":[{"id":1511,"run_id":"idle-interval-100","mode":1,"bucket_ms":100,"sequence":361,"run_start_micros":1788887902528990,"scheduled_at_micros":1788887938728990,"fired_at_micros":1788887942014069,"drift_micros":3285079}]}}
1788887989420738 {"observation":{"deletes":[],"inserts":[{"id":1512,"run_id":"idle-oneshot-100","mode":0,"bucket_ms":100,"sequence":362,"run_start_micros":1788887902435256,"scheduled_at_micros":1788887938735256,"fired_at_micros":1788887942029625,"drift_micros":3294369}]}}
1788887989440339 {"observation":{"deletes":[],"inserts":[{"id":1513,"run_id":"idle-anchored-1000","mode":3,"bucket_ms":1000,"sequence":38,"run_start_micros":1788887903070531,"scheduled_at_micros":1788887942070531,"fired_at_micros":1788887942076301,"drift_micros":5770}]}}
1788887989603118 {"observation":{"deletes":[],"inserts":[{"id":1514,"run_id":"idle-anchored-100","mode":3,"bucket_ms":100,"sequence":395,"run_start_micros":1788887902483083,"scheduled_at_micros":1788887942083083,"fired_at_micros":1788887942091972,"drift_micros":8889}]}}
1788887989620631 {"observation":{"deletes":[],"inserts":[{"id":1515,"run_id":"idle-interval-100","mode":1,"bucket_ms":100,"sequence":362,"run_start_micros":1788887902528990,"scheduled_at_micros":1788887938828990,"fired_at_micros":1788887942124265,"drift_micros":3295275}]}}
1788887989789906 {"observation":{"deletes":[],"inserts":[{"id":1516,"run_id":"idle-oneshot-500","mode":0,"bucket_ms":500,"sequence":76,"run_start_micros":1788887902710258,"scheduled_at_micros":1788887941210258,"fired_at_micros":1788887942139838,"drift_micros":929580}]}}
1788887989808857 {"observation":{"deletes":[],"inserts":[{"id":1517,"run_id":"idle-oneshot-100","mode":0,"bucket_ms":100,"sequence":363,"run_start_micros":1788887902435256,"scheduled_at_micros":1788887938835256,"fired_at_micros":1788887942139947,"drift_micros":3304691}]}}
1788887989977209 {"observation":{"deletes":[],"inserts":[{"id":1518,"run_id":"idle-anchored-100","mode":3,"bucket_ms":100,"sequence":396,"run_start_micros":1788887902483083,"scheduled_at_micros":1788887942183083,"fired_at_micros":1788887942186271,"drift_micros":3188}]}}
1788887990145103 {"observation":{"deletes":[],"inserts":[{"id":1519,"run_id":"idle-interval-100","mode":1,"bucket_ms":100,"sequence":363,"run_start_micros":1788887902528990,"scheduled_at_micros":1788887938928990,"fired_at_micros":1788887942233741,"drift_micros":3304751}]}}
1788887990320726 {"observation":{"deletes":[],"inserts":[{"id":1520,"run_id":"idle-interval-500","mode":1,"bucket_ms":500,"sequence":76,"run_start_micros":1788887902802197,"scheduled_at_micros":1788887941302197,"fired_at_micros":1788887942249067,"drift_micros":946870}]}}
1788887990491318 {"observation":{"deletes":[],"inserts":[{"id":1521,"run_id":"idle-oneshot-100","mode":0,"bucket_ms":100,"sequence":364,"run_start_micros":1788887902435256,"scheduled_at_micros":1788887938935256,"fired_at_micros":1788887942249176,"drift_micros":3313920}]}}
1788887990659108 {"observation":{"deletes":[],"inserts":[{"id":1522,"run_id":"idle-anchored-500","mode":3,"bucket_ms":500,"sequence":78,"run_start_micros":1788887902755558,"scheduled_at_micros":1788887942255558,"fired_at_micros":1788887942264664,"drift_micros":9106}]}}
1788887990825664 {"observation":{"deletes":[],"inserts":[{"id":1523,"run_id":"idle-anchored-100","mode":3,"bucket_ms":100,"sequence":397,"run_start_micros":1788887902483083,"scheduled_at_micros":1788887942283083,"fired_at_micros":1788887942295753,"drift_micros":12670}]}}
1788887990990445 {"observation":{"deletes":[],"inserts":[{"id":1524,"run_id":"idle-interval-100","mode":1,"bucket_ms":100,"sequence":364,"run_start_micros":1788887902528990,"scheduled_at_micros":1788887939028990,"fired_at_micros":1788887942343026,"drift_micros":3314036}]}}
1788887991307173 {"observation":{"deletes":[],"inserts":[{"id":1525,"run_id":"idle-oneshot-100","mode":0,"bucket_ms":100,"sequence":365,"run_start_micros":1788887902435256,"scheduled_at_micros":1788887939035256,"fired_at_micros":1788887942358638,"drift_micros":3323382}]}}
1788887991469563 {"observation":{"deletes":[],"inserts":[{"id":1526,"run_id":"idle-anchored-100","mode":3,"bucket_ms":100,"sequence":398,"run_start_micros":1788887902483083,"scheduled_at_micros":1788887942383083,"fired_at_micros":1788887942388906,"drift_micros":5823}]}}
1788887991786410 {"observation":{"deletes":[],"inserts":[{"id":1527,"run_id":"idle-oneshot-1000","mode":0,"bucket_ms":1000,"sequence":38,"run_start_micros":1788887903021315,"scheduled_at_micros":1788887942021315,"fired_at_micros":1788887942436919,"drift_micros":415604}]}}
1788887991807401 {"observation":{"deletes":[],"inserts":[{"id":1528,"run_id":"idle-interval-100","mode":1,"bucket_ms":100,"sequence":365,"run_start_micros":1788887902528990,"scheduled_at_micros":1788887939128990,"fired_at_micros":1788887942452511,"drift_micros":3323521}]}}
1788887991828445 {"observation":{"deletes":[],"inserts":[{"id":1529,"run_id":"idle-oneshot-100","mode":0,"bucket_ms":100,"sequence":366,"run_start_micros":1788887902435256,"scheduled_at_micros":1788887939135256,"fired_at_micros":1788887942467533,"drift_micros":3332277}]}}
1788887991848640 {"observation":{"deletes":[],"inserts":[{"id":1530,"run_id":"idle-anchored-100","mode":3,"bucket_ms":100,"sequence":399,"run_start_micros":1788887902483083,"scheduled_at_micros":1788887942483083,"fired_at_micros":1788887942499610,"drift_micros":16527}]}}
1788887991866552 {"observation":{"deletes":[],"inserts":[{"id":1531,"run_id":"idle-interval-100","mode":1,"bucket_ms":100,"sequence":366,"run_start_micros":1788887902528990,"scheduled_at_micros":1788887939228990,"fired_at_micros":1788887942562744,"drift_micros":3333754}]}}
1788887991885836 {"observation":{"deletes":[],"inserts":[{"id":1532,"run_id":"idle-oneshot-100","mode":0,"bucket_ms":100,"sequence":367,"run_start_micros":1788887902435256,"scheduled_at_micros":1788887939235256,"fired_at_micros":1788887942577943,"drift_micros":3342687}]}}
1788887991907522 {"observation":{"deletes":[],"inserts":[{"id":1533,"run_id":"idle-anchored-100","mode":3,"bucket_ms":100,"sequence":400,"run_start_micros":1788887902483083,"scheduled_at_micros":1788887942583083,"fired_at_micros":1788887942593165,"drift_micros":10082}]}}
1788887991928157 {"observation":{"deletes":[],"inserts":[{"id":1534,"run_id":"idle-oneshot-500","mode":0,"bucket_ms":500,"sequence":77,"run_start_micros":1788887902710258,"scheduled_at_micros":1788887941710258,"fired_at_micros":1788887942656050,"drift_micros":945792}]}}
1788887992112572 {"observation":{"deletes":[],"inserts":[{"id":1535,"run_id":"idle-interval-100","mode":1,"bucket_ms":100,"sequence":367,"run_start_micros":1788887902528990,"scheduled_at_micros":1788887939328990,"fired_at_micros":1788887942671575,"drift_micros":3342585}]}}
1788887992130477 {"observation":{"deletes":[],"inserts":[{"id":1536,"run_id":"idle-oneshot-100","mode":0,"bucket_ms":100,"sequence":368,"run_start_micros":1788887902435256,"scheduled_at_micros":1788887939335256,"fired_at_micros":1788887942686866,"drift_micros":3351610}]}}
1788887992150202 {"observation":{"deletes":[],"inserts":[{"id":1537,"run_id":"idle-anchored-100","mode":3,"bucket_ms":100,"sequence":401,"run_start_micros":1788887902483083,"scheduled_at_micros":1788887942683083,"fired_at_micros":1788887942687003,"drift_micros":3920}]}}
1788887992167372 {"observation":{"deletes":[],"inserts":[{"id":1538,"run_id":"idle-interval-1000","mode":1,"bucket_ms":1000,"sequence":38,"run_start_micros":1788887903272705,"scheduled_at_micros":1788887942272705,"fired_at_micros":1788887942702422,"drift_micros":429717}]}}
1788887992185432 {"observation":{"deletes":[],"inserts":[{"id":1539,"run_id":"idle-interval-work50-1000","mode":1,"bucket_ms":1000,"sequence":36,"run_start_micros":1788887905341007,"scheduled_at_micros":1788887942341007,"fired_at_micros":1788887942748364,"drift_micros":407357}]}}
1788887992202834 {"observation":{"deletes":[],"inserts":[{"id":1540,"run_id":"idle-interval-500","mode":1,"bucket_ms":500,"sequence":77,"run_start_micros":1788887902802197,"scheduled_at_micros":1788887941802197,"fired_at_micros":1788887942764349,"drift_micros":962152}]}}
1788887992221038 {"observation":{"deletes":[],"inserts":[{"id":1541,"run_id":"idle-anchored-500","mode":3,"bucket_ms":500,"sequence":79,"run_start_micros":1788887902755558,"scheduled_at_micros":1788887942755558,"fired_at_micros":1788887942764430,"drift_micros":8872}]}}
1788887992240182 {"observation":{"deletes":[],"inserts":[{"id":1542,"run_id":"idle-interval-100","mode":1,"bucket_ms":100,"sequence":368,"run_start_micros":1788887902528990,"scheduled_at_micros":1788887939428990,"fired_at_micros":1788887942779606,"drift_micros":3350616}]}}
1788887992406482 {"observation":{"deletes":[],"inserts":[{"id":1543,"run_id":"idle-anchored-100","mode":3,"bucket_ms":100,"sequence":402,"run_start_micros":1788887902483083,"scheduled_at_micros":1788887942783083,"fired_at_micros":1788887942794854,"drift_micros":11771}]}}
1788887992425411 {"observation":{"deletes":[],"inserts":[{"id":1544,"run_id":"idle-oneshot-100","mode":0,"bucket_ms":100,"sequence":369,"run_start_micros":1788887902435256,"scheduled_at_micros":1788887939435256,"fired_at_micros":1788887942795040,"drift_micros":3359784}]}}
1788887992444433 {"observation":{"deletes":[],"inserts":[{"id":1545,"run_id":"idle-interval-100","mode":1,"bucket_ms":100,"sequence":369,"run_start_micros":1788887902528990,"scheduled_at_micros":1788887939528990,"fired_at_micros":1788887942888013,"drift_micros":3359023}]}}
1788887992463654 {"observation":{"deletes":[],"inserts":[{"id":1546,"run_id":"idle-anchored-100","mode":3,"bucket_ms":100,"sequence":403,"run_start_micros":1788887902483083,"scheduled_at_micros":1788887942883083,"fired_at_micros":1788887942888182,"drift_micros":5099}]}}
1788887992482714 {"observation":{"deletes":[],"inserts":[{"id":1547,"run_id":"idle-oneshot-100","mode":0,"bucket_ms":100,"sequence":370,"run_start_micros":1788887902435256,"scheduled_at_micros":1788887939535256,"fired_at_micros":1788887942904129,"drift_micros":3368873}]}}
1788887992500449 {"observation":{"deletes":[],"inserts":[{"id":1548,"run_id":"idle-anchored-100","mode":3,"bucket_ms":100,"sequence":404,"run_start_micros":1788887902483083,"scheduled_at_micros":1788887942983083,"fired_at_micros":1788887942996406,"drift_micros":13323}]}}
1788887992521288 {"observation":{"deletes":[],"inserts":[{"id":1549,"run_id":"idle-interval-100","mode":1,"bucket_ms":100,"sequence":370,"run_start_micros":1788887902528990,"scheduled_at_micros":1788887939628990,"fired_at_micros":1788887942996572,"drift_micros":3367582}]}}
1788887992683115 {"observation":{"deletes":[],"inserts":[{"id":1550,"run_id":"idle-oneshot-100","mode":0,"bucket_ms":100,"sequence":371,"run_start_micros":1788887902435256,"scheduled_at_micros":1788887939635256,"fired_at_micros":1788887943011983,"drift_micros":3376727}]}}
1788887992703537 {"observation":{"deletes":[],"inserts":[{"id":1551,"run_id":"idle-anchored-1000","mode":3,"bucket_ms":1000,"sequence":39,"run_start_micros":1788887903070531,"scheduled_at_micros":1788887943070531,"fired_at_micros":1788887943073673,"drift_micros":3142}]}}
1788887992721484 {"observation":{"deletes":[],"inserts":[{"id":1552,"run_id":"idle-anchored-100","mode":3,"bucket_ms":100,"sequence":405,"run_start_micros":1788887902483083,"scheduled_at_micros":1788887943083083,"fired_at_micros":1788887943089413,"drift_micros":6330}]}}
1788887992738913 {"observation":{"deletes":[],"inserts":[{"id":1553,"run_id":"idle-interval-100","mode":1,"bucket_ms":100,"sequence":371,"run_start_micros":1788887902528990,"scheduled_at_micros":1788887939728990,"fired_at_micros":1788887943104962,"drift_micros":3375972}]}}
1788887992756084 {"observation":{"deletes":[],"inserts":[{"id":1554,"run_id":"idle-oneshot-100","mode":0,"bucket_ms":100,"sequence":372,"run_start_micros":1788887902435256,"scheduled_at_micros":1788887939735256,"fired_at_micros":1788887943120143,"drift_micros":3384887}]}}
1788887992774187 {"observation":{"deletes":[],"inserts":[{"id":1555,"run_id":"idle-oneshot-500","mode":0,"bucket_ms":500,"sequence":78,"run_start_micros":1788887902710258,"scheduled_at_micros":1788887942210258,"fired_at_micros":1788887943166732,"drift_micros":956474}]}}
1788887992942513 {"observation":{"deletes":[],"inserts":[{"id":1556,"run_id":"idle-anchored-100","mode":3,"bucket_ms":100,"sequence":406,"run_start_micros":1788887902483083,"scheduled_at_micros":1788887943183083,"fired_at_micros":1788887943197914,"drift_micros":14831}]}}
1788887992964502 {"observation":{"deletes":[],"inserts":[{"id":1557,"run_id":"idle-interval-100","mode":1,"bucket_ms":100,"sequence":372,"run_start_micros":1788887902528990,"scheduled_at_micros":1788887939828990,"fired_at_micros":1788887943213662,"drift_micros":3384672}]}}
1788887992982204 {"observation":{"deletes":[],"inserts":[{"id":1558,"run_id":"idle-oneshot-100","mode":0,"bucket_ms":100,"sequence":373,"run_start_micros":1788887902435256,"scheduled_at_micros":1788887939835256,"fired_at_micros":1788887943229064,"drift_micros":3393808}]}}
1788887993000026 {"observation":{"deletes":[],"inserts":[{"id":1559,"run_id":"idle-anchored-500","mode":3,"bucket_ms":500,"sequence":80,"run_start_micros":1788887902755558,"scheduled_at_micros":1788887943255558,"fired_at_micros":1788887943259806,"drift_micros":4248}]}}
1788887993167374 {"observation":{"deletes":[],"inserts":[{"id":1560,"run_id":"idle-interval-500","mode":1,"bucket_ms":500,"sequence":78,"run_start_micros":1788887902802197,"scheduled_at_micros":1788887942302197,"fired_at_micros":1788887943275835,"drift_micros":973638}]}}
1788887993186544 {"observation":{"deletes":[],"inserts":[{"id":1561,"run_id":"idle-anchored-100","mode":3,"bucket_ms":100,"sequence":407,"run_start_micros":1788887902483083,"scheduled_at_micros":1788887943283083,"fired_at_micros":1788887943290545,"drift_micros":7462}]}}
1788887993204484 {"observation":{"deletes":[],"inserts":[{"id":1562,"run_id":"idle-interval-100","mode":1,"bucket_ms":100,"sequence":373,"run_start_micros":1788887902528990,"scheduled_at_micros":1788887939928990,"fired_at_micros":1788887943322753,"drift_micros":3393763}]}}
1788887993222950 {"observation":{"deletes":[],"inserts":[{"id":1563,"run_id":"idle-oneshot-100","mode":0,"bucket_ms":100,"sequence":374,"run_start_micros":1788887902435256,"scheduled_at_micros":1788887939935256,"fired_at_micros":1788887943338039,"drift_micros":3402783}]}}
1788887993387904 {"observation":{"deletes":[],"inserts":[{"id":1564,"run_id":"idle-anchored-100","mode":3,"bucket_ms":100,"sequence":408,"run_start_micros":1788887902483083,"scheduled_at_micros":1788887943383083,"fired_at_micros":1788887943383977,"drift_micros":894}]}}
1788887993407198 {"observation":{"deletes":[],"inserts":[{"id":1565,"run_id":"idle-interval-100","mode":1,"bucket_ms":100,"sequence":374,"run_start_micros":1788887902528990,"scheduled_at_micros":1788887940028990,"fired_at_micros":1788887943429907,"drift_micros":3400917}]}}
1788887993429919 {"observation":{"deletes":[],"inserts":[{"id":1566,"run_id":"idle-oneshot-1000","mode":0,"bucket_ms":1000,"sequence":39,"run_start_micros":1788887903021315,"scheduled_at_micros":1788887943021315,"fired_at_micros":1788887943445440,"drift_micros":424125}]}}
1788887993449230 {"observation":{"deletes":[],"inserts":[{"id":1567,"run_id":"idle-oneshot-100","mode":0,"bucket_ms":100,"sequence":375,"run_start_micros":1788887902435256,"scheduled_at_micros":1788887940035256,"fired_at_micros":1788887943445565,"drift_micros":3410309}]}}
1788887993624988 {"observation":{"deletes":[],"inserts":[{"id":1568,"run_id":"idle-anchored-100","mode":3,"bucket_ms":100,"sequence":409,"run_start_micros":1788887902483083,"scheduled_at_micros":1788887943483083,"fired_at_micros":1788887943491969,"drift_micros":8886}]}}
1788887993643855 {"observation":{"deletes":[],"inserts":[{"id":1569,"run_id":"idle-oneshot-10000","mode":0,"bucket_ms":10000,"sequence":3,"run_start_micros":1788887903469408,"scheduled_at_micros":1788887943469408,"fired_at_micros":1788887943507327,"drift_micros":37919}]}}
1788887993661829 {"observation":{"deletes":[],"inserts":[{"id":1570,"run_id":"idle-anchored-10000","mode":3,"bucket_ms":10000,"sequence":3,"run_start_micros":1788887903514660,"scheduled_at_micros":1788887943514660,"fired_at_micros":1788887943522601,"drift_micros":7941}]}}
1788887993827105 {"observation":{"deletes":[],"inserts":[{"id":1571,"run_id":"idle-interval-100","mode":1,"bucket_ms":100,"sequence":375,"run_start_micros":1788887902528990,"scheduled_at_micros":1788887940128990,"fired_at_micros":1788887943538413,"drift_micros":3409423}]}}
1788887993848943 {"observation":{"deletes":[],"inserts":[{"id":1572,"run_id":"idle-oneshot-100","mode":0,"bucket_ms":100,"sequence":376,"run_start_micros":1788887902435256,"scheduled_at_micros":1788887940135256,"fired_at_micros":1788887943553659,"drift_micros":3418403}]}}
1788887994015189 {"observation":{"deletes":[],"inserts":[{"id":1573,"run_id":"idle-anchored-100","mode":3,"bucket_ms":100,"sequence":410,"run_start_micros":1788887902483083,"scheduled_at_micros":1788887943583083,"fired_at_micros":1788887943585073,"drift_micros":1990}]}}
1788887994035363 {"observation":{"deletes":[],"inserts":[{"id":1574,"run_id":"idle-interval-100","mode":1,"bucket_ms":100,"sequence":376,"run_start_micros":1788887902528990,"scheduled_at_micros":1788887940228990,"fired_at_micros":1788887943648499,"drift_micros":3419509}]}}
1788887994052987 {"observation":{"deletes":[],"inserts":[{"id":1575,"run_id":"idle-oneshot-100","mode":0,"bucket_ms":100,"sequence":377,"run_start_micros":1788887902435256,"scheduled_at_micros":1788887940235256,"fired_at_micros":1788887943664540,"drift_micros":3429284}]}}
1788887994213886 {"observation":{"deletes":[],"inserts":[{"id":1576,"run_id":"idle-oneshot-500","mode":0,"bucket_ms":500,"sequence":79,"run_start_micros":1788887902710258,"scheduled_at_micros":1788887942710258,"fired_at_micros":1788887943680109,"drift_micros":969851}]}}
1788887994233269 {"observation":{"deletes":[],"inserts":[{"id":1577,"run_id":"idle-anchored-100","mode":3,"bucket_ms":100,"sequence":411,"run_start_micros":1788887902483083,"scheduled_at_micros":1788887943683083,"fired_at_micros":1788887943695680,"drift_micros":12597}]}}
1788887994399633 {"observation":{"deletes":[],"inserts":[{"id":1578,"run_id":"idle-interval-1000","mode":1,"bucket_ms":1000,"sequence":39,"run_start_micros":1788887903272705,"scheduled_at_micros":1788887943272705,"fired_at_micros":1788887943711136,"drift_micros":438431}]}}
1788887994422402 {"observation":{"deletes":[],"inserts":[{"id":1579,"run_id":"idle-interval-10000","mode":1,"bucket_ms":10000,"sequence":3,"run_start_micros":1788887903704748,"scheduled_at_micros":1788887943704748,"fired_at_micros":1788887943726832,"drift_micros":22084}]}}
1788887994590397 {"observation":{"deletes":[],"inserts":[{"id":1580,"run_id":"idle-interval-work50-1000","mode":1,"bucket_ms":1000,"sequence":37,"run_start_micros":1788887905341007,"scheduled_at_micros":1788887943341007,"fired_at_micros":1788887943758303,"drift_micros":417296}]}}
1788887994612459 {"observation":{"deletes":[],"inserts":[{"id":1581,"run_id":"idle-interval-100","mode":1,"bucket_ms":100,"sequence":377,"run_start_micros":1788887902528990,"scheduled_at_micros":1788887940328990,"fired_at_micros":1788887943758447,"drift_micros":3429457}]}}
1788887994785603 {"observation":{"deletes":[],"inserts":[{"id":1582,"run_id":"idle-anchored-500","mode":3,"bucket_ms":500,"sequence":81,"run_start_micros":1788887902755558,"scheduled_at_micros":1788887943755558,"fired_at_micros":1788887943758519,"drift_micros":2961}]}}
1788887994957024 {"observation":{"deletes":[],"inserts":[{"id":1583,"run_id":"idle-oneshot-100","mode":0,"bucket_ms":100,"sequence":378,"run_start_micros":1788887902435256,"scheduled_at_micros":1788887940335256,"fired_at_micros":1788887943773888,"drift_micros":3438632}]}}
1788887995124514 {"observation":{"deletes":[],"inserts":[{"id":1584,"run_id":"idle-interval-500","mode":1,"bucket_ms":500,"sequence":79,"run_start_micros":1788887902802197,"scheduled_at_micros":1788887942802197,"fired_at_micros":1788887943789696,"drift_micros":987499}]}}
1788887995291747 {"observation":{"deletes":[],"inserts":[{"id":1585,"run_id":"idle-anchored-100","mode":3,"bucket_ms":100,"sequence":412,"run_start_micros":1788887902483083,"scheduled_at_micros":1788887943783083,"fired_at_micros":1788887943789775,"drift_micros":6692}]}}
1788887995454031 {"observation":{"deletes":[],"inserts":[{"id":1586,"run_id":"idle-interval-100","mode":1,"bucket_ms":100,"sequence":378,"run_start_micros":1788887902528990,"scheduled_at_micros":1788887940428990,"fired_at_micros":1788887943867663,"drift_micros":3438673}]}}
1788887995619651 {"observation":{"deletes":[],"inserts":[{"id":1587,"run_id":"idle-oneshot-100","mode":0,"bucket_ms":100,"sequence":379,"run_start_micros":1788887902435256,"scheduled_at_micros":1788887940435256,"fired_at_micros":1788887943883609,"drift_micros":3448353}]}}
1788887995938176 {"observation":{"deletes":[],"inserts":[{"id":1588,"run_id":"idle-anchored-100","mode":3,"bucket_ms":100,"sequence":413,"run_start_micros":1788887902483083,"scheduled_at_micros":1788887943883083,"fired_at_micros":1788887943884218,"drift_micros":1135}]}}
1788887996401045 {"observation":{"deletes":[],"inserts":[{"id":1589,"run_id":"idle-interval-100","mode":1,"bucket_ms":100,"sequence":379,"run_start_micros":1788887902528990,"scheduled_at_micros":1788887940528990,"fired_at_micros":1788887943976529,"drift_micros":3447539}]}}
1788887996859355 {"observation":{"deletes":[],"inserts":[{"id":1590,"run_id":"idle-oneshot-100","mode":0,"bucket_ms":100,"sequence":380,"run_start_micros":1788887902435256,"scheduled_at_micros":1788887940535256,"fired_at_micros":1788887943992033,"drift_micros":3456777}]}}
1788887996878345 {"observation":{"deletes":[],"inserts":[{"id":1591,"run_id":"idle-anchored-100","mode":3,"bucket_ms":100,"sequence":414,"run_start_micros":1788887902483083,"scheduled_at_micros":1788887943983083,"fired_at_micros":1788887943992105,"drift_micros":9022}]}}
1788887996897168 {"observation":{"deletes":[],"inserts":[{"id":1592,"run_id":"idle-anchored-1000","mode":3,"bucket_ms":1000,"sequence":40,"run_start_micros":1788887903070531,"scheduled_at_micros":1788887944070531,"fired_at_micros":1788887944071132,"drift_micros":601}]}}
1788887996915119 {"observation":{"deletes":[],"inserts":[{"id":1593,"run_id":"idle-interval-100","mode":1,"bucket_ms":100,"sequence":380,"run_start_micros":1788887902528990,"scheduled_at_micros":1788887940628990,"fired_at_micros":1788887944086879,"drift_micros":3457889}]}}
1788887996933926 {"observation":{"deletes":[],"inserts":[{"id":1594,"run_id":"idle-anchored-100","mode":3,"bucket_ms":100,"sequence":415,"run_start_micros":1788887902483083,"scheduled_at_micros":1788887944083083,"fired_at_micros":1788887944086989,"drift_micros":3906}]}}
1788887996953356 {"observation":{"deletes":[],"inserts":[{"id":1595,"run_id":"idle-oneshot-100","mode":0,"bucket_ms":100,"sequence":381,"run_start_micros":1788887902435256,"scheduled_at_micros":1788887940635256,"fired_at_micros":1788887944102253,"drift_micros":3466997}]}}
1788887996974391 {"observation":{"deletes":[],"inserts":[{"id":1596,"run_id":"idle-oneshot-500","mode":0,"bucket_ms":500,"sequence":80,"run_start_micros":1788887902710258,"scheduled_at_micros":1788887943210258,"fired_at_micros":1788887944195448,"drift_micros":985190}]}}
1788887996993893 {"observation":{"deletes":[],"inserts":[{"id":1597,"run_id":"idle-anchored-100","mode":3,"bucket_ms":100,"sequence":416,"run_start_micros":1788887902483083,"scheduled_at_micros":1788887944183083,"fired_at_micros":1788887944195576,"drift_micros":12493}]}}
1788887997014283 {"observation":{"deletes":[],"inserts":[{"id":1598,"run_id":"idle-interval-100","mode":1,"bucket_ms":100,"sequence":381,"run_start_micros":1788887902528990,"scheduled_at_micros":1788887940728990,"fired_at_micros":1788887944195642,"drift_micros":3466652}]}}
1788887997181371 {"observation":{"deletes":[],"inserts":[{"id":1599,"run_id":"idle-oneshot-100","mode":0,"bucket_ms":100,"sequence":382,"run_start_micros":1788887902435256,"scheduled_at_micros":1788887940735256,"fired_at_micros":1788887944210562,"drift_micros":3475306}]}}
1788887997200710 {"observation":{"deletes":[],"inserts":[{"id":1600,"run_id":"idle-anchored-500","mode":3,"bucket_ms":500,"sequence":82,"run_start_micros":1788887902755558,"scheduled_at_micros":1788887944255558,"fired_at_micros":1788887944257074,"drift_micros":1516}]}}
1788887997218565 {"observation":{"deletes":[],"inserts":[{"id":1601,"run_id":"idle-anchored-100","mode":3,"bucket_ms":100,"sequence":417,"run_start_micros":1788887902483083,"scheduled_at_micros":1788887944283083,"fired_at_micros":1788887944287694,"drift_micros":4611}]}}
1788887997236583 {"observation":{"deletes":[],"inserts":[{"id":1602,"run_id":"idle-interval-500","mode":1,"bucket_ms":500,"sequence":80,"run_start_micros":1788887902802197,"scheduled_at_micros":1788887943302197,"fired_at_micros":1788887944302867,"drift_micros":1000670}]}}
1788887997254913 {"observation":{"deletes":[],"inserts":[{"id":1603,"run_id":"idle-interval-100","mode":1,"bucket_ms":100,"sequence":382,"run_start_micros":1788887902528990,"scheduled_at_micros":1788887940828990,"fired_at_micros":1788887944302940,"drift_micros":3473950}]}}
1788887997274185 {"observation":{"deletes":[],"inserts":[{"id":1604,"run_id":"idle-oneshot-100","mode":0,"bucket_ms":100,"sequence":383,"run_start_micros":1788887902435256,"scheduled_at_micros":1788887940835256,"fired_at_micros":1788887944318535,"drift_micros":3483279}]}}
1788887997291325 {"observation":{"deletes":[],"inserts":[{"id":1605,"run_id":"idle-anchored-100","mode":3,"bucket_ms":100,"sequence":418,"run_start_micros":1788887902483083,"scheduled_at_micros":1788887944383083,"fired_at_micros":1788887944397790,"drift_micros":14707}]}}
1788887997458725 {"observation":{"deletes":[],"inserts":[{"id":1606,"run_id":"idle-interval-100","mode":1,"bucket_ms":100,"sequence":383,"run_start_micros":1788887902528990,"scheduled_at_micros":1788887940928990,"fired_at_micros":1788887944413495,"drift_micros":3484505}]}}
1788887997478178 {"observation":{"deletes":[],"inserts":[{"id":1607,"run_id":"idle-oneshot-100","mode":0,"bucket_ms":100,"sequence":384,"run_start_micros":1788887902435256,"scheduled_at_micros":1788887940935256,"fired_at_micros":1788887944429412,"drift_micros":3494156}]}}
1788887997495884 {"observation":{"deletes":[],"inserts":[{"id":1608,"run_id":"idle-oneshot-1000","mode":0,"bucket_ms":1000,"sequence":40,"run_start_micros":1788887903021315,"scheduled_at_micros":1788887944021315,"fired_at_micros":1788887944460662,"drift_micros":439347}]}}
1788887997512827 {"observation":{"deletes":[],"inserts":[{"id":1609,"run_id":"idle-anchored-100","mode":3,"bucket_ms":100,"sequence":419,"run_start_micros":1788887902483083,"scheduled_at_micros":1788887944483083,"fired_at_micros":1788887944492271,"drift_micros":9188}]}}
1788887997530539 {"observation":{"deletes":[],"inserts":[{"id":1610,"run_id":"idle-interval-100","mode":1,"bucket_ms":100,"sequence":384,"run_start_micros":1788887902528990,"scheduled_at_micros":1788887941028990,"fired_at_micros":1788887944522666,"drift_micros":3493676}]}}
1788887997548533 {"observation":{"deletes":[],"inserts":[{"id":1611,"run_id":"idle-oneshot-100","mode":0,"bucket_ms":100,"sequence":385,"run_start_micros":1788887902435256,"scheduled_at_micros":1788887941035256,"fired_at_micros":1788887944537682,"drift_micros":3502426}]}}
1788887997566666 {"observation":{"deletes":[],"inserts":[{"id":1612,"run_id":"idle-anchored-100","mode":3,"bucket_ms":100,"sequence":420,"run_start_micros":1788887902483083,"scheduled_at_micros":1788887944583083,"fired_at_micros":1788887944584863,"drift_micros":1780}]}}
1788887997735062 {"observation":{"deletes":[],"inserts":[{"id":1613,"run_id":"idle-interval-100","mode":1,"bucket_ms":100,"sequence":385,"run_start_micros":1788887902528990,"scheduled_at_micros":1788887941128990,"fired_at_micros":1788887944631055,"drift_micros":3502065}]}}
1788887997758871 {"observation":{"deletes":[],"inserts":[{"id":1614,"run_id":"idle-oneshot-100","mode":0,"bucket_ms":100,"sequence":386,"run_start_micros":1788887902435256,"scheduled_at_micros":1788887941135256,"fired_at_micros":1788887944646680,"drift_micros":3511424}]}}
1788887997777499 {"observation":{"deletes":[],"inserts":[{"id":1615,"run_id":"idle-anchored-100","mode":3,"bucket_ms":100,"sequence":421,"run_start_micros":1788887902483083,"scheduled_at_micros":1788887944683083,"fired_at_micros":1788887944693808,"drift_micros":10725}]}}
1788887997797723 {"observation":{"deletes":[],"inserts":[{"id":1616,"run_id":"idle-oneshot-500","mode":0,"bucket_ms":500,"sequence":81,"run_start_micros":1788887902710258,"scheduled_at_micros":1788887943710258,"fired_at_micros":1788887944709504,"drift_micros":999246}]}}
1788887997816961 {"observation":{"deletes":[],"inserts":[{"id":1617,"run_id":"idle-interval-1000","mode":1,"bucket_ms":1000,"sequence":40,"run_start_micros":1788887903272705,"scheduled_at_micros":1788887944272705,"fired_at_micros":1788887944725042,"drift_micros":452337}]}}
1788887997836025 {"observation":{"deletes":[],"inserts":[{"id":1618,"run_id":"idle-interval-100","mode":1,"bucket_ms":100,"sequence":386,"run_start_micros":1788887902528990,"scheduled_at_micros":1788887941228990,"fired_at_micros":1788887944740898,"drift_micros":3511908}]}}
1788887998009213 {"observation":{"deletes":[],"inserts":[{"id":1619,"run_id":"idle-oneshot-100","mode":0,"bucket_ms":100,"sequence":387,"run_start_micros":1788887902435256,"scheduled_at_micros":1788887941235256,"fired_at_micros":1788887944756079,"drift_micros":3520823}]}}
1788887998028770 {"observation":{"deletes":[],"inserts":[{"id":1620,"run_id":"idle-anchored-500","mode":3,"bucket_ms":500,"sequence":83,"run_start_micros":1788887902755558,"scheduled_at_micros":1788887944755558,"fired_at_micros":1788887944756232,"drift_micros":674}]}}
1788887998048532 {"observation":{"deletes":[],"inserts":[{"id":1621,"run_id":"idle-interval-work50-1000","mode":1,"bucket_ms":1000,"sequence":38,"run_start_micros":1788887905341007,"scheduled_at_micros":1788887944341007,"fired_at_micros":1788887944772813,"drift_micros":431806}]}}
1788887998067890 {"observation":{"deletes":[],"inserts":[{"id":1622,"run_id":"idle-anchored-100","mode":3,"bucket_ms":100,"sequence":422,"run_start_micros":1788887902483083,"scheduled_at_micros":1788887944783083,"fired_at_micros":1788887944787871,"drift_micros":4788}]}}
1788887998086878 {"observation":{"deletes":[],"inserts":[{"id":1623,"run_id":"idle-interval-500","mode":1,"bucket_ms":500,"sequence":81,"run_start_micros":1788887902802197,"scheduled_at_micros":1788887943802197,"fired_at_micros":1788887944818823,"drift_micros":1016626}]}}
1788887998252779 {"observation":{"deletes":[],"inserts":[{"id":1624,"run_id":"idle-interval-100","mode":1,"bucket_ms":100,"sequence":387,"run_start_micros":1788887902528990,"scheduled_at_micros":1788887941328990,"fired_at_micros":1788887944850077,"drift_micros":3521087}]}}
1788887998271457 {"observation":{"deletes":[],"inserts":[{"id":1625,"run_id":"idle-oneshot-100","mode":0,"bucket_ms":100,"sequence":388,"run_start_micros":1788887902435256,"scheduled_at_micros":1788887941335256,"fired_at_micros":1788887944865266,"drift_micros":3530010}]}}
1788887998289523 {"observation":{"deletes":[],"inserts":[{"id":1626,"run_id":"idle-anchored-100","mode":3,"bucket_ms":100,"sequence":423,"run_start_micros":1788887902483083,"scheduled_at_micros":1788887944883083,"fired_at_micros":1788887944896448,"drift_micros":13365}]}}
1788887998307431 {"observation":{"deletes":[],"inserts":[{"id":1627,"run_id":"idle-interval-100","mode":1,"bucket_ms":100,"sequence":388,"run_start_micros":1788887902528990,"scheduled_at_micros":1788887941428990,"fired_at_micros":1788887944960049,"drift_micros":3531059}]}}
1788887998326011 {"observation":{"deletes":[],"inserts":[{"id":1628,"run_id":"idle-oneshot-100","mode":0,"bucket_ms":100,"sequence":389,"run_start_micros":1788887902435256,"scheduled_at_micros":1788887941435256,"fired_at_micros":1788887944976096,"drift_micros":3540840}]}}
1788887998489737 {"observation":{"deletes":[],"inserts":[{"id":1629,"run_id":"idle-anchored-100","mode":3,"bucket_ms":100,"sequence":424,"run_start_micros":1788887902483083,"scheduled_at_micros":1788887944983083,"fired_at_micros":1788887944991528,"drift_micros":8445}]}}
1788887998508256 {"observation":{"deletes":[],"inserts":[{"id":1630,"run_id":"idle-interval-100","mode":1,"bucket_ms":100,"sequence":389,"run_start_micros":1788887902528990,"scheduled_at_micros":1788887941528990,"fired_at_micros":1788887945069898,"drift_micros":3540908}]}}
1788887998528860 {"observation":{"deletes":[],"inserts":[{"id":1631,"run_id":"idle-anchored-1000","mode":3,"bucket_ms":1000,"sequence":41,"run_start_micros":1788887903070531,"scheduled_at_micros":1788887945070531,"fired_at_micros":1788887945085428,"drift_micros":14897}]}}
1788887998692575 {"observation":{"deletes":[],"inserts":[{"id":1632,"run_id":"idle-oneshot-100","mode":0,"bucket_ms":100,"sequence":390,"run_start_micros":1788887902435256,"scheduled_at_micros":1788887941535256,"fired_at_micros":1788887945085502,"drift_micros":3550246}]}}
1788887998710853 {"observation":{"deletes":[],"inserts":[{"id":1633,"run_id":"idle-anchored-100","mode":3,"bucket_ms":100,"sequence":425,"run_start_micros":1788887902483083,"scheduled_at_micros":1788887945083083,"fired_at_micros":1788887945085528,"drift_micros":2445}]}}
1788887998879531 {"observation":{"deletes":[],"inserts":[{"id":1634,"run_id":"idle-interval-100","mode":1,"bucket_ms":100,"sequence":390,"run_start_micros":1788887902528990,"scheduled_at_micros":1788887941628990,"fired_at_micros":1788887945178941,"drift_micros":3549951}]}}
1788887999046552 {"observation":{"deletes":[],"inserts":[{"id":1635,"run_id":"idle-anchored-100","mode":3,"bucket_ms":100,"sequence":426,"run_start_micros":1788887902483083,"scheduled_at_micros":1788887945183083,"fired_at_micros":1788887945194054,"drift_micros":10971}]}}
1788887999065275 {"observation":{"deletes":[],"inserts":[{"id":1636,"run_id":"idle-oneshot-100","mode":0,"bucket_ms":100,"sequence":391,"run_start_micros":1788887902435256,"scheduled_at_micros":1788887941635256,"fired_at_micros":1788887945194256,"drift_micros":3559000}]}}
1788887999232594 {"observation":{"deletes":[],"inserts":[{"id":1637,"run_id":"idle-oneshot-500","mode":0,"bucket_ms":500,"sequence":82,"run_start_micros":1788887902710258,"scheduled_at_micros":1788887944210258,"fired_at_micros":1788887945225262,"drift_micros":1015004}]}}
1788887999551533 {"observation":{"deletes":[],"inserts":[{"id":1638,"run_id":"idle-anchored-500","mode":3,"bucket_ms":500,"sequence":84,"run_start_micros":1788887902755558,"scheduled_at_micros":1788887945255558,"fired_at_micros":1788887945256117,"drift_micros":559}]}}
1788887999719780 {"observation":{"deletes":[],"inserts":[{"id":1639,"run_id":"idle-interval-100","mode":1,"bucket_ms":100,"sequence":391,"run_start_micros":1788887902528990,"scheduled_at_micros":1788887941728990,"fired_at_micros":1788887945287226,"drift_micros":3558236}]}}
1788888000342166 {"observation":{"deletes":[],"inserts":[{"id":1640,"run_id":"idle-anchored-100","mode":3,"bucket_ms":100,"sequence":427,"run_start_micros":1788887902483083,"scheduled_at_micros":1788887945283083,"fired_at_micros":1788887945287366,"drift_micros":4283}]}}
1788888000662668 {"observation":{"deletes":[],"inserts":[{"id":1641,"run_id":"idle-oneshot-100","mode":0,"bucket_ms":100,"sequence":392,"run_start_micros":1788887902435256,"scheduled_at_micros":1788887941735256,"fired_at_micros":1788887945302769,"drift_micros":3567513}]}}
1788888000681953 {"observation":{"deletes":[],"inserts":[{"id":1642,"run_id":"idle-interval-500","mode":1,"bucket_ms":500,"sequence":82,"run_start_micros":1788887902802197,"scheduled_at_micros":1788887944302197,"fired_at_micros":1788887945334034,"drift_micros":1031837}]}}
1788888000699855 {"observation":{"deletes":[],"inserts":[{"id":1643,"run_id":"idle-anchored-100","mode":3,"bucket_ms":100,"sequence":428,"run_start_micros":1788887902483083,"scheduled_at_micros":1788887945383083,"fired_at_micros":1788887945396915,"drift_micros":13832}]}}
1788888000719092 {"observation":{"deletes":[],"inserts":[{"id":1644,"run_id":"idle-interval-100","mode":1,"bucket_ms":100,"sequence":392,"run_start_micros":1788887902528990,"scheduled_at_micros":1788887941828990,"fired_at_micros":1788887945397097,"drift_micros":3568107}]}}
1788888000738601 {"observation":{"deletes":[],"inserts":[{"id":1645,"run_id":"idle-oneshot-100","mode":0,"bucket_ms":100,"sequence":393,"run_start_micros":1788887902435256,"scheduled_at_micros":1788887941835256,"fired_at_micros":1788887945412953,"drift_micros":3577697}]}}
1788888000759221 {"observation":{"deletes":[],"inserts":[{"id":1646,"run_id":"idle-oneshot-1000","mode":0,"bucket_ms":1000,"sequence":41,"run_start_micros":1788887903021315,"scheduled_at_micros":1788887945021315,"fired_at_micros":1788887945475529,"drift_micros":454214}]}}
1788888000779420 {"observation":{"deletes":[],"inserts":[{"id":1647,"run_id":"idle-anchored-100","mode":3,"bucket_ms":100,"sequence":429,"run_start_micros":1788887902483083,"scheduled_at_micros":1788887945483083,"fired_at_micros":1788887945491587,"drift_micros":8504}]}}
1788888000800319 {"observation":{"deletes":[],"inserts":[{"id":1648,"run_id":"idle-interval-100","mode":1,"bucket_ms":100,"sequence":393,"run_start_micros":1788887902528990,"scheduled_at_micros":1788887941928990,"fired_at_micros":1788887945506675,"drift_micros":3577685}]}}
1788888000971050 {"observation":{"deletes":[],"inserts":[{"id":1649,"run_id":"idle-oneshot-100","mode":0,"bucket_ms":100,"sequence":394,"run_start_micros":1788887902435256,"scheduled_at_micros":1788887941935256,"fired_at_micros":1788887945522087,"drift_micros":3586831}]}}
1788888000992110 {"observation":{"deletes":[],"inserts":[{"id":1650,"run_id":"idle-anchored-100","mode":3,"bucket_ms":100,"sequence":430,"run_start_micros":1788887902483083,"scheduled_at_micros":1788887945583083,"fired_at_micros":1788887945600009,"drift_micros":16926}]}}
1788888001009476 {"observation":{"deletes":[],"inserts":[{"id":1651,"run_id":"idle-interval-100","mode":1,"bucket_ms":100,"sequence":394,"run_start_micros":1788887902528990,"scheduled_at_micros":1788887942028990,"fired_at_micros":1788887945615716,"drift_micros":3586726}]}}
1788888001029251 {"observation":{"deletes":[],"inserts":[{"id":1652,"run_id":"idle-oneshot-100","mode":0,"bucket_ms":100,"sequence":395,"run_start_micros":1788887902435256,"scheduled_at_micros":1788887942035256,"fired_at_micros":1788887945631453,"drift_micros":3596197}]}}
1788888001047960 {"observation":{"deletes":[],"inserts":[{"id":1653,"run_id":"idle-anchored-100","mode":3,"bucket_ms":100,"sequence":431,"run_start_micros":1788887902483083,"scheduled_at_micros":1788887945683083,"fired_at_micros":1788887945694024,"drift_micros":10941}]}}
1788888001065606 {"observation":{"deletes":[],"inserts":[{"id":1654,"run_id":"idle-interval-100","mode":1,"bucket_ms":100,"sequence":395,"run_start_micros":1788887902528990,"scheduled_at_micros":1788887942128990,"fired_at_micros":1788887945726262,"drift_micros":3597272}]}}
1788888001227231 {"observation":{"deletes":[],"inserts":[{"id":1655,"run_id":"idle-interval-1000","mode":1,"bucket_ms":1000,"sequence":41,"run_start_micros":1788887903272705,"scheduled_at_micros":1788887945272705,"fired_at_micros":1788887945726406,"drift_micros":453701}]}}
1788888001247685 {"observation":{"deletes":[],"inserts":[{"id":1656,"run_id":"idle-oneshot-500","mode":0,"bucket_ms":500,"sequence":83,"run_start_micros":1788887902710258,"scheduled_at_micros":1788887944710258,"fired_at_micros":1788887945726510,"drift_micros":1016252}]}}
1788888001268691 {"observation":{"deletes":[],"inserts":[{"id":1657,"run_id":"idle-oneshot-100","mode":0,"bucket_ms":100,"sequence":396,"run_start_micros":1788887902435256,"scheduled_at_micros":1788887942135256,"fired_at_micros":1788887945742394,"drift_micros":3607138}]}}
1788888001300688 {"observation":{"deletes":[],"inserts":[{"id":1658,"run_id":"idle-anchored-500","mode":3,"bucket_ms":500,"sequence":85,"run_start_micros":1788887902755558,"scheduled_at_micros":1788887945755558,"fired_at_micros":1788887945758000,"drift_micros":2442}]}}
1788888001462255 {"observation":{"deletes":[],"inserts":[{"id":1659,"run_id":"idle-interval-work50-1000","mode":1,"bucket_ms":1000,"sequence":39,"run_start_micros":1788887905341007,"scheduled_at_micros":1788887945341007,"fired_at_micros":1788887945774460,"drift_micros":433453}]}}
1788888001481628 {"observation":{"deletes":[],"inserts":[{"id":1660,"run_id":"idle-anchored-100","mode":3,"bucket_ms":100,"sequence":432,"run_start_micros":1788887902483083,"scheduled_at_micros":1788887945783083,"fired_at_micros":1788887945789591,"drift_micros":6508}]}}
1788888001501283 {"observation":{"deletes":[],"inserts":[{"id":1661,"run_id":"idle-interval-100","mode":1,"bucket_ms":100,"sequence":396,"run_start_micros":1788887902528990,"scheduled_at_micros":1788887942228990,"fired_at_micros":1788887945835954,"drift_micros":3606964}]}}
1788888001670441 {"observation":{"deletes":[],"inserts":[{"id":1662,"run_id":"idle-interval-500","mode":1,"bucket_ms":500,"sequence":83,"run_start_micros":1788887902802197,"scheduled_at_micros":1788887944802197,"fired_at_micros":1788887945836118,"drift_micros":1033921}]}}
1788888001691495 {"observation":{"deletes":[],"inserts":[{"id":1663,"run_id":"idle-oneshot-100","mode":0,"bucket_ms":100,"sequence":397,"run_start_micros":1788887902435256,"scheduled_at_micros":1788887942235256,"fired_at_micros":1788887945851568,"drift_micros":3616312}]}}
1788888001709650 {"observation":{"deletes":[],"inserts":[{"id":1664,"run_id":"idle-anchored-100","mode":3,"bucket_ms":100,"sequence":433,"run_start_micros":1788887902483083,"scheduled_at_micros":1788887945883083,"fired_at_micros":1788887945898712,"drift_micros":15629}]}}
1788888001871758 {"observation":{"deletes":[],"inserts":[{"id":1665,"run_id":"idle-interval-100","mode":1,"bucket_ms":100,"sequence":397,"run_start_micros":1788887902528990,"scheduled_at_micros":1788887942328990,"fired_at_micros":1788887945945920,"drift_micros":3616930}]}}
1788888001890046 {"observation":{"deletes":[],"inserts":[{"id":1666,"run_id":"idle-oneshot-100","mode":0,"bucket_ms":100,"sequence":398,"run_start_micros":1788887902435256,"scheduled_at_micros":1788887942335256,"fired_at_micros":1788887945961053,"drift_micros":3625797}]}}
1788888002053352 {"observation":{"deletes":[],"inserts":[{"id":1667,"run_id":"idle-anchored-100","mode":3,"bucket_ms":100,"sequence":434,"run_start_micros":1788887902483083,"scheduled_at_micros":1788887945983083,"fired_at_micros":1788887945992168,"drift_micros":9085}]}}
1788888002221811 {"observation":{"deletes":[],"inserts":[{"id":1668,"run_id":"idle-interval-100","mode":1,"bucket_ms":100,"sequence":398,"run_start_micros":1788887902528990,"scheduled_at_micros":1788887942428990,"fired_at_micros":1788887946054752,"drift_micros":3625762}]}}
1788888002546553 {"observation":{"deletes":[],"inserts":[{"id":1669,"run_id":"idle-oneshot-100","mode":0,"bucket_ms":100,"sequence":399,"run_start_micros":1788887902435256,"scheduled_at_micros":1788887942435256,"fired_at_micros":1788887946070806,"drift_micros":3635550}]}}
1788888002565877 {"observation":{"deletes":[],"inserts":[{"id":1670,"run_id":"idle-anchored-1000","mode":3,"bucket_ms":1000,"sequence":42,"run_start_micros":1788887903070531,"scheduled_at_micros":1788887946070531,"fired_at_micros":1788887946070926,"drift_micros":395}]}}
1788888002587963 {"observation":{"deletes":[],"inserts":[{"id":1671,"run_id":"idle-anchored-100","mode":3,"bucket_ms":100,"sequence":435,"run_start_micros":1788887902483083,"scheduled_at_micros":1788887946083083,"fired_at_micros":1788887946085999,"drift_micros":2916}]}}
1788888002606384 {"observation":{"deletes":[],"inserts":[{"id":1672,"run_id":"idle-interval-100","mode":1,"bucket_ms":100,"sequence":399,"run_start_micros":1788887902528990,"scheduled_at_micros":1788887942528990,"fired_at_micros":1788887946163517,"drift_micros":3634527}]}}
1788888002624991 {"observation":{"deletes":[],"inserts":[{"id":1673,"run_id":"idle-oneshot-100","mode":0,"bucket_ms":100,"sequence":400,"run_start_micros":1788887902435256,"scheduled_at_micros":1788887942535256,"fired_at_micros":1788887946179633,"drift_micros":3644377}]}}
1788888002642213 {"observation":{"deletes":[],"inserts":[{"id":1674,"run_id":"idle-anchored-100","mode":3,"bucket_ms":100,"sequence":436,"run_start_micros":1788887902483083,"scheduled_at_micros":1788887946183083,"fired_at_micros":1788887946195834,"drift_micros":12751}]}}
1788888002663165 {"observation":{"deletes":[],"inserts":[{"id":1675,"run_id":"idle-oneshot-500","mode":0,"bucket_ms":500,"sequence":84,"run_start_micros":1788887902710258,"scheduled_at_micros":1788887945210258,"fired_at_micros":1788887946242273,"drift_micros":1032015}]}}
1788888002680177 {"observation":{"deletes":[],"inserts":[{"id":1676,"run_id":"idle-anchored-500","mode":3,"bucket_ms":500,"sequence":86,"run_start_micros":1788887902755558,"scheduled_at_micros":1788887946255558,"fired_at_micros":1788887946257805,"drift_micros":2247}]}}
1788888002698952 {"observation":{"deletes":[],"inserts":[{"id":1677,"run_id":"idle-interval-100","mode":1,"bucket_ms":100,"sequence":400,"run_start_micros":1788887902528990,"scheduled_at_micros":1788887942628990,"fired_at_micros":1788887946273386,"drift_micros":3644396}]}}
1788888002868998 {"observation":{"deletes":[],"inserts":[{"id":1678,"run_id":"idle-oneshot-100","mode":0,"bucket_ms":100,"sequence":401,"run_start_micros":1788887902435256,"scheduled_at_micros":1788887942635256,"fired_at_micros":1788887946288475,"drift_micros":3653219}]}}
1788888002887402 {"observation":{"deletes":[],"inserts":[{"id":1679,"run_id":"idle-anchored-100","mode":3,"bucket_ms":100,"sequence":437,"run_start_micros":1788887902483083,"scheduled_at_micros":1788887946283083,"fired_at_micros":1788887946288595,"drift_micros":5512}]}}
1788888002906088 {"observation":{"deletes":[],"inserts":[{"id":1680,"run_id":"idle-interval-500","mode":1,"bucket_ms":500,"sequence":84,"run_start_micros":1788887902802197,"scheduled_at_micros":1788887945302197,"fired_at_micros":1788887946350863,"drift_micros":1048666}]}}
1788888002925183 {"observation":{"deletes":[],"inserts":[{"id":1681,"run_id":"idle-interval-100","mode":1,"bucket_ms":100,"sequence":401,"run_start_micros":1788887902528990,"scheduled_at_micros":1788887942728990,"fired_at_micros":1788887946381580,"drift_micros":3652590}]}}
1788888002943002 {"observation":{"deletes":[],"inserts":[{"id":1682,"run_id":"idle-anchored-100","mode":3,"bucket_ms":100,"sequence":438,"run_start_micros":1788887902483083,"scheduled_at_micros":1788887946383083,"fired_at_micros":1788887946396815,"drift_micros":13732}]}}
1788888002959825 {"observation":{"deletes":[],"inserts":[{"id":1683,"run_id":"idle-oneshot-100","mode":0,"bucket_ms":100,"sequence":402,"run_start_micros":1788887902435256,"scheduled_at_micros":1788887942735256,"fired_at_micros":1788887946396902,"drift_micros":3661646}]}}
1788888003127810 {"observation":{"deletes":[],"inserts":[{"id":1684,"run_id":"idle-oneshot-1000","mode":0,"bucket_ms":1000,"sequence":42,"run_start_micros":1788887903021315,"scheduled_at_micros":1788887946021315,"fired_at_micros":1788887946489958,"drift_micros":468643}]}}
1788888003145588 {"observation":{"deletes":[],"inserts":[{"id":1685,"run_id":"idle-interval-100","mode":1,"bucket_ms":100,"sequence":402,"run_start_micros":1788887902528990,"scheduled_at_micros":1788887942828990,"fired_at_micros":1788887946490098,"drift_micros":3661108}]}}
1788888003162402 {"observation":{"deletes":[],"inserts":[{"id":1686,"run_id":"idle-anchored-100","mode":3,"bucket_ms":100,"sequence":439,"run_start_micros":1788887902483083,"scheduled_at_micros":1788887946483083,"fired_at_micros":1788887946490171,"drift_micros":7088}]}}
1788888003179336 {"observation":{"deletes":[],"inserts":[{"id":1687,"run_id":"idle-oneshot-100","mode":0,"bucket_ms":100,"sequence":403,"run_start_micros":1788887902435256,"scheduled_at_micros":1788887942835256,"fired_at_micros":1788887946505650,"drift_micros":3670394}]}}
1788888003347373 {"observation":{"deletes":[],"inserts":[{"id":1688,"run_id":"idle-anchored-100","mode":3,"bucket_ms":100,"sequence":440,"run_start_micros":1788887902483083,"scheduled_at_micros":1788887946583083,"fired_at_micros":1788887946584406,"drift_micros":1323}]}}
1788888003366862 {"observation":{"deletes":[],"inserts":[{"id":1689,"run_id":"idle-interval-100","mode":1,"bucket_ms":100,"sequence":403,"run_start_micros":1788887902528990,"scheduled_at_micros":1788887942928990,"fired_at_micros":1788887946599967,"drift_micros":3670977}]}}
1788888003385771 {"observation":{"deletes":[],"inserts":[{"id":1690,"run_id":"idle-oneshot-100","mode":0,"bucket_ms":100,"sequence":404,"run_start_micros":1788887902435256,"scheduled_at_micros":1788887942935256,"fired_at_micros":1788887946615844,"drift_micros":3680588}]}}
1788888003404160 {"observation":{"deletes":[],"inserts":[{"id":1691,"run_id":"idle-anchored-100","mode":3,"bucket_ms":100,"sequence":441,"run_start_micros":1788887902483083,"scheduled_at_micros":1788887946683083,"fired_at_micros":1788887946692955,"drift_micros":9872}]}}
1788888003568554 {"observation":{"deletes":[],"inserts":[{"id":1692,"run_id":"idle-interval-100","mode":1,"bucket_ms":100,"sequence":404,"run_start_micros":1788887902528990,"scheduled_at_micros":1788887943028990,"fired_at_micros":1788887946707996,"drift_micros":3679006}]}}
1788888003585895 {"observation":{"deletes":[],"inserts":[{"id":1693,"run_id":"idle-oneshot-100","mode":0,"bucket_ms":100,"sequence":405,"run_start_micros":1788887902435256,"scheduled_at_micros":1788887943035256,"fired_at_micros":1788887946724031,"drift_micros":3688775}]}}
1788888003964519 {"observation":{"deletes":[],"inserts":[{"id":1694,"run_id":"idle-interval-1000","mode":1,"bucket_ms":1000,"sequence":42,"run_start_micros":1788887903272705,"scheduled_at_micros":1788887946272705,"fired_at_micros":1788887946739278,"drift_micros":466573}]}}
1788888004142323 {"observation":{"deletes":[],"inserts":[{"id":1695,"run_id":"idle-oneshot-500","mode":0,"bucket_ms":500,"sequence":85,"run_start_micros":1788887902710258,"scheduled_at_micros":1788887945710258,"fired_at_micros":1788887946754707,"drift_micros":1044449}]}}
1788888004161814 {"observation":{"deletes":[],"inserts":[{"id":1696,"run_id":"idle-anchored-500","mode":3,"bucket_ms":500,"sequence":87,"run_start_micros":1788887902755558,"scheduled_at_micros":1788887946755558,"fired_at_micros":1788887946770189,"drift_micros":14631}]}}
1788888004479149 {"observation":{"deletes":[],"inserts":[{"id":1697,"run_id":"idle-interval-work50-1000","mode":1,"bucket_ms":1000,"sequence":40,"run_start_micros":1788887905341007,"scheduled_at_micros":1788887946341007,"fired_at_micros":1788887946786121,"drift_micros":445114}]}}
1788888004790179 {"observation":{"deletes":[],"inserts":[{"id":1698,"run_id":"idle-anchored-100","mode":3,"bucket_ms":100,"sequence":442,"run_start_micros":1788887902483083,"scheduled_at_micros":1788887946783083,"fired_at_micros":1788887946786245,"drift_micros":3162}]}}
1788888005407079 {"observation":{"deletes":[],"inserts":[{"id":1699,"run_id":"idle-interval-100","mode":1,"bucket_ms":100,"sequence":405,"run_start_micros":1788887902528990,"scheduled_at_micros":1788887943128990,"fired_at_micros":1788887946816474,"drift_micros":3687484}]}}
1788888006019659 {"observation":{"deletes":[],"inserts":[{"id":1700,"run_id":"idle-oneshot-100","mode":0,"bucket_ms":100,"sequence":406,"run_start_micros":1788887902435256,"scheduled_at_micros":1788887943135256,"fired_at_micros":1788887946833008,"drift_micros":3697752}]}}
1788888006042455 {"observation":{"deletes":[],"inserts":[{"id":1701,"run_id":"idle-interval-500","mode":1,"bucket_ms":500,"sequence":85,"run_start_micros":1788887902802197,"scheduled_at_micros":1788887945802197,"fired_at_micros":1788887946864413,"drift_micros":1062216}]}}
1788888006064184 {"observation":{"deletes":[],"inserts":[{"id":1702,"run_id":"idle-anchored-100","mode":3,"bucket_ms":100,"sequence":443,"run_start_micros":1788887902483083,"scheduled_at_micros":1788887946883083,"fired_at_micros":1788887946894389,"drift_micros":11306}]}}
1788888006083550 {"observation":{"deletes":[],"inserts":[{"id":1703,"run_id":"idle-interval-100","mode":1,"bucket_ms":100,"sequence":406,"run_start_micros":1788887902528990,"scheduled_at_micros":1788887943228990,"fired_at_micros":1788887946925686,"drift_micros":3696696}]}}
1788888006104562 {"observation":{"deletes":[],"inserts":[{"id":1704,"run_id":"idle-oneshot-100","mode":0,"bucket_ms":100,"sequence":407,"run_start_micros":1788887902435256,"scheduled_at_micros":1788887943235256,"fired_at_micros":1788887946941293,"drift_micros":3706037}]}}
1788888006125391 {"observation":{"deletes":[],"inserts":[{"id":1705,"run_id":"idle-anchored-100","mode":3,"bucket_ms":100,"sequence":444,"run_start_micros":1788887902483083,"scheduled_at_micros":1788887946983083,"fired_at_micros":1788887946987545,"drift_micros":4462}]}}
1788888006296463 {"observation":{"deletes":[],"inserts":[{"id":1706,"run_id":"idle-interval-100","mode":1,"bucket_ms":100,"sequence":407,"run_start_micros":1788887902528990,"scheduled_at_micros":1788887943328990,"fired_at_micros":1788887947033844,"drift_micros":3704854}]}}
1788888006316512 {"observation":{"deletes":[],"inserts":[{"id":1707,"run_id":"idle-oneshot-100","mode":0,"bucket_ms":100,"sequence":408,"run_start_micros":1788887902435256,"scheduled_at_micros":1788887943335256,"fired_at_micros":1788887947049580,"drift_micros":3714324}]}}
1788888006336228 {"observation":{"deletes":[],"inserts":[{"id":1708,"run_id":"idle-anchored-1000","mode":3,"bucket_ms":1000,"sequence":43,"run_start_micros":1788887903070531,"scheduled_at_micros":1788887947070531,"fired_at_micros":1788887947080729,"drift_micros":10198}]}}
1788888006357042 {"observation":{"deletes":[],"inserts":[{"id":1709,"run_id":"idle-anchored-100","mode":3,"bucket_ms":100,"sequence":445,"run_start_micros":1788887902483083,"scheduled_at_micros":1788887947083083,"fired_at_micros":1788887947096415,"drift_micros":13332}]}}
1788888006378543 {"observation":{"deletes":[],"inserts":[{"id":1710,"run_id":"idle-interval-100","mode":1,"bucket_ms":100,"sequence":408,"run_start_micros":1788887902528990,"scheduled_at_micros":1788887943428990,"fired_at_micros":1788887947144006,"drift_micros":3715016}]}}
1788888006549554 {"observation":{"deletes":[],"inserts":[{"id":1711,"run_id":"idle-oneshot-100","mode":0,"bucket_ms":100,"sequence":409,"run_start_micros":1788887902435256,"scheduled_at_micros":1788887943435256,"fired_at_micros":1788887947159759,"drift_micros":3724503}]}}
1788888006569656 {"observation":{"deletes":[],"inserts":[{"id":1712,"run_id":"idle-anchored-100","mode":3,"bucket_ms":100,"sequence":446,"run_start_micros":1788887902483083,"scheduled_at_micros":1788887947183083,"fired_at_micros":1788887947190163,"drift_micros":7080}]}}
1788888006587541 {"observation":{"deletes":[],"inserts":[{"id":1713,"run_id":"idle-interval-100","mode":1,"bucket_ms":100,"sequence":409,"run_start_micros":1788887902528990,"scheduled_at_micros":1788887943528990,"fired_at_micros":1788887947253051,"drift_micros":3724061}]}}
1788888006613780 {"observation":{"deletes":[],"inserts":[{"id":1714,"run_id":"idle-oneshot-500","mode":0,"bucket_ms":500,"sequence":86,"run_start_micros":1788887902710258,"scheduled_at_micros":1788887946210258,"fired_at_micros":1788887947267814,"drift_micros":1057556}]}}
1788888006780747 {"observation":{"deletes":[],"inserts":[{"id":1715,"run_id":"idle-anchored-500","mode":3,"bucket_ms":500,"sequence":88,"run_start_micros":1788887902755558,"scheduled_at_micros":1788887947255558,"fired_at_micros":1788887947267896,"drift_micros":12338}]}}
1788888006800142 {"observation":{"deletes":[],"inserts":[{"id":1716,"run_id":"idle-oneshot-100","mode":0,"bucket_ms":100,"sequence":410,"run_start_micros":1788887902435256,"scheduled_at_micros":1788887943535256,"fired_at_micros":1788887947267957,"drift_micros":3732701}]}}
1788888006817960 {"observation":{"deletes":[],"inserts":[{"id":1717,"run_id":"idle-anchored-100","mode":3,"bucket_ms":100,"sequence":447,"run_start_micros":1788887902483083,"scheduled_at_micros":1788887947283083,"fired_at_micros":1788887947299949,"drift_micros":16866}]}}
1788888006983710 {"observation":{"deletes":[],"inserts":[{"id":1718,"run_id":"idle-interval-100","mode":1,"bucket_ms":100,"sequence":410,"run_start_micros":1788887902528990,"scheduled_at_micros":1788887943628990,"fired_at_micros":1788887947361100,"drift_micros":3732110}]}}
1788888007003901 {"observation":{"deletes":[],"inserts":[{"id":1719,"run_id":"idle-interval-500","mode":1,"bucket_ms":500,"sequence":86,"run_start_micros":1788887902802197,"scheduled_at_micros":1788887946302197,"fired_at_micros":1788887947376132,"drift_micros":1073935}]}}
1788888007173065 {"observation":{"deletes":[],"inserts":[{"id":1720,"run_id":"idle-oneshot-100","mode":0,"bucket_ms":100,"sequence":411,"run_start_micros":1788887902435256,"scheduled_at_micros":1788887943635256,"fired_at_micros":1788887947376257,"drift_micros":3741001}]}}
1788888007194766 {"observation":{"deletes":[],"inserts":[{"id":1721,"run_id":"idle-anchored-100","mode":3,"bucket_ms":100,"sequence":448,"run_start_micros":1788887902483083,"scheduled_at_micros":1788887947383083,"fired_at_micros":1788887947391550,"drift_micros":8467}]}}
1788888007361911 {"observation":{"deletes":[],"inserts":[{"id":1722,"run_id":"idle-interval-100","mode":1,"bucket_ms":100,"sequence":411,"run_start_micros":1788887902528990,"scheduled_at_micros":1788887943728990,"fired_at_micros":1788887947469048,"drift_micros":3740058}]}}
1788888007531423 {"observation":{"deletes":[],"inserts":[{"id":1723,"run_id":"idle-oneshot-100","mode":0,"bucket_ms":100,"sequence":412,"run_start_micros":1788887902435256,"scheduled_at_micros":1788887943735256,"fired_at_micros":1788887947484591,"drift_micros":3749335}]}}
1788888007699709 {"observation":{"deletes":[],"inserts":[{"id":1724,"run_id":"idle-anchored-100","mode":3,"bucket_ms":100,"sequence":449,"run_start_micros":1788887902483083,"scheduled_at_micros":1788887947483083,"fired_at_micros":1788887947484730,"drift_micros":1647}]}}
1788888008018364 {"observation":{"deletes":[],"inserts":[{"id":1725,"run_id":"idle-oneshot-1000","mode":0,"bucket_ms":1000,"sequence":43,"run_start_micros":1788887903021315,"scheduled_at_micros":1788887947021315,"fired_at_micros":1788887947499818,"drift_micros":478503}]}}
1788888008037784 {"observation":{"deletes":[],"inserts":[{"id":1726,"run_id":"idle-interval-100","mode":1,"bucket_ms":100,"sequence":412,"run_start_micros":1788887902528990,"scheduled_at_micros":1788887943828990,"fired_at_micros":1788887947577356,"drift_micros":3748366}]}}
1788888008058547 {"observation":{"deletes":[],"inserts":[{"id":1727,"run_id":"idle-anchored-100","mode":3,"bucket_ms":100,"sequence":450,"run_start_micros":1788887902483083,"scheduled_at_micros":1788887947583083,"fired_at_micros":1788887947593182,"drift_micros":10099}]}}
1788888008081187 {"observation":{"deletes":[],"inserts":[{"id":1728,"run_id":"idle-oneshot-100","mode":0,"bucket_ms":100,"sequence":413,"run_start_micros":1788887902435256,"scheduled_at_micros":1788887943835256,"fired_at_micros":1788887947593268,"drift_micros":3758012}]}}
1788888008103921 {"observation":{"deletes":[],"inserts":[{"id":1729,"run_id":"idle-interval-100","mode":1,"bucket_ms":100,"sequence":413,"run_start_micros":1788887902528990,"scheduled_at_micros":1788887943928990,"fired_at_micros":1788887947686908,"drift_micros":3757918}]}}
1788888008123246 {"observation":{"deletes":[],"inserts":[{"id":1730,"run_id":"idle-anchored-100","mode":3,"bucket_ms":100,"sequence":451,"run_start_micros":1788887902483083,"scheduled_at_micros":1788887947683083,"fired_at_micros":1788887947687041,"drift_micros":3958}]}}
1788888008143559 {"observation":{"deletes":[],"inserts":[{"id":1731,"run_id":"idle-oneshot-100","mode":0,"bucket_ms":100,"sequence":414,"run_start_micros":1788887902435256,"scheduled_at_micros":1788887943935256,"fired_at_micros":1788887947702024,"drift_micros":3766768}]}}
1788888008313168 {"observation":{"deletes":[],"inserts":[{"id":1732,"run_id":"idle-interval-1000","mode":1,"bucket_ms":1000,"sequence":43,"run_start_micros":1788887903272705,"scheduled_at_micros":1788887947272705,"fired_at_micros":1788887947747959,"drift_micros":475254}]}}
1788888008332375 {"observation":{"deletes":[],"inserts":[{"id":1733,"run_id":"idle-anchored-500","mode":3,"bucket_ms":500,"sequence":89,"run_start_micros":1788887902755558,"scheduled_at_micros":1788887947755558,"fired_at_micros":1788887947763101,"drift_micros":7543}]}}
1788888008350407 {"observation":{"deletes":[],"inserts":[{"id":1734,"run_id":"idle-oneshot-500","mode":0,"bucket_ms":500,"sequence":87,"run_start_micros":1788887902710258,"scheduled_at_micros":1788887946710258,"fired_at_micros":1788887947778170,"drift_micros":1067912}]}}
1788888008370822 {"observation":{"deletes":[],"inserts":[{"id":1735,"run_id":"idle-anchored-100","mode":3,"bucket_ms":100,"sequence":452,"run_start_micros":1788887902483083,"scheduled_at_micros":1788887947783083,"fired_at_micros":1788887947793653,"drift_micros":10570}]}}
1788888008390608 {"observation":{"deletes":[],"inserts":[{"id":1736,"run_id":"idle-interval-work50-1000","mode":1,"bucket_ms":1000,"sequence":41,"run_start_micros":1788887905341007,"scheduled_at_micros":1788887947341007,"fired_at_micros":1788887947793793,"drift_micros":452786}]}}
1788888008410732 {"observation":{"deletes":[],"inserts":[{"id":1737,"run_id":"idle-interval-100","mode":1,"bucket_ms":100,"sequence":414,"run_start_micros":1788887902528990,"scheduled_at_micros":1788887944028990,"fired_at_micros":1788887947793884,"drift_micros":3764894}]}}
1788888008580849 {"observation":{"deletes":[],"inserts":[{"id":1738,"run_id":"idle-oneshot-100","mode":0,"bucket_ms":100,"sequence":415,"run_start_micros":1788887902435256,"scheduled_at_micros":1788887944035256,"fired_at_micros":1788887947809732,"drift_micros":3774476}]}}
1788888008599337 {"observation":{"deletes":[],"inserts":[{"id":1739,"run_id":"idle-interval-500","mode":1,"bucket_ms":500,"sequence":87,"run_start_micros":1788887902802197,"scheduled_at_micros":1788887946802197,"fired_at_micros":1788887947887291,"drift_micros":1085094}]}}
1788888008618197 {"observation":{"deletes":[],"inserts":[{"id":1740,"run_id":"idle-anchored-100","mode":3,"bucket_ms":100,"sequence":453,"run_start_micros":1788887902483083,"scheduled_at_micros":1788887947883083,"fired_at_micros":1788887947887433,"drift_micros":4350}]}}
1788888008637463 {"observation":{"deletes":[],"inserts":[{"id":1741,"run_id":"idle-interval-100","mode":1,"bucket_ms":100,"sequence":415,"run_start_micros":1788887902528990,"scheduled_at_micros":1788887944128990,"fired_at_micros":1788887947902744,"drift_micros":3773754}]}}
1788888008656475 {"observation":{"deletes":[],"inserts":[{"id":1742,"run_id":"idle-oneshot-100","mode":0,"bucket_ms":100,"sequence":416,"run_start_micros":1788887902435256,"scheduled_at_micros":1788887944135256,"fired_at_micros":1788887947918044,"drift_micros":3782788}]}}
1788888008675570 {"observation":{"deletes":[],"inserts":[{"id":1743,"run_id":"idle-anchored-100","mode":3,"bucket_ms":100,"sequence":454,"run_start_micros":1788887902483083,"scheduled_at_micros":1788887947983083,"fired_at_micros":1788887947994763,"drift_micros":11680}]}}
1788888008845220 {"observation":{"deletes":[],"inserts":[{"id":1744,"run_id":"idle-interval-100","mode":1,"bucket_ms":100,"sequence":416,"run_start_micros":1788887902528990,"scheduled_at_micros":1788887944228990,"fired_at_micros":1788887948010290,"drift_micros":3781300}]}}
1788888008865543 {"observation":{"deletes":[],"inserts":[{"id":1745,"run_id":"idle-oneshot-100","mode":0,"bucket_ms":100,"sequence":417,"run_start_micros":1788887902435256,"scheduled_at_micros":1788887944235256,"fired_at_micros":1788887948026371,"drift_micros":3791115}]}}
1788888008883806 {"observation":{"deletes":[],"inserts":[{"id":1746,"run_id":"idle-anchored-1000","mode":3,"bucket_ms":1000,"sequence":44,"run_start_micros":1788887903070531,"scheduled_at_micros":1788887948070531,"fired_at_micros":1788887948073010,"drift_micros":2479}]}}
1788888009054109 {"observation":{"deletes":[],"inserts":[{"id":1747,"run_id":"idle-anchored-100","mode":3,"bucket_ms":100,"sequence":455,"run_start_micros":1788887902483083,"scheduled_at_micros":1788887948083083,"fired_at_micros":1788887948088248,"drift_micros":5165}]}}
1788888009074022 {"observation":{"deletes":[],"inserts":[{"id":1748,"run_id":"idle-interval-100","mode":1,"bucket_ms":100,"sequence":417,"run_start_micros":1788887902528990,"scheduled_at_micros":1788887944328990,"fired_at_micros":1788887948120175,"drift_micros":3791185}]}}
1788888009092384 {"observation":{"deletes":[],"inserts":[{"id":1749,"run_id":"idle-oneshot-100","mode":0,"bucket_ms":100,"sequence":418,"run_start_micros":1788887902435256,"scheduled_at_micros":1788887944335256,"fired_at_micros":1788887948136077,"drift_micros":3800821}]}}
1788888009254764 {"observation":{"deletes":[],"inserts":[{"id":1750,"run_id":"idle-anchored-100","mode":3,"bucket_ms":100,"sequence":456,"run_start_micros":1788887902483083,"scheduled_at_micros":1788887948183083,"fired_at_micros":1788887948198513,"drift_micros":15430}]}}
1788888009274999 {"observation":{"deletes":[],"inserts":[{"id":1751,"run_id":"idle-interval-100","mode":1,"bucket_ms":100,"sequence":418,"run_start_micros":1788887902528990,"scheduled_at_micros":1788887944428990,"fired_at_micros":1788887948229482,"drift_micros":3800492}]}}
1788888009450209 {"observation":{"deletes":[],"inserts":[{"id":1752,"run_id":"idle-oneshot-100","mode":0,"bucket_ms":100,"sequence":419,"run_start_micros":1788887902435256,"scheduled_at_micros":1788887944435256,"fired_at_micros":1788887948245566,"drift_micros":3810310}]}}
1788888009624107 {"observation":{"deletes":[],"inserts":[{"id":1753,"run_id":"idle-anchored-500","mode":3,"bucket_ms":500,"sequence":90,"run_start_micros":1788887902755558,"scheduled_at_micros":1788887948255558,"fired_at_micros":1788887948261273,"drift_micros":5715}]}}
1788888009792415 {"observation":{"deletes":[],"inserts":[{"id":1754,"run_id":"idle-oneshot-500","mode":0,"bucket_ms":500,"sequence":88,"run_start_micros":1788887902710258,"scheduled_at_micros":1788887947210258,"fired_at_micros":1788887948291594,"drift_micros":1081336}]}}
1788888010104690 {"observation":{"deletes":[],"inserts":[{"id":1755,"run_id":"idle-anchored-100","mode":3,"bucket_ms":100,"sequence":457,"run_start_micros":1788887902483083,"scheduled_at_micros":1788887948283083,"fired_at_micros":1788887948291717,"drift_micros":8634}]}}
1788888010274497 {"observation":{"deletes":[],"inserts":[{"id":1756,"run_id":"idle-interval-100","mode":1,"bucket_ms":100,"sequence":419,"run_start_micros":1788887902528990,"scheduled_at_micros":1788887944528990,"fired_at_micros":1788887948339024,"drift_micros":3810034}]}}
1788888010589154 {"observation":{"deletes":[],"inserts":[{"id":1757,"run_id":"idle-oneshot-100","mode":0,"bucket_ms":100,"sequence":420,"run_start_micros":1788887902435256,"scheduled_at_micros":1788887944535256,"fired_at_micros":1788887948354631,"drift_micros":3819375}]}}
1788888010903644 {"observation":{"deletes":[],"inserts":[{"id":1758,"run_id":"idle-anchored-100","mode":3,"bucket_ms":100,"sequence":458,"run_start_micros":1788887902483083,"scheduled_at_micros":1788887948383083,"fired_at_micros":1788887948385196,"drift_micros":2113}]}}
1788888010923225 {"observation":{"deletes":[],"inserts":[{"id":1759,"run_id":"idle-interval-500","mode":1,"bucket_ms":500,"sequence":88,"run_start_micros":1788887902802197,"scheduled_at_micros":1788887947302197,"fired_at_micros":1788887948400747,"drift_micros":1098550}]}}
1788888010943665 {"observation":{"deletes":[],"inserts":[{"id":1760,"run_id":"idle-interval-100","mode":1,"bucket_ms":100,"sequence":420,"run_start_micros":1788887902528990,"scheduled_at_micros":1788887944628990,"fired_at_micros":1788887948448042,"drift_micros":3819052}]}}
1788888010966589 {"observation":{"deletes":[],"inserts":[{"id":1761,"run_id":"idle-oneshot-100","mode":0,"bucket_ms":100,"sequence":421,"run_start_micros":1788887902435256,"scheduled_at_micros":1788887944635256,"fired_at_micros":1788887948463027,"drift_micros":3827771}]}}
1788888010985864 {"observation":{"deletes":[],"inserts":[{"id":1762,"run_id":"idle-anchored-100","mode":3,"bucket_ms":100,"sequence":459,"run_start_micros":1788887902483083,"scheduled_at_micros":1788887948483083,"fired_at_micros":1788887948493900,"drift_micros":10817}]}}
1788888011007141 {"observation":{"deletes":[],"inserts":[{"id":1763,"run_id":"idle-oneshot-1000","mode":0,"bucket_ms":1000,"sequence":44,"run_start_micros":1788887903021315,"scheduled_at_micros":1788887948021315,"fired_at_micros":1788887948510008,"drift_micros":488693}]}}
1788888011028273 {"observation":{"deletes":[],"inserts":[{"id":1764,"run_id":"idle-interval-100","mode":1,"bucket_ms":100,"sequence":421,"run_start_micros":1788887902528990,"scheduled_at_micros":1788887944728990,"fired_at_micros":1788887948556808,"drift_micros":3827818}]}}
1788888011047753 {"observation":{"deletes":[],"inserts":[{"id":1765,"run_id":"idle-oneshot-100","mode":0,"bucket_ms":100,"sequence":422,"run_start_micros":1788887902435256,"scheduled_at_micros":1788887944735256,"fired_at_micros":1788887948572465,"drift_micros":3837209}]}}
1788888011221923 {"observation":{"deletes":[],"inserts":[{"id":1766,"run_id":"idle-anchored-100","mode":3,"bucket_ms":100,"sequence":460,"run_start_micros":1788887902483083,"scheduled_at_micros":1788887948583083,"fired_at_micros":1788887948587489,"drift_micros":4406}]}}
1788888011242248 {"observation":{"deletes":[],"inserts":[{"id":1767,"run_id":"idle-interval-100","mode":1,"bucket_ms":100,"sequence":422,"run_start_micros":1788887902528990,"scheduled_at_micros":1788887944828990,"fired_at_micros":1788887948666441,"drift_micros":3837451}]}}
1788888011262778 {"observation":{"deletes":[],"inserts":[{"id":1768,"run_id":"idle-oneshot-100","mode":0,"bucket_ms":100,"sequence":423,"run_start_micros":1788887902435256,"scheduled_at_micros":1788887944835256,"fired_at_micros":1788887948681951,"drift_micros":3846695}]}}
1788888011282434 {"observation":{"deletes":[],"inserts":[{"id":1769,"run_id":"idle-anchored-100","mode":3,"bucket_ms":100,"sequence":461,"run_start_micros":1788887902483083,"scheduled_at_micros":1788887948683083,"fired_at_micros":1788887948697187,"drift_micros":14104}]}}
1788888011301514 {"observation":{"deletes":[],"inserts":[{"id":1770,"run_id":"idle-interval-1000","mode":1,"bucket_ms":1000,"sequence":44,"run_start_micros":1788887903272705,"scheduled_at_micros":1788887948272705,"fired_at_micros":1788887948758790,"drift_micros":486085}]}}
1788888011322278 {"observation":{"deletes":[],"inserts":[{"id":1771,"run_id":"idle-anchored-500","mode":3,"bucket_ms":500,"sequence":91,"run_start_micros":1788887902755558,"scheduled_at_micros":1788887948755558,"fired_at_micros":1788887948758959,"drift_micros":3401}]}}
1788888011492827 {"observation":{"deletes":[],"inserts":[{"id":1772,"run_id":"idle-interval-100","mode":1,"bucket_ms":100,"sequence":423,"run_start_micros":1788887902528990,"scheduled_at_micros":1788887944928990,"fired_at_micros":1788887948773871,"drift_micros":3844881}]}}
1788888011512892 {"observation":{"deletes":[],"inserts":[{"id":1773,"run_id":"idle-oneshot-100","mode":0,"bucket_ms":100,"sequence":424,"run_start_micros":1788887902435256,"scheduled_at_micros":1788887944935256,"fired_at_micros":1788887948790452,"drift_micros":3855196}]}}
1788888011531220 {"observation":{"deletes":[],"inserts":[{"id":1774,"run_id":"idle-anchored-100","mode":3,"bucket_ms":100,"sequence":462,"run_start_micros":1788887902483083,"scheduled_at_micros":1788887948783083,"fired_at_micros":1788887948790582,"drift_micros":7499}]}}
1788888011548260 {"observation":{"deletes":[],"inserts":[{"id":1775,"run_id":"idle-oneshot-500","mode":0,"bucket_ms":500,"sequence":89,"run_start_micros":1788887902710258,"scheduled_at_micros":1788887947710258,"fired_at_micros":1788887948806536,"drift_micros":1096278}]}}
1788888011569124 {"observation":{"deletes":[],"inserts":[{"id":1776,"run_id":"idle-interval-work50-1000","mode":1,"bucket_ms":1000,"sequence":42,"run_start_micros":1788887905341007,"scheduled_at_micros":1788887948341007,"fired_at_micros":1788887948806669,"drift_micros":465662}]}}
1788888011587384 {"observation":{"deletes":[],"inserts":[{"id":1777,"run_id":"idle-interval-100","mode":1,"bucket_ms":100,"sequence":424,"run_start_micros":1788887902528990,"scheduled_at_micros":1788887945028990,"fired_at_micros":1788887948884497,"drift_micros":3855507}]}}
1788888011753328 {"observation":{"deletes":[],"inserts":[{"id":1778,"run_id":"idle-anchored-100","mode":3,"bucket_ms":100,"sequence":463,"run_start_micros":1788887902483083,"scheduled_at_micros":1788887948883083,"fired_at_micros":1788887948884645,"drift_micros":1562}]}}
1788888011770596 {"observation":{"deletes":[],"inserts":[{"id":1779,"run_id":"idle-oneshot-100","mode":0,"bucket_ms":100,"sequence":425,"run_start_micros":1788887902435256,"scheduled_at_micros":1788887945035256,"fired_at_micros":1788887948899952,"drift_micros":3864696}]}}
1788888011788007 {"observation":{"deletes":[],"inserts":[{"id":1780,"run_id":"idle-interval-500","mode":1,"bucket_ms":500,"sequence":89,"run_start_micros":1788887902802197,"scheduled_at_micros":1788887947802197,"fired_at_micros":1788887948914968,"drift_micros":1112771}]}}
1788888011805521 {"observation":{"deletes":[],"inserts":[{"id":1781,"run_id":"idle-anchored-100","mode":3,"bucket_ms":100,"sequence":464,"run_start_micros":1788887902483083,"scheduled_at_micros":1788887948983083,"fired_at_micros":1788887948992919,"drift_micros":9836}]}}
1788888011823085 {"observation":{"deletes":[],"inserts":[{"id":1782,"run_id":"idle-interval-100","mode":1,"bucket_ms":100,"sequence":425,"run_start_micros":1788887902528990,"scheduled_at_micros":1788887945128990,"fired_at_micros":1788887948993057,"drift_micros":3864067}]}}
1788888011986878 {"observation":{"deletes":[],"inserts":[{"id":1783,"run_id":"idle-oneshot-100","mode":0,"bucket_ms":100,"sequence":426,"run_start_micros":1788887902435256,"scheduled_at_micros":1788887945135256,"fired_at_micros":1788887949008414,"drift_micros":3873158}]}}
1788888012008636 {"observation":{"deletes":[],"inserts":[{"id":1784,"run_id":"idle-anchored-1000","mode":3,"bucket_ms":1000,"sequence":45,"run_start_micros":1788887903070531,"scheduled_at_micros":1788887949070531,"fired_at_micros":1788887949085338,"drift_micros":14807}]}}
1788888012025361 {"observation":{"deletes":[],"inserts":[{"id":1785,"run_id":"idle-anchored-100","mode":3,"bucket_ms":100,"sequence":465,"run_start_micros":1788887902483083,"scheduled_at_micros":1788887949083083,"fired_at_micros":1788887949085457,"drift_micros":2374}]}}
1788888012043726 {"observation":{"deletes":[],"inserts":[{"id":1786,"run_id":"idle-interval-100","mode":1,"bucket_ms":100,"sequence":426,"run_start_micros":1788887902528990,"scheduled_at_micros":1788887945228990,"fired_at_micros":1788887949100439,"drift_micros":3871449}]}}
1788888012211336 {"observation":{"deletes":[],"inserts":[{"id":1787,"run_id":"idle-oneshot-100","mode":0,"bucket_ms":100,"sequence":427,"run_start_micros":1788887902435256,"scheduled_at_micros":1788887945235256,"fired_at_micros":1788887949115437,"drift_micros":3880181}]}}
1788888012228948 {"observation":{"deletes":[],"inserts":[{"id":1788,"run_id":"idle-anchored-100","mode":3,"bucket_ms":100,"sequence":466,"run_start_micros":1788887902483083,"scheduled_at_micros":1788887949183083,"fired_at_micros":1788887949192477,"drift_micros":9394}]}}
1788888012396675 {"observation":{"deletes":[],"inserts":[{"id":1789,"run_id":"idle-interval-100","mode":1,"bucket_ms":100,"sequence":427,"run_start_micros":1788887902528990,"scheduled_at_micros":1788887945328990,"fired_at_micros":1788887949207596,"drift_micros":3878606}]}}
1788888012414272 {"observation":{"deletes":[],"inserts":[{"id":1790,"run_id":"idle-oneshot-100","mode":0,"bucket_ms":100,"sequence":428,"run_start_micros":1788887902435256,"scheduled_at_micros":1788887945335256,"fired_at_micros":1788887949223224,"drift_micros":3887968}]}}
1788888012433843 {"observation":{"deletes":[],"inserts":[{"id":1791,"run_id":"idle-anchored-500","mode":3,"bucket_ms":500,"sequence":92,"run_start_micros":1788887902755558,"scheduled_at_micros":1788887949255558,"fired_at_micros":1788887949270077,"drift_micros":14519}]}}
1788888012606100 {"observation":{"deletes":[],"inserts":[{"id":1792,"run_id":"idle-anchored-100","mode":3,"bucket_ms":100,"sequence":467,"run_start_micros":1788887902483083,"scheduled_at_micros":1788887949283083,"fired_at_micros":1788887949285050,"drift_micros":1967}]}}
1788888012628411 {"observation":{"deletes":[],"inserts":[{"id":1793,"run_id":"idle-oneshot-500","mode":0,"bucket_ms":500,"sequence":90,"run_start_micros":1788887902710258,"scheduled_at_micros":1788887948210258,"fired_at_micros":1788887949316621,"drift_micros":1106363}]}}
1788888012798082 {"observation":{"deletes":[],"inserts":[{"id":1794,"run_id":"idle-interval-100","mode":1,"bucket_ms":100,"sequence":428,"run_start_micros":1788887902528990,"scheduled_at_micros":1788887945428990,"fired_at_micros":1788887949316829,"drift_micros":3887839}]}}
1788888012817644 {"observation":{"deletes":[],"inserts":[{"id":1795,"run_id":"idle-oneshot-100","mode":0,"bucket_ms":100,"sequence":429,"run_start_micros":1788887902435256,"scheduled_at_micros":1788887945435256,"fired_at_micros":1788887949331811,"drift_micros":3896555}]}}
1788888012980799 {"observation":{"deletes":[],"inserts":[{"id":1796,"run_id":"idle-anchored-100","mode":3,"bucket_ms":100,"sequence":468,"run_start_micros":1788887902483083,"scheduled_at_micros":1788887949383083,"fired_at_micros":1788887949394549,"drift_micros":11466}]}}
1788888012997749 {"observation":{"deletes":[],"inserts":[{"id":1797,"run_id":"idle-interval-500","mode":1,"bucket_ms":500,"sequence":90,"run_start_micros":1788887902802197,"scheduled_at_micros":1788887948302197,"fired_at_micros":1788887949425562,"drift_micros":1123365}]}}
1788888013163056 {"observation":{"deletes":[],"inserts":[{"id":1798,"run_id":"idle-interval-100","mode":1,"bucket_ms":100,"sequence":429,"run_start_micros":1788887902528990,"scheduled_at_micros":1788887945528990,"fired_at_micros":1788887949425746,"drift_micros":3896756}]}}
1788888013184426 {"observation":{"deletes":[],"inserts":[{"id":1799,"run_id":"idle-oneshot-100","mode":0,"bucket_ms":100,"sequence":430,"run_start_micros":1788887902435256,"scheduled_at_micros":1788887945535256,"fired_at_micros":1788887949440572,"drift_micros":3905316}]}}
1788888013350415 {"observation":{"deletes":[],"inserts":[{"id":1800,"run_id":"idle-anchored-100","mode":3,"bucket_ms":100,"sequence":469,"run_start_micros":1788887902483083,"scheduled_at_micros":1788887949483083,"fired_at_micros":1788887949488475,"drift_micros":5392}]}}
1788888013521501 {"observation":{"deletes":[],"inserts":[{"id":1801,"run_id":"idle-oneshot-1000","mode":0,"bucket_ms":1000,"sequence":45,"run_start_micros":1788887903021315,"scheduled_at_micros":1788887949021315,"fired_at_micros":1788887949519284,"drift_micros":497969}]}}
1788888013685862 {"observation":{"deletes":[],"inserts":[{"id":1802,"run_id":"idle-interval-100","mode":1,"bucket_ms":100,"sequence":430,"run_start_micros":1788887902528990,"scheduled_at_micros":1788887945628990,"fired_at_micros":1788887949534558,"drift_micros":3905568}]}}
1788888013855739 {"observation":{"deletes":[],"inserts":[{"id":1803,"run_id":"idle-oneshot-100","mode":0,"bucket_ms":100,"sequence":431,"run_start_micros":1788887902435256,"scheduled_at_micros":1788887945635256,"fired_at_micros":1788887949550081,"drift_micros":3914825}]}}
1788888014163613 {"observation":{"deletes":[],"inserts":[{"id":1804,"run_id":"idle-anchored-100","mode":3,"bucket_ms":100,"sequence":470,"run_start_micros":1788887902483083,"scheduled_at_micros":1788887949583083,"fired_at_micros":1788887949596606,"drift_micros":13523}]}}
1788888014330857 {"observation":{"deletes":[],"inserts":[{"id":1805,"run_id":"idle-interval-100","mode":1,"bucket_ms":100,"sequence":431,"run_start_micros":1788887902528990,"scheduled_at_micros":1788887945728990,"fired_at_micros":1788887949643661,"drift_micros":3914671}]}}
1788888014655644 {"observation":{"deletes":[],"inserts":[{"id":1806,"run_id":"idle-oneshot-100","mode":0,"bucket_ms":100,"sequence":432,"run_start_micros":1788887902435256,"scheduled_at_micros":1788887945735256,"fired_at_micros":1788887949659730,"drift_micros":3924474}]}}
1788888014970954 {"observation":{"deletes":[],"inserts":[{"id":1807,"run_id":"idle-anchored-100","mode":3,"bucket_ms":100,"sequence":471,"run_start_micros":1788887902483083,"scheduled_at_micros":1788887949683083,"fired_at_micros":1788887949691002,"drift_micros":7919}]}}
1788888015573812 {"observation":{"deletes":[],"inserts":[{"id":1808,"run_id":"idle-interval-100","mode":1,"bucket_ms":100,"sequence":432,"run_start_micros":1788887902528990,"scheduled_at_micros":1788887945828990,"fired_at_micros":1788887949752654,"drift_micros":3923664}]}}
1788888015594047 {"observation":{"deletes":[],"inserts":[{"id":1809,"run_id":"idle-anchored-500","mode":3,"bucket_ms":500,"sequence":93,"run_start_micros":1788887902755558,"scheduled_at_micros":1788887949755558,"fired_at_micros":1788887949768587,"drift_micros":13029}]}}
1788888015614470 {"observation":{"deletes":[],"inserts":[{"id":1810,"run_id":"idle-interval-1000","mode":1,"bucket_ms":1000,"sequence":45,"run_start_micros":1788887903272705,"scheduled_at_micros":1788887949272705,"fired_at_micros":1788887949768675,"drift_micros":495970}]}}
1788888015636531 {"observation":{"deletes":[],"inserts":[{"id":1811,"run_id":"idle-oneshot-100","mode":0,"bucket_ms":100,"sequence":433,"run_start_micros":1788887902435256,"scheduled_at_micros":1788887945835256,"fired_at_micros":1788887949768756,"drift_micros":3933500}]}}
1788888015662375 {"observation":{"deletes":[],"inserts":[{"id":1812,"run_id":"idle-anchored-100","mode":3,"bucket_ms":100,"sequence":472,"run_start_micros":1788887902483083,"scheduled_at_micros":1788887949783083,"fired_at_micros":1788887949784286,"drift_micros":1203}]}}
1788888015683166 {"observation":{"deletes":[],"inserts":[{"id":1813,"run_id":"idle-interval-work50-1000","mode":1,"bucket_ms":1000,"sequence":43,"run_start_micros":1788887905341007,"scheduled_at_micros":1788887949341007,"fired_at_micros":1788887949815674,"drift_micros":474667}]}}
1788888015703047 {"observation":{"deletes":[],"inserts":[{"id":1814,"run_id":"idle-oneshot-500","mode":0,"bucket_ms":500,"sequence":91,"run_start_micros":1788887902710258,"scheduled_at_micros":1788887948710258,"fired_at_micros":1788887949831036,"drift_micros":1120778}]}}
1788888015721798 {"observation":{"deletes":[],"inserts":[{"id":1815,"run_id":"idle-interval-100","mode":1,"bucket_ms":100,"sequence":433,"run_start_micros":1788887902528990,"scheduled_at_micros":1788887945928990,"fired_at_micros":1788887949861908,"drift_micros":3932918}]}}
1788888015903353 {"observation":{"deletes":[],"inserts":[{"id":1816,"run_id":"idle-oneshot-100","mode":0,"bucket_ms":100,"sequence":434,"run_start_micros":1788887902435256,"scheduled_at_micros":1788887945935256,"fired_at_micros":1788887949877738,"drift_micros":3942482}]}}
1788888015923786 {"observation":{"deletes":[],"inserts":[{"id":1817,"run_id":"idle-anchored-100","mode":3,"bucket_ms":100,"sequence":473,"run_start_micros":1788887902483083,"scheduled_at_micros":1788887949883083,"fired_at_micros":1788887949893415,"drift_micros":10332}]}}
1788888015944393 {"observation":{"deletes":[],"inserts":[{"id":1818,"run_id":"idle-interval-500","mode":1,"bucket_ms":500,"sequence":91,"run_start_micros":1788887902802197,"scheduled_at_micros":1788887948802197,"fired_at_micros":1788887949940021,"drift_micros":1137824}]}}
1788888015965271 {"observation":{"deletes":[],"inserts":[{"id":1819,"run_id":"idle-interval-100","mode":1,"bucket_ms":100,"sequence":434,"run_start_micros":1788887902528990,"scheduled_at_micros":1788887946028990,"fired_at_micros":1788887949971510,"drift_micros":3942520}]}}
1788888015987913 {"observation":{"deletes":[],"inserts":[{"id":1820,"run_id":"idle-oneshot-100","mode":0,"bucket_ms":100,"sequence":435,"run_start_micros":1788887902435256,"scheduled_at_micros":1788887946035256,"fired_at_micros":1788887949987153,"drift_micros":3951897}]}}
1788888016008833 {"observation":{"deletes":[],"inserts":[{"id":1821,"run_id":"idle-anchored-100","mode":3,"bucket_ms":100,"sequence":474,"run_start_micros":1788887902483083,"scheduled_at_micros":1788887949983083,"fired_at_micros":1788887949987236,"drift_micros":4153}]}}
1788888016028870 {"observation":{"deletes":[],"inserts":[{"id":1822,"run_id":"idle-anchored-1000","mode":3,"bucket_ms":1000,"sequence":46,"run_start_micros":1788887903070531,"scheduled_at_micros":1788887950070531,"fired_at_micros":1788887950078830,"drift_micros":8299}]}}
1788888016201145 {"observation":{"deletes":[],"inserts":[{"id":1823,"run_id":"idle-interval-100","mode":1,"bucket_ms":100,"sequence":435,"run_start_micros":1788887902528990,"scheduled_at_micros":1788887946128990,"fired_at_micros":1788887950078996,"drift_micros":3950006}]}}
1788888016223379 {"observation":{"deletes":[],"inserts":[{"id":1824,"run_id":"idle-anchored-100","mode":3,"bucket_ms":100,"sequence":475,"run_start_micros":1788887902483083,"scheduled_at_micros":1788887950083083,"fired_at_micros":1788887950094582,"drift_micros":11499}]}}
1788888016242642 {"observation":{"deletes":[],"inserts":[{"id":1825,"run_id":"idle-oneshot-100","mode":0,"bucket_ms":100,"sequence":436,"run_start_micros":1788887902435256,"scheduled_at_micros":1788887946135256,"fired_at_micros":1788887950094721,"drift_micros":3959465}]}}
1788888016261084 {"observation":{"deletes":[],"inserts":[{"id":1826,"run_id":"idle-interval-100","mode":1,"bucket_ms":100,"sequence":436,"run_start_micros":1788887902528990,"scheduled_at_micros":1788887946228990,"fired_at_micros":1788887950187330,"drift_micros":3958340}]}}
1788888016279042 {"observation":{"deletes":[],"inserts":[{"id":1827,"run_id":"idle-anchored-100","mode":3,"bucket_ms":100,"sequence":476,"run_start_micros":1788887902483083,"scheduled_at_micros":1788887950183083,"fired_at_micros":1788887950187442,"drift_micros":4359}]}}
1788888016298503 {"observation":{"deletes":[],"inserts":[{"id":1828,"run_id":"idle-oneshot-100","mode":0,"bucket_ms":100,"sequence":437,"run_start_micros":1788887902435256,"scheduled_at_micros":1788887946235256,"fired_at_micros":1788887950203423,"drift_micros":3968167}]}}
1788888016468535 {"observation":{"deletes":[],"inserts":[{"id":1829,"run_id":"idle-anchored-500","mode":3,"bucket_ms":500,"sequence":94,"run_start_micros":1788887902755558,"scheduled_at_micros":1788887950255558,"fired_at_micros":1788887950266447,"drift_micros":10889}]}}
1788888016485209 {"observation":{"deletes":[],"inserts":[{"id":1830,"run_id":"idle-anchored-100","mode":3,"bucket_ms":100,"sequence":477,"run_start_micros":1788887902483083,"scheduled_at_micros":1788887950283083,"fired_at_micros":1788887950298347,"drift_micros":15264}]}}
1788888016506185 {"observation":{"deletes":[],"inserts":[{"id":1831,"run_id":"idle-interval-100","mode":1,"bucket_ms":100,"sequence":437,"run_start_micros":1788887902528990,"scheduled_at_micros":1788887946328990,"fired_at_micros":1788887950298466,"drift_micros":3969476}]}}
1788888016526243 {"observation":{"deletes":[],"inserts":[{"id":1832,"run_id":"idle-oneshot-100","mode":0,"bucket_ms":100,"sequence":438,"run_start_micros":1788887902435256,"scheduled_at_micros":1788887946335256,"fired_at_micros":1788887950314046,"drift_micros":3978790}]}}
1788888016544700 {"observation":{"deletes":[],"inserts":[{"id":1833,"run_id":"idle-oneshot-500","mode":0,"bucket_ms":500,"sequence":92,"run_start_micros":1788887902710258,"scheduled_at_micros":1788887949210258,"fired_at_micros":1788887950345777,"drift_micros":1135519}]}}
1788888016565789 {"observation":{"deletes":[],"inserts":[{"id":1834,"run_id":"idle-anchored-100","mode":3,"bucket_ms":100,"sequence":478,"run_start_micros":1788887902483083,"scheduled_at_micros":1788887950383083,"fired_at_micros":1788887950392939,"drift_micros":9856}]}}
1788888016731470 {"observation":{"deletes":[],"inserts":[{"id":1835,"run_id":"idle-interval-100","mode":1,"bucket_ms":100,"sequence":438,"run_start_micros":1788887902528990,"scheduled_at_micros":1788887946428990,"fired_at_micros":1788887950408110,"drift_micros":3979120}]}}
1788888016750230 {"observation":{"deletes":[],"inserts":[{"id":1836,"run_id":"idle-oneshot-100","mode":0,"bucket_ms":100,"sequence":439,"run_start_micros":1788887902435256,"scheduled_at_micros":1788887946435256,"fired_at_micros":1788887950423344,"drift_micros":3988088}]}}
1788888016768664 {"observation":{"deletes":[],"inserts":[{"id":1837,"run_id":"idle-interval-500","mode":1,"bucket_ms":500,"sequence":92,"run_start_micros":1788887902802197,"scheduled_at_micros":1788887949302197,"fired_at_micros":1788887950454536,"drift_micros":1152339}]}}
1788888016787908 {"observation":{"deletes":[],"inserts":[{"id":1838,"run_id":"idle-anchored-100","mode":3,"bucket_ms":100,"sequence":479,"run_start_micros":1788887902483083,"scheduled_at_micros":1788887950483083,"fired_at_micros":1788887950485490,"drift_micros":2407}]}}
1788888016807001 {"observation":{"deletes":[],"inserts":[{"id":1839,"run_id":"idle-interval-100","mode":1,"bucket_ms":100,"sequence":439,"run_start_micros":1788887902528990,"scheduled_at_micros":1788887946528990,"fired_at_micros":1788887950516019,"drift_micros":3987029}]}}
1788888016972525 {"observation":{"deletes":[],"inserts":[{"id":1840,"run_id":"idle-oneshot-1000","mode":0,"bucket_ms":1000,"sequence":46,"run_start_micros":1788887903021315,"scheduled_at_micros":1788887950021315,"fired_at_micros":1788887950532017,"drift_micros":510702}]}}
1788888016991772 {"observation":{"deletes":[],"inserts":[{"id":1841,"run_id":"idle-oneshot-100","mode":0,"bucket_ms":100,"sequence":440,"run_start_micros":1788887902435256,"scheduled_at_micros":1788887946535256,"fired_at_micros":1788887950532138,"drift_micros":3996882}]}}
1788888017009918 {"observation":{"deletes":[],"inserts":[{"id":1842,"run_id":"idle-anchored-100","mode":3,"bucket_ms":100,"sequence":480,"run_start_micros":1788887902483083,"scheduled_at_micros":1788887950583083,"fired_at_micros":1788887950595160,"drift_micros":12077}]}}
1788888017028742 {"observation":{"deletes":[],"inserts":[{"id":1843,"run_id":"idle-interval-100","mode":1,"bucket_ms":100,"sequence":440,"run_start_micros":1788887902528990,"scheduled_at_micros":1788887946628990,"fired_at_micros":1788887950625828,"drift_micros":3996838}]}}
1788888017200380 {"observation":{"deletes":[],"inserts":[{"id":1844,"run_id":"idle-oneshot-100","mode":0,"bucket_ms":100,"sequence":441,"run_start_micros":1788887902435256,"scheduled_at_micros":1788887946635256,"fired_at_micros":1788887950641379,"drift_micros":4006123}]}}
1788888017218438 {"observation":{"deletes":[],"inserts":[{"id":1845,"run_id":"idle-anchored-100","mode":3,"bucket_ms":100,"sequence":481,"run_start_micros":1788887902483083,"scheduled_at_micros":1788887950683083,"fired_at_micros":1788887950688714,"drift_micros":5631}]}}
1788888017236155 {"observation":{"deletes":[],"inserts":[{"id":1846,"run_id":"idle-interval-100","mode":1,"bucket_ms":100,"sequence":441,"run_start_micros":1788887902528990,"scheduled_at_micros":1788887946728990,"fired_at_micros":1788887950734410,"drift_micros":4005420}]}}
1788888017254878 {"observation":{"deletes":[],"inserts":[{"id":1847,"run_id":"idle-oneshot-100","mode":0,"bucket_ms":100,"sequence":442,"run_start_micros":1788887902435256,"scheduled_at_micros":1788887946735256,"fired_at_micros":1788887950750112,"drift_micros":4014856}]}}
1788888017417322 {"observation":{"deletes":[],"inserts":[{"id":1848,"run_id":"idle-anchored-500","mode":3,"bucket_ms":500,"sequence":95,"run_start_micros":1788887902755558,"scheduled_at_micros":1788887950755558,"fired_at_micros":1788887950766052,"drift_micros":10494}]}}
1788888017437964 {"observation":{"deletes":[],"inserts":[{"id":1849,"run_id":"idle-interval-1000","mode":1,"bucket_ms":1000,"sequence":46,"run_start_micros":1788887903272705,"scheduled_at_micros":1788887950272705,"fired_at_micros":1788887950781662,"drift_micros":508957}]}}
1788888017455173 {"observation":{"deletes":[],"inserts":[{"id":1850,"run_id":"idle-anchored-100","mode":3,"bucket_ms":100,"sequence":482,"run_start_micros":1788887902483083,"scheduled_at_micros":1788887950783083,"fired_at_micros":1788887950797431,"drift_micros":14348}]}}
1788888017621885 {"observation":{"deletes":[],"inserts":[{"id":1851,"run_id":"idle-interval-work50-1000","mode":1,"bucket_ms":1000,"sequence":44,"run_start_micros":1788887905341007,"scheduled_at_micros":1788887950341007,"fired_at_micros":1788887950829540,"drift_micros":488533}]}}
1788888017641487 {"observation":{"deletes":[],"inserts":[{"id":1852,"run_id":"idle-interval-100","mode":1,"bucket_ms":100,"sequence":442,"run_start_micros":1788887902528990,"scheduled_at_micros":1788887946828990,"fired_at_micros":1788887950845418,"drift_micros":4016428}]}}
